[0.054s] DEBUG:colcon:Command line arguments: ['/usr/bin/colcon', 'build', '--cmake-args', '-DCMAKE_BUILD_TYPE=Release', '--executor', 'sequential']
[0.054s] DEBUG:colcon:Parsed command line arguments: Namespace(log_base=None, log_level=None, verb_name='build', build_base='build', install_base='install', merge_install=False, symlink_install=False, test_result_base=None, continue_on_error=False, executor='sequential', parallel_workers=16, event_handlers=None, ignore_user_meta=False, metas=['./colcon.meta'], base_paths=['.'], packages_ignore=None, packages_ignore_regex=None, paths=None, packages_up_to=None, packages_up_to_regex=None, packages_above=None, packages_above_and_dependencies=None, packages_above_depth=None, packages_select_by_dep=None, packages_skip_by_dep=None, packages_skip_up_to=None, packages_select_build_failed=False, packages_skip_build_finished=False, packages_select_test_failures=False, packages_skip_test_passed=False, packages_select=None, packages_skip=None, packages_select_regex=None, packages_skip_regex=None, packages_start=None, packages_end=None, allow_overriding=[], cmake_args=['-DCMAKE_BUILD_TYPE=Release'], cmake_target=None, cmake_target_skip_unavailable=False, cmake_clean_cache=False, cmake_clean_first=False, cmake_force_configure=False, ament_cmake_args=None, catkin_cmake_args=None, catkin_skip_building_tests=False, verb_parser=<colcon_defaults.argument_parser.defaults.DefaultArgumentsDecorator object at 0x7a771dccf9e0>, verb_extension=<colcon_core.verb.build.BuildVerb object at 0x7a771de9e840>, main=<bound method BuildVerb.main of <colcon_core.verb.build.BuildVerb object at 0x7a771de9e840>>)
[0.072s] Level 1:colcon.colcon_core.package_discovery:discover_packages(colcon_meta) check parameters
[0.072s] Level 1:colcon.colcon_core.package_discovery:discover_packages(recursive) check parameters
[0.072s] Level 1:colcon.colcon_core.package_discovery:discover_packages(ignore) check parameters
[0.072s] Level 1:colcon.colcon_core.package_discovery:discover_packages(path) check parameters
[0.072s] Level 1:colcon.colcon_core.package_discovery:discover_packages(colcon_meta) discover
[0.072s] Level 1:colcon.colcon_core.package_discovery:discover_packages(recursive) discover
[0.072s] INFO:colcon.colcon_core.package_discovery:Crawling recursively for packages in '/home/rml/ros2_ws/src/quad-sdk'
[0.072s] Level 1:colcon.colcon_core.package_identification:_identify(.) by extensions ['ignore', 'ignore_ament_install']
[0.072s] Level 1:colcon.colcon_core.package_identification:_identify(.) by extension 'ignore'
[0.072s] Level 1:colcon.colcon_core.package_identification:_identify(.) by extension 'ignore_ament_install'
[0.072s] Level 1:colcon.colcon_core.package_identification:_identify(.) by extensions ['colcon_pkg']
[0.072s] Level 1:colcon.colcon_core.package_identification:_identify(.) by extension 'colcon_pkg'
[0.072s] Level 1:colcon.colcon_core.package_identification:_identify(.) by extensions ['colcon_meta']
[0.072s] Level 1:colcon.colcon_core.package_identification:_identify(.) by extension 'colcon_meta'
[0.072s] Level 1:colcon.colcon_core.package_identification:_identify(.) by extensions ['ros']
[0.072s] Level 1:colcon.colcon_core.package_identification:_identify(.) by extension 'ros'
[0.084s] Level 1:colcon.colcon_core.package_identification:_identify(.) by extensions ['cmake', 'python']
[0.084s] Level 1:colcon.colcon_core.package_identification:_identify(.) by extension 'cmake'
[0.084s] Level 1:colcon.colcon_core.package_identification:_identify(.) by extension 'python'
[0.084s] Level 1:colcon.colcon_core.package_identification:_identify(.) by extensions ['python_setup_py']
[0.084s] Level 1:colcon.colcon_core.package_identification:_identify(.) by extension 'python_setup_py'
[0.084s] Level 1:colcon.colcon_core.package_identification:_identify(body_force_estimator) by extensions ['ignore', 'ignore_ament_install']
[0.084s] Level 1:colcon.colcon_core.package_identification:_identify(body_force_estimator) by extension 'ignore'
[0.084s] Level 1:colcon.colcon_core.package_identification:_identify(body_force_estimator) by extension 'ignore_ament_install'
[0.084s] Level 1:colcon.colcon_core.package_identification:_identify(body_force_estimator) by extensions ['colcon_pkg']
[0.084s] Level 1:colcon.colcon_core.package_identification:_identify(body_force_estimator) by extension 'colcon_pkg'
[0.084s] Level 1:colcon.colcon_core.package_identification:_identify(body_force_estimator) by extensions ['colcon_meta']
[0.084s] Level 1:colcon.colcon_core.package_identification:_identify(body_force_estimator) by extension 'colcon_meta'
[0.084s] Level 1:colcon.colcon_core.package_identification:_identify(body_force_estimator) by extensions ['ros']
[0.084s] Level 1:colcon.colcon_core.package_identification:_identify(body_force_estimator) by extension 'ros'
[0.085s] DEBUG:colcon.colcon_core.package_identification:Package 'body_force_estimator' with type 'ros.ament_cmake' and name 'body_force_estimator'
[0.085s] Level 1:colcon.colcon_core.package_identification:_identify(build) by extensions ['ignore', 'ignore_ament_install']
[0.085s] Level 1:colcon.colcon_core.package_identification:_identify(build) by extension 'ignore'
[0.085s] Level 1:colcon.colcon_core.package_identification:_identify(build) ignored
[0.085s] Level 1:colcon.colcon_core.package_identification:_identify(doc) by extensions ['ignore', 'ignore_ament_install']
[0.085s] Level 1:colcon.colcon_core.package_identification:_identify(doc) by extension 'ignore'
[0.085s] Level 1:colcon.colcon_core.package_identification:_identify(doc) by extension 'ignore_ament_install'
[0.085s] Level 1:colcon.colcon_core.package_identification:_identify(doc) by extensions ['colcon_pkg']
[0.085s] Level 1:colcon.colcon_core.package_identification:_identify(doc) by extension 'colcon_pkg'
[0.085s] Level 1:colcon.colcon_core.package_identification:_identify(doc) by extensions ['colcon_meta']
[0.085s] Level 1:colcon.colcon_core.package_identification:_identify(doc) by extension 'colcon_meta'
[0.086s] Level 1:colcon.colcon_core.package_identification:_identify(doc) by extensions ['ros']
[0.086s] Level 1:colcon.colcon_core.package_identification:_identify(doc) by extension 'ros'
[0.086s] Level 1:colcon.colcon_core.package_identification:_identify(doc) by extensions ['cmake', 'python']
[0.086s] Level 1:colcon.colcon_core.package_identification:_identify(doc) by extension 'cmake'
[0.086s] Level 1:colcon.colcon_core.package_identification:_identify(doc) by extension 'python'
[0.086s] Level 1:colcon.colcon_core.package_identification:_identify(doc) by extensions ['python_setup_py']
[0.086s] Level 1:colcon.colcon_core.package_identification:_identify(doc) by extension 'python_setup_py'
[0.086s] Level 1:colcon.colcon_core.package_identification:_identify(external) by extensions ['ignore', 'ignore_ament_install']
[0.086s] Level 1:colcon.colcon_core.package_identification:_identify(external) by extension 'ignore'
[0.086s] Level 1:colcon.colcon_core.package_identification:_identify(external) by extension 'ignore_ament_install'
[0.086s] Level 1:colcon.colcon_core.package_identification:_identify(external) by extensions ['colcon_pkg']
[0.086s] Level 1:colcon.colcon_core.package_identification:_identify(external) by extension 'colcon_pkg'
[0.086s] Level 1:colcon.colcon_core.package_identification:_identify(external) by extensions ['colcon_meta']
[0.086s] Level 1:colcon.colcon_core.package_identification:_identify(external) by extension 'colcon_meta'
[0.086s] Level 1:colcon.colcon_core.package_identification:_identify(external) by extensions ['ros']
[0.086s] Level 1:colcon.colcon_core.package_identification:_identify(external) by extension 'ros'
[0.086s] Level 1:colcon.colcon_core.package_identification:_identify(external) by extensions ['cmake', 'python']
[0.086s] Level 1:colcon.colcon_core.package_identification:_identify(external) by extension 'cmake'
[0.086s] Level 1:colcon.colcon_core.package_identification:_identify(external) by extension 'python'
[0.086s] Level 1:colcon.colcon_core.package_identification:_identify(external) by extensions ['python_setup_py']
[0.086s] Level 1:colcon.colcon_core.package_identification:_identify(external) by extension 'python_setup_py'
[0.086s] Level 1:colcon.colcon_core.package_identification:_identify(external/ipopt) by extensions ['ignore', 'ignore_ament_install']
[0.086s] Level 1:colcon.colcon_core.package_identification:_identify(external/ipopt) by extension 'ignore'
[0.086s] Level 1:colcon.colcon_core.package_identification:_identify(external/ipopt) by extension 'ignore_ament_install'
[0.086s] Level 1:colcon.colcon_core.package_identification:_identify(external/ipopt) by extensions ['colcon_pkg']
[0.086s] Level 1:colcon.colcon_core.package_identification:_identify(external/ipopt) by extension 'colcon_pkg'
[0.086s] Level 1:colcon.colcon_core.package_identification:_identify(external/ipopt) by extensions ['colcon_meta']
[0.086s] Level 1:colcon.colcon_core.package_identification:_identify(external/ipopt) by extension 'colcon_meta'
[0.086s] Level 1:colcon.colcon_core.package_identification:_identify(external/ipopt) by extensions ['ros']
[0.086s] Level 1:colcon.colcon_core.package_identification:_identify(external/ipopt) by extension 'ros'
[0.086s] Level 1:colcon.colcon_core.package_identification:_identify(external/ipopt) by extensions ['cmake', 'python']
[0.086s] Level 1:colcon.colcon_core.package_identification:_identify(external/ipopt) by extension 'cmake'
[0.086s] Level 1:colcon.colcon_core.package_identification:_identify(external/ipopt) by extension 'python'
[0.086s] Level 1:colcon.colcon_core.package_identification:_identify(external/ipopt) by extensions ['python_setup_py']
[0.086s] Level 1:colcon.colcon_core.package_identification:_identify(external/ipopt) by extension 'python_setup_py'
[0.086s] Level 1:colcon.colcon_core.package_identification:_identify(external/ipopt/coinbrew) by extensions ['ignore', 'ignore_ament_install']
[0.086s] Level 1:colcon.colcon_core.package_identification:_identify(external/ipopt/coinbrew) by extension 'ignore'
[0.086s] Level 1:colcon.colcon_core.package_identification:_identify(external/ipopt/coinbrew) by extension 'ignore_ament_install'
[0.086s] Level 1:colcon.colcon_core.package_identification:_identify(external/ipopt/coinbrew) by extensions ['colcon_pkg']
[0.086s] Level 1:colcon.colcon_core.package_identification:_identify(external/ipopt/coinbrew) by extension 'colcon_pkg'
[0.086s] Level 1:colcon.colcon_core.package_identification:_identify(external/ipopt/coinbrew) by extensions ['colcon_meta']
[0.086s] Level 1:colcon.colcon_core.package_identification:_identify(external/ipopt/coinbrew) by extension 'colcon_meta'
[0.086s] Level 1:colcon.colcon_core.package_identification:_identify(external/ipopt/coinbrew) by extensions ['ros']
[0.086s] Level 1:colcon.colcon_core.package_identification:_identify(external/ipopt/coinbrew) by extension 'ros'
[0.086s] Level 1:colcon.colcon_core.package_identification:_identify(external/ipopt/coinbrew) by extensions ['cmake', 'python']
[0.086s] Level 1:colcon.colcon_core.package_identification:_identify(external/ipopt/coinbrew) by extension 'cmake'
[0.086s] Level 1:colcon.colcon_core.package_identification:_identify(external/ipopt/coinbrew) by extension 'python'
[0.086s] Level 1:colcon.colcon_core.package_identification:_identify(external/ipopt/coinbrew) by extensions ['python_setup_py']
[0.086s] Level 1:colcon.colcon_core.package_identification:_identify(external/ipopt/coinbrew) by extension 'python_setup_py'
[0.086s] Level 1:colcon.colcon_core.package_identification:_identify(external/ipopt/coinbrew/Ipopt) by extensions ['ignore', 'ignore_ament_install']
[0.086s] Level 1:colcon.colcon_core.package_identification:_identify(external/ipopt/coinbrew/Ipopt) by extension 'ignore'
[0.086s] Level 1:colcon.colcon_core.package_identification:_identify(external/ipopt/coinbrew/Ipopt) by extension 'ignore_ament_install'
[0.086s] Level 1:colcon.colcon_core.package_identification:_identify(external/ipopt/coinbrew/Ipopt) by extensions ['colcon_pkg']
[0.086s] Level 1:colcon.colcon_core.package_identification:_identify(external/ipopt/coinbrew/Ipopt) by extension 'colcon_pkg'
[0.086s] Level 1:colcon.colcon_core.package_identification:_identify(external/ipopt/coinbrew/Ipopt) by extensions ['colcon_meta']
[0.086s] Level 1:colcon.colcon_core.package_identification:_identify(external/ipopt/coinbrew/Ipopt) by extension 'colcon_meta'
[0.086s] Level 1:colcon.colcon_core.package_identification:_identify(external/ipopt/coinbrew/Ipopt) by extensions ['ros']
[0.086s] Level 1:colcon.colcon_core.package_identification:_identify(external/ipopt/coinbrew/Ipopt) by extension 'ros'
[0.086s] Level 1:colcon.colcon_core.package_identification:_identify(external/ipopt/coinbrew/Ipopt) by extensions ['cmake', 'python']
[0.086s] Level 1:colcon.colcon_core.package_identification:_identify(external/ipopt/coinbrew/Ipopt) by extension 'cmake'
[0.086s] Level 1:colcon.colcon_core.package_identification:_identify(external/ipopt/coinbrew/Ipopt) by extension 'python'
[0.086s] Level 1:colcon.colcon_core.package_identification:_identify(external/ipopt/coinbrew/Ipopt) by extensions ['python_setup_py']
[0.086s] Level 1:colcon.colcon_core.package_identification:_identify(external/ipopt/coinbrew/Ipopt) by extension 'python_setup_py'
[0.087s] Level 1:colcon.colcon_core.package_identification:_identify(external/ipopt/coinbrew/Ipopt/contrib) by extensions ['ignore', 'ignore_ament_install']
[0.087s] Level 1:colcon.colcon_core.package_identification:_identify(external/ipopt/coinbrew/Ipopt/contrib) by extension 'ignore'
[0.087s] Level 1:colcon.colcon_core.package_identification:_identify(external/ipopt/coinbrew/Ipopt/contrib) by extension 'ignore_ament_install'
[0.087s] Level 1:colcon.colcon_core.package_identification:_identify(external/ipopt/coinbrew/Ipopt/contrib) by extensions ['colcon_pkg']
[0.087s] Level 1:colcon.colcon_core.package_identification:_identify(external/ipopt/coinbrew/Ipopt/contrib) by extension 'colcon_pkg'
[0.087s] Level 1:colcon.colcon_core.package_identification:_identify(external/ipopt/coinbrew/Ipopt/contrib) by extensions ['colcon_meta']
[0.087s] Level 1:colcon.colcon_core.package_identification:_identify(external/ipopt/coinbrew/Ipopt/contrib) by extension 'colcon_meta'
[0.087s] Level 1:colcon.colcon_core.package_identification:_identify(external/ipopt/coinbrew/Ipopt/contrib) by extensions ['ros']
[0.087s] Level 1:colcon.colcon_core.package_identification:_identify(external/ipopt/coinbrew/Ipopt/contrib) by extension 'ros'
[0.087s] Level 1:colcon.colcon_core.package_identification:_identify(external/ipopt/coinbrew/Ipopt/contrib) by extensions ['cmake', 'python']
[0.087s] Level 1:colcon.colcon_core.package_identification:_identify(external/ipopt/coinbrew/Ipopt/contrib) by extension 'cmake'
[0.087s] Level 1:colcon.colcon_core.package_identification:_identify(external/ipopt/coinbrew/Ipopt/contrib) by extension 'python'
[0.087s] Level 1:colcon.colcon_core.package_identification:_identify(external/ipopt/coinbrew/Ipopt/contrib) by extensions ['python_setup_py']
[0.087s] Level 1:colcon.colcon_core.package_identification:_identify(external/ipopt/coinbrew/Ipopt/contrib) by extension 'python_setup_py'
[0.087s] Level 1:colcon.colcon_core.package_identification:_identify(external/ipopt/coinbrew/Ipopt/contrib/RInterface) by extensions ['ignore', 'ignore_ament_install']
[0.087s] Level 1:colcon.colcon_core.package_identification:_identify(external/ipopt/coinbrew/Ipopt/contrib/RInterface) by extension 'ignore'
[0.087s] Level 1:colcon.colcon_core.package_identification:_identify(external/ipopt/coinbrew/Ipopt/contrib/RInterface) by extension 'ignore_ament_install'
[0.087s] Level 1:colcon.colcon_core.package_identification:_identify(external/ipopt/coinbrew/Ipopt/contrib/RInterface) by extensions ['colcon_pkg']
[0.087s] Level 1:colcon.colcon_core.package_identification:_identify(external/ipopt/coinbrew/Ipopt/contrib/RInterface) by extension 'colcon_pkg'
[0.087s] Level 1:colcon.colcon_core.package_identification:_identify(external/ipopt/coinbrew/Ipopt/contrib/RInterface) by extensions ['colcon_meta']
[0.087s] Level 1:colcon.colcon_core.package_identification:_identify(external/ipopt/coinbrew/Ipopt/contrib/RInterface) by extension 'colcon_meta'
[0.087s] Level 1:colcon.colcon_core.package_identification:_identify(external/ipopt/coinbrew/Ipopt/contrib/RInterface) by extensions ['ros']
[0.087s] Level 1:colcon.colcon_core.package_identification:_identify(external/ipopt/coinbrew/Ipopt/contrib/RInterface) by extension 'ros'
[0.087s] Level 1:colcon.colcon_core.package_identification:_identify(external/ipopt/coinbrew/Ipopt/contrib/RInterface) by extensions ['cmake', 'python']
[0.087s] Level 1:colcon.colcon_core.package_identification:_identify(external/ipopt/coinbrew/Ipopt/contrib/RInterface) by extension 'cmake'
[0.087s] Level 1:colcon.colcon_core.package_identification:_identify(external/ipopt/coinbrew/Ipopt/contrib/RInterface) by extension 'python'
[0.087s] Level 1:colcon.colcon_core.package_identification:_identify(external/ipopt/coinbrew/Ipopt/contrib/RInterface) by extensions ['python_setup_py']
[0.087s] Level 1:colcon.colcon_core.package_identification:_identify(external/ipopt/coinbrew/Ipopt/contrib/RInterface) by extension 'python_setup_py'
[0.087s] Level 1:colcon.colcon_core.package_identification:_identify(external/ipopt/coinbrew/Ipopt/contrib/RInterface/R) by extensions ['ignore', 'ignore_ament_install']
[0.087s] Level 1:colcon.colcon_core.package_identification:_identify(external/ipopt/coinbrew/Ipopt/contrib/RInterface/R) by extension 'ignore'
[0.087s] Level 1:colcon.colcon_core.package_identification:_identify(external/ipopt/coinbrew/Ipopt/contrib/RInterface/R) by extension 'ignore_ament_install'
[0.087s] Level 1:colcon.colcon_core.package_identification:_identify(external/ipopt/coinbrew/Ipopt/contrib/RInterface/R) by extensions ['colcon_pkg']
[0.087s] Level 1:colcon.colcon_core.package_identification:_identify(external/ipopt/coinbrew/Ipopt/contrib/RInterface/R) by extension 'colcon_pkg'
[0.087s] Level 1:colcon.colcon_core.package_identification:_identify(external/ipopt/coinbrew/Ipopt/contrib/RInterface/R) by extensions ['colcon_meta']
[0.087s] Level 1:colcon.colcon_core.package_identification:_identify(external/ipopt/coinbrew/Ipopt/contrib/RInterface/R) by extension 'colcon_meta'
[0.087s] Level 1:colcon.colcon_core.package_identification:_identify(external/ipopt/coinbrew/Ipopt/contrib/RInterface/R) by extensions ['ros']
[0.087s] Level 1:colcon.colcon_core.package_identification:_identify(external/ipopt/coinbrew/Ipopt/contrib/RInterface/R) by extension 'ros'
[0.087s] Level 1:colcon.colcon_core.package_identification:_identify(external/ipopt/coinbrew/Ipopt/contrib/RInterface/R) by extensions ['cmake', 'python']
[0.087s] Level 1:colcon.colcon_core.package_identification:_identify(external/ipopt/coinbrew/Ipopt/contrib/RInterface/R) by extension 'cmake'
[0.087s] Level 1:colcon.colcon_core.package_identification:_identify(external/ipopt/coinbrew/Ipopt/contrib/RInterface/R) by extension 'python'
[0.087s] Level 1:colcon.colcon_core.package_identification:_identify(external/ipopt/coinbrew/Ipopt/contrib/RInterface/R) by extensions ['python_setup_py']
[0.087s] Level 1:colcon.colcon_core.package_identification:_identify(external/ipopt/coinbrew/Ipopt/contrib/RInterface/R) by extension 'python_setup_py'
[0.087s] Level 1:colcon.colcon_core.package_identification:_identify(external/ipopt/coinbrew/Ipopt/contrib/RInterface/inst) by extensions ['ignore', 'ignore_ament_install']
[0.087s] Level 1:colcon.colcon_core.package_identification:_identify(external/ipopt/coinbrew/Ipopt/contrib/RInterface/inst) by extension 'ignore'
[0.087s] Level 1:colcon.colcon_core.package_identification:_identify(external/ipopt/coinbrew/Ipopt/contrib/RInterface/inst) by extension 'ignore_ament_install'
[0.087s] Level 1:colcon.colcon_core.package_identification:_identify(external/ipopt/coinbrew/Ipopt/contrib/RInterface/inst) by extensions ['colcon_pkg']
[0.087s] Level 1:colcon.colcon_core.package_identification:_identify(external/ipopt/coinbrew/Ipopt/contrib/RInterface/inst) by extension 'colcon_pkg'
[0.087s] Level 1:colcon.colcon_core.package_identification:_identify(external/ipopt/coinbrew/Ipopt/contrib/RInterface/inst) by extensions ['colcon_meta']
[0.087s] Level 1:colcon.colcon_core.package_identification:_identify(external/ipopt/coinbrew/Ipopt/contrib/RInterface/inst) by extension 'colcon_meta'
[0.087s] Level 1:colcon.colcon_core.package_identification:_identify(external/ipopt/coinbrew/Ipopt/contrib/RInterface/inst) by extensions ['ros']
[0.087s] Level 1:colcon.colcon_core.package_identification:_identify(external/ipopt/coinbrew/Ipopt/contrib/RInterface/inst) by extension 'ros'
[0.087s] Level 1:colcon.colcon_core.package_identification:_identify(external/ipopt/coinbrew/Ipopt/contrib/RInterface/inst) by extensions ['cmake', 'python']
[0.087s] Level 1:colcon.colcon_core.package_identification:_identify(external/ipopt/coinbrew/Ipopt/contrib/RInterface/inst) by extension 'cmake'
[0.087s] Level 1:colcon.colcon_core.package_identification:_identify(external/ipopt/coinbrew/Ipopt/contrib/RInterface/inst) by extension 'python'
[0.087s] Level 1:colcon.colcon_core.package_identification:_identify(external/ipopt/coinbrew/Ipopt/contrib/RInterface/inst) by extensions ['python_setup_py']
[0.087s] Level 1:colcon.colcon_core.package_identification:_identify(external/ipopt/coinbrew/Ipopt/contrib/RInterface/inst) by extension 'python_setup_py'
[0.087s] Level 1:colcon.colcon_core.package_identification:_identify(external/ipopt/coinbrew/Ipopt/contrib/RInterface/inst/doc) by extensions ['ignore', 'ignore_ament_install']
[0.087s] Level 1:colcon.colcon_core.package_identification:_identify(external/ipopt/coinbrew/Ipopt/contrib/RInterface/inst/doc) by extension 'ignore'
[0.087s] Level 1:colcon.colcon_core.package_identification:_identify(external/ipopt/coinbrew/Ipopt/contrib/RInterface/inst/doc) by extension 'ignore_ament_install'
[0.087s] Level 1:colcon.colcon_core.package_identification:_identify(external/ipopt/coinbrew/Ipopt/contrib/RInterface/inst/doc) by extensions ['colcon_pkg']
[0.087s] Level 1:colcon.colcon_core.package_identification:_identify(external/ipopt/coinbrew/Ipopt/contrib/RInterface/inst/doc) by extension 'colcon_pkg'
[0.087s] Level 1:colcon.colcon_core.package_identification:_identify(external/ipopt/coinbrew/Ipopt/contrib/RInterface/inst/doc) by extensions ['colcon_meta']
[0.087s] Level 1:colcon.colcon_core.package_identification:_identify(external/ipopt/coinbrew/Ipopt/contrib/RInterface/inst/doc) by extension 'colcon_meta'
[0.088s] Level 1:colcon.colcon_core.package_identification:_identify(external/ipopt/coinbrew/Ipopt/contrib/RInterface/inst/doc) by extensions ['ros']
[0.088s] Level 1:colcon.colcon_core.package_identification:_identify(external/ipopt/coinbrew/Ipopt/contrib/RInterface/inst/doc) by extension 'ros'
[0.088s] Level 1:colcon.colcon_core.package_identification:_identify(external/ipopt/coinbrew/Ipopt/contrib/RInterface/inst/doc) by extensions ['cmake', 'python']
[0.088s] Level 1:colcon.colcon_core.package_identification:_identify(external/ipopt/coinbrew/Ipopt/contrib/RInterface/inst/doc) by extension 'cmake'
[0.088s] Level 1:colcon.colcon_core.package_identification:_identify(external/ipopt/coinbrew/Ipopt/contrib/RInterface/inst/doc) by extension 'python'
[0.088s] Level 1:colcon.colcon_core.package_identification:_identify(external/ipopt/coinbrew/Ipopt/contrib/RInterface/inst/doc) by extensions ['python_setup_py']
[0.088s] Level 1:colcon.colcon_core.package_identification:_identify(external/ipopt/coinbrew/Ipopt/contrib/RInterface/inst/doc) by extension 'python_setup_py'
[0.088s] Level 1:colcon.colcon_core.package_identification:_identify(external/ipopt/coinbrew/Ipopt/contrib/RInterface/man) by extensions ['ignore', 'ignore_ament_install']
[0.088s] Level 1:colcon.colcon_core.package_identification:_identify(external/ipopt/coinbrew/Ipopt/contrib/RInterface/man) by extension 'ignore'
[0.088s] Level 1:colcon.colcon_core.package_identification:_identify(external/ipopt/coinbrew/Ipopt/contrib/RInterface/man) by extension 'ignore_ament_install'
[0.088s] Level 1:colcon.colcon_core.package_identification:_identify(external/ipopt/coinbrew/Ipopt/contrib/RInterface/man) by extensions ['colcon_pkg']
[0.088s] Level 1:colcon.colcon_core.package_identification:_identify(external/ipopt/coinbrew/Ipopt/contrib/RInterface/man) by extension 'colcon_pkg'
[0.088s] Level 1:colcon.colcon_core.package_identification:_identify(external/ipopt/coinbrew/Ipopt/contrib/RInterface/man) by extensions ['colcon_meta']
[0.088s] Level 1:colcon.colcon_core.package_identification:_identify(external/ipopt/coinbrew/Ipopt/contrib/RInterface/man) by extension 'colcon_meta'
[0.088s] Level 1:colcon.colcon_core.package_identification:_identify(external/ipopt/coinbrew/Ipopt/contrib/RInterface/man) by extensions ['ros']
[0.088s] Level 1:colcon.colcon_core.package_identification:_identify(external/ipopt/coinbrew/Ipopt/contrib/RInterface/man) by extension 'ros'
[0.088s] Level 1:colcon.colcon_core.package_identification:_identify(external/ipopt/coinbrew/Ipopt/contrib/RInterface/man) by extensions ['cmake', 'python']
[0.088s] Level 1:colcon.colcon_core.package_identification:_identify(external/ipopt/coinbrew/Ipopt/contrib/RInterface/man) by extension 'cmake'
[0.088s] Level 1:colcon.colcon_core.package_identification:_identify(external/ipopt/coinbrew/Ipopt/contrib/RInterface/man) by extension 'python'
[0.088s] Level 1:colcon.colcon_core.package_identification:_identify(external/ipopt/coinbrew/Ipopt/contrib/RInterface/man) by extensions ['python_setup_py']
[0.088s] Level 1:colcon.colcon_core.package_identification:_identify(external/ipopt/coinbrew/Ipopt/contrib/RInterface/man) by extension 'python_setup_py'
[0.088s] Level 1:colcon.colcon_core.package_identification:_identify(external/ipopt/coinbrew/Ipopt/contrib/RInterface/src) by extensions ['ignore', 'ignore_ament_install']
[0.088s] Level 1:colcon.colcon_core.package_identification:_identify(external/ipopt/coinbrew/Ipopt/contrib/RInterface/src) by extension 'ignore'
[0.088s] Level 1:colcon.colcon_core.package_identification:_identify(external/ipopt/coinbrew/Ipopt/contrib/RInterface/src) by extension 'ignore_ament_install'
[0.088s] Level 1:colcon.colcon_core.package_identification:_identify(external/ipopt/coinbrew/Ipopt/contrib/RInterface/src) by extensions ['colcon_pkg']
[0.088s] Level 1:colcon.colcon_core.package_identification:_identify(external/ipopt/coinbrew/Ipopt/contrib/RInterface/src) by extension 'colcon_pkg'
[0.088s] Level 1:colcon.colcon_core.package_identification:_identify(external/ipopt/coinbrew/Ipopt/contrib/RInterface/src) by extensions ['colcon_meta']
[0.088s] Level 1:colcon.colcon_core.package_identification:_identify(external/ipopt/coinbrew/Ipopt/contrib/RInterface/src) by extension 'colcon_meta'
[0.088s] Level 1:colcon.colcon_core.package_identification:_identify(external/ipopt/coinbrew/Ipopt/contrib/RInterface/src) by extensions ['ros']
[0.088s] Level 1:colcon.colcon_core.package_identification:_identify(external/ipopt/coinbrew/Ipopt/contrib/RInterface/src) by extension 'ros'
[0.088s] Level 1:colcon.colcon_core.package_identification:_identify(external/ipopt/coinbrew/Ipopt/contrib/RInterface/src) by extensions ['cmake', 'python']
[0.088s] Level 1:colcon.colcon_core.package_identification:_identify(external/ipopt/coinbrew/Ipopt/contrib/RInterface/src) by extension 'cmake'
[0.088s] Level 1:colcon.colcon_core.package_identification:_identify(external/ipopt/coinbrew/Ipopt/contrib/RInterface/src) by extension 'python'
[0.088s] Level 1:colcon.colcon_core.package_identification:_identify(external/ipopt/coinbrew/Ipopt/contrib/RInterface/src) by extensions ['python_setup_py']
[0.088s] Level 1:colcon.colcon_core.package_identification:_identify(external/ipopt/coinbrew/Ipopt/contrib/RInterface/src) by extension 'python_setup_py'
[0.088s] Level 1:colcon.colcon_core.package_identification:_identify(external/ipopt/coinbrew/Ipopt/contrib/RInterface/tests) by extensions ['ignore', 'ignore_ament_install']
[0.088s] Level 1:colcon.colcon_core.package_identification:_identify(external/ipopt/coinbrew/Ipopt/contrib/RInterface/tests) by extension 'ignore'
[0.088s] Level 1:colcon.colcon_core.package_identification:_identify(external/ipopt/coinbrew/Ipopt/contrib/RInterface/tests) by extension 'ignore_ament_install'
[0.088s] Level 1:colcon.colcon_core.package_identification:_identify(external/ipopt/coinbrew/Ipopt/contrib/RInterface/tests) by extensions ['colcon_pkg']
[0.088s] Level 1:colcon.colcon_core.package_identification:_identify(external/ipopt/coinbrew/Ipopt/contrib/RInterface/tests) by extension 'colcon_pkg'
[0.088s] Level 1:colcon.colcon_core.package_identification:_identify(external/ipopt/coinbrew/Ipopt/contrib/RInterface/tests) by extensions ['colcon_meta']
[0.088s] Level 1:colcon.colcon_core.package_identification:_identify(external/ipopt/coinbrew/Ipopt/contrib/RInterface/tests) by extension 'colcon_meta'
[0.088s] Level 1:colcon.colcon_core.package_identification:_identify(external/ipopt/coinbrew/Ipopt/contrib/RInterface/tests) by extensions ['ros']
[0.088s] Level 1:colcon.colcon_core.package_identification:_identify(external/ipopt/coinbrew/Ipopt/contrib/RInterface/tests) by extension 'ros'
[0.088s] Level 1:colcon.colcon_core.package_identification:_identify(external/ipopt/coinbrew/Ipopt/contrib/RInterface/tests) by extensions ['cmake', 'python']
[0.088s] Level 1:colcon.colcon_core.package_identification:_identify(external/ipopt/coinbrew/Ipopt/contrib/RInterface/tests) by extension 'cmake'
[0.088s] Level 1:colcon.colcon_core.package_identification:_identify(external/ipopt/coinbrew/Ipopt/contrib/RInterface/tests) by extension 'python'
[0.088s] Level 1:colcon.colcon_core.package_identification:_identify(external/ipopt/coinbrew/Ipopt/contrib/RInterface/tests) by extensions ['python_setup_py']
[0.088s] Level 1:colcon.colcon_core.package_identification:_identify(external/ipopt/coinbrew/Ipopt/contrib/RInterface/tests) by extension 'python_setup_py'
[0.088s] Level 1:colcon.colcon_core.package_identification:_identify(external/ipopt/coinbrew/Ipopt/contrib/sIPOPT) by extensions ['ignore', 'ignore_ament_install']
[0.088s] Level 1:colcon.colcon_core.package_identification:_identify(external/ipopt/coinbrew/Ipopt/contrib/sIPOPT) by extension 'ignore'
[0.088s] Level 1:colcon.colcon_core.package_identification:_identify(external/ipopt/coinbrew/Ipopt/contrib/sIPOPT) by extension 'ignore_ament_install'
[0.088s] Level 1:colcon.colcon_core.package_identification:_identify(external/ipopt/coinbrew/Ipopt/contrib/sIPOPT) by extensions ['colcon_pkg']
[0.088s] Level 1:colcon.colcon_core.package_identification:_identify(external/ipopt/coinbrew/Ipopt/contrib/sIPOPT) by extension 'colcon_pkg'
[0.088s] Level 1:colcon.colcon_core.package_identification:_identify(external/ipopt/coinbrew/Ipopt/contrib/sIPOPT) by extensions ['colcon_meta']
[0.088s] Level 1:colcon.colcon_core.package_identification:_identify(external/ipopt/coinbrew/Ipopt/contrib/sIPOPT) by extension 'colcon_meta'
[0.088s] Level 1:colcon.colcon_core.package_identification:_identify(external/ipopt/coinbrew/Ipopt/contrib/sIPOPT) by extensions ['ros']
[0.088s] Level 1:colcon.colcon_core.package_identification:_identify(external/ipopt/coinbrew/Ipopt/contrib/sIPOPT) by extension 'ros'
[0.088s] Level 1:colcon.colcon_core.package_identification:_identify(external/ipopt/coinbrew/Ipopt/contrib/sIPOPT) by extensions ['cmake', 'python']
[0.088s] Level 1:colcon.colcon_core.package_identification:_identify(external/ipopt/coinbrew/Ipopt/contrib/sIPOPT) by extension 'cmake'
[0.088s] Level 1:colcon.colcon_core.package_identification:_identify(external/ipopt/coinbrew/Ipopt/contrib/sIPOPT) by extension 'python'
[0.088s] Level 1:colcon.colcon_core.package_identification:_identify(external/ipopt/coinbrew/Ipopt/contrib/sIPOPT) by extensions ['python_setup_py']
[0.088s] Level 1:colcon.colcon_core.package_identification:_identify(external/ipopt/coinbrew/Ipopt/contrib/sIPOPT) by extension 'python_setup_py'
[0.088s] Level 1:colcon.colcon_core.package_identification:_identify(external/ipopt/coinbrew/Ipopt/contrib/sIPOPT/AmplSolver) by extensions ['ignore', 'ignore_ament_install']
[0.089s] Level 1:colcon.colcon_core.package_identification:_identify(external/ipopt/coinbrew/Ipopt/contrib/sIPOPT/AmplSolver) by extension 'ignore'
[0.089s] Level 1:colcon.colcon_core.package_identification:_identify(external/ipopt/coinbrew/Ipopt/contrib/sIPOPT/AmplSolver) by extension 'ignore_ament_install'
[0.089s] Level 1:colcon.colcon_core.package_identification:_identify(external/ipopt/coinbrew/Ipopt/contrib/sIPOPT/AmplSolver) by extensions ['colcon_pkg']
[0.089s] Level 1:colcon.colcon_core.package_identification:_identify(external/ipopt/coinbrew/Ipopt/contrib/sIPOPT/AmplSolver) by extension 'colcon_pkg'
[0.089s] Level 1:colcon.colcon_core.package_identification:_identify(external/ipopt/coinbrew/Ipopt/contrib/sIPOPT/AmplSolver) by extensions ['colcon_meta']
[0.089s] Level 1:colcon.colcon_core.package_identification:_identify(external/ipopt/coinbrew/Ipopt/contrib/sIPOPT/AmplSolver) by extension 'colcon_meta'
[0.089s] Level 1:colcon.colcon_core.package_identification:_identify(external/ipopt/coinbrew/Ipopt/contrib/sIPOPT/AmplSolver) by extensions ['ros']
[0.089s] Level 1:colcon.colcon_core.package_identification:_identify(external/ipopt/coinbrew/Ipopt/contrib/sIPOPT/AmplSolver) by extension 'ros'
[0.089s] Level 1:colcon.colcon_core.package_identification:_identify(external/ipopt/coinbrew/Ipopt/contrib/sIPOPT/AmplSolver) by extensions ['cmake', 'python']
[0.089s] Level 1:colcon.colcon_core.package_identification:_identify(external/ipopt/coinbrew/Ipopt/contrib/sIPOPT/AmplSolver) by extension 'cmake'
[0.089s] Level 1:colcon.colcon_core.package_identification:_identify(external/ipopt/coinbrew/Ipopt/contrib/sIPOPT/AmplSolver) by extension 'python'
[0.089s] Level 1:colcon.colcon_core.package_identification:_identify(external/ipopt/coinbrew/Ipopt/contrib/sIPOPT/AmplSolver) by extensions ['python_setup_py']
[0.089s] Level 1:colcon.colcon_core.package_identification:_identify(external/ipopt/coinbrew/Ipopt/contrib/sIPOPT/AmplSolver) by extension 'python_setup_py'
[0.089s] Level 1:colcon.colcon_core.package_identification:_identify(external/ipopt/coinbrew/Ipopt/contrib/sIPOPT/doc) by extensions ['ignore', 'ignore_ament_install']
[0.089s] Level 1:colcon.colcon_core.package_identification:_identify(external/ipopt/coinbrew/Ipopt/contrib/sIPOPT/doc) by extension 'ignore'
[0.089s] Level 1:colcon.colcon_core.package_identification:_identify(external/ipopt/coinbrew/Ipopt/contrib/sIPOPT/doc) by extension 'ignore_ament_install'
[0.089s] Level 1:colcon.colcon_core.package_identification:_identify(external/ipopt/coinbrew/Ipopt/contrib/sIPOPT/doc) by extensions ['colcon_pkg']
[0.089s] Level 1:colcon.colcon_core.package_identification:_identify(external/ipopt/coinbrew/Ipopt/contrib/sIPOPT/doc) by extension 'colcon_pkg'
[0.089s] Level 1:colcon.colcon_core.package_identification:_identify(external/ipopt/coinbrew/Ipopt/contrib/sIPOPT/doc) by extensions ['colcon_meta']
[0.089s] Level 1:colcon.colcon_core.package_identification:_identify(external/ipopt/coinbrew/Ipopt/contrib/sIPOPT/doc) by extension 'colcon_meta'
[0.089s] Level 1:colcon.colcon_core.package_identification:_identify(external/ipopt/coinbrew/Ipopt/contrib/sIPOPT/doc) by extensions ['ros']
[0.089s] Level 1:colcon.colcon_core.package_identification:_identify(external/ipopt/coinbrew/Ipopt/contrib/sIPOPT/doc) by extension 'ros'
[0.089s] Level 1:colcon.colcon_core.package_identification:_identify(external/ipopt/coinbrew/Ipopt/contrib/sIPOPT/doc) by extensions ['cmake', 'python']
[0.089s] Level 1:colcon.colcon_core.package_identification:_identify(external/ipopt/coinbrew/Ipopt/contrib/sIPOPT/doc) by extension 'cmake'
[0.089s] Level 1:colcon.colcon_core.package_identification:_identify(external/ipopt/coinbrew/Ipopt/contrib/sIPOPT/doc) by extension 'python'
[0.089s] Level 1:colcon.colcon_core.package_identification:_identify(external/ipopt/coinbrew/Ipopt/contrib/sIPOPT/doc) by extensions ['python_setup_py']
[0.089s] Level 1:colcon.colcon_core.package_identification:_identify(external/ipopt/coinbrew/Ipopt/contrib/sIPOPT/doc) by extension 'python_setup_py'
[0.089s] Level 1:colcon.colcon_core.package_identification:_identify(external/ipopt/coinbrew/Ipopt/contrib/sIPOPT/examples) by extensions ['ignore', 'ignore_ament_install']
[0.089s] Level 1:colcon.colcon_core.package_identification:_identify(external/ipopt/coinbrew/Ipopt/contrib/sIPOPT/examples) by extension 'ignore'
[0.089s] Level 1:colcon.colcon_core.package_identification:_identify(external/ipopt/coinbrew/Ipopt/contrib/sIPOPT/examples) by extension 'ignore_ament_install'
[0.089s] Level 1:colcon.colcon_core.package_identification:_identify(external/ipopt/coinbrew/Ipopt/contrib/sIPOPT/examples) by extensions ['colcon_pkg']
[0.089s] Level 1:colcon.colcon_core.package_identification:_identify(external/ipopt/coinbrew/Ipopt/contrib/sIPOPT/examples) by extension 'colcon_pkg'
[0.089s] Level 1:colcon.colcon_core.package_identification:_identify(external/ipopt/coinbrew/Ipopt/contrib/sIPOPT/examples) by extensions ['colcon_meta']
[0.089s] Level 1:colcon.colcon_core.package_identification:_identify(external/ipopt/coinbrew/Ipopt/contrib/sIPOPT/examples) by extension 'colcon_meta'
[0.089s] Level 1:colcon.colcon_core.package_identification:_identify(external/ipopt/coinbrew/Ipopt/contrib/sIPOPT/examples) by extensions ['ros']
[0.089s] Level 1:colcon.colcon_core.package_identification:_identify(external/ipopt/coinbrew/Ipopt/contrib/sIPOPT/examples) by extension 'ros'
[0.089s] Level 1:colcon.colcon_core.package_identification:_identify(external/ipopt/coinbrew/Ipopt/contrib/sIPOPT/examples) by extensions ['cmake', 'python']
[0.089s] Level 1:colcon.colcon_core.package_identification:_identify(external/ipopt/coinbrew/Ipopt/contrib/sIPOPT/examples) by extension 'cmake'
[0.089s] Level 1:colcon.colcon_core.package_identification:_identify(external/ipopt/coinbrew/Ipopt/contrib/sIPOPT/examples) by extension 'python'
[0.089s] Level 1:colcon.colcon_core.package_identification:_identify(external/ipopt/coinbrew/Ipopt/contrib/sIPOPT/examples) by extensions ['python_setup_py']
[0.089s] Level 1:colcon.colcon_core.package_identification:_identify(external/ipopt/coinbrew/Ipopt/contrib/sIPOPT/examples) by extension 'python_setup_py'
[0.089s] Level 1:colcon.colcon_core.package_identification:_identify(external/ipopt/coinbrew/Ipopt/contrib/sIPOPT/examples/hicks_ampl) by extensions ['ignore', 'ignore_ament_install']
[0.089s] Level 1:colcon.colcon_core.package_identification:_identify(external/ipopt/coinbrew/Ipopt/contrib/sIPOPT/examples/hicks_ampl) by extension 'ignore'
[0.089s] Level 1:colcon.colcon_core.package_identification:_identify(external/ipopt/coinbrew/Ipopt/contrib/sIPOPT/examples/hicks_ampl) by extension 'ignore_ament_install'
[0.089s] Level 1:colcon.colcon_core.package_identification:_identify(external/ipopt/coinbrew/Ipopt/contrib/sIPOPT/examples/hicks_ampl) by extensions ['colcon_pkg']
[0.089s] Level 1:colcon.colcon_core.package_identification:_identify(external/ipopt/coinbrew/Ipopt/contrib/sIPOPT/examples/hicks_ampl) by extension 'colcon_pkg'
[0.089s] Level 1:colcon.colcon_core.package_identification:_identify(external/ipopt/coinbrew/Ipopt/contrib/sIPOPT/examples/hicks_ampl) by extensions ['colcon_meta']
[0.089s] Level 1:colcon.colcon_core.package_identification:_identify(external/ipopt/coinbrew/Ipopt/contrib/sIPOPT/examples/hicks_ampl) by extension 'colcon_meta'
[0.089s] Level 1:colcon.colcon_core.package_identification:_identify(external/ipopt/coinbrew/Ipopt/contrib/sIPOPT/examples/hicks_ampl) by extensions ['ros']
[0.089s] Level 1:colcon.colcon_core.package_identification:_identify(external/ipopt/coinbrew/Ipopt/contrib/sIPOPT/examples/hicks_ampl) by extension 'ros'
[0.089s] Level 1:colcon.colcon_core.package_identification:_identify(external/ipopt/coinbrew/Ipopt/contrib/sIPOPT/examples/hicks_ampl) by extensions ['cmake', 'python']
[0.089s] Level 1:colcon.colcon_core.package_identification:_identify(external/ipopt/coinbrew/Ipopt/contrib/sIPOPT/examples/hicks_ampl) by extension 'cmake'
[0.089s] Level 1:colcon.colcon_core.package_identification:_identify(external/ipopt/coinbrew/Ipopt/contrib/sIPOPT/examples/hicks_ampl) by extension 'python'
[0.089s] Level 1:colcon.colcon_core.package_identification:_identify(external/ipopt/coinbrew/Ipopt/contrib/sIPOPT/examples/hicks_ampl) by extensions ['python_setup_py']
[0.089s] Level 1:colcon.colcon_core.package_identification:_identify(external/ipopt/coinbrew/Ipopt/contrib/sIPOPT/examples/hicks_ampl) by extension 'python_setup_py'
[0.089s] Level 1:colcon.colcon_core.package_identification:_identify(external/ipopt/coinbrew/Ipopt/contrib/sIPOPT/examples/parametric_ampl) by extensions ['ignore', 'ignore_ament_install']
[0.089s] Level 1:colcon.colcon_core.package_identification:_identify(external/ipopt/coinbrew/Ipopt/contrib/sIPOPT/examples/parametric_ampl) by extension 'ignore'
[0.089s] Level 1:colcon.colcon_core.package_identification:_identify(external/ipopt/coinbrew/Ipopt/contrib/sIPOPT/examples/parametric_ampl) by extension 'ignore_ament_install'
[0.089s] Level 1:colcon.colcon_core.package_identification:_identify(external/ipopt/coinbrew/Ipopt/contrib/sIPOPT/examples/parametric_ampl) by extensions ['colcon_pkg']
[0.089s] Level 1:colcon.colcon_core.package_identification:_identify(external/ipopt/coinbrew/Ipopt/contrib/sIPOPT/examples/parametric_ampl) by extension 'colcon_pkg'
[0.089s] Level 1:colcon.colcon_core.package_identification:_identify(external/ipopt/coinbrew/Ipopt/contrib/sIPOPT/examples/parametric_ampl) by extensions ['colcon_meta']
[0.089s] Level 1:colcon.colcon_core.package_identification:_identify(external/ipopt/coinbrew/Ipopt/contrib/sIPOPT/examples/parametric_ampl) by extension 'colcon_meta'
[0.089s] Level 1:colcon.colcon_core.package_identification:_identify(external/ipopt/coinbrew/Ipopt/contrib/sIPOPT/examples/parametric_ampl) by extensions ['ros']
[0.089s] Level 1:colcon.colcon_core.package_identification:_identify(external/ipopt/coinbrew/Ipopt/contrib/sIPOPT/examples/parametric_ampl) by extension 'ros'
[0.090s] Level 1:colcon.colcon_core.package_identification:_identify(external/ipopt/coinbrew/Ipopt/contrib/sIPOPT/examples/parametric_ampl) by extensions ['cmake', 'python']
[0.090s] Level 1:colcon.colcon_core.package_identification:_identify(external/ipopt/coinbrew/Ipopt/contrib/sIPOPT/examples/parametric_ampl) by extension 'cmake'
[0.090s] Level 1:colcon.colcon_core.package_identification:_identify(external/ipopt/coinbrew/Ipopt/contrib/sIPOPT/examples/parametric_ampl) by extension 'python'
[0.090s] Level 1:colcon.colcon_core.package_identification:_identify(external/ipopt/coinbrew/Ipopt/contrib/sIPOPT/examples/parametric_ampl) by extensions ['python_setup_py']
[0.090s] Level 1:colcon.colcon_core.package_identification:_identify(external/ipopt/coinbrew/Ipopt/contrib/sIPOPT/examples/parametric_ampl) by extension 'python_setup_py'
[0.090s] Level 1:colcon.colcon_core.package_identification:_identify(external/ipopt/coinbrew/Ipopt/contrib/sIPOPT/examples/parametric_cpp) by extensions ['ignore', 'ignore_ament_install']
[0.090s] Level 1:colcon.colcon_core.package_identification:_identify(external/ipopt/coinbrew/Ipopt/contrib/sIPOPT/examples/parametric_cpp) by extension 'ignore'
[0.090s] Level 1:colcon.colcon_core.package_identification:_identify(external/ipopt/coinbrew/Ipopt/contrib/sIPOPT/examples/parametric_cpp) by extension 'ignore_ament_install'
[0.090s] Level 1:colcon.colcon_core.package_identification:_identify(external/ipopt/coinbrew/Ipopt/contrib/sIPOPT/examples/parametric_cpp) by extensions ['colcon_pkg']
[0.090s] Level 1:colcon.colcon_core.package_identification:_identify(external/ipopt/coinbrew/Ipopt/contrib/sIPOPT/examples/parametric_cpp) by extension 'colcon_pkg'
[0.090s] Level 1:colcon.colcon_core.package_identification:_identify(external/ipopt/coinbrew/Ipopt/contrib/sIPOPT/examples/parametric_cpp) by extensions ['colcon_meta']
[0.090s] Level 1:colcon.colcon_core.package_identification:_identify(external/ipopt/coinbrew/Ipopt/contrib/sIPOPT/examples/parametric_cpp) by extension 'colcon_meta'
[0.090s] Level 1:colcon.colcon_core.package_identification:_identify(external/ipopt/coinbrew/Ipopt/contrib/sIPOPT/examples/parametric_cpp) by extensions ['ros']
[0.090s] Level 1:colcon.colcon_core.package_identification:_identify(external/ipopt/coinbrew/Ipopt/contrib/sIPOPT/examples/parametric_cpp) by extension 'ros'
[0.090s] Level 1:colcon.colcon_core.package_identification:_identify(external/ipopt/coinbrew/Ipopt/contrib/sIPOPT/examples/parametric_cpp) by extensions ['cmake', 'python']
[0.090s] Level 1:colcon.colcon_core.package_identification:_identify(external/ipopt/coinbrew/Ipopt/contrib/sIPOPT/examples/parametric_cpp) by extension 'cmake'
[0.090s] Level 1:colcon.colcon_core.package_identification:_identify(external/ipopt/coinbrew/Ipopt/contrib/sIPOPT/examples/parametric_cpp) by extension 'python'
[0.090s] Level 1:colcon.colcon_core.package_identification:_identify(external/ipopt/coinbrew/Ipopt/contrib/sIPOPT/examples/parametric_cpp) by extensions ['python_setup_py']
[0.090s] Level 1:colcon.colcon_core.package_identification:_identify(external/ipopt/coinbrew/Ipopt/contrib/sIPOPT/examples/parametric_cpp) by extension 'python_setup_py'
[0.090s] Level 1:colcon.colcon_core.package_identification:_identify(external/ipopt/coinbrew/Ipopt/contrib/sIPOPT/examples/parametric_dsdp_cpp) by extensions ['ignore', 'ignore_ament_install']
[0.090s] Level 1:colcon.colcon_core.package_identification:_identify(external/ipopt/coinbrew/Ipopt/contrib/sIPOPT/examples/parametric_dsdp_cpp) by extension 'ignore'
[0.090s] Level 1:colcon.colcon_core.package_identification:_identify(external/ipopt/coinbrew/Ipopt/contrib/sIPOPT/examples/parametric_dsdp_cpp) by extension 'ignore_ament_install'
[0.090s] Level 1:colcon.colcon_core.package_identification:_identify(external/ipopt/coinbrew/Ipopt/contrib/sIPOPT/examples/parametric_dsdp_cpp) by extensions ['colcon_pkg']
[0.090s] Level 1:colcon.colcon_core.package_identification:_identify(external/ipopt/coinbrew/Ipopt/contrib/sIPOPT/examples/parametric_dsdp_cpp) by extension 'colcon_pkg'
[0.090s] Level 1:colcon.colcon_core.package_identification:_identify(external/ipopt/coinbrew/Ipopt/contrib/sIPOPT/examples/parametric_dsdp_cpp) by extensions ['colcon_meta']
[0.090s] Level 1:colcon.colcon_core.package_identification:_identify(external/ipopt/coinbrew/Ipopt/contrib/sIPOPT/examples/parametric_dsdp_cpp) by extension 'colcon_meta'
[0.090s] Level 1:colcon.colcon_core.package_identification:_identify(external/ipopt/coinbrew/Ipopt/contrib/sIPOPT/examples/parametric_dsdp_cpp) by extensions ['ros']
[0.090s] Level 1:colcon.colcon_core.package_identification:_identify(external/ipopt/coinbrew/Ipopt/contrib/sIPOPT/examples/parametric_dsdp_cpp) by extension 'ros'
[0.090s] Level 1:colcon.colcon_core.package_identification:_identify(external/ipopt/coinbrew/Ipopt/contrib/sIPOPT/examples/parametric_dsdp_cpp) by extensions ['cmake', 'python']
[0.090s] Level 1:colcon.colcon_core.package_identification:_identify(external/ipopt/coinbrew/Ipopt/contrib/sIPOPT/examples/parametric_dsdp_cpp) by extension 'cmake'
[0.090s] Level 1:colcon.colcon_core.package_identification:_identify(external/ipopt/coinbrew/Ipopt/contrib/sIPOPT/examples/parametric_dsdp_cpp) by extension 'python'
[0.090s] Level 1:colcon.colcon_core.package_identification:_identify(external/ipopt/coinbrew/Ipopt/contrib/sIPOPT/examples/parametric_dsdp_cpp) by extensions ['python_setup_py']
[0.090s] Level 1:colcon.colcon_core.package_identification:_identify(external/ipopt/coinbrew/Ipopt/contrib/sIPOPT/examples/parametric_dsdp_cpp) by extension 'python_setup_py'
[0.090s] Level 1:colcon.colcon_core.package_identification:_identify(external/ipopt/coinbrew/Ipopt/contrib/sIPOPT/examples/redhess_ampl) by extensions ['ignore', 'ignore_ament_install']
[0.090s] Level 1:colcon.colcon_core.package_identification:_identify(external/ipopt/coinbrew/Ipopt/contrib/sIPOPT/examples/redhess_ampl) by extension 'ignore'
[0.090s] Level 1:colcon.colcon_core.package_identification:_identify(external/ipopt/coinbrew/Ipopt/contrib/sIPOPT/examples/redhess_ampl) by extension 'ignore_ament_install'
[0.090s] Level 1:colcon.colcon_core.package_identification:_identify(external/ipopt/coinbrew/Ipopt/contrib/sIPOPT/examples/redhess_ampl) by extensions ['colcon_pkg']
[0.090s] Level 1:colcon.colcon_core.package_identification:_identify(external/ipopt/coinbrew/Ipopt/contrib/sIPOPT/examples/redhess_ampl) by extension 'colcon_pkg'
[0.090s] Level 1:colcon.colcon_core.package_identification:_identify(external/ipopt/coinbrew/Ipopt/contrib/sIPOPT/examples/redhess_ampl) by extensions ['colcon_meta']
[0.090s] Level 1:colcon.colcon_core.package_identification:_identify(external/ipopt/coinbrew/Ipopt/contrib/sIPOPT/examples/redhess_ampl) by extension 'colcon_meta'
[0.090s] Level 1:colcon.colcon_core.package_identification:_identify(external/ipopt/coinbrew/Ipopt/contrib/sIPOPT/examples/redhess_ampl) by extensions ['ros']
[0.090s] Level 1:colcon.colcon_core.package_identification:_identify(external/ipopt/coinbrew/Ipopt/contrib/sIPOPT/examples/redhess_ampl) by extension 'ros'
[0.090s] Level 1:colcon.colcon_core.package_identification:_identify(external/ipopt/coinbrew/Ipopt/contrib/sIPOPT/examples/redhess_ampl) by extensions ['cmake', 'python']
[0.090s] Level 1:colcon.colcon_core.package_identification:_identify(external/ipopt/coinbrew/Ipopt/contrib/sIPOPT/examples/redhess_ampl) by extension 'cmake'
[0.090s] Level 1:colcon.colcon_core.package_identification:_identify(external/ipopt/coinbrew/Ipopt/contrib/sIPOPT/examples/redhess_ampl) by extension 'python'
[0.090s] Level 1:colcon.colcon_core.package_identification:_identify(external/ipopt/coinbrew/Ipopt/contrib/sIPOPT/examples/redhess_ampl) by extensions ['python_setup_py']
[0.090s] Level 1:colcon.colcon_core.package_identification:_identify(external/ipopt/coinbrew/Ipopt/contrib/sIPOPT/examples/redhess_ampl) by extension 'python_setup_py'
[0.090s] Level 1:colcon.colcon_core.package_identification:_identify(external/ipopt/coinbrew/Ipopt/contrib/sIPOPT/examples/redhess_cpp) by extensions ['ignore', 'ignore_ament_install']
[0.090s] Level 1:colcon.colcon_core.package_identification:_identify(external/ipopt/coinbrew/Ipopt/contrib/sIPOPT/examples/redhess_cpp) by extension 'ignore'
[0.090s] Level 1:colcon.colcon_core.package_identification:_identify(external/ipopt/coinbrew/Ipopt/contrib/sIPOPT/examples/redhess_cpp) by extension 'ignore_ament_install'
[0.090s] Level 1:colcon.colcon_core.package_identification:_identify(external/ipopt/coinbrew/Ipopt/contrib/sIPOPT/examples/redhess_cpp) by extensions ['colcon_pkg']
[0.090s] Level 1:colcon.colcon_core.package_identification:_identify(external/ipopt/coinbrew/Ipopt/contrib/sIPOPT/examples/redhess_cpp) by extension 'colcon_pkg'
[0.090s] Level 1:colcon.colcon_core.package_identification:_identify(external/ipopt/coinbrew/Ipopt/contrib/sIPOPT/examples/redhess_cpp) by extensions ['colcon_meta']
[0.090s] Level 1:colcon.colcon_core.package_identification:_identify(external/ipopt/coinbrew/Ipopt/contrib/sIPOPT/examples/redhess_cpp) by extension 'colcon_meta'
[0.090s] Level 1:colcon.colcon_core.package_identification:_identify(external/ipopt/coinbrew/Ipopt/contrib/sIPOPT/examples/redhess_cpp) by extensions ['ros']
[0.090s] Level 1:colcon.colcon_core.package_identification:_identify(external/ipopt/coinbrew/Ipopt/contrib/sIPOPT/examples/redhess_cpp) by extension 'ros'
[0.090s] Level 1:colcon.colcon_core.package_identification:_identify(external/ipopt/coinbrew/Ipopt/contrib/sIPOPT/examples/redhess_cpp) by extensions ['cmake', 'python']
[0.090s] Level 1:colcon.colcon_core.package_identification:_identify(external/ipopt/coinbrew/Ipopt/contrib/sIPOPT/examples/redhess_cpp) by extension 'cmake'
[0.090s] Level 1:colcon.colcon_core.package_identification:_identify(external/ipopt/coinbrew/Ipopt/contrib/sIPOPT/examples/redhess_cpp) by extension 'python'
[0.090s] Level 1:colcon.colcon_core.package_identification:_identify(external/ipopt/coinbrew/Ipopt/contrib/sIPOPT/examples/redhess_cpp) by extensions ['python_setup_py']
[0.090s] Level 1:colcon.colcon_core.package_identification:_identify(external/ipopt/coinbrew/Ipopt/contrib/sIPOPT/examples/redhess_cpp) by extension 'python_setup_py'
[0.090s] Level 1:colcon.colcon_core.package_identification:_identify(external/ipopt/coinbrew/Ipopt/contrib/sIPOPT/src) by extensions ['ignore', 'ignore_ament_install']
[0.091s] Level 1:colcon.colcon_core.package_identification:_identify(external/ipopt/coinbrew/Ipopt/contrib/sIPOPT/src) by extension 'ignore'
[0.091s] Level 1:colcon.colcon_core.package_identification:_identify(external/ipopt/coinbrew/Ipopt/contrib/sIPOPT/src) by extension 'ignore_ament_install'
[0.091s] Level 1:colcon.colcon_core.package_identification:_identify(external/ipopt/coinbrew/Ipopt/contrib/sIPOPT/src) by extensions ['colcon_pkg']
[0.091s] Level 1:colcon.colcon_core.package_identification:_identify(external/ipopt/coinbrew/Ipopt/contrib/sIPOPT/src) by extension 'colcon_pkg'
[0.091s] Level 1:colcon.colcon_core.package_identification:_identify(external/ipopt/coinbrew/Ipopt/contrib/sIPOPT/src) by extensions ['colcon_meta']
[0.091s] Level 1:colcon.colcon_core.package_identification:_identify(external/ipopt/coinbrew/Ipopt/contrib/sIPOPT/src) by extension 'colcon_meta'
[0.091s] Level 1:colcon.colcon_core.package_identification:_identify(external/ipopt/coinbrew/Ipopt/contrib/sIPOPT/src) by extensions ['ros']
[0.091s] Level 1:colcon.colcon_core.package_identification:_identify(external/ipopt/coinbrew/Ipopt/contrib/sIPOPT/src) by extension 'ros'
[0.091s] Level 1:colcon.colcon_core.package_identification:_identify(external/ipopt/coinbrew/Ipopt/contrib/sIPOPT/src) by extensions ['cmake', 'python']
[0.091s] Level 1:colcon.colcon_core.package_identification:_identify(external/ipopt/coinbrew/Ipopt/contrib/sIPOPT/src) by extension 'cmake'
[0.091s] Level 1:colcon.colcon_core.package_identification:_identify(external/ipopt/coinbrew/Ipopt/contrib/sIPOPT/src) by extension 'python'
[0.091s] Level 1:colcon.colcon_core.package_identification:_identify(external/ipopt/coinbrew/Ipopt/contrib/sIPOPT/src) by extensions ['python_setup_py']
[0.091s] Level 1:colcon.colcon_core.package_identification:_identify(external/ipopt/coinbrew/Ipopt/contrib/sIPOPT/src) by extension 'python_setup_py'
[0.091s] Level 1:colcon.colcon_core.package_identification:_identify(external/ipopt/coinbrew/Ipopt/doc) by extensions ['ignore', 'ignore_ament_install']
[0.091s] Level 1:colcon.colcon_core.package_identification:_identify(external/ipopt/coinbrew/Ipopt/doc) by extension 'ignore'
[0.091s] Level 1:colcon.colcon_core.package_identification:_identify(external/ipopt/coinbrew/Ipopt/doc) by extension 'ignore_ament_install'
[0.091s] Level 1:colcon.colcon_core.package_identification:_identify(external/ipopt/coinbrew/Ipopt/doc) by extensions ['colcon_pkg']
[0.091s] Level 1:colcon.colcon_core.package_identification:_identify(external/ipopt/coinbrew/Ipopt/doc) by extension 'colcon_pkg'
[0.091s] Level 1:colcon.colcon_core.package_identification:_identify(external/ipopt/coinbrew/Ipopt/doc) by extensions ['colcon_meta']
[0.091s] Level 1:colcon.colcon_core.package_identification:_identify(external/ipopt/coinbrew/Ipopt/doc) by extension 'colcon_meta'
[0.091s] Level 1:colcon.colcon_core.package_identification:_identify(external/ipopt/coinbrew/Ipopt/doc) by extensions ['ros']
[0.091s] Level 1:colcon.colcon_core.package_identification:_identify(external/ipopt/coinbrew/Ipopt/doc) by extension 'ros'
[0.091s] Level 1:colcon.colcon_core.package_identification:_identify(external/ipopt/coinbrew/Ipopt/doc) by extensions ['cmake', 'python']
[0.091s] Level 1:colcon.colcon_core.package_identification:_identify(external/ipopt/coinbrew/Ipopt/doc) by extension 'cmake'
[0.091s] Level 1:colcon.colcon_core.package_identification:_identify(external/ipopt/coinbrew/Ipopt/doc) by extension 'python'
[0.091s] Level 1:colcon.colcon_core.package_identification:_identify(external/ipopt/coinbrew/Ipopt/doc) by extensions ['python_setup_py']
[0.091s] Level 1:colcon.colcon_core.package_identification:_identify(external/ipopt/coinbrew/Ipopt/doc) by extension 'python_setup_py'
[0.091s] Level 1:colcon.colcon_core.package_identification:_identify(external/ipopt/coinbrew/Ipopt/examples) by extensions ['ignore', 'ignore_ament_install']
[0.091s] Level 1:colcon.colcon_core.package_identification:_identify(external/ipopt/coinbrew/Ipopt/examples) by extension 'ignore'
[0.091s] Level 1:colcon.colcon_core.package_identification:_identify(external/ipopt/coinbrew/Ipopt/examples) by extension 'ignore_ament_install'
[0.091s] Level 1:colcon.colcon_core.package_identification:_identify(external/ipopt/coinbrew/Ipopt/examples) by extensions ['colcon_pkg']
[0.091s] Level 1:colcon.colcon_core.package_identification:_identify(external/ipopt/coinbrew/Ipopt/examples) by extension 'colcon_pkg'
[0.091s] Level 1:colcon.colcon_core.package_identification:_identify(external/ipopt/coinbrew/Ipopt/examples) by extensions ['colcon_meta']
[0.091s] Level 1:colcon.colcon_core.package_identification:_identify(external/ipopt/coinbrew/Ipopt/examples) by extension 'colcon_meta'
[0.091s] Level 1:colcon.colcon_core.package_identification:_identify(external/ipopt/coinbrew/Ipopt/examples) by extensions ['ros']
[0.091s] Level 1:colcon.colcon_core.package_identification:_identify(external/ipopt/coinbrew/Ipopt/examples) by extension 'ros'
[0.091s] Level 1:colcon.colcon_core.package_identification:_identify(external/ipopt/coinbrew/Ipopt/examples) by extensions ['cmake', 'python']
[0.091s] Level 1:colcon.colcon_core.package_identification:_identify(external/ipopt/coinbrew/Ipopt/examples) by extension 'cmake'
[0.091s] Level 1:colcon.colcon_core.package_identification:_identify(external/ipopt/coinbrew/Ipopt/examples) by extension 'python'
[0.091s] Level 1:colcon.colcon_core.package_identification:_identify(external/ipopt/coinbrew/Ipopt/examples) by extensions ['python_setup_py']
[0.091s] Level 1:colcon.colcon_core.package_identification:_identify(external/ipopt/coinbrew/Ipopt/examples) by extension 'python_setup_py'
[0.091s] Level 1:colcon.colcon_core.package_identification:_identify(external/ipopt/coinbrew/Ipopt/examples/Cpp_example) by extensions ['ignore', 'ignore_ament_install']
[0.091s] Level 1:colcon.colcon_core.package_identification:_identify(external/ipopt/coinbrew/Ipopt/examples/Cpp_example) by extension 'ignore'
[0.091s] Level 1:colcon.colcon_core.package_identification:_identify(external/ipopt/coinbrew/Ipopt/examples/Cpp_example) by extension 'ignore_ament_install'
[0.091s] Level 1:colcon.colcon_core.package_identification:_identify(external/ipopt/coinbrew/Ipopt/examples/Cpp_example) by extensions ['colcon_pkg']
[0.091s] Level 1:colcon.colcon_core.package_identification:_identify(external/ipopt/coinbrew/Ipopt/examples/Cpp_example) by extension 'colcon_pkg'
[0.091s] Level 1:colcon.colcon_core.package_identification:_identify(external/ipopt/coinbrew/Ipopt/examples/Cpp_example) by extensions ['colcon_meta']
[0.091s] Level 1:colcon.colcon_core.package_identification:_identify(external/ipopt/coinbrew/Ipopt/examples/Cpp_example) by extension 'colcon_meta'
[0.091s] Level 1:colcon.colcon_core.package_identification:_identify(external/ipopt/coinbrew/Ipopt/examples/Cpp_example) by extensions ['ros']
[0.091s] Level 1:colcon.colcon_core.package_identification:_identify(external/ipopt/coinbrew/Ipopt/examples/Cpp_example) by extension 'ros'
[0.091s] Level 1:colcon.colcon_core.package_identification:_identify(external/ipopt/coinbrew/Ipopt/examples/Cpp_example) by extensions ['cmake', 'python']
[0.091s] Level 1:colcon.colcon_core.package_identification:_identify(external/ipopt/coinbrew/Ipopt/examples/Cpp_example) by extension 'cmake'
[0.091s] Level 1:colcon.colcon_core.package_identification:_identify(external/ipopt/coinbrew/Ipopt/examples/Cpp_example) by extension 'python'
[0.091s] Level 1:colcon.colcon_core.package_identification:_identify(external/ipopt/coinbrew/Ipopt/examples/Cpp_example) by extensions ['python_setup_py']
[0.091s] Level 1:colcon.colcon_core.package_identification:_identify(external/ipopt/coinbrew/Ipopt/examples/Cpp_example) by extension 'python_setup_py'
[0.091s] Level 1:colcon.colcon_core.package_identification:_identify(external/ipopt/coinbrew/Ipopt/examples/ScalableProblems) by extensions ['ignore', 'ignore_ament_install']
[0.091s] Level 1:colcon.colcon_core.package_identification:_identify(external/ipopt/coinbrew/Ipopt/examples/ScalableProblems) by extension 'ignore'
[0.091s] Level 1:colcon.colcon_core.package_identification:_identify(external/ipopt/coinbrew/Ipopt/examples/ScalableProblems) by extension 'ignore_ament_install'
[0.091s] Level 1:colcon.colcon_core.package_identification:_identify(external/ipopt/coinbrew/Ipopt/examples/ScalableProblems) by extensions ['colcon_pkg']
[0.091s] Level 1:colcon.colcon_core.package_identification:_identify(external/ipopt/coinbrew/Ipopt/examples/ScalableProblems) by extension 'colcon_pkg'
[0.091s] Level 1:colcon.colcon_core.package_identification:_identify(external/ipopt/coinbrew/Ipopt/examples/ScalableProblems) by extensions ['colcon_meta']
[0.091s] Level 1:colcon.colcon_core.package_identification:_identify(external/ipopt/coinbrew/Ipopt/examples/ScalableProblems) by extension 'colcon_meta'
[0.091s] Level 1:colcon.colcon_core.package_identification:_identify(external/ipopt/coinbrew/Ipopt/examples/ScalableProblems) by extensions ['ros']
[0.091s] Level 1:colcon.colcon_core.package_identification:_identify(external/ipopt/coinbrew/Ipopt/examples/ScalableProblems) by extension 'ros'
[0.091s] Level 1:colcon.colcon_core.package_identification:_identify(external/ipopt/coinbrew/Ipopt/examples/ScalableProblems) by extensions ['cmake', 'python']
[0.091s] Level 1:colcon.colcon_core.package_identification:_identify(external/ipopt/coinbrew/Ipopt/examples/ScalableProblems) by extension 'cmake'
[0.092s] Level 1:colcon.colcon_core.package_identification:_identify(external/ipopt/coinbrew/Ipopt/examples/ScalableProblems) by extension 'python'
[0.092s] Level 1:colcon.colcon_core.package_identification:_identify(external/ipopt/coinbrew/Ipopt/examples/ScalableProblems) by extensions ['python_setup_py']
[0.092s] Level 1:colcon.colcon_core.package_identification:_identify(external/ipopt/coinbrew/Ipopt/examples/ScalableProblems) by extension 'python_setup_py'
[0.092s] Level 1:colcon.colcon_core.package_identification:_identify(external/ipopt/coinbrew/Ipopt/examples/ScalableProblems_java) by extensions ['ignore', 'ignore_ament_install']
[0.092s] Level 1:colcon.colcon_core.package_identification:_identify(external/ipopt/coinbrew/Ipopt/examples/ScalableProblems_java) by extension 'ignore'
[0.092s] Level 1:colcon.colcon_core.package_identification:_identify(external/ipopt/coinbrew/Ipopt/examples/ScalableProblems_java) by extension 'ignore_ament_install'
[0.092s] Level 1:colcon.colcon_core.package_identification:_identify(external/ipopt/coinbrew/Ipopt/examples/ScalableProblems_java) by extensions ['colcon_pkg']
[0.092s] Level 1:colcon.colcon_core.package_identification:_identify(external/ipopt/coinbrew/Ipopt/examples/ScalableProblems_java) by extension 'colcon_pkg'
[0.092s] Level 1:colcon.colcon_core.package_identification:_identify(external/ipopt/coinbrew/Ipopt/examples/ScalableProblems_java) by extensions ['colcon_meta']
[0.092s] Level 1:colcon.colcon_core.package_identification:_identify(external/ipopt/coinbrew/Ipopt/examples/ScalableProblems_java) by extension 'colcon_meta'
[0.092s] Level 1:colcon.colcon_core.package_identification:_identify(external/ipopt/coinbrew/Ipopt/examples/ScalableProblems_java) by extensions ['ros']
[0.092s] Level 1:colcon.colcon_core.package_identification:_identify(external/ipopt/coinbrew/Ipopt/examples/ScalableProblems_java) by extension 'ros'
[0.092s] Level 1:colcon.colcon_core.package_identification:_identify(external/ipopt/coinbrew/Ipopt/examples/ScalableProblems_java) by extensions ['cmake', 'python']
[0.092s] Level 1:colcon.colcon_core.package_identification:_identify(external/ipopt/coinbrew/Ipopt/examples/ScalableProblems_java) by extension 'cmake'
[0.092s] Level 1:colcon.colcon_core.package_identification:_identify(external/ipopt/coinbrew/Ipopt/examples/ScalableProblems_java) by extension 'python'
[0.092s] Level 1:colcon.colcon_core.package_identification:_identify(external/ipopt/coinbrew/Ipopt/examples/ScalableProblems_java) by extensions ['python_setup_py']
[0.092s] Level 1:colcon.colcon_core.package_identification:_identify(external/ipopt/coinbrew/Ipopt/examples/ScalableProblems_java) by extension 'python_setup_py'
[0.092s] Level 1:colcon.colcon_core.package_identification:_identify(external/ipopt/coinbrew/Ipopt/examples/hs071_c) by extensions ['ignore', 'ignore_ament_install']
[0.092s] Level 1:colcon.colcon_core.package_identification:_identify(external/ipopt/coinbrew/Ipopt/examples/hs071_c) by extension 'ignore'
[0.092s] Level 1:colcon.colcon_core.package_identification:_identify(external/ipopt/coinbrew/Ipopt/examples/hs071_c) by extension 'ignore_ament_install'
[0.092s] Level 1:colcon.colcon_core.package_identification:_identify(external/ipopt/coinbrew/Ipopt/examples/hs071_c) by extensions ['colcon_pkg']
[0.092s] Level 1:colcon.colcon_core.package_identification:_identify(external/ipopt/coinbrew/Ipopt/examples/hs071_c) by extension 'colcon_pkg'
[0.092s] Level 1:colcon.colcon_core.package_identification:_identify(external/ipopt/coinbrew/Ipopt/examples/hs071_c) by extensions ['colcon_meta']
[0.092s] Level 1:colcon.colcon_core.package_identification:_identify(external/ipopt/coinbrew/Ipopt/examples/hs071_c) by extension 'colcon_meta'
[0.092s] Level 1:colcon.colcon_core.package_identification:_identify(external/ipopt/coinbrew/Ipopt/examples/hs071_c) by extensions ['ros']
[0.092s] Level 1:colcon.colcon_core.package_identification:_identify(external/ipopt/coinbrew/Ipopt/examples/hs071_c) by extension 'ros'
[0.092s] Level 1:colcon.colcon_core.package_identification:_identify(external/ipopt/coinbrew/Ipopt/examples/hs071_c) by extensions ['cmake', 'python']
[0.092s] Level 1:colcon.colcon_core.package_identification:_identify(external/ipopt/coinbrew/Ipopt/examples/hs071_c) by extension 'cmake'
[0.092s] Level 1:colcon.colcon_core.package_identification:_identify(external/ipopt/coinbrew/Ipopt/examples/hs071_c) by extension 'python'
[0.092s] Level 1:colcon.colcon_core.package_identification:_identify(external/ipopt/coinbrew/Ipopt/examples/hs071_c) by extensions ['python_setup_py']
[0.092s] Level 1:colcon.colcon_core.package_identification:_identify(external/ipopt/coinbrew/Ipopt/examples/hs071_c) by extension 'python_setup_py'
[0.092s] Level 1:colcon.colcon_core.package_identification:_identify(external/ipopt/coinbrew/Ipopt/examples/hs071_cpp) by extensions ['ignore', 'ignore_ament_install']
[0.092s] Level 1:colcon.colcon_core.package_identification:_identify(external/ipopt/coinbrew/Ipopt/examples/hs071_cpp) by extension 'ignore'
[0.092s] Level 1:colcon.colcon_core.package_identification:_identify(external/ipopt/coinbrew/Ipopt/examples/hs071_cpp) by extension 'ignore_ament_install'
[0.092s] Level 1:colcon.colcon_core.package_identification:_identify(external/ipopt/coinbrew/Ipopt/examples/hs071_cpp) by extensions ['colcon_pkg']
[0.092s] Level 1:colcon.colcon_core.package_identification:_identify(external/ipopt/coinbrew/Ipopt/examples/hs071_cpp) by extension 'colcon_pkg'
[0.092s] Level 1:colcon.colcon_core.package_identification:_identify(external/ipopt/coinbrew/Ipopt/examples/hs071_cpp) by extensions ['colcon_meta']
[0.092s] Level 1:colcon.colcon_core.package_identification:_identify(external/ipopt/coinbrew/Ipopt/examples/hs071_cpp) by extension 'colcon_meta'
[0.092s] Level 1:colcon.colcon_core.package_identification:_identify(external/ipopt/coinbrew/Ipopt/examples/hs071_cpp) by extensions ['ros']
[0.092s] Level 1:colcon.colcon_core.package_identification:_identify(external/ipopt/coinbrew/Ipopt/examples/hs071_cpp) by extension 'ros'
[0.092s] Level 1:colcon.colcon_core.package_identification:_identify(external/ipopt/coinbrew/Ipopt/examples/hs071_cpp) by extensions ['cmake', 'python']
[0.092s] Level 1:colcon.colcon_core.package_identification:_identify(external/ipopt/coinbrew/Ipopt/examples/hs071_cpp) by extension 'cmake'
[0.092s] Level 1:colcon.colcon_core.package_identification:_identify(external/ipopt/coinbrew/Ipopt/examples/hs071_cpp) by extension 'python'
[0.092s] Level 1:colcon.colcon_core.package_identification:_identify(external/ipopt/coinbrew/Ipopt/examples/hs071_cpp) by extensions ['python_setup_py']
[0.092s] Level 1:colcon.colcon_core.package_identification:_identify(external/ipopt/coinbrew/Ipopt/examples/hs071_cpp) by extension 'python_setup_py'
[0.092s] Level 1:colcon.colcon_core.package_identification:_identify(external/ipopt/coinbrew/Ipopt/examples/hs071_f) by extensions ['ignore', 'ignore_ament_install']
[0.092s] Level 1:colcon.colcon_core.package_identification:_identify(external/ipopt/coinbrew/Ipopt/examples/hs071_f) by extension 'ignore'
[0.092s] Level 1:colcon.colcon_core.package_identification:_identify(external/ipopt/coinbrew/Ipopt/examples/hs071_f) by extension 'ignore_ament_install'
[0.092s] Level 1:colcon.colcon_core.package_identification:_identify(external/ipopt/coinbrew/Ipopt/examples/hs071_f) by extensions ['colcon_pkg']
[0.092s] Level 1:colcon.colcon_core.package_identification:_identify(external/ipopt/coinbrew/Ipopt/examples/hs071_f) by extension 'colcon_pkg'
[0.092s] Level 1:colcon.colcon_core.package_identification:_identify(external/ipopt/coinbrew/Ipopt/examples/hs071_f) by extensions ['colcon_meta']
[0.092s] Level 1:colcon.colcon_core.package_identification:_identify(external/ipopt/coinbrew/Ipopt/examples/hs071_f) by extension 'colcon_meta'
[0.092s] Level 1:colcon.colcon_core.package_identification:_identify(external/ipopt/coinbrew/Ipopt/examples/hs071_f) by extensions ['ros']
[0.092s] Level 1:colcon.colcon_core.package_identification:_identify(external/ipopt/coinbrew/Ipopt/examples/hs071_f) by extension 'ros'
[0.092s] Level 1:colcon.colcon_core.package_identification:_identify(external/ipopt/coinbrew/Ipopt/examples/hs071_f) by extensions ['cmake', 'python']
[0.092s] Level 1:colcon.colcon_core.package_identification:_identify(external/ipopt/coinbrew/Ipopt/examples/hs071_f) by extension 'cmake'
[0.092s] Level 1:colcon.colcon_core.package_identification:_identify(external/ipopt/coinbrew/Ipopt/examples/hs071_f) by extension 'python'
[0.092s] Level 1:colcon.colcon_core.package_identification:_identify(external/ipopt/coinbrew/Ipopt/examples/hs071_f) by extensions ['python_setup_py']
[0.092s] Level 1:colcon.colcon_core.package_identification:_identify(external/ipopt/coinbrew/Ipopt/examples/hs071_f) by extension 'python_setup_py'
[0.092s] Level 1:colcon.colcon_core.package_identification:_identify(external/ipopt/coinbrew/Ipopt/examples/hs071_java) by extensions ['ignore', 'ignore_ament_install']
[0.092s] Level 1:colcon.colcon_core.package_identification:_identify(external/ipopt/coinbrew/Ipopt/examples/hs071_java) by extension 'ignore'
[0.092s] Level 1:colcon.colcon_core.package_identification:_identify(external/ipopt/coinbrew/Ipopt/examples/hs071_java) by extension 'ignore_ament_install'
[0.092s] Level 1:colcon.colcon_core.package_identification:_identify(external/ipopt/coinbrew/Ipopt/examples/hs071_java) by extensions ['colcon_pkg']
[0.092s] Level 1:colcon.colcon_core.package_identification:_identify(external/ipopt/coinbrew/Ipopt/examples/hs071_java) by extension 'colcon_pkg'
[0.092s] Level 1:colcon.colcon_core.package_identification:_identify(external/ipopt/coinbrew/Ipopt/examples/hs071_java) by extensions ['colcon_meta']
[0.092s] Level 1:colcon.colcon_core.package_identification:_identify(external/ipopt/coinbrew/Ipopt/examples/hs071_java) by extension 'colcon_meta'
[0.092s] Level 1:colcon.colcon_core.package_identification:_identify(external/ipopt/coinbrew/Ipopt/examples/hs071_java) by extensions ['ros']
[0.093s] Level 1:colcon.colcon_core.package_identification:_identify(external/ipopt/coinbrew/Ipopt/examples/hs071_java) by extension 'ros'
[0.093s] Level 1:colcon.colcon_core.package_identification:_identify(external/ipopt/coinbrew/Ipopt/examples/hs071_java) by extensions ['cmake', 'python']
[0.093s] Level 1:colcon.colcon_core.package_identification:_identify(external/ipopt/coinbrew/Ipopt/examples/hs071_java) by extension 'cmake'
[0.093s] Level 1:colcon.colcon_core.package_identification:_identify(external/ipopt/coinbrew/Ipopt/examples/hs071_java) by extension 'python'
[0.093s] Level 1:colcon.colcon_core.package_identification:_identify(external/ipopt/coinbrew/Ipopt/examples/hs071_java) by extensions ['python_setup_py']
[0.093s] Level 1:colcon.colcon_core.package_identification:_identify(external/ipopt/coinbrew/Ipopt/examples/hs071_java) by extension 'python_setup_py'
[0.093s] Level 1:colcon.colcon_core.package_identification:_identify(external/ipopt/coinbrew/Ipopt/examples/recursive_nlp) by extensions ['ignore', 'ignore_ament_install']
[0.093s] Level 1:colcon.colcon_core.package_identification:_identify(external/ipopt/coinbrew/Ipopt/examples/recursive_nlp) by extension 'ignore'
[0.093s] Level 1:colcon.colcon_core.package_identification:_identify(external/ipopt/coinbrew/Ipopt/examples/recursive_nlp) by extension 'ignore_ament_install'
[0.093s] Level 1:colcon.colcon_core.package_identification:_identify(external/ipopt/coinbrew/Ipopt/examples/recursive_nlp) by extensions ['colcon_pkg']
[0.093s] Level 1:colcon.colcon_core.package_identification:_identify(external/ipopt/coinbrew/Ipopt/examples/recursive_nlp) by extension 'colcon_pkg'
[0.093s] Level 1:colcon.colcon_core.package_identification:_identify(external/ipopt/coinbrew/Ipopt/examples/recursive_nlp) by extensions ['colcon_meta']
[0.093s] Level 1:colcon.colcon_core.package_identification:_identify(external/ipopt/coinbrew/Ipopt/examples/recursive_nlp) by extension 'colcon_meta'
[0.093s] Level 1:colcon.colcon_core.package_identification:_identify(external/ipopt/coinbrew/Ipopt/examples/recursive_nlp) by extensions ['ros']
[0.093s] Level 1:colcon.colcon_core.package_identification:_identify(external/ipopt/coinbrew/Ipopt/examples/recursive_nlp) by extension 'ros'
[0.093s] Level 1:colcon.colcon_core.package_identification:_identify(external/ipopt/coinbrew/Ipopt/examples/recursive_nlp) by extensions ['cmake', 'python']
[0.093s] Level 1:colcon.colcon_core.package_identification:_identify(external/ipopt/coinbrew/Ipopt/examples/recursive_nlp) by extension 'cmake'
[0.093s] Level 1:colcon.colcon_core.package_identification:_identify(external/ipopt/coinbrew/Ipopt/examples/recursive_nlp) by extension 'python'
[0.093s] Level 1:colcon.colcon_core.package_identification:_identify(external/ipopt/coinbrew/Ipopt/examples/recursive_nlp) by extensions ['python_setup_py']
[0.093s] Level 1:colcon.colcon_core.package_identification:_identify(external/ipopt/coinbrew/Ipopt/examples/recursive_nlp) by extension 'python_setup_py'
[0.093s] Level 1:colcon.colcon_core.package_identification:_identify(external/ipopt/coinbrew/Ipopt/src) by extensions ['ignore', 'ignore_ament_install']
[0.093s] Level 1:colcon.colcon_core.package_identification:_identify(external/ipopt/coinbrew/Ipopt/src) by extension 'ignore'
[0.093s] Level 1:colcon.colcon_core.package_identification:_identify(external/ipopt/coinbrew/Ipopt/src) by extension 'ignore_ament_install'
[0.093s] Level 1:colcon.colcon_core.package_identification:_identify(external/ipopt/coinbrew/Ipopt/src) by extensions ['colcon_pkg']
[0.093s] Level 1:colcon.colcon_core.package_identification:_identify(external/ipopt/coinbrew/Ipopt/src) by extension 'colcon_pkg'
[0.093s] Level 1:colcon.colcon_core.package_identification:_identify(external/ipopt/coinbrew/Ipopt/src) by extensions ['colcon_meta']
[0.093s] Level 1:colcon.colcon_core.package_identification:_identify(external/ipopt/coinbrew/Ipopt/src) by extension 'colcon_meta'
[0.093s] Level 1:colcon.colcon_core.package_identification:_identify(external/ipopt/coinbrew/Ipopt/src) by extensions ['ros']
[0.093s] Level 1:colcon.colcon_core.package_identification:_identify(external/ipopt/coinbrew/Ipopt/src) by extension 'ros'
[0.093s] Level 1:colcon.colcon_core.package_identification:_identify(external/ipopt/coinbrew/Ipopt/src) by extensions ['cmake', 'python']
[0.093s] Level 1:colcon.colcon_core.package_identification:_identify(external/ipopt/coinbrew/Ipopt/src) by extension 'cmake'
[0.093s] Level 1:colcon.colcon_core.package_identification:_identify(external/ipopt/coinbrew/Ipopt/src) by extension 'python'
[0.093s] Level 1:colcon.colcon_core.package_identification:_identify(external/ipopt/coinbrew/Ipopt/src) by extensions ['python_setup_py']
[0.093s] Level 1:colcon.colcon_core.package_identification:_identify(external/ipopt/coinbrew/Ipopt/src) by extension 'python_setup_py'
[0.093s] Level 1:colcon.colcon_core.package_identification:_identify(external/ipopt/coinbrew/Ipopt/src/Algorithm) by extensions ['ignore', 'ignore_ament_install']
[0.093s] Level 1:colcon.colcon_core.package_identification:_identify(external/ipopt/coinbrew/Ipopt/src/Algorithm) by extension 'ignore'
[0.093s] Level 1:colcon.colcon_core.package_identification:_identify(external/ipopt/coinbrew/Ipopt/src/Algorithm) by extension 'ignore_ament_install'
[0.093s] Level 1:colcon.colcon_core.package_identification:_identify(external/ipopt/coinbrew/Ipopt/src/Algorithm) by extensions ['colcon_pkg']
[0.093s] Level 1:colcon.colcon_core.package_identification:_identify(external/ipopt/coinbrew/Ipopt/src/Algorithm) by extension 'colcon_pkg'
[0.093s] Level 1:colcon.colcon_core.package_identification:_identify(external/ipopt/coinbrew/Ipopt/src/Algorithm) by extensions ['colcon_meta']
[0.093s] Level 1:colcon.colcon_core.package_identification:_identify(external/ipopt/coinbrew/Ipopt/src/Algorithm) by extension 'colcon_meta'
[0.093s] Level 1:colcon.colcon_core.package_identification:_identify(external/ipopt/coinbrew/Ipopt/src/Algorithm) by extensions ['ros']
[0.093s] Level 1:colcon.colcon_core.package_identification:_identify(external/ipopt/coinbrew/Ipopt/src/Algorithm) by extension 'ros'
[0.093s] Level 1:colcon.colcon_core.package_identification:_identify(external/ipopt/coinbrew/Ipopt/src/Algorithm) by extensions ['cmake', 'python']
[0.093s] Level 1:colcon.colcon_core.package_identification:_identify(external/ipopt/coinbrew/Ipopt/src/Algorithm) by extension 'cmake'
[0.093s] Level 1:colcon.colcon_core.package_identification:_identify(external/ipopt/coinbrew/Ipopt/src/Algorithm) by extension 'python'
[0.093s] Level 1:colcon.colcon_core.package_identification:_identify(external/ipopt/coinbrew/Ipopt/src/Algorithm) by extensions ['python_setup_py']
[0.093s] Level 1:colcon.colcon_core.package_identification:_identify(external/ipopt/coinbrew/Ipopt/src/Algorithm) by extension 'python_setup_py'
[0.093s] Level 1:colcon.colcon_core.package_identification:_identify(external/ipopt/coinbrew/Ipopt/src/Algorithm/Inexact) by extensions ['ignore', 'ignore_ament_install']
[0.093s] Level 1:colcon.colcon_core.package_identification:_identify(external/ipopt/coinbrew/Ipopt/src/Algorithm/Inexact) by extension 'ignore'
[0.093s] Level 1:colcon.colcon_core.package_identification:_identify(external/ipopt/coinbrew/Ipopt/src/Algorithm/Inexact) by extension 'ignore_ament_install'
[0.093s] Level 1:colcon.colcon_core.package_identification:_identify(external/ipopt/coinbrew/Ipopt/src/Algorithm/Inexact) by extensions ['colcon_pkg']
[0.093s] Level 1:colcon.colcon_core.package_identification:_identify(external/ipopt/coinbrew/Ipopt/src/Algorithm/Inexact) by extension 'colcon_pkg'
[0.093s] Level 1:colcon.colcon_core.package_identification:_identify(external/ipopt/coinbrew/Ipopt/src/Algorithm/Inexact) by extensions ['colcon_meta']
[0.093s] Level 1:colcon.colcon_core.package_identification:_identify(external/ipopt/coinbrew/Ipopt/src/Algorithm/Inexact) by extension 'colcon_meta'
[0.093s] Level 1:colcon.colcon_core.package_identification:_identify(external/ipopt/coinbrew/Ipopt/src/Algorithm/Inexact) by extensions ['ros']
[0.093s] Level 1:colcon.colcon_core.package_identification:_identify(external/ipopt/coinbrew/Ipopt/src/Algorithm/Inexact) by extension 'ros'
[0.093s] Level 1:colcon.colcon_core.package_identification:_identify(external/ipopt/coinbrew/Ipopt/src/Algorithm/Inexact) by extensions ['cmake', 'python']
[0.093s] Level 1:colcon.colcon_core.package_identification:_identify(external/ipopt/coinbrew/Ipopt/src/Algorithm/Inexact) by extension 'cmake'
[0.093s] Level 1:colcon.colcon_core.package_identification:_identify(external/ipopt/coinbrew/Ipopt/src/Algorithm/Inexact) by extension 'python'
[0.093s] Level 1:colcon.colcon_core.package_identification:_identify(external/ipopt/coinbrew/Ipopt/src/Algorithm/Inexact) by extensions ['python_setup_py']
[0.093s] Level 1:colcon.colcon_core.package_identification:_identify(external/ipopt/coinbrew/Ipopt/src/Algorithm/Inexact) by extension 'python_setup_py'
[0.094s] Level 1:colcon.colcon_core.package_identification:_identify(external/ipopt/coinbrew/Ipopt/src/Algorithm/LinearSolvers) by extensions ['ignore', 'ignore_ament_install']
[0.094s] Level 1:colcon.colcon_core.package_identification:_identify(external/ipopt/coinbrew/Ipopt/src/Algorithm/LinearSolvers) by extension 'ignore'
[0.094s] Level 1:colcon.colcon_core.package_identification:_identify(external/ipopt/coinbrew/Ipopt/src/Algorithm/LinearSolvers) by extension 'ignore_ament_install'
[0.094s] Level 1:colcon.colcon_core.package_identification:_identify(external/ipopt/coinbrew/Ipopt/src/Algorithm/LinearSolvers) by extensions ['colcon_pkg']
[0.094s] Level 1:colcon.colcon_core.package_identification:_identify(external/ipopt/coinbrew/Ipopt/src/Algorithm/LinearSolvers) by extension 'colcon_pkg'
[0.094s] Level 1:colcon.colcon_core.package_identification:_identify(external/ipopt/coinbrew/Ipopt/src/Algorithm/LinearSolvers) by extensions ['colcon_meta']
[0.094s] Level 1:colcon.colcon_core.package_identification:_identify(external/ipopt/coinbrew/Ipopt/src/Algorithm/LinearSolvers) by extension 'colcon_meta'
[0.094s] Level 1:colcon.colcon_core.package_identification:_identify(external/ipopt/coinbrew/Ipopt/src/Algorithm/LinearSolvers) by extensions ['ros']
[0.094s] Level 1:colcon.colcon_core.package_identification:_identify(external/ipopt/coinbrew/Ipopt/src/Algorithm/LinearSolvers) by extension 'ros'
[0.094s] Level 1:colcon.colcon_core.package_identification:_identify(external/ipopt/coinbrew/Ipopt/src/Algorithm/LinearSolvers) by extensions ['cmake', 'python']
[0.094s] Level 1:colcon.colcon_core.package_identification:_identify(external/ipopt/coinbrew/Ipopt/src/Algorithm/LinearSolvers) by extension 'cmake'
[0.094s] Level 1:colcon.colcon_core.package_identification:_identify(external/ipopt/coinbrew/Ipopt/src/Algorithm/LinearSolvers) by extension 'python'
[0.094s] Level 1:colcon.colcon_core.package_identification:_identify(external/ipopt/coinbrew/Ipopt/src/Algorithm/LinearSolvers) by extensions ['python_setup_py']
[0.094s] Level 1:colcon.colcon_core.package_identification:_identify(external/ipopt/coinbrew/Ipopt/src/Algorithm/LinearSolvers) by extension 'python_setup_py'
[0.094s] Level 1:colcon.colcon_core.package_identification:_identify(external/ipopt/coinbrew/Ipopt/src/Apps) by extensions ['ignore', 'ignore_ament_install']
[0.094s] Level 1:colcon.colcon_core.package_identification:_identify(external/ipopt/coinbrew/Ipopt/src/Apps) by extension 'ignore'
[0.094s] Level 1:colcon.colcon_core.package_identification:_identify(external/ipopt/coinbrew/Ipopt/src/Apps) by extension 'ignore_ament_install'
[0.094s] Level 1:colcon.colcon_core.package_identification:_identify(external/ipopt/coinbrew/Ipopt/src/Apps) by extensions ['colcon_pkg']
[0.094s] Level 1:colcon.colcon_core.package_identification:_identify(external/ipopt/coinbrew/Ipopt/src/Apps) by extension 'colcon_pkg'
[0.094s] Level 1:colcon.colcon_core.package_identification:_identify(external/ipopt/coinbrew/Ipopt/src/Apps) by extensions ['colcon_meta']
[0.094s] Level 1:colcon.colcon_core.package_identification:_identify(external/ipopt/coinbrew/Ipopt/src/Apps) by extension 'colcon_meta'
[0.094s] Level 1:colcon.colcon_core.package_identification:_identify(external/ipopt/coinbrew/Ipopt/src/Apps) by extensions ['ros']
[0.094s] Level 1:colcon.colcon_core.package_identification:_identify(external/ipopt/coinbrew/Ipopt/src/Apps) by extension 'ros'
[0.094s] Level 1:colcon.colcon_core.package_identification:_identify(external/ipopt/coinbrew/Ipopt/src/Apps) by extensions ['cmake', 'python']
[0.094s] Level 1:colcon.colcon_core.package_identification:_identify(external/ipopt/coinbrew/Ipopt/src/Apps) by extension 'cmake'
[0.094s] Level 1:colcon.colcon_core.package_identification:_identify(external/ipopt/coinbrew/Ipopt/src/Apps) by extension 'python'
[0.094s] Level 1:colcon.colcon_core.package_identification:_identify(external/ipopt/coinbrew/Ipopt/src/Apps) by extensions ['python_setup_py']
[0.094s] Level 1:colcon.colcon_core.package_identification:_identify(external/ipopt/coinbrew/Ipopt/src/Apps) by extension 'python_setup_py'
[0.094s] Level 1:colcon.colcon_core.package_identification:_identify(external/ipopt/coinbrew/Ipopt/src/Apps/AmplSolver) by extensions ['ignore', 'ignore_ament_install']
[0.094s] Level 1:colcon.colcon_core.package_identification:_identify(external/ipopt/coinbrew/Ipopt/src/Apps/AmplSolver) by extension 'ignore'
[0.094s] Level 1:colcon.colcon_core.package_identification:_identify(external/ipopt/coinbrew/Ipopt/src/Apps/AmplSolver) by extension 'ignore_ament_install'
[0.094s] Level 1:colcon.colcon_core.package_identification:_identify(external/ipopt/coinbrew/Ipopt/src/Apps/AmplSolver) by extensions ['colcon_pkg']
[0.094s] Level 1:colcon.colcon_core.package_identification:_identify(external/ipopt/coinbrew/Ipopt/src/Apps/AmplSolver) by extension 'colcon_pkg'
[0.094s] Level 1:colcon.colcon_core.package_identification:_identify(external/ipopt/coinbrew/Ipopt/src/Apps/AmplSolver) by extensions ['colcon_meta']
[0.094s] Level 1:colcon.colcon_core.package_identification:_identify(external/ipopt/coinbrew/Ipopt/src/Apps/AmplSolver) by extension 'colcon_meta'
[0.094s] Level 1:colcon.colcon_core.package_identification:_identify(external/ipopt/coinbrew/Ipopt/src/Apps/AmplSolver) by extensions ['ros']
[0.094s] Level 1:colcon.colcon_core.package_identification:_identify(external/ipopt/coinbrew/Ipopt/src/Apps/AmplSolver) by extension 'ros'
[0.094s] Level 1:colcon.colcon_core.package_identification:_identify(external/ipopt/coinbrew/Ipopt/src/Apps/AmplSolver) by extensions ['cmake', 'python']
[0.094s] Level 1:colcon.colcon_core.package_identification:_identify(external/ipopt/coinbrew/Ipopt/src/Apps/AmplSolver) by extension 'cmake'
[0.094s] Level 1:colcon.colcon_core.package_identification:_identify(external/ipopt/coinbrew/Ipopt/src/Apps/AmplSolver) by extension 'python'
[0.094s] Level 1:colcon.colcon_core.package_identification:_identify(external/ipopt/coinbrew/Ipopt/src/Apps/AmplSolver) by extensions ['python_setup_py']
[0.094s] Level 1:colcon.colcon_core.package_identification:_identify(external/ipopt/coinbrew/Ipopt/src/Apps/AmplSolver) by extension 'python_setup_py'
[0.094s] Level 1:colcon.colcon_core.package_identification:_identify(external/ipopt/coinbrew/Ipopt/src/Common) by extensions ['ignore', 'ignore_ament_install']
[0.094s] Level 1:colcon.colcon_core.package_identification:_identify(external/ipopt/coinbrew/Ipopt/src/Common) by extension 'ignore'
[0.094s] Level 1:colcon.colcon_core.package_identification:_identify(external/ipopt/coinbrew/Ipopt/src/Common) by extension 'ignore_ament_install'
[0.094s] Level 1:colcon.colcon_core.package_identification:_identify(external/ipopt/coinbrew/Ipopt/src/Common) by extensions ['colcon_pkg']
[0.094s] Level 1:colcon.colcon_core.package_identification:_identify(external/ipopt/coinbrew/Ipopt/src/Common) by extension 'colcon_pkg'
[0.094s] Level 1:colcon.colcon_core.package_identification:_identify(external/ipopt/coinbrew/Ipopt/src/Common) by extensions ['colcon_meta']
[0.094s] Level 1:colcon.colcon_core.package_identification:_identify(external/ipopt/coinbrew/Ipopt/src/Common) by extension 'colcon_meta'
[0.094s] Level 1:colcon.colcon_core.package_identification:_identify(external/ipopt/coinbrew/Ipopt/src/Common) by extensions ['ros']
[0.094s] Level 1:colcon.colcon_core.package_identification:_identify(external/ipopt/coinbrew/Ipopt/src/Common) by extension 'ros'
[0.094s] Level 1:colcon.colcon_core.package_identification:_identify(external/ipopt/coinbrew/Ipopt/src/Common) by extensions ['cmake', 'python']
[0.094s] Level 1:colcon.colcon_core.package_identification:_identify(external/ipopt/coinbrew/Ipopt/src/Common) by extension 'cmake'
[0.094s] Level 1:colcon.colcon_core.package_identification:_identify(external/ipopt/coinbrew/Ipopt/src/Common) by extension 'python'
[0.094s] Level 1:colcon.colcon_core.package_identification:_identify(external/ipopt/coinbrew/Ipopt/src/Common) by extensions ['python_setup_py']
[0.094s] Level 1:colcon.colcon_core.package_identification:_identify(external/ipopt/coinbrew/Ipopt/src/Common) by extension 'python_setup_py'
[0.094s] Level 1:colcon.colcon_core.package_identification:_identify(external/ipopt/coinbrew/Ipopt/src/Interfaces) by extensions ['ignore', 'ignore_ament_install']
[0.094s] Level 1:colcon.colcon_core.package_identification:_identify(external/ipopt/coinbrew/Ipopt/src/Interfaces) by extension 'ignore'
[0.094s] Level 1:colcon.colcon_core.package_identification:_identify(external/ipopt/coinbrew/Ipopt/src/Interfaces) by extension 'ignore_ament_install'
[0.094s] Level 1:colcon.colcon_core.package_identification:_identify(external/ipopt/coinbrew/Ipopt/src/Interfaces) by extensions ['colcon_pkg']
[0.094s] Level 1:colcon.colcon_core.package_identification:_identify(external/ipopt/coinbrew/Ipopt/src/Interfaces) by extension 'colcon_pkg'
[0.094s] Level 1:colcon.colcon_core.package_identification:_identify(external/ipopt/coinbrew/Ipopt/src/Interfaces) by extensions ['colcon_meta']
[0.094s] Level 1:colcon.colcon_core.package_identification:_identify(external/ipopt/coinbrew/Ipopt/src/Interfaces) by extension 'colcon_meta'
[0.095s] Level 1:colcon.colcon_core.package_identification:_identify(external/ipopt/coinbrew/Ipopt/src/Interfaces) by extensions ['ros']
[0.095s] Level 1:colcon.colcon_core.package_identification:_identify(external/ipopt/coinbrew/Ipopt/src/Interfaces) by extension 'ros'
[0.095s] Level 1:colcon.colcon_core.package_identification:_identify(external/ipopt/coinbrew/Ipopt/src/Interfaces) by extensions ['cmake', 'python']
[0.095s] Level 1:colcon.colcon_core.package_identification:_identify(external/ipopt/coinbrew/Ipopt/src/Interfaces) by extension 'cmake'
[0.095s] Level 1:colcon.colcon_core.package_identification:_identify(external/ipopt/coinbrew/Ipopt/src/Interfaces) by extension 'python'
[0.095s] Level 1:colcon.colcon_core.package_identification:_identify(external/ipopt/coinbrew/Ipopt/src/Interfaces) by extensions ['python_setup_py']
[0.095s] Level 1:colcon.colcon_core.package_identification:_identify(external/ipopt/coinbrew/Ipopt/src/Interfaces) by extension 'python_setup_py'
[0.095s] Level 1:colcon.colcon_core.package_identification:_identify(external/ipopt/coinbrew/Ipopt/src/LinAlg) by extensions ['ignore', 'ignore_ament_install']
[0.095s] Level 1:colcon.colcon_core.package_identification:_identify(external/ipopt/coinbrew/Ipopt/src/LinAlg) by extension 'ignore'
[0.095s] Level 1:colcon.colcon_core.package_identification:_identify(external/ipopt/coinbrew/Ipopt/src/LinAlg) by extension 'ignore_ament_install'
[0.095s] Level 1:colcon.colcon_core.package_identification:_identify(external/ipopt/coinbrew/Ipopt/src/LinAlg) by extensions ['colcon_pkg']
[0.095s] Level 1:colcon.colcon_core.package_identification:_identify(external/ipopt/coinbrew/Ipopt/src/LinAlg) by extension 'colcon_pkg'
[0.095s] Level 1:colcon.colcon_core.package_identification:_identify(external/ipopt/coinbrew/Ipopt/src/LinAlg) by extensions ['colcon_meta']
[0.095s] Level 1:colcon.colcon_core.package_identification:_identify(external/ipopt/coinbrew/Ipopt/src/LinAlg) by extension 'colcon_meta'
[0.095s] Level 1:colcon.colcon_core.package_identification:_identify(external/ipopt/coinbrew/Ipopt/src/LinAlg) by extensions ['ros']
[0.095s] Level 1:colcon.colcon_core.package_identification:_identify(external/ipopt/coinbrew/Ipopt/src/LinAlg) by extension 'ros'
[0.095s] Level 1:colcon.colcon_core.package_identification:_identify(external/ipopt/coinbrew/Ipopt/src/LinAlg) by extensions ['cmake', 'python']
[0.095s] Level 1:colcon.colcon_core.package_identification:_identify(external/ipopt/coinbrew/Ipopt/src/LinAlg) by extension 'cmake'
[0.095s] Level 1:colcon.colcon_core.package_identification:_identify(external/ipopt/coinbrew/Ipopt/src/LinAlg) by extension 'python'
[0.095s] Level 1:colcon.colcon_core.package_identification:_identify(external/ipopt/coinbrew/Ipopt/src/LinAlg) by extensions ['python_setup_py']
[0.095s] Level 1:colcon.colcon_core.package_identification:_identify(external/ipopt/coinbrew/Ipopt/src/LinAlg) by extension 'python_setup_py'
[0.095s] Level 1:colcon.colcon_core.package_identification:_identify(external/ipopt/coinbrew/Ipopt/src/LinAlg/TMatrices) by extensions ['ignore', 'ignore_ament_install']
[0.095s] Level 1:colcon.colcon_core.package_identification:_identify(external/ipopt/coinbrew/Ipopt/src/LinAlg/TMatrices) by extension 'ignore'
[0.095s] Level 1:colcon.colcon_core.package_identification:_identify(external/ipopt/coinbrew/Ipopt/src/LinAlg/TMatrices) by extension 'ignore_ament_install'
[0.095s] Level 1:colcon.colcon_core.package_identification:_identify(external/ipopt/coinbrew/Ipopt/src/LinAlg/TMatrices) by extensions ['colcon_pkg']
[0.095s] Level 1:colcon.colcon_core.package_identification:_identify(external/ipopt/coinbrew/Ipopt/src/LinAlg/TMatrices) by extension 'colcon_pkg'
[0.095s] Level 1:colcon.colcon_core.package_identification:_identify(external/ipopt/coinbrew/Ipopt/src/LinAlg/TMatrices) by extensions ['colcon_meta']
[0.095s] Level 1:colcon.colcon_core.package_identification:_identify(external/ipopt/coinbrew/Ipopt/src/LinAlg/TMatrices) by extension 'colcon_meta'
[0.095s] Level 1:colcon.colcon_core.package_identification:_identify(external/ipopt/coinbrew/Ipopt/src/LinAlg/TMatrices) by extensions ['ros']
[0.095s] Level 1:colcon.colcon_core.package_identification:_identify(external/ipopt/coinbrew/Ipopt/src/LinAlg/TMatrices) by extension 'ros'
[0.095s] Level 1:colcon.colcon_core.package_identification:_identify(external/ipopt/coinbrew/Ipopt/src/LinAlg/TMatrices) by extensions ['cmake', 'python']
[0.095s] Level 1:colcon.colcon_core.package_identification:_identify(external/ipopt/coinbrew/Ipopt/src/LinAlg/TMatrices) by extension 'cmake'
[0.095s] Level 1:colcon.colcon_core.package_identification:_identify(external/ipopt/coinbrew/Ipopt/src/LinAlg/TMatrices) by extension 'python'
[0.095s] Level 1:colcon.colcon_core.package_identification:_identify(external/ipopt/coinbrew/Ipopt/src/LinAlg/TMatrices) by extensions ['python_setup_py']
[0.095s] Level 1:colcon.colcon_core.package_identification:_identify(external/ipopt/coinbrew/Ipopt/src/LinAlg/TMatrices) by extension 'python_setup_py'
[0.095s] Level 1:colcon.colcon_core.package_identification:_identify(external/ipopt/coinbrew/Ipopt/src/contrib) by extensions ['ignore', 'ignore_ament_install']
[0.095s] Level 1:colcon.colcon_core.package_identification:_identify(external/ipopt/coinbrew/Ipopt/src/contrib) by extension 'ignore'
[0.095s] Level 1:colcon.colcon_core.package_identification:_identify(external/ipopt/coinbrew/Ipopt/src/contrib) by extension 'ignore_ament_install'
[0.095s] Level 1:colcon.colcon_core.package_identification:_identify(external/ipopt/coinbrew/Ipopt/src/contrib) by extensions ['colcon_pkg']
[0.095s] Level 1:colcon.colcon_core.package_identification:_identify(external/ipopt/coinbrew/Ipopt/src/contrib) by extension 'colcon_pkg'
[0.095s] Level 1:colcon.colcon_core.package_identification:_identify(external/ipopt/coinbrew/Ipopt/src/contrib) by extensions ['colcon_meta']
[0.095s] Level 1:colcon.colcon_core.package_identification:_identify(external/ipopt/coinbrew/Ipopt/src/contrib) by extension 'colcon_meta'
[0.095s] Level 1:colcon.colcon_core.package_identification:_identify(external/ipopt/coinbrew/Ipopt/src/contrib) by extensions ['ros']
[0.095s] Level 1:colcon.colcon_core.package_identification:_identify(external/ipopt/coinbrew/Ipopt/src/contrib) by extension 'ros'
[0.095s] Level 1:colcon.colcon_core.package_identification:_identify(external/ipopt/coinbrew/Ipopt/src/contrib) by extensions ['cmake', 'python']
[0.095s] Level 1:colcon.colcon_core.package_identification:_identify(external/ipopt/coinbrew/Ipopt/src/contrib) by extension 'cmake'
[0.095s] Level 1:colcon.colcon_core.package_identification:_identify(external/ipopt/coinbrew/Ipopt/src/contrib) by extension 'python'
[0.095s] Level 1:colcon.colcon_core.package_identification:_identify(external/ipopt/coinbrew/Ipopt/src/contrib) by extensions ['python_setup_py']
[0.095s] Level 1:colcon.colcon_core.package_identification:_identify(external/ipopt/coinbrew/Ipopt/src/contrib) by extension 'python_setup_py'
[0.095s] Level 1:colcon.colcon_core.package_identification:_identify(external/ipopt/coinbrew/Ipopt/src/contrib/CGPenalty) by extensions ['ignore', 'ignore_ament_install']
[0.095s] Level 1:colcon.colcon_core.package_identification:_identify(external/ipopt/coinbrew/Ipopt/src/contrib/CGPenalty) by extension 'ignore'
[0.095s] Level 1:colcon.colcon_core.package_identification:_identify(external/ipopt/coinbrew/Ipopt/src/contrib/CGPenalty) by extension 'ignore_ament_install'
[0.095s] Level 1:colcon.colcon_core.package_identification:_identify(external/ipopt/coinbrew/Ipopt/src/contrib/CGPenalty) by extensions ['colcon_pkg']
[0.095s] Level 1:colcon.colcon_core.package_identification:_identify(external/ipopt/coinbrew/Ipopt/src/contrib/CGPenalty) by extension 'colcon_pkg'
[0.095s] Level 1:colcon.colcon_core.package_identification:_identify(external/ipopt/coinbrew/Ipopt/src/contrib/CGPenalty) by extensions ['colcon_meta']
[0.095s] Level 1:colcon.colcon_core.package_identification:_identify(external/ipopt/coinbrew/Ipopt/src/contrib/CGPenalty) by extension 'colcon_meta'
[0.095s] Level 1:colcon.colcon_core.package_identification:_identify(external/ipopt/coinbrew/Ipopt/src/contrib/CGPenalty) by extensions ['ros']
[0.095s] Level 1:colcon.colcon_core.package_identification:_identify(external/ipopt/coinbrew/Ipopt/src/contrib/CGPenalty) by extension 'ros'
[0.095s] Level 1:colcon.colcon_core.package_identification:_identify(external/ipopt/coinbrew/Ipopt/src/contrib/CGPenalty) by extensions ['cmake', 'python']
[0.095s] Level 1:colcon.colcon_core.package_identification:_identify(external/ipopt/coinbrew/Ipopt/src/contrib/CGPenalty) by extension 'cmake'
[0.095s] Level 1:colcon.colcon_core.package_identification:_identify(external/ipopt/coinbrew/Ipopt/src/contrib/CGPenalty) by extension 'python'
[0.095s] Level 1:colcon.colcon_core.package_identification:_identify(external/ipopt/coinbrew/Ipopt/src/contrib/CGPenalty) by extensions ['python_setup_py']
[0.095s] Level 1:colcon.colcon_core.package_identification:_identify(external/ipopt/coinbrew/Ipopt/src/contrib/CGPenalty) by extension 'python_setup_py'
[0.095s] Level 1:colcon.colcon_core.package_identification:_identify(external/ipopt/coinbrew/Ipopt/test) by extensions ['ignore', 'ignore_ament_install']
[0.095s] Level 1:colcon.colcon_core.package_identification:_identify(external/ipopt/coinbrew/Ipopt/test) by extension 'ignore'
[0.096s] Level 1:colcon.colcon_core.package_identification:_identify(external/ipopt/coinbrew/Ipopt/test) by extension 'ignore_ament_install'
[0.096s] Level 1:colcon.colcon_core.package_identification:_identify(external/ipopt/coinbrew/Ipopt/test) by extensions ['colcon_pkg']
[0.096s] Level 1:colcon.colcon_core.package_identification:_identify(external/ipopt/coinbrew/Ipopt/test) by extension 'colcon_pkg'
[0.096s] Level 1:colcon.colcon_core.package_identification:_identify(external/ipopt/coinbrew/Ipopt/test) by extensions ['colcon_meta']
[0.096s] Level 1:colcon.colcon_core.package_identification:_identify(external/ipopt/coinbrew/Ipopt/test) by extension 'colcon_meta'
[0.096s] Level 1:colcon.colcon_core.package_identification:_identify(external/ipopt/coinbrew/Ipopt/test) by extensions ['ros']
[0.096s] Level 1:colcon.colcon_core.package_identification:_identify(external/ipopt/coinbrew/Ipopt/test) by extension 'ros'
[0.096s] Level 1:colcon.colcon_core.package_identification:_identify(external/ipopt/coinbrew/Ipopt/test) by extensions ['cmake', 'python']
[0.096s] Level 1:colcon.colcon_core.package_identification:_identify(external/ipopt/coinbrew/Ipopt/test) by extension 'cmake'
[0.096s] Level 1:colcon.colcon_core.package_identification:_identify(external/ipopt/coinbrew/Ipopt/test) by extension 'python'
[0.096s] Level 1:colcon.colcon_core.package_identification:_identify(external/ipopt/coinbrew/Ipopt/test) by extensions ['python_setup_py']
[0.096s] Level 1:colcon.colcon_core.package_identification:_identify(external/ipopt/coinbrew/Ipopt/test) by extension 'python_setup_py'
[0.096s] Level 1:colcon.colcon_core.package_identification:_identify(external/ipopt/coinbrew/Ipopt/tutorial) by extensions ['ignore', 'ignore_ament_install']
[0.096s] Level 1:colcon.colcon_core.package_identification:_identify(external/ipopt/coinbrew/Ipopt/tutorial) by extension 'ignore'
[0.096s] Level 1:colcon.colcon_core.package_identification:_identify(external/ipopt/coinbrew/Ipopt/tutorial) by extension 'ignore_ament_install'
[0.096s] Level 1:colcon.colcon_core.package_identification:_identify(external/ipopt/coinbrew/Ipopt/tutorial) by extensions ['colcon_pkg']
[0.096s] Level 1:colcon.colcon_core.package_identification:_identify(external/ipopt/coinbrew/Ipopt/tutorial) by extension 'colcon_pkg'
[0.096s] Level 1:colcon.colcon_core.package_identification:_identify(external/ipopt/coinbrew/Ipopt/tutorial) by extensions ['colcon_meta']
[0.096s] Level 1:colcon.colcon_core.package_identification:_identify(external/ipopt/coinbrew/Ipopt/tutorial) by extension 'colcon_meta'
[0.096s] Level 1:colcon.colcon_core.package_identification:_identify(external/ipopt/coinbrew/Ipopt/tutorial) by extensions ['ros']
[0.096s] Level 1:colcon.colcon_core.package_identification:_identify(external/ipopt/coinbrew/Ipopt/tutorial) by extension 'ros'
[0.096s] Level 1:colcon.colcon_core.package_identification:_identify(external/ipopt/coinbrew/Ipopt/tutorial) by extensions ['cmake', 'python']
[0.096s] Level 1:colcon.colcon_core.package_identification:_identify(external/ipopt/coinbrew/Ipopt/tutorial) by extension 'cmake'
[0.096s] Level 1:colcon.colcon_core.package_identification:_identify(external/ipopt/coinbrew/Ipopt/tutorial) by extension 'python'
[0.096s] Level 1:colcon.colcon_core.package_identification:_identify(external/ipopt/coinbrew/Ipopt/tutorial) by extensions ['python_setup_py']
[0.096s] Level 1:colcon.colcon_core.package_identification:_identify(external/ipopt/coinbrew/Ipopt/tutorial) by extension 'python_setup_py'
[0.096s] Level 1:colcon.colcon_core.package_identification:_identify(external/ipopt/coinbrew/Ipopt/tutorial/AmplExperiments) by extensions ['ignore', 'ignore_ament_install']
[0.096s] Level 1:colcon.colcon_core.package_identification:_identify(external/ipopt/coinbrew/Ipopt/tutorial/AmplExperiments) by extension 'ignore'
[0.096s] Level 1:colcon.colcon_core.package_identification:_identify(external/ipopt/coinbrew/Ipopt/tutorial/AmplExperiments) by extension 'ignore_ament_install'
[0.096s] Level 1:colcon.colcon_core.package_identification:_identify(external/ipopt/coinbrew/Ipopt/tutorial/AmplExperiments) by extensions ['colcon_pkg']
[0.096s] Level 1:colcon.colcon_core.package_identification:_identify(external/ipopt/coinbrew/Ipopt/tutorial/AmplExperiments) by extension 'colcon_pkg'
[0.096s] Level 1:colcon.colcon_core.package_identification:_identify(external/ipopt/coinbrew/Ipopt/tutorial/AmplExperiments) by extensions ['colcon_meta']
[0.096s] Level 1:colcon.colcon_core.package_identification:_identify(external/ipopt/coinbrew/Ipopt/tutorial/AmplExperiments) by extension 'colcon_meta'
[0.096s] Level 1:colcon.colcon_core.package_identification:_identify(external/ipopt/coinbrew/Ipopt/tutorial/AmplExperiments) by extensions ['ros']
[0.096s] Level 1:colcon.colcon_core.package_identification:_identify(external/ipopt/coinbrew/Ipopt/tutorial/AmplExperiments) by extension 'ros'
[0.096s] Level 1:colcon.colcon_core.package_identification:_identify(external/ipopt/coinbrew/Ipopt/tutorial/AmplExperiments) by extensions ['cmake', 'python']
[0.096s] Level 1:colcon.colcon_core.package_identification:_identify(external/ipopt/coinbrew/Ipopt/tutorial/AmplExperiments) by extension 'cmake'
[0.096s] Level 1:colcon.colcon_core.package_identification:_identify(external/ipopt/coinbrew/Ipopt/tutorial/AmplExperiments) by extension 'python'
[0.096s] Level 1:colcon.colcon_core.package_identification:_identify(external/ipopt/coinbrew/Ipopt/tutorial/AmplExperiments) by extensions ['python_setup_py']
[0.096s] Level 1:colcon.colcon_core.package_identification:_identify(external/ipopt/coinbrew/Ipopt/tutorial/AmplExperiments) by extension 'python_setup_py'
[0.096s] Level 1:colcon.colcon_core.package_identification:_identify(external/ipopt/coinbrew/Ipopt/tutorial/CodingExercise) by extensions ['ignore', 'ignore_ament_install']
[0.096s] Level 1:colcon.colcon_core.package_identification:_identify(external/ipopt/coinbrew/Ipopt/tutorial/CodingExercise) by extension 'ignore'
[0.096s] Level 1:colcon.colcon_core.package_identification:_identify(external/ipopt/coinbrew/Ipopt/tutorial/CodingExercise) by extension 'ignore_ament_install'
[0.096s] Level 1:colcon.colcon_core.package_identification:_identify(external/ipopt/coinbrew/Ipopt/tutorial/CodingExercise) by extensions ['colcon_pkg']
[0.096s] Level 1:colcon.colcon_core.package_identification:_identify(external/ipopt/coinbrew/Ipopt/tutorial/CodingExercise) by extension 'colcon_pkg'
[0.096s] Level 1:colcon.colcon_core.package_identification:_identify(external/ipopt/coinbrew/Ipopt/tutorial/CodingExercise) by extensions ['colcon_meta']
[0.096s] Level 1:colcon.colcon_core.package_identification:_identify(external/ipopt/coinbrew/Ipopt/tutorial/CodingExercise) by extension 'colcon_meta'
[0.096s] Level 1:colcon.colcon_core.package_identification:_identify(external/ipopt/coinbrew/Ipopt/tutorial/CodingExercise) by extensions ['ros']
[0.096s] Level 1:colcon.colcon_core.package_identification:_identify(external/ipopt/coinbrew/Ipopt/tutorial/CodingExercise) by extension 'ros'
[0.096s] Level 1:colcon.colcon_core.package_identification:_identify(external/ipopt/coinbrew/Ipopt/tutorial/CodingExercise) by extensions ['cmake', 'python']
[0.096s] Level 1:colcon.colcon_core.package_identification:_identify(external/ipopt/coinbrew/Ipopt/tutorial/CodingExercise) by extension 'cmake'
[0.096s] Level 1:colcon.colcon_core.package_identification:_identify(external/ipopt/coinbrew/Ipopt/tutorial/CodingExercise) by extension 'python'
[0.096s] Level 1:colcon.colcon_core.package_identification:_identify(external/ipopt/coinbrew/Ipopt/tutorial/CodingExercise) by extensions ['python_setup_py']
[0.096s] Level 1:colcon.colcon_core.package_identification:_identify(external/ipopt/coinbrew/Ipopt/tutorial/CodingExercise) by extension 'python_setup_py'
[0.096s] Level 1:colcon.colcon_core.package_identification:_identify(external/ipopt/coinbrew/Ipopt/tutorial/CodingExercise/C) by extensions ['ignore', 'ignore_ament_install']
[0.096s] Level 1:colcon.colcon_core.package_identification:_identify(external/ipopt/coinbrew/Ipopt/tutorial/CodingExercise/C) by extension 'ignore'
[0.096s] Level 1:colcon.colcon_core.package_identification:_identify(external/ipopt/coinbrew/Ipopt/tutorial/CodingExercise/C) by extension 'ignore_ament_install'
[0.096s] Level 1:colcon.colcon_core.package_identification:_identify(external/ipopt/coinbrew/Ipopt/tutorial/CodingExercise/C) by extensions ['colcon_pkg']
[0.096s] Level 1:colcon.colcon_core.package_identification:_identify(external/ipopt/coinbrew/Ipopt/tutorial/CodingExercise/C) by extension 'colcon_pkg'
[0.096s] Level 1:colcon.colcon_core.package_identification:_identify(external/ipopt/coinbrew/Ipopt/tutorial/CodingExercise/C) by extensions ['colcon_meta']
[0.096s] Level 1:colcon.colcon_core.package_identification:_identify(external/ipopt/coinbrew/Ipopt/tutorial/CodingExercise/C) by extension 'colcon_meta'
[0.096s] Level 1:colcon.colcon_core.package_identification:_identify(external/ipopt/coinbrew/Ipopt/tutorial/CodingExercise/C) by extensions ['ros']
[0.096s] Level 1:colcon.colcon_core.package_identification:_identify(external/ipopt/coinbrew/Ipopt/tutorial/CodingExercise/C) by extension 'ros'
[0.096s] Level 1:colcon.colcon_core.package_identification:_identify(external/ipopt/coinbrew/Ipopt/tutorial/CodingExercise/C) by extensions ['cmake', 'python']
[0.096s] Level 1:colcon.colcon_core.package_identification:_identify(external/ipopt/coinbrew/Ipopt/tutorial/CodingExercise/C) by extension 'cmake'
[0.096s] Level 1:colcon.colcon_core.package_identification:_identify(external/ipopt/coinbrew/Ipopt/tutorial/CodingExercise/C) by extension 'python'
[0.096s] Level 1:colcon.colcon_core.package_identification:_identify(external/ipopt/coinbrew/Ipopt/tutorial/CodingExercise/C) by extensions ['python_setup_py']
[0.096s] Level 1:colcon.colcon_core.package_identification:_identify(external/ipopt/coinbrew/Ipopt/tutorial/CodingExercise/C) by extension 'python_setup_py'
[0.097s] Level 1:colcon.colcon_core.package_identification:_identify(external/ipopt/coinbrew/Ipopt/tutorial/CodingExercise/C/1-skeleton) by extensions ['ignore', 'ignore_ament_install']
[0.097s] Level 1:colcon.colcon_core.package_identification:_identify(external/ipopt/coinbrew/Ipopt/tutorial/CodingExercise/C/1-skeleton) by extension 'ignore'
[0.097s] Level 1:colcon.colcon_core.package_identification:_identify(external/ipopt/coinbrew/Ipopt/tutorial/CodingExercise/C/1-skeleton) by extension 'ignore_ament_install'
[0.097s] Level 1:colcon.colcon_core.package_identification:_identify(external/ipopt/coinbrew/Ipopt/tutorial/CodingExercise/C/1-skeleton) by extensions ['colcon_pkg']
[0.097s] Level 1:colcon.colcon_core.package_identification:_identify(external/ipopt/coinbrew/Ipopt/tutorial/CodingExercise/C/1-skeleton) by extension 'colcon_pkg'
[0.097s] Level 1:colcon.colcon_core.package_identification:_identify(external/ipopt/coinbrew/Ipopt/tutorial/CodingExercise/C/1-skeleton) by extensions ['colcon_meta']
[0.097s] Level 1:colcon.colcon_core.package_identification:_identify(external/ipopt/coinbrew/Ipopt/tutorial/CodingExercise/C/1-skeleton) by extension 'colcon_meta'
[0.097s] Level 1:colcon.colcon_core.package_identification:_identify(external/ipopt/coinbrew/Ipopt/tutorial/CodingExercise/C/1-skeleton) by extensions ['ros']
[0.097s] Level 1:colcon.colcon_core.package_identification:_identify(external/ipopt/coinbrew/Ipopt/tutorial/CodingExercise/C/1-skeleton) by extension 'ros'
[0.097s] Level 1:colcon.colcon_core.package_identification:_identify(external/ipopt/coinbrew/Ipopt/tutorial/CodingExercise/C/1-skeleton) by extensions ['cmake', 'python']
[0.097s] Level 1:colcon.colcon_core.package_identification:_identify(external/ipopt/coinbrew/Ipopt/tutorial/CodingExercise/C/1-skeleton) by extension 'cmake'
[0.097s] Level 1:colcon.colcon_core.package_identification:_identify(external/ipopt/coinbrew/Ipopt/tutorial/CodingExercise/C/1-skeleton) by extension 'python'
[0.097s] Level 1:colcon.colcon_core.package_identification:_identify(external/ipopt/coinbrew/Ipopt/tutorial/CodingExercise/C/1-skeleton) by extensions ['python_setup_py']
[0.097s] Level 1:colcon.colcon_core.package_identification:_identify(external/ipopt/coinbrew/Ipopt/tutorial/CodingExercise/C/1-skeleton) by extension 'python_setup_py'
[0.097s] Level 1:colcon.colcon_core.package_identification:_identify(external/ipopt/coinbrew/Ipopt/tutorial/CodingExercise/C/2-mistake) by extensions ['ignore', 'ignore_ament_install']
[0.097s] Level 1:colcon.colcon_core.package_identification:_identify(external/ipopt/coinbrew/Ipopt/tutorial/CodingExercise/C/2-mistake) by extension 'ignore'
[0.097s] Level 1:colcon.colcon_core.package_identification:_identify(external/ipopt/coinbrew/Ipopt/tutorial/CodingExercise/C/2-mistake) by extension 'ignore_ament_install'
[0.097s] Level 1:colcon.colcon_core.package_identification:_identify(external/ipopt/coinbrew/Ipopt/tutorial/CodingExercise/C/2-mistake) by extensions ['colcon_pkg']
[0.097s] Level 1:colcon.colcon_core.package_identification:_identify(external/ipopt/coinbrew/Ipopt/tutorial/CodingExercise/C/2-mistake) by extension 'colcon_pkg'
[0.097s] Level 1:colcon.colcon_core.package_identification:_identify(external/ipopt/coinbrew/Ipopt/tutorial/CodingExercise/C/2-mistake) by extensions ['colcon_meta']
[0.097s] Level 1:colcon.colcon_core.package_identification:_identify(external/ipopt/coinbrew/Ipopt/tutorial/CodingExercise/C/2-mistake) by extension 'colcon_meta'
[0.097s] Level 1:colcon.colcon_core.package_identification:_identify(external/ipopt/coinbrew/Ipopt/tutorial/CodingExercise/C/2-mistake) by extensions ['ros']
[0.097s] Level 1:colcon.colcon_core.package_identification:_identify(external/ipopt/coinbrew/Ipopt/tutorial/CodingExercise/C/2-mistake) by extension 'ros'
[0.097s] Level 1:colcon.colcon_core.package_identification:_identify(external/ipopt/coinbrew/Ipopt/tutorial/CodingExercise/C/2-mistake) by extensions ['cmake', 'python']
[0.097s] Level 1:colcon.colcon_core.package_identification:_identify(external/ipopt/coinbrew/Ipopt/tutorial/CodingExercise/C/2-mistake) by extension 'cmake'
[0.097s] Level 1:colcon.colcon_core.package_identification:_identify(external/ipopt/coinbrew/Ipopt/tutorial/CodingExercise/C/2-mistake) by extension 'python'
[0.097s] Level 1:colcon.colcon_core.package_identification:_identify(external/ipopt/coinbrew/Ipopt/tutorial/CodingExercise/C/2-mistake) by extensions ['python_setup_py']
[0.097s] Level 1:colcon.colcon_core.package_identification:_identify(external/ipopt/coinbrew/Ipopt/tutorial/CodingExercise/C/2-mistake) by extension 'python_setup_py'
[0.097s] Level 1:colcon.colcon_core.package_identification:_identify(external/ipopt/coinbrew/Ipopt/tutorial/CodingExercise/C/3-solution) by extensions ['ignore', 'ignore_ament_install']
[0.097s] Level 1:colcon.colcon_core.package_identification:_identify(external/ipopt/coinbrew/Ipopt/tutorial/CodingExercise/C/3-solution) by extension 'ignore'
[0.097s] Level 1:colcon.colcon_core.package_identification:_identify(external/ipopt/coinbrew/Ipopt/tutorial/CodingExercise/C/3-solution) by extension 'ignore_ament_install'
[0.097s] Level 1:colcon.colcon_core.package_identification:_identify(external/ipopt/coinbrew/Ipopt/tutorial/CodingExercise/C/3-solution) by extensions ['colcon_pkg']
[0.097s] Level 1:colcon.colcon_core.package_identification:_identify(external/ipopt/coinbrew/Ipopt/tutorial/CodingExercise/C/3-solution) by extension 'colcon_pkg'
[0.097s] Level 1:colcon.colcon_core.package_identification:_identify(external/ipopt/coinbrew/Ipopt/tutorial/CodingExercise/C/3-solution) by extensions ['colcon_meta']
[0.097s] Level 1:colcon.colcon_core.package_identification:_identify(external/ipopt/coinbrew/Ipopt/tutorial/CodingExercise/C/3-solution) by extension 'colcon_meta'
[0.097s] Level 1:colcon.colcon_core.package_identification:_identify(external/ipopt/coinbrew/Ipopt/tutorial/CodingExercise/C/3-solution) by extensions ['ros']
[0.097s] Level 1:colcon.colcon_core.package_identification:_identify(external/ipopt/coinbrew/Ipopt/tutorial/CodingExercise/C/3-solution) by extension 'ros'
[0.097s] Level 1:colcon.colcon_core.package_identification:_identify(external/ipopt/coinbrew/Ipopt/tutorial/CodingExercise/C/3-solution) by extensions ['cmake', 'python']
[0.097s] Level 1:colcon.colcon_core.package_identification:_identify(external/ipopt/coinbrew/Ipopt/tutorial/CodingExercise/C/3-solution) by extension 'cmake'
[0.097s] Level 1:colcon.colcon_core.package_identification:_identify(external/ipopt/coinbrew/Ipopt/tutorial/CodingExercise/C/3-solution) by extension 'python'
[0.097s] Level 1:colcon.colcon_core.package_identification:_identify(external/ipopt/coinbrew/Ipopt/tutorial/CodingExercise/C/3-solution) by extensions ['python_setup_py']
[0.097s] Level 1:colcon.colcon_core.package_identification:_identify(external/ipopt/coinbrew/Ipopt/tutorial/CodingExercise/C/3-solution) by extension 'python_setup_py'
[0.097s] Level 1:colcon.colcon_core.package_identification:_identify(external/ipopt/coinbrew/Ipopt/tutorial/CodingExercise/Cpp) by extensions ['ignore', 'ignore_ament_install']
[0.097s] Level 1:colcon.colcon_core.package_identification:_identify(external/ipopt/coinbrew/Ipopt/tutorial/CodingExercise/Cpp) by extension 'ignore'
[0.097s] Level 1:colcon.colcon_core.package_identification:_identify(external/ipopt/coinbrew/Ipopt/tutorial/CodingExercise/Cpp) by extension 'ignore_ament_install'
[0.097s] Level 1:colcon.colcon_core.package_identification:_identify(external/ipopt/coinbrew/Ipopt/tutorial/CodingExercise/Cpp) by extensions ['colcon_pkg']
[0.097s] Level 1:colcon.colcon_core.package_identification:_identify(external/ipopt/coinbrew/Ipopt/tutorial/CodingExercise/Cpp) by extension 'colcon_pkg'
[0.097s] Level 1:colcon.colcon_core.package_identification:_identify(external/ipopt/coinbrew/Ipopt/tutorial/CodingExercise/Cpp) by extensions ['colcon_meta']
[0.097s] Level 1:colcon.colcon_core.package_identification:_identify(external/ipopt/coinbrew/Ipopt/tutorial/CodingExercise/Cpp) by extension 'colcon_meta'
[0.097s] Level 1:colcon.colcon_core.package_identification:_identify(external/ipopt/coinbrew/Ipopt/tutorial/CodingExercise/Cpp) by extensions ['ros']
[0.097s] Level 1:colcon.colcon_core.package_identification:_identify(external/ipopt/coinbrew/Ipopt/tutorial/CodingExercise/Cpp) by extension 'ros'
[0.097s] Level 1:colcon.colcon_core.package_identification:_identify(external/ipopt/coinbrew/Ipopt/tutorial/CodingExercise/Cpp) by extensions ['cmake', 'python']
[0.097s] Level 1:colcon.colcon_core.package_identification:_identify(external/ipopt/coinbrew/Ipopt/tutorial/CodingExercise/Cpp) by extension 'cmake'
[0.097s] Level 1:colcon.colcon_core.package_identification:_identify(external/ipopt/coinbrew/Ipopt/tutorial/CodingExercise/Cpp) by extension 'python'
[0.097s] Level 1:colcon.colcon_core.package_identification:_identify(external/ipopt/coinbrew/Ipopt/tutorial/CodingExercise/Cpp) by extensions ['python_setup_py']
[0.097s] Level 1:colcon.colcon_core.package_identification:_identify(external/ipopt/coinbrew/Ipopt/tutorial/CodingExercise/Cpp) by extension 'python_setup_py'
[0.097s] Level 1:colcon.colcon_core.package_identification:_identify(external/ipopt/coinbrew/Ipopt/tutorial/CodingExercise/Cpp/1-skeleton) by extensions ['ignore', 'ignore_ament_install']
[0.097s] Level 1:colcon.colcon_core.package_identification:_identify(external/ipopt/coinbrew/Ipopt/tutorial/CodingExercise/Cpp/1-skeleton) by extension 'ignore'
[0.097s] Level 1:colcon.colcon_core.package_identification:_identify(external/ipopt/coinbrew/Ipopt/tutorial/CodingExercise/Cpp/1-skeleton) by extension 'ignore_ament_install'
[0.097s] Level 1:colcon.colcon_core.package_identification:_identify(external/ipopt/coinbrew/Ipopt/tutorial/CodingExercise/Cpp/1-skeleton) by extensions ['colcon_pkg']
[0.097s] Level 1:colcon.colcon_core.package_identification:_identify(external/ipopt/coinbrew/Ipopt/tutorial/CodingExercise/Cpp/1-skeleton) by extension 'colcon_pkg'
[0.097s] Level 1:colcon.colcon_core.package_identification:_identify(external/ipopt/coinbrew/Ipopt/tutorial/CodingExercise/Cpp/1-skeleton) by extensions ['colcon_meta']
[0.098s] Level 1:colcon.colcon_core.package_identification:_identify(external/ipopt/coinbrew/Ipopt/tutorial/CodingExercise/Cpp/1-skeleton) by extension 'colcon_meta'
[0.098s] Level 1:colcon.colcon_core.package_identification:_identify(external/ipopt/coinbrew/Ipopt/tutorial/CodingExercise/Cpp/1-skeleton) by extensions ['ros']
[0.098s] Level 1:colcon.colcon_core.package_identification:_identify(external/ipopt/coinbrew/Ipopt/tutorial/CodingExercise/Cpp/1-skeleton) by extension 'ros'
[0.098s] Level 1:colcon.colcon_core.package_identification:_identify(external/ipopt/coinbrew/Ipopt/tutorial/CodingExercise/Cpp/1-skeleton) by extensions ['cmake', 'python']
[0.098s] Level 1:colcon.colcon_core.package_identification:_identify(external/ipopt/coinbrew/Ipopt/tutorial/CodingExercise/Cpp/1-skeleton) by extension 'cmake'
[0.098s] Level 1:colcon.colcon_core.package_identification:_identify(external/ipopt/coinbrew/Ipopt/tutorial/CodingExercise/Cpp/1-skeleton) by extension 'python'
[0.098s] Level 1:colcon.colcon_core.package_identification:_identify(external/ipopt/coinbrew/Ipopt/tutorial/CodingExercise/Cpp/1-skeleton) by extensions ['python_setup_py']
[0.098s] Level 1:colcon.colcon_core.package_identification:_identify(external/ipopt/coinbrew/Ipopt/tutorial/CodingExercise/Cpp/1-skeleton) by extension 'python_setup_py'
[0.098s] Level 1:colcon.colcon_core.package_identification:_identify(external/ipopt/coinbrew/Ipopt/tutorial/CodingExercise/Cpp/2-mistake) by extensions ['ignore', 'ignore_ament_install']
[0.098s] Level 1:colcon.colcon_core.package_identification:_identify(external/ipopt/coinbrew/Ipopt/tutorial/CodingExercise/Cpp/2-mistake) by extension 'ignore'
[0.098s] Level 1:colcon.colcon_core.package_identification:_identify(external/ipopt/coinbrew/Ipopt/tutorial/CodingExercise/Cpp/2-mistake) by extension 'ignore_ament_install'
[0.098s] Level 1:colcon.colcon_core.package_identification:_identify(external/ipopt/coinbrew/Ipopt/tutorial/CodingExercise/Cpp/2-mistake) by extensions ['colcon_pkg']
[0.098s] Level 1:colcon.colcon_core.package_identification:_identify(external/ipopt/coinbrew/Ipopt/tutorial/CodingExercise/Cpp/2-mistake) by extension 'colcon_pkg'
[0.098s] Level 1:colcon.colcon_core.package_identification:_identify(external/ipopt/coinbrew/Ipopt/tutorial/CodingExercise/Cpp/2-mistake) by extensions ['colcon_meta']
[0.098s] Level 1:colcon.colcon_core.package_identification:_identify(external/ipopt/coinbrew/Ipopt/tutorial/CodingExercise/Cpp/2-mistake) by extension 'colcon_meta'
[0.098s] Level 1:colcon.colcon_core.package_identification:_identify(external/ipopt/coinbrew/Ipopt/tutorial/CodingExercise/Cpp/2-mistake) by extensions ['ros']
[0.098s] Level 1:colcon.colcon_core.package_identification:_identify(external/ipopt/coinbrew/Ipopt/tutorial/CodingExercise/Cpp/2-mistake) by extension 'ros'
[0.098s] Level 1:colcon.colcon_core.package_identification:_identify(external/ipopt/coinbrew/Ipopt/tutorial/CodingExercise/Cpp/2-mistake) by extensions ['cmake', 'python']
[0.098s] Level 1:colcon.colcon_core.package_identification:_identify(external/ipopt/coinbrew/Ipopt/tutorial/CodingExercise/Cpp/2-mistake) by extension 'cmake'
[0.098s] Level 1:colcon.colcon_core.package_identification:_identify(external/ipopt/coinbrew/Ipopt/tutorial/CodingExercise/Cpp/2-mistake) by extension 'python'
[0.098s] Level 1:colcon.colcon_core.package_identification:_identify(external/ipopt/coinbrew/Ipopt/tutorial/CodingExercise/Cpp/2-mistake) by extensions ['python_setup_py']
[0.098s] Level 1:colcon.colcon_core.package_identification:_identify(external/ipopt/coinbrew/Ipopt/tutorial/CodingExercise/Cpp/2-mistake) by extension 'python_setup_py'
[0.098s] Level 1:colcon.colcon_core.package_identification:_identify(external/ipopt/coinbrew/Ipopt/tutorial/CodingExercise/Cpp/3-solution) by extensions ['ignore', 'ignore_ament_install']
[0.098s] Level 1:colcon.colcon_core.package_identification:_identify(external/ipopt/coinbrew/Ipopt/tutorial/CodingExercise/Cpp/3-solution) by extension 'ignore'
[0.098s] Level 1:colcon.colcon_core.package_identification:_identify(external/ipopt/coinbrew/Ipopt/tutorial/CodingExercise/Cpp/3-solution) by extension 'ignore_ament_install'
[0.098s] Level 1:colcon.colcon_core.package_identification:_identify(external/ipopt/coinbrew/Ipopt/tutorial/CodingExercise/Cpp/3-solution) by extensions ['colcon_pkg']
[0.098s] Level 1:colcon.colcon_core.package_identification:_identify(external/ipopt/coinbrew/Ipopt/tutorial/CodingExercise/Cpp/3-solution) by extension 'colcon_pkg'
[0.098s] Level 1:colcon.colcon_core.package_identification:_identify(external/ipopt/coinbrew/Ipopt/tutorial/CodingExercise/Cpp/3-solution) by extensions ['colcon_meta']
[0.098s] Level 1:colcon.colcon_core.package_identification:_identify(external/ipopt/coinbrew/Ipopt/tutorial/CodingExercise/Cpp/3-solution) by extension 'colcon_meta'
[0.098s] Level 1:colcon.colcon_core.package_identification:_identify(external/ipopt/coinbrew/Ipopt/tutorial/CodingExercise/Cpp/3-solution) by extensions ['ros']
[0.098s] Level 1:colcon.colcon_core.package_identification:_identify(external/ipopt/coinbrew/Ipopt/tutorial/CodingExercise/Cpp/3-solution) by extension 'ros'
[0.098s] Level 1:colcon.colcon_core.package_identification:_identify(external/ipopt/coinbrew/Ipopt/tutorial/CodingExercise/Cpp/3-solution) by extensions ['cmake', 'python']
[0.098s] Level 1:colcon.colcon_core.package_identification:_identify(external/ipopt/coinbrew/Ipopt/tutorial/CodingExercise/Cpp/3-solution) by extension 'cmake'
[0.098s] Level 1:colcon.colcon_core.package_identification:_identify(external/ipopt/coinbrew/Ipopt/tutorial/CodingExercise/Cpp/3-solution) by extension 'python'
[0.098s] Level 1:colcon.colcon_core.package_identification:_identify(external/ipopt/coinbrew/Ipopt/tutorial/CodingExercise/Cpp/3-solution) by extensions ['python_setup_py']
[0.098s] Level 1:colcon.colcon_core.package_identification:_identify(external/ipopt/coinbrew/Ipopt/tutorial/CodingExercise/Cpp/3-solution) by extension 'python_setup_py'
[0.098s] Level 1:colcon.colcon_core.package_identification:_identify(external/ipopt/coinbrew/Ipopt/tutorial/CodingExercise/Fortran) by extensions ['ignore', 'ignore_ament_install']
[0.098s] Level 1:colcon.colcon_core.package_identification:_identify(external/ipopt/coinbrew/Ipopt/tutorial/CodingExercise/Fortran) by extension 'ignore'
[0.098s] Level 1:colcon.colcon_core.package_identification:_identify(external/ipopt/coinbrew/Ipopt/tutorial/CodingExercise/Fortran) by extension 'ignore_ament_install'
[0.098s] Level 1:colcon.colcon_core.package_identification:_identify(external/ipopt/coinbrew/Ipopt/tutorial/CodingExercise/Fortran) by extensions ['colcon_pkg']
[0.098s] Level 1:colcon.colcon_core.package_identification:_identify(external/ipopt/coinbrew/Ipopt/tutorial/CodingExercise/Fortran) by extension 'colcon_pkg'
[0.098s] Level 1:colcon.colcon_core.package_identification:_identify(external/ipopt/coinbrew/Ipopt/tutorial/CodingExercise/Fortran) by extensions ['colcon_meta']
[0.098s] Level 1:colcon.colcon_core.package_identification:_identify(external/ipopt/coinbrew/Ipopt/tutorial/CodingExercise/Fortran) by extension 'colcon_meta'
[0.098s] Level 1:colcon.colcon_core.package_identification:_identify(external/ipopt/coinbrew/Ipopt/tutorial/CodingExercise/Fortran) by extensions ['ros']
[0.098s] Level 1:colcon.colcon_core.package_identification:_identify(external/ipopt/coinbrew/Ipopt/tutorial/CodingExercise/Fortran) by extension 'ros'
[0.098s] Level 1:colcon.colcon_core.package_identification:_identify(external/ipopt/coinbrew/Ipopt/tutorial/CodingExercise/Fortran) by extensions ['cmake', 'python']
[0.098s] Level 1:colcon.colcon_core.package_identification:_identify(external/ipopt/coinbrew/Ipopt/tutorial/CodingExercise/Fortran) by extension 'cmake'
[0.098s] Level 1:colcon.colcon_core.package_identification:_identify(external/ipopt/coinbrew/Ipopt/tutorial/CodingExercise/Fortran) by extension 'python'
[0.098s] Level 1:colcon.colcon_core.package_identification:_identify(external/ipopt/coinbrew/Ipopt/tutorial/CodingExercise/Fortran) by extensions ['python_setup_py']
[0.098s] Level 1:colcon.colcon_core.package_identification:_identify(external/ipopt/coinbrew/Ipopt/tutorial/CodingExercise/Fortran) by extension 'python_setup_py'
[0.098s] Level 1:colcon.colcon_core.package_identification:_identify(external/ipopt/coinbrew/Ipopt/tutorial/CodingExercise/Fortran/1-skeleton) by extensions ['ignore', 'ignore_ament_install']
[0.098s] Level 1:colcon.colcon_core.package_identification:_identify(external/ipopt/coinbrew/Ipopt/tutorial/CodingExercise/Fortran/1-skeleton) by extension 'ignore'
[0.098s] Level 1:colcon.colcon_core.package_identification:_identify(external/ipopt/coinbrew/Ipopt/tutorial/CodingExercise/Fortran/1-skeleton) by extension 'ignore_ament_install'
[0.098s] Level 1:colcon.colcon_core.package_identification:_identify(external/ipopt/coinbrew/Ipopt/tutorial/CodingExercise/Fortran/1-skeleton) by extensions ['colcon_pkg']
[0.098s] Level 1:colcon.colcon_core.package_identification:_identify(external/ipopt/coinbrew/Ipopt/tutorial/CodingExercise/Fortran/1-skeleton) by extension 'colcon_pkg'
[0.098s] Level 1:colcon.colcon_core.package_identification:_identify(external/ipopt/coinbrew/Ipopt/tutorial/CodingExercise/Fortran/1-skeleton) by extensions ['colcon_meta']
[0.098s] Level 1:colcon.colcon_core.package_identification:_identify(external/ipopt/coinbrew/Ipopt/tutorial/CodingExercise/Fortran/1-skeleton) by extension 'colcon_meta'
[0.098s] Level 1:colcon.colcon_core.package_identification:_identify(external/ipopt/coinbrew/Ipopt/tutorial/CodingExercise/Fortran/1-skeleton) by extensions ['ros']
[0.098s] Level 1:colcon.colcon_core.package_identification:_identify(external/ipopt/coinbrew/Ipopt/tutorial/CodingExercise/Fortran/1-skeleton) by extension 'ros'
[0.098s] Level 1:colcon.colcon_core.package_identification:_identify(external/ipopt/coinbrew/Ipopt/tutorial/CodingExercise/Fortran/1-skeleton) by extensions ['cmake', 'python']
[0.098s] Level 1:colcon.colcon_core.package_identification:_identify(external/ipopt/coinbrew/Ipopt/tutorial/CodingExercise/Fortran/1-skeleton) by extension 'cmake'
[0.098s] Level 1:colcon.colcon_core.package_identification:_identify(external/ipopt/coinbrew/Ipopt/tutorial/CodingExercise/Fortran/1-skeleton) by extension 'python'
[0.098s] Level 1:colcon.colcon_core.package_identification:_identify(external/ipopt/coinbrew/Ipopt/tutorial/CodingExercise/Fortran/1-skeleton) by extensions ['python_setup_py']
[0.098s] Level 1:colcon.colcon_core.package_identification:_identify(external/ipopt/coinbrew/Ipopt/tutorial/CodingExercise/Fortran/1-skeleton) by extension 'python_setup_py'
[0.098s] Level 1:colcon.colcon_core.package_identification:_identify(external/ipopt/coinbrew/Ipopt/tutorial/CodingExercise/Fortran/2-mistake) by extensions ['ignore', 'ignore_ament_install']
[0.099s] Level 1:colcon.colcon_core.package_identification:_identify(external/ipopt/coinbrew/Ipopt/tutorial/CodingExercise/Fortran/2-mistake) by extension 'ignore'
[0.099s] Level 1:colcon.colcon_core.package_identification:_identify(external/ipopt/coinbrew/Ipopt/tutorial/CodingExercise/Fortran/2-mistake) by extension 'ignore_ament_install'
[0.099s] Level 1:colcon.colcon_core.package_identification:_identify(external/ipopt/coinbrew/Ipopt/tutorial/CodingExercise/Fortran/2-mistake) by extensions ['colcon_pkg']
[0.099s] Level 1:colcon.colcon_core.package_identification:_identify(external/ipopt/coinbrew/Ipopt/tutorial/CodingExercise/Fortran/2-mistake) by extension 'colcon_pkg'
[0.099s] Level 1:colcon.colcon_core.package_identification:_identify(external/ipopt/coinbrew/Ipopt/tutorial/CodingExercise/Fortran/2-mistake) by extensions ['colcon_meta']
[0.099s] Level 1:colcon.colcon_core.package_identification:_identify(external/ipopt/coinbrew/Ipopt/tutorial/CodingExercise/Fortran/2-mistake) by extension 'colcon_meta'
[0.099s] Level 1:colcon.colcon_core.package_identification:_identify(external/ipopt/coinbrew/Ipopt/tutorial/CodingExercise/Fortran/2-mistake) by extensions ['ros']
[0.099s] Level 1:colcon.colcon_core.package_identification:_identify(external/ipopt/coinbrew/Ipopt/tutorial/CodingExercise/Fortran/2-mistake) by extension 'ros'
[0.099s] Level 1:colcon.colcon_core.package_identification:_identify(external/ipopt/coinbrew/Ipopt/tutorial/CodingExercise/Fortran/2-mistake) by extensions ['cmake', 'python']
[0.099s] Level 1:colcon.colcon_core.package_identification:_identify(external/ipopt/coinbrew/Ipopt/tutorial/CodingExercise/Fortran/2-mistake) by extension 'cmake'
[0.099s] Level 1:colcon.colcon_core.package_identification:_identify(external/ipopt/coinbrew/Ipopt/tutorial/CodingExercise/Fortran/2-mistake) by extension 'python'
[0.099s] Level 1:colcon.colcon_core.package_identification:_identify(external/ipopt/coinbrew/Ipopt/tutorial/CodingExercise/Fortran/2-mistake) by extensions ['python_setup_py']
[0.099s] Level 1:colcon.colcon_core.package_identification:_identify(external/ipopt/coinbrew/Ipopt/tutorial/CodingExercise/Fortran/2-mistake) by extension 'python_setup_py'
[0.099s] Level 1:colcon.colcon_core.package_identification:_identify(external/ipopt/coinbrew/Ipopt/tutorial/CodingExercise/Fortran/3-solution) by extensions ['ignore', 'ignore_ament_install']
[0.099s] Level 1:colcon.colcon_core.package_identification:_identify(external/ipopt/coinbrew/Ipopt/tutorial/CodingExercise/Fortran/3-solution) by extension 'ignore'
[0.099s] Level 1:colcon.colcon_core.package_identification:_identify(external/ipopt/coinbrew/Ipopt/tutorial/CodingExercise/Fortran/3-solution) by extension 'ignore_ament_install'
[0.099s] Level 1:colcon.colcon_core.package_identification:_identify(external/ipopt/coinbrew/Ipopt/tutorial/CodingExercise/Fortran/3-solution) by extensions ['colcon_pkg']
[0.099s] Level 1:colcon.colcon_core.package_identification:_identify(external/ipopt/coinbrew/Ipopt/tutorial/CodingExercise/Fortran/3-solution) by extension 'colcon_pkg'
[0.099s] Level 1:colcon.colcon_core.package_identification:_identify(external/ipopt/coinbrew/Ipopt/tutorial/CodingExercise/Fortran/3-solution) by extensions ['colcon_meta']
[0.099s] Level 1:colcon.colcon_core.package_identification:_identify(external/ipopt/coinbrew/Ipopt/tutorial/CodingExercise/Fortran/3-solution) by extension 'colcon_meta'
[0.099s] Level 1:colcon.colcon_core.package_identification:_identify(external/ipopt/coinbrew/Ipopt/tutorial/CodingExercise/Fortran/3-solution) by extensions ['ros']
[0.099s] Level 1:colcon.colcon_core.package_identification:_identify(external/ipopt/coinbrew/Ipopt/tutorial/CodingExercise/Fortran/3-solution) by extension 'ros'
[0.099s] Level 1:colcon.colcon_core.package_identification:_identify(external/ipopt/coinbrew/Ipopt/tutorial/CodingExercise/Fortran/3-solution) by extensions ['cmake', 'python']
[0.099s] Level 1:colcon.colcon_core.package_identification:_identify(external/ipopt/coinbrew/Ipopt/tutorial/CodingExercise/Fortran/3-solution) by extension 'cmake'
[0.099s] Level 1:colcon.colcon_core.package_identification:_identify(external/ipopt/coinbrew/Ipopt/tutorial/CodingExercise/Fortran/3-solution) by extension 'python'
[0.099s] Level 1:colcon.colcon_core.package_identification:_identify(external/ipopt/coinbrew/Ipopt/tutorial/CodingExercise/Fortran/3-solution) by extensions ['python_setup_py']
[0.099s] Level 1:colcon.colcon_core.package_identification:_identify(external/ipopt/coinbrew/Ipopt/tutorial/CodingExercise/Fortran/3-solution) by extension 'python_setup_py'
[0.099s] Level 1:colcon.colcon_core.package_identification:_identify(external/ipopt/coinbrew/Ipopt/tutorial/CodingExercise/Matlab) by extensions ['ignore', 'ignore_ament_install']
[0.099s] Level 1:colcon.colcon_core.package_identification:_identify(external/ipopt/coinbrew/Ipopt/tutorial/CodingExercise/Matlab) by extension 'ignore'
[0.099s] Level 1:colcon.colcon_core.package_identification:_identify(external/ipopt/coinbrew/Ipopt/tutorial/CodingExercise/Matlab) by extension 'ignore_ament_install'
[0.099s] Level 1:colcon.colcon_core.package_identification:_identify(external/ipopt/coinbrew/Ipopt/tutorial/CodingExercise/Matlab) by extensions ['colcon_pkg']
[0.099s] Level 1:colcon.colcon_core.package_identification:_identify(external/ipopt/coinbrew/Ipopt/tutorial/CodingExercise/Matlab) by extension 'colcon_pkg'
[0.099s] Level 1:colcon.colcon_core.package_identification:_identify(external/ipopt/coinbrew/Ipopt/tutorial/CodingExercise/Matlab) by extensions ['colcon_meta']
[0.099s] Level 1:colcon.colcon_core.package_identification:_identify(external/ipopt/coinbrew/Ipopt/tutorial/CodingExercise/Matlab) by extension 'colcon_meta'
[0.099s] Level 1:colcon.colcon_core.package_identification:_identify(external/ipopt/coinbrew/Ipopt/tutorial/CodingExercise/Matlab) by extensions ['ros']
[0.099s] Level 1:colcon.colcon_core.package_identification:_identify(external/ipopt/coinbrew/Ipopt/tutorial/CodingExercise/Matlab) by extension 'ros'
[0.099s] Level 1:colcon.colcon_core.package_identification:_identify(external/ipopt/coinbrew/Ipopt/tutorial/CodingExercise/Matlab) by extensions ['cmake', 'python']
[0.099s] Level 1:colcon.colcon_core.package_identification:_identify(external/ipopt/coinbrew/Ipopt/tutorial/CodingExercise/Matlab) by extension 'cmake'
[0.099s] Level 1:colcon.colcon_core.package_identification:_identify(external/ipopt/coinbrew/Ipopt/tutorial/CodingExercise/Matlab) by extension 'python'
[0.099s] Level 1:colcon.colcon_core.package_identification:_identify(external/ipopt/coinbrew/Ipopt/tutorial/CodingExercise/Matlab) by extensions ['python_setup_py']
[0.099s] Level 1:colcon.colcon_core.package_identification:_identify(external/ipopt/coinbrew/Ipopt/tutorial/CodingExercise/Matlab) by extension 'python_setup_py'
[0.099s] Level 1:colcon.colcon_core.package_identification:_identify(external/ipopt/coinbrew/Ipopt/tutorial/CodingExercise/Matlab/1-skeleton) by extensions ['ignore', 'ignore_ament_install']
[0.099s] Level 1:colcon.colcon_core.package_identification:_identify(external/ipopt/coinbrew/Ipopt/tutorial/CodingExercise/Matlab/1-skeleton) by extension 'ignore'
[0.099s] Level 1:colcon.colcon_core.package_identification:_identify(external/ipopt/coinbrew/Ipopt/tutorial/CodingExercise/Matlab/1-skeleton) by extension 'ignore_ament_install'
[0.099s] Level 1:colcon.colcon_core.package_identification:_identify(external/ipopt/coinbrew/Ipopt/tutorial/CodingExercise/Matlab/1-skeleton) by extensions ['colcon_pkg']
[0.099s] Level 1:colcon.colcon_core.package_identification:_identify(external/ipopt/coinbrew/Ipopt/tutorial/CodingExercise/Matlab/1-skeleton) by extension 'colcon_pkg'
[0.099s] Level 1:colcon.colcon_core.package_identification:_identify(external/ipopt/coinbrew/Ipopt/tutorial/CodingExercise/Matlab/1-skeleton) by extensions ['colcon_meta']
[0.099s] Level 1:colcon.colcon_core.package_identification:_identify(external/ipopt/coinbrew/Ipopt/tutorial/CodingExercise/Matlab/1-skeleton) by extension 'colcon_meta'
[0.099s] Level 1:colcon.colcon_core.package_identification:_identify(external/ipopt/coinbrew/Ipopt/tutorial/CodingExercise/Matlab/1-skeleton) by extensions ['ros']
[0.099s] Level 1:colcon.colcon_core.package_identification:_identify(external/ipopt/coinbrew/Ipopt/tutorial/CodingExercise/Matlab/1-skeleton) by extension 'ros'
[0.099s] Level 1:colcon.colcon_core.package_identification:_identify(external/ipopt/coinbrew/Ipopt/tutorial/CodingExercise/Matlab/1-skeleton) by extensions ['cmake', 'python']
[0.099s] Level 1:colcon.colcon_core.package_identification:_identify(external/ipopt/coinbrew/Ipopt/tutorial/CodingExercise/Matlab/1-skeleton) by extension 'cmake'
[0.099s] Level 1:colcon.colcon_core.package_identification:_identify(external/ipopt/coinbrew/Ipopt/tutorial/CodingExercise/Matlab/1-skeleton) by extension 'python'
[0.099s] Level 1:colcon.colcon_core.package_identification:_identify(external/ipopt/coinbrew/Ipopt/tutorial/CodingExercise/Matlab/1-skeleton) by extensions ['python_setup_py']
[0.099s] Level 1:colcon.colcon_core.package_identification:_identify(external/ipopt/coinbrew/Ipopt/tutorial/CodingExercise/Matlab/1-skeleton) by extension 'python_setup_py'
[0.099s] Level 1:colcon.colcon_core.package_identification:_identify(external/ipopt/coinbrew/Ipopt/tutorial/CodingExercise/Matlab/2-mistake) by extensions ['ignore', 'ignore_ament_install']
[0.099s] Level 1:colcon.colcon_core.package_identification:_identify(external/ipopt/coinbrew/Ipopt/tutorial/CodingExercise/Matlab/2-mistake) by extension 'ignore'
[0.099s] Level 1:colcon.colcon_core.package_identification:_identify(external/ipopt/coinbrew/Ipopt/tutorial/CodingExercise/Matlab/2-mistake) by extension 'ignore_ament_install'
[0.099s] Level 1:colcon.colcon_core.package_identification:_identify(external/ipopt/coinbrew/Ipopt/tutorial/CodingExercise/Matlab/2-mistake) by extensions ['colcon_pkg']
[0.099s] Level 1:colcon.colcon_core.package_identification:_identify(external/ipopt/coinbrew/Ipopt/tutorial/CodingExercise/Matlab/2-mistake) by extension 'colcon_pkg'
[0.099s] Level 1:colcon.colcon_core.package_identification:_identify(external/ipopt/coinbrew/Ipopt/tutorial/CodingExercise/Matlab/2-mistake) by extensions ['colcon_meta']
[0.099s] Level 1:colcon.colcon_core.package_identification:_identify(external/ipopt/coinbrew/Ipopt/tutorial/CodingExercise/Matlab/2-mistake) by extension 'colcon_meta'
[0.099s] Level 1:colcon.colcon_core.package_identification:_identify(external/ipopt/coinbrew/Ipopt/tutorial/CodingExercise/Matlab/2-mistake) by extensions ['ros']
[0.099s] Level 1:colcon.colcon_core.package_identification:_identify(external/ipopt/coinbrew/Ipopt/tutorial/CodingExercise/Matlab/2-mistake) by extension 'ros'
[0.100s] Level 1:colcon.colcon_core.package_identification:_identify(external/ipopt/coinbrew/Ipopt/tutorial/CodingExercise/Matlab/2-mistake) by extensions ['cmake', 'python']
[0.100s] Level 1:colcon.colcon_core.package_identification:_identify(external/ipopt/coinbrew/Ipopt/tutorial/CodingExercise/Matlab/2-mistake) by extension 'cmake'
[0.100s] Level 1:colcon.colcon_core.package_identification:_identify(external/ipopt/coinbrew/Ipopt/tutorial/CodingExercise/Matlab/2-mistake) by extension 'python'
[0.100s] Level 1:colcon.colcon_core.package_identification:_identify(external/ipopt/coinbrew/Ipopt/tutorial/CodingExercise/Matlab/2-mistake) by extensions ['python_setup_py']
[0.100s] Level 1:colcon.colcon_core.package_identification:_identify(external/ipopt/coinbrew/Ipopt/tutorial/CodingExercise/Matlab/2-mistake) by extension 'python_setup_py'
[0.100s] Level 1:colcon.colcon_core.package_identification:_identify(external/ipopt/coinbrew/Ipopt/tutorial/CodingExercise/Matlab/3-solution) by extensions ['ignore', 'ignore_ament_install']
[0.100s] Level 1:colcon.colcon_core.package_identification:_identify(external/ipopt/coinbrew/Ipopt/tutorial/CodingExercise/Matlab/3-solution) by extension 'ignore'
[0.100s] Level 1:colcon.colcon_core.package_identification:_identify(external/ipopt/coinbrew/Ipopt/tutorial/CodingExercise/Matlab/3-solution) by extension 'ignore_ament_install'
[0.100s] Level 1:colcon.colcon_core.package_identification:_identify(external/ipopt/coinbrew/Ipopt/tutorial/CodingExercise/Matlab/3-solution) by extensions ['colcon_pkg']
[0.100s] Level 1:colcon.colcon_core.package_identification:_identify(external/ipopt/coinbrew/Ipopt/tutorial/CodingExercise/Matlab/3-solution) by extension 'colcon_pkg'
[0.100s] Level 1:colcon.colcon_core.package_identification:_identify(external/ipopt/coinbrew/Ipopt/tutorial/CodingExercise/Matlab/3-solution) by extensions ['colcon_meta']
[0.100s] Level 1:colcon.colcon_core.package_identification:_identify(external/ipopt/coinbrew/Ipopt/tutorial/CodingExercise/Matlab/3-solution) by extension 'colcon_meta'
[0.100s] Level 1:colcon.colcon_core.package_identification:_identify(external/ipopt/coinbrew/Ipopt/tutorial/CodingExercise/Matlab/3-solution) by extensions ['ros']
[0.100s] Level 1:colcon.colcon_core.package_identification:_identify(external/ipopt/coinbrew/Ipopt/tutorial/CodingExercise/Matlab/3-solution) by extension 'ros'
[0.100s] Level 1:colcon.colcon_core.package_identification:_identify(external/ipopt/coinbrew/Ipopt/tutorial/CodingExercise/Matlab/3-solution) by extensions ['cmake', 'python']
[0.100s] Level 1:colcon.colcon_core.package_identification:_identify(external/ipopt/coinbrew/Ipopt/tutorial/CodingExercise/Matlab/3-solution) by extension 'cmake'
[0.100s] Level 1:colcon.colcon_core.package_identification:_identify(external/ipopt/coinbrew/Ipopt/tutorial/CodingExercise/Matlab/3-solution) by extension 'python'
[0.100s] Level 1:colcon.colcon_core.package_identification:_identify(external/ipopt/coinbrew/Ipopt/tutorial/CodingExercise/Matlab/3-solution) by extensions ['python_setup_py']
[0.100s] Level 1:colcon.colcon_core.package_identification:_identify(external/ipopt/coinbrew/Ipopt/tutorial/CodingExercise/Matlab/3-solution) by extension 'python_setup_py'
[0.100s] Level 1:colcon.colcon_core.package_identification:_identify(external/ipopt/coinbrew/Ipopt/tutorial/Modeling) by extensions ['ignore', 'ignore_ament_install']
[0.100s] Level 1:colcon.colcon_core.package_identification:_identify(external/ipopt/coinbrew/Ipopt/tutorial/Modeling) by extension 'ignore'
[0.100s] Level 1:colcon.colcon_core.package_identification:_identify(external/ipopt/coinbrew/Ipopt/tutorial/Modeling) by extension 'ignore_ament_install'
[0.100s] Level 1:colcon.colcon_core.package_identification:_identify(external/ipopt/coinbrew/Ipopt/tutorial/Modeling) by extensions ['colcon_pkg']
[0.100s] Level 1:colcon.colcon_core.package_identification:_identify(external/ipopt/coinbrew/Ipopt/tutorial/Modeling) by extension 'colcon_pkg'
[0.100s] Level 1:colcon.colcon_core.package_identification:_identify(external/ipopt/coinbrew/Ipopt/tutorial/Modeling) by extensions ['colcon_meta']
[0.100s] Level 1:colcon.colcon_core.package_identification:_identify(external/ipopt/coinbrew/Ipopt/tutorial/Modeling) by extension 'colcon_meta'
[0.100s] Level 1:colcon.colcon_core.package_identification:_identify(external/ipopt/coinbrew/Ipopt/tutorial/Modeling) by extensions ['ros']
[0.100s] Level 1:colcon.colcon_core.package_identification:_identify(external/ipopt/coinbrew/Ipopt/tutorial/Modeling) by extension 'ros'
[0.100s] Level 1:colcon.colcon_core.package_identification:_identify(external/ipopt/coinbrew/Ipopt/tutorial/Modeling) by extensions ['cmake', 'python']
[0.100s] Level 1:colcon.colcon_core.package_identification:_identify(external/ipopt/coinbrew/Ipopt/tutorial/Modeling) by extension 'cmake'
[0.100s] Level 1:colcon.colcon_core.package_identification:_identify(external/ipopt/coinbrew/Ipopt/tutorial/Modeling) by extension 'python'
[0.100s] Level 1:colcon.colcon_core.package_identification:_identify(external/ipopt/coinbrew/Ipopt/tutorial/Modeling) by extensions ['python_setup_py']
[0.100s] Level 1:colcon.colcon_core.package_identification:_identify(external/ipopt/coinbrew/Ipopt/tutorial/Modeling) by extension 'python_setup_py'
[0.100s] Level 1:colcon.colcon_core.package_identification:_identify(external/ipopt/coinbrew/ThirdParty) by extensions ['ignore', 'ignore_ament_install']
[0.100s] Level 1:colcon.colcon_core.package_identification:_identify(external/ipopt/coinbrew/ThirdParty) by extension 'ignore'
[0.100s] Level 1:colcon.colcon_core.package_identification:_identify(external/ipopt/coinbrew/ThirdParty) by extension 'ignore_ament_install'
[0.100s] Level 1:colcon.colcon_core.package_identification:_identify(external/ipopt/coinbrew/ThirdParty) by extensions ['colcon_pkg']
[0.100s] Level 1:colcon.colcon_core.package_identification:_identify(external/ipopt/coinbrew/ThirdParty) by extension 'colcon_pkg'
[0.100s] Level 1:colcon.colcon_core.package_identification:_identify(external/ipopt/coinbrew/ThirdParty) by extensions ['colcon_meta']
[0.100s] Level 1:colcon.colcon_core.package_identification:_identify(external/ipopt/coinbrew/ThirdParty) by extension 'colcon_meta'
[0.100s] Level 1:colcon.colcon_core.package_identification:_identify(external/ipopt/coinbrew/ThirdParty) by extensions ['ros']
[0.100s] Level 1:colcon.colcon_core.package_identification:_identify(external/ipopt/coinbrew/ThirdParty) by extension 'ros'
[0.100s] Level 1:colcon.colcon_core.package_identification:_identify(external/ipopt/coinbrew/ThirdParty) by extensions ['cmake', 'python']
[0.100s] Level 1:colcon.colcon_core.package_identification:_identify(external/ipopt/coinbrew/ThirdParty) by extension 'cmake'
[0.100s] Level 1:colcon.colcon_core.package_identification:_identify(external/ipopt/coinbrew/ThirdParty) by extension 'python'
[0.100s] Level 1:colcon.colcon_core.package_identification:_identify(external/ipopt/coinbrew/ThirdParty) by extensions ['python_setup_py']
[0.100s] Level 1:colcon.colcon_core.package_identification:_identify(external/ipopt/coinbrew/ThirdParty) by extension 'python_setup_py'
[0.100s] Level 1:colcon.colcon_core.package_identification:_identify(external/ipopt/coinbrew/ThirdParty/ASL) by extensions ['ignore', 'ignore_ament_install']
[0.100s] Level 1:colcon.colcon_core.package_identification:_identify(external/ipopt/coinbrew/ThirdParty/ASL) by extension 'ignore'
[0.100s] Level 1:colcon.colcon_core.package_identification:_identify(external/ipopt/coinbrew/ThirdParty/ASL) by extension 'ignore_ament_install'
[0.100s] Level 1:colcon.colcon_core.package_identification:_identify(external/ipopt/coinbrew/ThirdParty/ASL) by extensions ['colcon_pkg']
[0.100s] Level 1:colcon.colcon_core.package_identification:_identify(external/ipopt/coinbrew/ThirdParty/ASL) by extension 'colcon_pkg'
[0.100s] Level 1:colcon.colcon_core.package_identification:_identify(external/ipopt/coinbrew/ThirdParty/ASL) by extensions ['colcon_meta']
[0.100s] Level 1:colcon.colcon_core.package_identification:_identify(external/ipopt/coinbrew/ThirdParty/ASL) by extension 'colcon_meta'
[0.100s] Level 1:colcon.colcon_core.package_identification:_identify(external/ipopt/coinbrew/ThirdParty/ASL) by extensions ['ros']
[0.100s] Level 1:colcon.colcon_core.package_identification:_identify(external/ipopt/coinbrew/ThirdParty/ASL) by extension 'ros'
[0.100s] Level 1:colcon.colcon_core.package_identification:_identify(external/ipopt/coinbrew/ThirdParty/ASL) by extensions ['cmake', 'python']
[0.100s] Level 1:colcon.colcon_core.package_identification:_identify(external/ipopt/coinbrew/ThirdParty/ASL) by extension 'cmake'
[0.100s] Level 1:colcon.colcon_core.package_identification:_identify(external/ipopt/coinbrew/ThirdParty/ASL) by extension 'python'
[0.100s] Level 1:colcon.colcon_core.package_identification:_identify(external/ipopt/coinbrew/ThirdParty/ASL) by extensions ['python_setup_py']
[0.100s] Level 1:colcon.colcon_core.package_identification:_identify(external/ipopt/coinbrew/ThirdParty/ASL) by extension 'python_setup_py'
[0.100s] Level 1:colcon.colcon_core.package_identification:_identify(external/ipopt/coinbrew/ThirdParty/ASL/solvers) by extensions ['ignore', 'ignore_ament_install']
[0.101s] Level 1:colcon.colcon_core.package_identification:_identify(external/ipopt/coinbrew/ThirdParty/ASL/solvers) by extension 'ignore'
[0.101s] Level 1:colcon.colcon_core.package_identification:_identify(external/ipopt/coinbrew/ThirdParty/ASL/solvers) by extension 'ignore_ament_install'
[0.101s] Level 1:colcon.colcon_core.package_identification:_identify(external/ipopt/coinbrew/ThirdParty/ASL/solvers) by extensions ['colcon_pkg']
[0.101s] Level 1:colcon.colcon_core.package_identification:_identify(external/ipopt/coinbrew/ThirdParty/ASL/solvers) by extension 'colcon_pkg'
[0.101s] Level 1:colcon.colcon_core.package_identification:_identify(external/ipopt/coinbrew/ThirdParty/ASL/solvers) by extensions ['colcon_meta']
[0.101s] Level 1:colcon.colcon_core.package_identification:_identify(external/ipopt/coinbrew/ThirdParty/ASL/solvers) by extension 'colcon_meta'
[0.101s] Level 1:colcon.colcon_core.package_identification:_identify(external/ipopt/coinbrew/ThirdParty/ASL/solvers) by extensions ['ros']
[0.101s] Level 1:colcon.colcon_core.package_identification:_identify(external/ipopt/coinbrew/ThirdParty/ASL/solvers) by extension 'ros'
[0.101s] Level 1:colcon.colcon_core.package_identification:_identify(external/ipopt/coinbrew/ThirdParty/ASL/solvers) by extensions ['cmake', 'python']
[0.101s] Level 1:colcon.colcon_core.package_identification:_identify(external/ipopt/coinbrew/ThirdParty/ASL/solvers) by extension 'cmake'
[0.101s] Level 1:colcon.colcon_core.package_identification:_identify(external/ipopt/coinbrew/ThirdParty/ASL/solvers) by extension 'python'
[0.101s] Level 1:colcon.colcon_core.package_identification:_identify(external/ipopt/coinbrew/ThirdParty/ASL/solvers) by extensions ['python_setup_py']
[0.101s] Level 1:colcon.colcon_core.package_identification:_identify(external/ipopt/coinbrew/ThirdParty/ASL/solvers) by extension 'python_setup_py'
[0.101s] Level 1:colcon.colcon_core.package_identification:_identify(external/ipopt/coinbrew/ThirdParty/HSL) by extensions ['ignore', 'ignore_ament_install']
[0.101s] Level 1:colcon.colcon_core.package_identification:_identify(external/ipopt/coinbrew/ThirdParty/HSL) by extension 'ignore'
[0.101s] Level 1:colcon.colcon_core.package_identification:_identify(external/ipopt/coinbrew/ThirdParty/HSL) by extension 'ignore_ament_install'
[0.101s] Level 1:colcon.colcon_core.package_identification:_identify(external/ipopt/coinbrew/ThirdParty/HSL) by extensions ['colcon_pkg']
[0.101s] Level 1:colcon.colcon_core.package_identification:_identify(external/ipopt/coinbrew/ThirdParty/HSL) by extension 'colcon_pkg'
[0.101s] Level 1:colcon.colcon_core.package_identification:_identify(external/ipopt/coinbrew/ThirdParty/HSL) by extensions ['colcon_meta']
[0.101s] Level 1:colcon.colcon_core.package_identification:_identify(external/ipopt/coinbrew/ThirdParty/HSL) by extension 'colcon_meta'
[0.101s] Level 1:colcon.colcon_core.package_identification:_identify(external/ipopt/coinbrew/ThirdParty/HSL) by extensions ['ros']
[0.101s] Level 1:colcon.colcon_core.package_identification:_identify(external/ipopt/coinbrew/ThirdParty/HSL) by extension 'ros'
[0.101s] Level 1:colcon.colcon_core.package_identification:_identify(external/ipopt/coinbrew/ThirdParty/HSL) by extensions ['cmake', 'python']
[0.101s] Level 1:colcon.colcon_core.package_identification:_identify(external/ipopt/coinbrew/ThirdParty/HSL) by extension 'cmake'
[0.101s] Level 1:colcon.colcon_core.package_identification:_identify(external/ipopt/coinbrew/ThirdParty/HSL) by extension 'python'
[0.101s] Level 1:colcon.colcon_core.package_identification:_identify(external/ipopt/coinbrew/ThirdParty/HSL) by extensions ['python_setup_py']
[0.101s] Level 1:colcon.colcon_core.package_identification:_identify(external/ipopt/coinbrew/ThirdParty/HSL) by extension 'python_setup_py'
[0.101s] Level 1:colcon.colcon_core.package_identification:_identify(external/ipopt/coinbrew/ThirdParty/HSL/coinhsl) by extensions ['ignore', 'ignore_ament_install']
[0.101s] Level 1:colcon.colcon_core.package_identification:_identify(external/ipopt/coinbrew/ThirdParty/HSL/coinhsl) by extension 'ignore'
[0.101s] Level 1:colcon.colcon_core.package_identification:_identify(external/ipopt/coinbrew/ThirdParty/HSL/coinhsl) by extension 'ignore_ament_install'
[0.101s] Level 1:colcon.colcon_core.package_identification:_identify(external/ipopt/coinbrew/ThirdParty/HSL/coinhsl) by extensions ['colcon_pkg']
[0.101s] Level 1:colcon.colcon_core.package_identification:_identify(external/ipopt/coinbrew/ThirdParty/HSL/coinhsl) by extension 'colcon_pkg'
[0.101s] Level 1:colcon.colcon_core.package_identification:_identify(external/ipopt/coinbrew/ThirdParty/HSL/coinhsl) by extensions ['colcon_meta']
[0.101s] Level 1:colcon.colcon_core.package_identification:_identify(external/ipopt/coinbrew/ThirdParty/HSL/coinhsl) by extension 'colcon_meta'
[0.101s] Level 1:colcon.colcon_core.package_identification:_identify(external/ipopt/coinbrew/ThirdParty/HSL/coinhsl) by extensions ['ros']
[0.101s] Level 1:colcon.colcon_core.package_identification:_identify(external/ipopt/coinbrew/ThirdParty/HSL/coinhsl) by extension 'ros'
[0.101s] Level 1:colcon.colcon_core.package_identification:_identify(external/ipopt/coinbrew/ThirdParty/HSL/coinhsl) by extensions ['cmake', 'python']
[0.101s] Level 1:colcon.colcon_core.package_identification:_identify(external/ipopt/coinbrew/ThirdParty/HSL/coinhsl) by extension 'cmake'
[0.101s] Level 1:colcon.colcon_core.package_identification:_identify(external/ipopt/coinbrew/ThirdParty/HSL/coinhsl) by extension 'python'
[0.101s] Level 1:colcon.colcon_core.package_identification:_identify(external/ipopt/coinbrew/ThirdParty/HSL/coinhsl) by extensions ['python_setup_py']
[0.101s] Level 1:colcon.colcon_core.package_identification:_identify(external/ipopt/coinbrew/ThirdParty/HSL/coinhsl) by extension 'python_setup_py'
[0.101s] Level 1:colcon.colcon_core.package_identification:_identify(external/ipopt/coinbrew/ThirdParty/HSL/coinhsl/autom4te.cache) by extensions ['ignore', 'ignore_ament_install']
[0.101s] Level 1:colcon.colcon_core.package_identification:_identify(external/ipopt/coinbrew/ThirdParty/HSL/coinhsl/autom4te.cache) by extension 'ignore'
[0.101s] Level 1:colcon.colcon_core.package_identification:_identify(external/ipopt/coinbrew/ThirdParty/HSL/coinhsl/autom4te.cache) by extension 'ignore_ament_install'
[0.101s] Level 1:colcon.colcon_core.package_identification:_identify(external/ipopt/coinbrew/ThirdParty/HSL/coinhsl/autom4te.cache) by extensions ['colcon_pkg']
[0.101s] Level 1:colcon.colcon_core.package_identification:_identify(external/ipopt/coinbrew/ThirdParty/HSL/coinhsl/autom4te.cache) by extension 'colcon_pkg'
[0.101s] Level 1:colcon.colcon_core.package_identification:_identify(external/ipopt/coinbrew/ThirdParty/HSL/coinhsl/autom4te.cache) by extensions ['colcon_meta']
[0.101s] Level 1:colcon.colcon_core.package_identification:_identify(external/ipopt/coinbrew/ThirdParty/HSL/coinhsl/autom4te.cache) by extension 'colcon_meta'
[0.101s] Level 1:colcon.colcon_core.package_identification:_identify(external/ipopt/coinbrew/ThirdParty/HSL/coinhsl/autom4te.cache) by extensions ['ros']
[0.101s] Level 1:colcon.colcon_core.package_identification:_identify(external/ipopt/coinbrew/ThirdParty/HSL/coinhsl/autom4te.cache) by extension 'ros'
[0.101s] Level 1:colcon.colcon_core.package_identification:_identify(external/ipopt/coinbrew/ThirdParty/HSL/coinhsl/autom4te.cache) by extensions ['cmake', 'python']
[0.101s] Level 1:colcon.colcon_core.package_identification:_identify(external/ipopt/coinbrew/ThirdParty/HSL/coinhsl/autom4te.cache) by extension 'cmake'
[0.101s] Level 1:colcon.colcon_core.package_identification:_identify(external/ipopt/coinbrew/ThirdParty/HSL/coinhsl/autom4te.cache) by extension 'python'
[0.101s] Level 1:colcon.colcon_core.package_identification:_identify(external/ipopt/coinbrew/ThirdParty/HSL/coinhsl/autom4te.cache) by extensions ['python_setup_py']
[0.101s] Level 1:colcon.colcon_core.package_identification:_identify(external/ipopt/coinbrew/ThirdParty/HSL/coinhsl/autom4te.cache) by extension 'python_setup_py'
[0.101s] Level 1:colcon.colcon_core.package_identification:_identify(external/ipopt/coinbrew/ThirdParty/HSL/coinhsl/common) by extensions ['ignore', 'ignore_ament_install']
[0.101s] Level 1:colcon.colcon_core.package_identification:_identify(external/ipopt/coinbrew/ThirdParty/HSL/coinhsl/common) by extension 'ignore'
[0.101s] Level 1:colcon.colcon_core.package_identification:_identify(external/ipopt/coinbrew/ThirdParty/HSL/coinhsl/common) by extension 'ignore_ament_install'
[0.101s] Level 1:colcon.colcon_core.package_identification:_identify(external/ipopt/coinbrew/ThirdParty/HSL/coinhsl/common) by extensions ['colcon_pkg']
[0.101s] Level 1:colcon.colcon_core.package_identification:_identify(external/ipopt/coinbrew/ThirdParty/HSL/coinhsl/common) by extension 'colcon_pkg'
[0.101s] Level 1:colcon.colcon_core.package_identification:_identify(external/ipopt/coinbrew/ThirdParty/HSL/coinhsl/common) by extensions ['colcon_meta']
[0.101s] Level 1:colcon.colcon_core.package_identification:_identify(external/ipopt/coinbrew/ThirdParty/HSL/coinhsl/common) by extension 'colcon_meta'
[0.101s] Level 1:colcon.colcon_core.package_identification:_identify(external/ipopt/coinbrew/ThirdParty/HSL/coinhsl/common) by extensions ['ros']
[0.101s] Level 1:colcon.colcon_core.package_identification:_identify(external/ipopt/coinbrew/ThirdParty/HSL/coinhsl/common) by extension 'ros'
[0.102s] Level 1:colcon.colcon_core.package_identification:_identify(external/ipopt/coinbrew/ThirdParty/HSL/coinhsl/common) by extensions ['cmake', 'python']
[0.102s] Level 1:colcon.colcon_core.package_identification:_identify(external/ipopt/coinbrew/ThirdParty/HSL/coinhsl/common) by extension 'cmake'
[0.102s] Level 1:colcon.colcon_core.package_identification:_identify(external/ipopt/coinbrew/ThirdParty/HSL/coinhsl/common) by extension 'python'
[0.102s] Level 1:colcon.colcon_core.package_identification:_identify(external/ipopt/coinbrew/ThirdParty/HSL/coinhsl/common) by extensions ['python_setup_py']
[0.102s] Level 1:colcon.colcon_core.package_identification:_identify(external/ipopt/coinbrew/ThirdParty/HSL/coinhsl/common) by extension 'python_setup_py'
[0.102s] Level 1:colcon.colcon_core.package_identification:_identify(external/ipopt/coinbrew/ThirdParty/HSL/coinhsl/loadmetis) by extensions ['ignore', 'ignore_ament_install']
[0.102s] Level 1:colcon.colcon_core.package_identification:_identify(external/ipopt/coinbrew/ThirdParty/HSL/coinhsl/loadmetis) by extension 'ignore'
[0.102s] Level 1:colcon.colcon_core.package_identification:_identify(external/ipopt/coinbrew/ThirdParty/HSL/coinhsl/loadmetis) by extension 'ignore_ament_install'
[0.102s] Level 1:colcon.colcon_core.package_identification:_identify(external/ipopt/coinbrew/ThirdParty/HSL/coinhsl/loadmetis) by extensions ['colcon_pkg']
[0.102s] Level 1:colcon.colcon_core.package_identification:_identify(external/ipopt/coinbrew/ThirdParty/HSL/coinhsl/loadmetis) by extension 'colcon_pkg'
[0.102s] Level 1:colcon.colcon_core.package_identification:_identify(external/ipopt/coinbrew/ThirdParty/HSL/coinhsl/loadmetis) by extensions ['colcon_meta']
[0.102s] Level 1:colcon.colcon_core.package_identification:_identify(external/ipopt/coinbrew/ThirdParty/HSL/coinhsl/loadmetis) by extension 'colcon_meta'
[0.102s] Level 1:colcon.colcon_core.package_identification:_identify(external/ipopt/coinbrew/ThirdParty/HSL/coinhsl/loadmetis) by extensions ['ros']
[0.102s] Level 1:colcon.colcon_core.package_identification:_identify(external/ipopt/coinbrew/ThirdParty/HSL/coinhsl/loadmetis) by extension 'ros'
[0.102s] Level 1:colcon.colcon_core.package_identification:_identify(external/ipopt/coinbrew/ThirdParty/HSL/coinhsl/loadmetis) by extensions ['cmake', 'python']
[0.102s] Level 1:colcon.colcon_core.package_identification:_identify(external/ipopt/coinbrew/ThirdParty/HSL/coinhsl/loadmetis) by extension 'cmake'
[0.102s] Level 1:colcon.colcon_core.package_identification:_identify(external/ipopt/coinbrew/ThirdParty/HSL/coinhsl/loadmetis) by extension 'python'
[0.102s] Level 1:colcon.colcon_core.package_identification:_identify(external/ipopt/coinbrew/ThirdParty/HSL/coinhsl/loadmetis) by extensions ['python_setup_py']
[0.102s] Level 1:colcon.colcon_core.package_identification:_identify(external/ipopt/coinbrew/ThirdParty/HSL/coinhsl/loadmetis) by extension 'python_setup_py'
[0.102s] Level 1:colcon.colcon_core.package_identification:_identify(external/ipopt/coinbrew/ThirdParty/HSL/coinhsl/m4) by extensions ['ignore', 'ignore_ament_install']
[0.102s] Level 1:colcon.colcon_core.package_identification:_identify(external/ipopt/coinbrew/ThirdParty/HSL/coinhsl/m4) by extension 'ignore'
[0.102s] Level 1:colcon.colcon_core.package_identification:_identify(external/ipopt/coinbrew/ThirdParty/HSL/coinhsl/m4) by extension 'ignore_ament_install'
[0.102s] Level 1:colcon.colcon_core.package_identification:_identify(external/ipopt/coinbrew/ThirdParty/HSL/coinhsl/m4) by extensions ['colcon_pkg']
[0.102s] Level 1:colcon.colcon_core.package_identification:_identify(external/ipopt/coinbrew/ThirdParty/HSL/coinhsl/m4) by extension 'colcon_pkg'
[0.102s] Level 1:colcon.colcon_core.package_identification:_identify(external/ipopt/coinbrew/ThirdParty/HSL/coinhsl/m4) by extensions ['colcon_meta']
[0.102s] Level 1:colcon.colcon_core.package_identification:_identify(external/ipopt/coinbrew/ThirdParty/HSL/coinhsl/m4) by extension 'colcon_meta'
[0.102s] Level 1:colcon.colcon_core.package_identification:_identify(external/ipopt/coinbrew/ThirdParty/HSL/coinhsl/m4) by extensions ['ros']
[0.102s] Level 1:colcon.colcon_core.package_identification:_identify(external/ipopt/coinbrew/ThirdParty/HSL/coinhsl/m4) by extension 'ros'
[0.102s] Level 1:colcon.colcon_core.package_identification:_identify(external/ipopt/coinbrew/ThirdParty/HSL/coinhsl/m4) by extensions ['cmake', 'python']
[0.102s] Level 1:colcon.colcon_core.package_identification:_identify(external/ipopt/coinbrew/ThirdParty/HSL/coinhsl/m4) by extension 'cmake'
[0.102s] Level 1:colcon.colcon_core.package_identification:_identify(external/ipopt/coinbrew/ThirdParty/HSL/coinhsl/m4) by extension 'python'
[0.102s] Level 1:colcon.colcon_core.package_identification:_identify(external/ipopt/coinbrew/ThirdParty/HSL/coinhsl/m4) by extensions ['python_setup_py']
[0.102s] Level 1:colcon.colcon_core.package_identification:_identify(external/ipopt/coinbrew/ThirdParty/HSL/coinhsl/m4) by extension 'python_setup_py'
[0.102s] Level 1:colcon.colcon_core.package_identification:_identify(external/ipopt/coinbrew/ThirdParty/HSL/coinhsl/ma27) by extensions ['ignore', 'ignore_ament_install']
[0.102s] Level 1:colcon.colcon_core.package_identification:_identify(external/ipopt/coinbrew/ThirdParty/HSL/coinhsl/ma27) by extension 'ignore'
[0.102s] Level 1:colcon.colcon_core.package_identification:_identify(external/ipopt/coinbrew/ThirdParty/HSL/coinhsl/ma27) by extension 'ignore_ament_install'
[0.102s] Level 1:colcon.colcon_core.package_identification:_identify(external/ipopt/coinbrew/ThirdParty/HSL/coinhsl/ma27) by extensions ['colcon_pkg']
[0.102s] Level 1:colcon.colcon_core.package_identification:_identify(external/ipopt/coinbrew/ThirdParty/HSL/coinhsl/ma27) by extension 'colcon_pkg'
[0.102s] Level 1:colcon.colcon_core.package_identification:_identify(external/ipopt/coinbrew/ThirdParty/HSL/coinhsl/ma27) by extensions ['colcon_meta']
[0.102s] Level 1:colcon.colcon_core.package_identification:_identify(external/ipopt/coinbrew/ThirdParty/HSL/coinhsl/ma27) by extension 'colcon_meta'
[0.102s] Level 1:colcon.colcon_core.package_identification:_identify(external/ipopt/coinbrew/ThirdParty/HSL/coinhsl/ma27) by extensions ['ros']
[0.102s] Level 1:colcon.colcon_core.package_identification:_identify(external/ipopt/coinbrew/ThirdParty/HSL/coinhsl/ma27) by extension 'ros'
[0.102s] Level 1:colcon.colcon_core.package_identification:_identify(external/ipopt/coinbrew/ThirdParty/HSL/coinhsl/ma27) by extensions ['cmake', 'python']
[0.102s] Level 1:colcon.colcon_core.package_identification:_identify(external/ipopt/coinbrew/ThirdParty/HSL/coinhsl/ma27) by extension 'cmake'
[0.102s] Level 1:colcon.colcon_core.package_identification:_identify(external/ipopt/coinbrew/ThirdParty/HSL/coinhsl/ma27) by extension 'python'
[0.102s] Level 1:colcon.colcon_core.package_identification:_identify(external/ipopt/coinbrew/ThirdParty/HSL/coinhsl/ma27) by extensions ['python_setup_py']
[0.102s] Level 1:colcon.colcon_core.package_identification:_identify(external/ipopt/coinbrew/ThirdParty/HSL/coinhsl/ma27) by extension 'python_setup_py'
[0.102s] Level 1:colcon.colcon_core.package_identification:_identify(external/ipopt/coinbrew/ThirdParty/HSL/coinhsl/ma28) by extensions ['ignore', 'ignore_ament_install']
[0.102s] Level 1:colcon.colcon_core.package_identification:_identify(external/ipopt/coinbrew/ThirdParty/HSL/coinhsl/ma28) by extension 'ignore'
[0.102s] Level 1:colcon.colcon_core.package_identification:_identify(external/ipopt/coinbrew/ThirdParty/HSL/coinhsl/ma28) by extension 'ignore_ament_install'
[0.102s] Level 1:colcon.colcon_core.package_identification:_identify(external/ipopt/coinbrew/ThirdParty/HSL/coinhsl/ma28) by extensions ['colcon_pkg']
[0.102s] Level 1:colcon.colcon_core.package_identification:_identify(external/ipopt/coinbrew/ThirdParty/HSL/coinhsl/ma28) by extension 'colcon_pkg'
[0.102s] Level 1:colcon.colcon_core.package_identification:_identify(external/ipopt/coinbrew/ThirdParty/HSL/coinhsl/ma28) by extensions ['colcon_meta']
[0.102s] Level 1:colcon.colcon_core.package_identification:_identify(external/ipopt/coinbrew/ThirdParty/HSL/coinhsl/ma28) by extension 'colcon_meta'
[0.102s] Level 1:colcon.colcon_core.package_identification:_identify(external/ipopt/coinbrew/ThirdParty/HSL/coinhsl/ma28) by extensions ['ros']
[0.102s] Level 1:colcon.colcon_core.package_identification:_identify(external/ipopt/coinbrew/ThirdParty/HSL/coinhsl/ma28) by extension 'ros'
[0.102s] Level 1:colcon.colcon_core.package_identification:_identify(external/ipopt/coinbrew/ThirdParty/HSL/coinhsl/ma28) by extensions ['cmake', 'python']
[0.102s] Level 1:colcon.colcon_core.package_identification:_identify(external/ipopt/coinbrew/ThirdParty/HSL/coinhsl/ma28) by extension 'cmake'
[0.102s] Level 1:colcon.colcon_core.package_identification:_identify(external/ipopt/coinbrew/ThirdParty/HSL/coinhsl/ma28) by extension 'python'
[0.102s] Level 1:colcon.colcon_core.package_identification:_identify(external/ipopt/coinbrew/ThirdParty/HSL/coinhsl/ma28) by extensions ['python_setup_py']
[0.102s] Level 1:colcon.colcon_core.package_identification:_identify(external/ipopt/coinbrew/ThirdParty/HSL/coinhsl/ma28) by extension 'python_setup_py'
[0.102s] Level 1:colcon.colcon_core.package_identification:_identify(external/ipopt/coinbrew/ThirdParty/HSL/coinhsl/mc19) by extensions ['ignore', 'ignore_ament_install']
[0.102s] Level 1:colcon.colcon_core.package_identification:_identify(external/ipopt/coinbrew/ThirdParty/HSL/coinhsl/mc19) by extension 'ignore'
[0.103s] Level 1:colcon.colcon_core.package_identification:_identify(external/ipopt/coinbrew/ThirdParty/HSL/coinhsl/mc19) by extension 'ignore_ament_install'
[0.103s] Level 1:colcon.colcon_core.package_identification:_identify(external/ipopt/coinbrew/ThirdParty/HSL/coinhsl/mc19) by extensions ['colcon_pkg']
[0.103s] Level 1:colcon.colcon_core.package_identification:_identify(external/ipopt/coinbrew/ThirdParty/HSL/coinhsl/mc19) by extension 'colcon_pkg'
[0.103s] Level 1:colcon.colcon_core.package_identification:_identify(external/ipopt/coinbrew/ThirdParty/HSL/coinhsl/mc19) by extensions ['colcon_meta']
[0.103s] Level 1:colcon.colcon_core.package_identification:_identify(external/ipopt/coinbrew/ThirdParty/HSL/coinhsl/mc19) by extension 'colcon_meta'
[0.103s] Level 1:colcon.colcon_core.package_identification:_identify(external/ipopt/coinbrew/ThirdParty/HSL/coinhsl/mc19) by extensions ['ros']
[0.103s] Level 1:colcon.colcon_core.package_identification:_identify(external/ipopt/coinbrew/ThirdParty/HSL/coinhsl/mc19) by extension 'ros'
[0.103s] Level 1:colcon.colcon_core.package_identification:_identify(external/ipopt/coinbrew/ThirdParty/HSL/coinhsl/mc19) by extensions ['cmake', 'python']
[0.103s] Level 1:colcon.colcon_core.package_identification:_identify(external/ipopt/coinbrew/ThirdParty/HSL/coinhsl/mc19) by extension 'cmake'
[0.103s] Level 1:colcon.colcon_core.package_identification:_identify(external/ipopt/coinbrew/ThirdParty/HSL/coinhsl/mc19) by extension 'python'
[0.103s] Level 1:colcon.colcon_core.package_identification:_identify(external/ipopt/coinbrew/ThirdParty/HSL/coinhsl/mc19) by extensions ['python_setup_py']
[0.103s] Level 1:colcon.colcon_core.package_identification:_identify(external/ipopt/coinbrew/ThirdParty/HSL/coinhsl/mc19) by extension 'python_setup_py'
[0.103s] Level 1:colcon.colcon_core.package_identification:_identify(external/ipopt/coinbrew/ThirdParty/Mumps) by extensions ['ignore', 'ignore_ament_install']
[0.103s] Level 1:colcon.colcon_core.package_identification:_identify(external/ipopt/coinbrew/ThirdParty/Mumps) by extension 'ignore'
[0.103s] Level 1:colcon.colcon_core.package_identification:_identify(external/ipopt/coinbrew/ThirdParty/Mumps) by extension 'ignore_ament_install'
[0.103s] Level 1:colcon.colcon_core.package_identification:_identify(external/ipopt/coinbrew/ThirdParty/Mumps) by extensions ['colcon_pkg']
[0.103s] Level 1:colcon.colcon_core.package_identification:_identify(external/ipopt/coinbrew/ThirdParty/Mumps) by extension 'colcon_pkg'
[0.103s] Level 1:colcon.colcon_core.package_identification:_identify(external/ipopt/coinbrew/ThirdParty/Mumps) by extensions ['colcon_meta']
[0.103s] Level 1:colcon.colcon_core.package_identification:_identify(external/ipopt/coinbrew/ThirdParty/Mumps) by extension 'colcon_meta'
[0.103s] Level 1:colcon.colcon_core.package_identification:_identify(external/ipopt/coinbrew/ThirdParty/Mumps) by extensions ['ros']
[0.103s] Level 1:colcon.colcon_core.package_identification:_identify(external/ipopt/coinbrew/ThirdParty/Mumps) by extension 'ros'
[0.103s] Level 1:colcon.colcon_core.package_identification:_identify(external/ipopt/coinbrew/ThirdParty/Mumps) by extensions ['cmake', 'python']
[0.103s] Level 1:colcon.colcon_core.package_identification:_identify(external/ipopt/coinbrew/ThirdParty/Mumps) by extension 'cmake'
[0.103s] Level 1:colcon.colcon_core.package_identification:_identify(external/ipopt/coinbrew/ThirdParty/Mumps) by extension 'python'
[0.103s] Level 1:colcon.colcon_core.package_identification:_identify(external/ipopt/coinbrew/ThirdParty/Mumps) by extensions ['python_setup_py']
[0.103s] Level 1:colcon.colcon_core.package_identification:_identify(external/ipopt/coinbrew/ThirdParty/Mumps) by extension 'python_setup_py'
[0.103s] Level 1:colcon.colcon_core.package_identification:_identify(external/ipopt/coinbrew/ThirdParty/Mumps/MUMPS) by extensions ['ignore', 'ignore_ament_install']
[0.103s] Level 1:colcon.colcon_core.package_identification:_identify(external/ipopt/coinbrew/ThirdParty/Mumps/MUMPS) by extension 'ignore'
[0.103s] Level 1:colcon.colcon_core.package_identification:_identify(external/ipopt/coinbrew/ThirdParty/Mumps/MUMPS) by extension 'ignore_ament_install'
[0.103s] Level 1:colcon.colcon_core.package_identification:_identify(external/ipopt/coinbrew/ThirdParty/Mumps/MUMPS) by extensions ['colcon_pkg']
[0.103s] Level 1:colcon.colcon_core.package_identification:_identify(external/ipopt/coinbrew/ThirdParty/Mumps/MUMPS) by extension 'colcon_pkg'
[0.103s] Level 1:colcon.colcon_core.package_identification:_identify(external/ipopt/coinbrew/ThirdParty/Mumps/MUMPS) by extensions ['colcon_meta']
[0.103s] Level 1:colcon.colcon_core.package_identification:_identify(external/ipopt/coinbrew/ThirdParty/Mumps/MUMPS) by extension 'colcon_meta'
[0.103s] Level 1:colcon.colcon_core.package_identification:_identify(external/ipopt/coinbrew/ThirdParty/Mumps/MUMPS) by extensions ['ros']
[0.103s] Level 1:colcon.colcon_core.package_identification:_identify(external/ipopt/coinbrew/ThirdParty/Mumps/MUMPS) by extension 'ros'
[0.103s] Level 1:colcon.colcon_core.package_identification:_identify(external/ipopt/coinbrew/ThirdParty/Mumps/MUMPS) by extensions ['cmake', 'python']
[0.103s] Level 1:colcon.colcon_core.package_identification:_identify(external/ipopt/coinbrew/ThirdParty/Mumps/MUMPS) by extension 'cmake'
[0.103s] Level 1:colcon.colcon_core.package_identification:_identify(external/ipopt/coinbrew/ThirdParty/Mumps/MUMPS) by extension 'python'
[0.103s] Level 1:colcon.colcon_core.package_identification:_identify(external/ipopt/coinbrew/ThirdParty/Mumps/MUMPS) by extensions ['python_setup_py']
[0.103s] Level 1:colcon.colcon_core.package_identification:_identify(external/ipopt/coinbrew/ThirdParty/Mumps/MUMPS) by extension 'python_setup_py'
[0.103s] Level 1:colcon.colcon_core.package_identification:_identify(external/ipopt/coinbrew/ThirdParty/Mumps/MUMPS/MATLAB) by extensions ['ignore', 'ignore_ament_install']
[0.103s] Level 1:colcon.colcon_core.package_identification:_identify(external/ipopt/coinbrew/ThirdParty/Mumps/MUMPS/MATLAB) by extension 'ignore'
[0.103s] Level 1:colcon.colcon_core.package_identification:_identify(external/ipopt/coinbrew/ThirdParty/Mumps/MUMPS/MATLAB) by extension 'ignore_ament_install'
[0.103s] Level 1:colcon.colcon_core.package_identification:_identify(external/ipopt/coinbrew/ThirdParty/Mumps/MUMPS/MATLAB) by extensions ['colcon_pkg']
[0.103s] Level 1:colcon.colcon_core.package_identification:_identify(external/ipopt/coinbrew/ThirdParty/Mumps/MUMPS/MATLAB) by extension 'colcon_pkg'
[0.103s] Level 1:colcon.colcon_core.package_identification:_identify(external/ipopt/coinbrew/ThirdParty/Mumps/MUMPS/MATLAB) by extensions ['colcon_meta']
[0.103s] Level 1:colcon.colcon_core.package_identification:_identify(external/ipopt/coinbrew/ThirdParty/Mumps/MUMPS/MATLAB) by extension 'colcon_meta'
[0.103s] Level 1:colcon.colcon_core.package_identification:_identify(external/ipopt/coinbrew/ThirdParty/Mumps/MUMPS/MATLAB) by extensions ['ros']
[0.103s] Level 1:colcon.colcon_core.package_identification:_identify(external/ipopt/coinbrew/ThirdParty/Mumps/MUMPS/MATLAB) by extension 'ros'
[0.103s] Level 1:colcon.colcon_core.package_identification:_identify(external/ipopt/coinbrew/ThirdParty/Mumps/MUMPS/MATLAB) by extensions ['cmake', 'python']
[0.103s] Level 1:colcon.colcon_core.package_identification:_identify(external/ipopt/coinbrew/ThirdParty/Mumps/MUMPS/MATLAB) by extension 'cmake'
[0.103s] Level 1:colcon.colcon_core.package_identification:_identify(external/ipopt/coinbrew/ThirdParty/Mumps/MUMPS/MATLAB) by extension 'python'
[0.103s] Level 1:colcon.colcon_core.package_identification:_identify(external/ipopt/coinbrew/ThirdParty/Mumps/MUMPS/MATLAB) by extensions ['python_setup_py']
[0.103s] Level 1:colcon.colcon_core.package_identification:_identify(external/ipopt/coinbrew/ThirdParty/Mumps/MUMPS/MATLAB) by extension 'python_setup_py'
[0.103s] Level 1:colcon.colcon_core.package_identification:_identify(external/ipopt/coinbrew/ThirdParty/Mumps/MUMPS/Make.inc) by extensions ['ignore', 'ignore_ament_install']
[0.103s] Level 1:colcon.colcon_core.package_identification:_identify(external/ipopt/coinbrew/ThirdParty/Mumps/MUMPS/Make.inc) by extension 'ignore'
[0.103s] Level 1:colcon.colcon_core.package_identification:_identify(external/ipopt/coinbrew/ThirdParty/Mumps/MUMPS/Make.inc) by extension 'ignore_ament_install'
[0.103s] Level 1:colcon.colcon_core.package_identification:_identify(external/ipopt/coinbrew/ThirdParty/Mumps/MUMPS/Make.inc) by extensions ['colcon_pkg']
[0.103s] Level 1:colcon.colcon_core.package_identification:_identify(external/ipopt/coinbrew/ThirdParty/Mumps/MUMPS/Make.inc) by extension 'colcon_pkg'
[0.103s] Level 1:colcon.colcon_core.package_identification:_identify(external/ipopt/coinbrew/ThirdParty/Mumps/MUMPS/Make.inc) by extensions ['colcon_meta']
[0.103s] Level 1:colcon.colcon_core.package_identification:_identify(external/ipopt/coinbrew/ThirdParty/Mumps/MUMPS/Make.inc) by extension 'colcon_meta'
[0.103s] Level 1:colcon.colcon_core.package_identification:_identify(external/ipopt/coinbrew/ThirdParty/Mumps/MUMPS/Make.inc) by extensions ['ros']
[0.103s] Level 1:colcon.colcon_core.package_identification:_identify(external/ipopt/coinbrew/ThirdParty/Mumps/MUMPS/Make.inc) by extension 'ros'
[0.103s] Level 1:colcon.colcon_core.package_identification:_identify(external/ipopt/coinbrew/ThirdParty/Mumps/MUMPS/Make.inc) by extensions ['cmake', 'python']
[0.103s] Level 1:colcon.colcon_core.package_identification:_identify(external/ipopt/coinbrew/ThirdParty/Mumps/MUMPS/Make.inc) by extension 'cmake'
[0.103s] Level 1:colcon.colcon_core.package_identification:_identify(external/ipopt/coinbrew/ThirdParty/Mumps/MUMPS/Make.inc) by extension 'python'
[0.104s] Level 1:colcon.colcon_core.package_identification:_identify(external/ipopt/coinbrew/ThirdParty/Mumps/MUMPS/Make.inc) by extensions ['python_setup_py']
[0.104s] Level 1:colcon.colcon_core.package_identification:_identify(external/ipopt/coinbrew/ThirdParty/Mumps/MUMPS/Make.inc) by extension 'python_setup_py'
[0.104s] Level 1:colcon.colcon_core.package_identification:_identify(external/ipopt/coinbrew/ThirdParty/Mumps/MUMPS/PORD) by extensions ['ignore', 'ignore_ament_install']
[0.104s] Level 1:colcon.colcon_core.package_identification:_identify(external/ipopt/coinbrew/ThirdParty/Mumps/MUMPS/PORD) by extension 'ignore'
[0.104s] Level 1:colcon.colcon_core.package_identification:_identify(external/ipopt/coinbrew/ThirdParty/Mumps/MUMPS/PORD) by extension 'ignore_ament_install'
[0.104s] Level 1:colcon.colcon_core.package_identification:_identify(external/ipopt/coinbrew/ThirdParty/Mumps/MUMPS/PORD) by extensions ['colcon_pkg']
[0.104s] Level 1:colcon.colcon_core.package_identification:_identify(external/ipopt/coinbrew/ThirdParty/Mumps/MUMPS/PORD) by extension 'colcon_pkg'
[0.104s] Level 1:colcon.colcon_core.package_identification:_identify(external/ipopt/coinbrew/ThirdParty/Mumps/MUMPS/PORD) by extensions ['colcon_meta']
[0.104s] Level 1:colcon.colcon_core.package_identification:_identify(external/ipopt/coinbrew/ThirdParty/Mumps/MUMPS/PORD) by extension 'colcon_meta'
[0.104s] Level 1:colcon.colcon_core.package_identification:_identify(external/ipopt/coinbrew/ThirdParty/Mumps/MUMPS/PORD) by extensions ['ros']
[0.104s] Level 1:colcon.colcon_core.package_identification:_identify(external/ipopt/coinbrew/ThirdParty/Mumps/MUMPS/PORD) by extension 'ros'
[0.104s] Level 1:colcon.colcon_core.package_identification:_identify(external/ipopt/coinbrew/ThirdParty/Mumps/MUMPS/PORD) by extensions ['cmake', 'python']
[0.104s] Level 1:colcon.colcon_core.package_identification:_identify(external/ipopt/coinbrew/ThirdParty/Mumps/MUMPS/PORD) by extension 'cmake'
[0.104s] Level 1:colcon.colcon_core.package_identification:_identify(external/ipopt/coinbrew/ThirdParty/Mumps/MUMPS/PORD) by extension 'python'
[0.104s] Level 1:colcon.colcon_core.package_identification:_identify(external/ipopt/coinbrew/ThirdParty/Mumps/MUMPS/PORD) by extensions ['python_setup_py']
[0.104s] Level 1:colcon.colcon_core.package_identification:_identify(external/ipopt/coinbrew/ThirdParty/Mumps/MUMPS/PORD) by extension 'python_setup_py'
[0.104s] Level 1:colcon.colcon_core.package_identification:_identify(external/ipopt/coinbrew/ThirdParty/Mumps/MUMPS/PORD/include) by extensions ['ignore', 'ignore_ament_install']
[0.104s] Level 1:colcon.colcon_core.package_identification:_identify(external/ipopt/coinbrew/ThirdParty/Mumps/MUMPS/PORD/include) by extension 'ignore'
[0.104s] Level 1:colcon.colcon_core.package_identification:_identify(external/ipopt/coinbrew/ThirdParty/Mumps/MUMPS/PORD/include) by extension 'ignore_ament_install'
[0.104s] Level 1:colcon.colcon_core.package_identification:_identify(external/ipopt/coinbrew/ThirdParty/Mumps/MUMPS/PORD/include) by extensions ['colcon_pkg']
[0.104s] Level 1:colcon.colcon_core.package_identification:_identify(external/ipopt/coinbrew/ThirdParty/Mumps/MUMPS/PORD/include) by extension 'colcon_pkg'
[0.104s] Level 1:colcon.colcon_core.package_identification:_identify(external/ipopt/coinbrew/ThirdParty/Mumps/MUMPS/PORD/include) by extensions ['colcon_meta']
[0.104s] Level 1:colcon.colcon_core.package_identification:_identify(external/ipopt/coinbrew/ThirdParty/Mumps/MUMPS/PORD/include) by extension 'colcon_meta'
[0.104s] Level 1:colcon.colcon_core.package_identification:_identify(external/ipopt/coinbrew/ThirdParty/Mumps/MUMPS/PORD/include) by extensions ['ros']
[0.104s] Level 1:colcon.colcon_core.package_identification:_identify(external/ipopt/coinbrew/ThirdParty/Mumps/MUMPS/PORD/include) by extension 'ros'
[0.104s] Level 1:colcon.colcon_core.package_identification:_identify(external/ipopt/coinbrew/ThirdParty/Mumps/MUMPS/PORD/include) by extensions ['cmake', 'python']
[0.104s] Level 1:colcon.colcon_core.package_identification:_identify(external/ipopt/coinbrew/ThirdParty/Mumps/MUMPS/PORD/include) by extension 'cmake'
[0.104s] Level 1:colcon.colcon_core.package_identification:_identify(external/ipopt/coinbrew/ThirdParty/Mumps/MUMPS/PORD/include) by extension 'python'
[0.104s] Level 1:colcon.colcon_core.package_identification:_identify(external/ipopt/coinbrew/ThirdParty/Mumps/MUMPS/PORD/include) by extensions ['python_setup_py']
[0.104s] Level 1:colcon.colcon_core.package_identification:_identify(external/ipopt/coinbrew/ThirdParty/Mumps/MUMPS/PORD/include) by extension 'python_setup_py'
[0.104s] Level 1:colcon.colcon_core.package_identification:_identify(external/ipopt/coinbrew/ThirdParty/Mumps/MUMPS/PORD/lib) by extensions ['ignore', 'ignore_ament_install']
[0.104s] Level 1:colcon.colcon_core.package_identification:_identify(external/ipopt/coinbrew/ThirdParty/Mumps/MUMPS/PORD/lib) by extension 'ignore'
[0.104s] Level 1:colcon.colcon_core.package_identification:_identify(external/ipopt/coinbrew/ThirdParty/Mumps/MUMPS/PORD/lib) by extension 'ignore_ament_install'
[0.104s] Level 1:colcon.colcon_core.package_identification:_identify(external/ipopt/coinbrew/ThirdParty/Mumps/MUMPS/PORD/lib) by extensions ['colcon_pkg']
[0.104s] Level 1:colcon.colcon_core.package_identification:_identify(external/ipopt/coinbrew/ThirdParty/Mumps/MUMPS/PORD/lib) by extension 'colcon_pkg'
[0.104s] Level 1:colcon.colcon_core.package_identification:_identify(external/ipopt/coinbrew/ThirdParty/Mumps/MUMPS/PORD/lib) by extensions ['colcon_meta']
[0.104s] Level 1:colcon.colcon_core.package_identification:_identify(external/ipopt/coinbrew/ThirdParty/Mumps/MUMPS/PORD/lib) by extension 'colcon_meta'
[0.104s] Level 1:colcon.colcon_core.package_identification:_identify(external/ipopt/coinbrew/ThirdParty/Mumps/MUMPS/PORD/lib) by extensions ['ros']
[0.104s] Level 1:colcon.colcon_core.package_identification:_identify(external/ipopt/coinbrew/ThirdParty/Mumps/MUMPS/PORD/lib) by extension 'ros'
[0.104s] Level 1:colcon.colcon_core.package_identification:_identify(external/ipopt/coinbrew/ThirdParty/Mumps/MUMPS/PORD/lib) by extensions ['cmake', 'python']
[0.104s] Level 1:colcon.colcon_core.package_identification:_identify(external/ipopt/coinbrew/ThirdParty/Mumps/MUMPS/PORD/lib) by extension 'cmake'
[0.104s] Level 1:colcon.colcon_core.package_identification:_identify(external/ipopt/coinbrew/ThirdParty/Mumps/MUMPS/PORD/lib) by extension 'python'
[0.104s] Level 1:colcon.colcon_core.package_identification:_identify(external/ipopt/coinbrew/ThirdParty/Mumps/MUMPS/PORD/lib) by extensions ['python_setup_py']
[0.104s] Level 1:colcon.colcon_core.package_identification:_identify(external/ipopt/coinbrew/ThirdParty/Mumps/MUMPS/PORD/lib) by extension 'python_setup_py'
[0.104s] Level 1:colcon.colcon_core.package_identification:_identify(external/ipopt/coinbrew/ThirdParty/Mumps/MUMPS/SCILAB) by extensions ['ignore', 'ignore_ament_install']
[0.104s] Level 1:colcon.colcon_core.package_identification:_identify(external/ipopt/coinbrew/ThirdParty/Mumps/MUMPS/SCILAB) by extension 'ignore'
[0.104s] Level 1:colcon.colcon_core.package_identification:_identify(external/ipopt/coinbrew/ThirdParty/Mumps/MUMPS/SCILAB) by extension 'ignore_ament_install'
[0.104s] Level 1:colcon.colcon_core.package_identification:_identify(external/ipopt/coinbrew/ThirdParty/Mumps/MUMPS/SCILAB) by extensions ['colcon_pkg']
[0.104s] Level 1:colcon.colcon_core.package_identification:_identify(external/ipopt/coinbrew/ThirdParty/Mumps/MUMPS/SCILAB) by extension 'colcon_pkg'
[0.104s] Level 1:colcon.colcon_core.package_identification:_identify(external/ipopt/coinbrew/ThirdParty/Mumps/MUMPS/SCILAB) by extensions ['colcon_meta']
[0.104s] Level 1:colcon.colcon_core.package_identification:_identify(external/ipopt/coinbrew/ThirdParty/Mumps/MUMPS/SCILAB) by extension 'colcon_meta'
[0.104s] Level 1:colcon.colcon_core.package_identification:_identify(external/ipopt/coinbrew/ThirdParty/Mumps/MUMPS/SCILAB) by extensions ['ros']
[0.104s] Level 1:colcon.colcon_core.package_identification:_identify(external/ipopt/coinbrew/ThirdParty/Mumps/MUMPS/SCILAB) by extension 'ros'
[0.104s] Level 1:colcon.colcon_core.package_identification:_identify(external/ipopt/coinbrew/ThirdParty/Mumps/MUMPS/SCILAB) by extensions ['cmake', 'python']
[0.104s] Level 1:colcon.colcon_core.package_identification:_identify(external/ipopt/coinbrew/ThirdParty/Mumps/MUMPS/SCILAB) by extension 'cmake'
[0.104s] Level 1:colcon.colcon_core.package_identification:_identify(external/ipopt/coinbrew/ThirdParty/Mumps/MUMPS/SCILAB) by extension 'python'
[0.104s] Level 1:colcon.colcon_core.package_identification:_identify(external/ipopt/coinbrew/ThirdParty/Mumps/MUMPS/SCILAB) by extensions ['python_setup_py']
[0.104s] Level 1:colcon.colcon_core.package_identification:_identify(external/ipopt/coinbrew/ThirdParty/Mumps/MUMPS/SCILAB) by extension 'python_setup_py'
[0.104s] Level 1:colcon.colcon_core.package_identification:_identify(external/ipopt/coinbrew/ThirdParty/Mumps/MUMPS/SCILAB/Help) by extensions ['ignore', 'ignore_ament_install']
[0.104s] Level 1:colcon.colcon_core.package_identification:_identify(external/ipopt/coinbrew/ThirdParty/Mumps/MUMPS/SCILAB/Help) by extension 'ignore'
[0.104s] Level 1:colcon.colcon_core.package_identification:_identify(external/ipopt/coinbrew/ThirdParty/Mumps/MUMPS/SCILAB/Help) by extension 'ignore_ament_install'
[0.105s] Level 1:colcon.colcon_core.package_identification:_identify(external/ipopt/coinbrew/ThirdParty/Mumps/MUMPS/SCILAB/Help) by extensions ['colcon_pkg']
[0.105s] Level 1:colcon.colcon_core.package_identification:_identify(external/ipopt/coinbrew/ThirdParty/Mumps/MUMPS/SCILAB/Help) by extension 'colcon_pkg'
[0.105s] Level 1:colcon.colcon_core.package_identification:_identify(external/ipopt/coinbrew/ThirdParty/Mumps/MUMPS/SCILAB/Help) by extensions ['colcon_meta']
[0.105s] Level 1:colcon.colcon_core.package_identification:_identify(external/ipopt/coinbrew/ThirdParty/Mumps/MUMPS/SCILAB/Help) by extension 'colcon_meta'
[0.105s] Level 1:colcon.colcon_core.package_identification:_identify(external/ipopt/coinbrew/ThirdParty/Mumps/MUMPS/SCILAB/Help) by extensions ['ros']
[0.105s] Level 1:colcon.colcon_core.package_identification:_identify(external/ipopt/coinbrew/ThirdParty/Mumps/MUMPS/SCILAB/Help) by extension 'ros'
[0.105s] Level 1:colcon.colcon_core.package_identification:_identify(external/ipopt/coinbrew/ThirdParty/Mumps/MUMPS/SCILAB/Help) by extensions ['cmake', 'python']
[0.105s] Level 1:colcon.colcon_core.package_identification:_identify(external/ipopt/coinbrew/ThirdParty/Mumps/MUMPS/SCILAB/Help) by extension 'cmake'
[0.105s] Level 1:colcon.colcon_core.package_identification:_identify(external/ipopt/coinbrew/ThirdParty/Mumps/MUMPS/SCILAB/Help) by extension 'python'
[0.105s] Level 1:colcon.colcon_core.package_identification:_identify(external/ipopt/coinbrew/ThirdParty/Mumps/MUMPS/SCILAB/Help) by extensions ['python_setup_py']
[0.105s] Level 1:colcon.colcon_core.package_identification:_identify(external/ipopt/coinbrew/ThirdParty/Mumps/MUMPS/SCILAB/Help) by extension 'python_setup_py'
[0.105s] Level 1:colcon.colcon_core.package_identification:_identify(external/ipopt/coinbrew/ThirdParty/Mumps/MUMPS/SCILAB/examples) by extensions ['ignore', 'ignore_ament_install']
[0.105s] Level 1:colcon.colcon_core.package_identification:_identify(external/ipopt/coinbrew/ThirdParty/Mumps/MUMPS/SCILAB/examples) by extension 'ignore'
[0.105s] Level 1:colcon.colcon_core.package_identification:_identify(external/ipopt/coinbrew/ThirdParty/Mumps/MUMPS/SCILAB/examples) by extension 'ignore_ament_install'
[0.105s] Level 1:colcon.colcon_core.package_identification:_identify(external/ipopt/coinbrew/ThirdParty/Mumps/MUMPS/SCILAB/examples) by extensions ['colcon_pkg']
[0.105s] Level 1:colcon.colcon_core.package_identification:_identify(external/ipopt/coinbrew/ThirdParty/Mumps/MUMPS/SCILAB/examples) by extension 'colcon_pkg'
[0.105s] Level 1:colcon.colcon_core.package_identification:_identify(external/ipopt/coinbrew/ThirdParty/Mumps/MUMPS/SCILAB/examples) by extensions ['colcon_meta']
[0.105s] Level 1:colcon.colcon_core.package_identification:_identify(external/ipopt/coinbrew/ThirdParty/Mumps/MUMPS/SCILAB/examples) by extension 'colcon_meta'
[0.105s] Level 1:colcon.colcon_core.package_identification:_identify(external/ipopt/coinbrew/ThirdParty/Mumps/MUMPS/SCILAB/examples) by extensions ['ros']
[0.105s] Level 1:colcon.colcon_core.package_identification:_identify(external/ipopt/coinbrew/ThirdParty/Mumps/MUMPS/SCILAB/examples) by extension 'ros'
[0.105s] Level 1:colcon.colcon_core.package_identification:_identify(external/ipopt/coinbrew/ThirdParty/Mumps/MUMPS/SCILAB/examples) by extensions ['cmake', 'python']
[0.105s] Level 1:colcon.colcon_core.package_identification:_identify(external/ipopt/coinbrew/ThirdParty/Mumps/MUMPS/SCILAB/examples) by extension 'cmake'
[0.105s] Level 1:colcon.colcon_core.package_identification:_identify(external/ipopt/coinbrew/ThirdParty/Mumps/MUMPS/SCILAB/examples) by extension 'python'
[0.105s] Level 1:colcon.colcon_core.package_identification:_identify(external/ipopt/coinbrew/ThirdParty/Mumps/MUMPS/SCILAB/examples) by extensions ['python_setup_py']
[0.105s] Level 1:colcon.colcon_core.package_identification:_identify(external/ipopt/coinbrew/ThirdParty/Mumps/MUMPS/SCILAB/examples) by extension 'python_setup_py'
[0.105s] Level 1:colcon.colcon_core.package_identification:_identify(external/ipopt/coinbrew/ThirdParty/Mumps/MUMPS/doc) by extensions ['ignore', 'ignore_ament_install']
[0.105s] Level 1:colcon.colcon_core.package_identification:_identify(external/ipopt/coinbrew/ThirdParty/Mumps/MUMPS/doc) by extension 'ignore'
[0.105s] Level 1:colcon.colcon_core.package_identification:_identify(external/ipopt/coinbrew/ThirdParty/Mumps/MUMPS/doc) by extension 'ignore_ament_install'
[0.105s] Level 1:colcon.colcon_core.package_identification:_identify(external/ipopt/coinbrew/ThirdParty/Mumps/MUMPS/doc) by extensions ['colcon_pkg']
[0.105s] Level 1:colcon.colcon_core.package_identification:_identify(external/ipopt/coinbrew/ThirdParty/Mumps/MUMPS/doc) by extension 'colcon_pkg'
[0.105s] Level 1:colcon.colcon_core.package_identification:_identify(external/ipopt/coinbrew/ThirdParty/Mumps/MUMPS/doc) by extensions ['colcon_meta']
[0.105s] Level 1:colcon.colcon_core.package_identification:_identify(external/ipopt/coinbrew/ThirdParty/Mumps/MUMPS/doc) by extension 'colcon_meta'
[0.105s] Level 1:colcon.colcon_core.package_identification:_identify(external/ipopt/coinbrew/ThirdParty/Mumps/MUMPS/doc) by extensions ['ros']
[0.105s] Level 1:colcon.colcon_core.package_identification:_identify(external/ipopt/coinbrew/ThirdParty/Mumps/MUMPS/doc) by extension 'ros'
[0.105s] Level 1:colcon.colcon_core.package_identification:_identify(external/ipopt/coinbrew/ThirdParty/Mumps/MUMPS/doc) by extensions ['cmake', 'python']
[0.105s] Level 1:colcon.colcon_core.package_identification:_identify(external/ipopt/coinbrew/ThirdParty/Mumps/MUMPS/doc) by extension 'cmake'
[0.105s] Level 1:colcon.colcon_core.package_identification:_identify(external/ipopt/coinbrew/ThirdParty/Mumps/MUMPS/doc) by extension 'python'
[0.105s] Level 1:colcon.colcon_core.package_identification:_identify(external/ipopt/coinbrew/ThirdParty/Mumps/MUMPS/doc) by extensions ['python_setup_py']
[0.105s] Level 1:colcon.colcon_core.package_identification:_identify(external/ipopt/coinbrew/ThirdParty/Mumps/MUMPS/doc) by extension 'python_setup_py'
[0.105s] Level 1:colcon.colcon_core.package_identification:_identify(external/ipopt/coinbrew/ThirdParty/Mumps/MUMPS/examples) by extensions ['ignore', 'ignore_ament_install']
[0.105s] Level 1:colcon.colcon_core.package_identification:_identify(external/ipopt/coinbrew/ThirdParty/Mumps/MUMPS/examples) by extension 'ignore'
[0.105s] Level 1:colcon.colcon_core.package_identification:_identify(external/ipopt/coinbrew/ThirdParty/Mumps/MUMPS/examples) by extension 'ignore_ament_install'
[0.105s] Level 1:colcon.colcon_core.package_identification:_identify(external/ipopt/coinbrew/ThirdParty/Mumps/MUMPS/examples) by extensions ['colcon_pkg']
[0.105s] Level 1:colcon.colcon_core.package_identification:_identify(external/ipopt/coinbrew/ThirdParty/Mumps/MUMPS/examples) by extension 'colcon_pkg'
[0.105s] Level 1:colcon.colcon_core.package_identification:_identify(external/ipopt/coinbrew/ThirdParty/Mumps/MUMPS/examples) by extensions ['colcon_meta']
[0.105s] Level 1:colcon.colcon_core.package_identification:_identify(external/ipopt/coinbrew/ThirdParty/Mumps/MUMPS/examples) by extension 'colcon_meta'
[0.105s] Level 1:colcon.colcon_core.package_identification:_identify(external/ipopt/coinbrew/ThirdParty/Mumps/MUMPS/examples) by extensions ['ros']
[0.105s] Level 1:colcon.colcon_core.package_identification:_identify(external/ipopt/coinbrew/ThirdParty/Mumps/MUMPS/examples) by extension 'ros'
[0.105s] Level 1:colcon.colcon_core.package_identification:_identify(external/ipopt/coinbrew/ThirdParty/Mumps/MUMPS/examples) by extensions ['cmake', 'python']
[0.105s] Level 1:colcon.colcon_core.package_identification:_identify(external/ipopt/coinbrew/ThirdParty/Mumps/MUMPS/examples) by extension 'cmake'
[0.105s] Level 1:colcon.colcon_core.package_identification:_identify(external/ipopt/coinbrew/ThirdParty/Mumps/MUMPS/examples) by extension 'python'
[0.105s] Level 1:colcon.colcon_core.package_identification:_identify(external/ipopt/coinbrew/ThirdParty/Mumps/MUMPS/examples) by extensions ['python_setup_py']
[0.105s] Level 1:colcon.colcon_core.package_identification:_identify(external/ipopt/coinbrew/ThirdParty/Mumps/MUMPS/examples) by extension 'python_setup_py'
[0.105s] Level 1:colcon.colcon_core.package_identification:_identify(external/ipopt/coinbrew/ThirdParty/Mumps/MUMPS/include) by extensions ['ignore', 'ignore_ament_install']
[0.105s] Level 1:colcon.colcon_core.package_identification:_identify(external/ipopt/coinbrew/ThirdParty/Mumps/MUMPS/include) by extension 'ignore'
[0.105s] Level 1:colcon.colcon_core.package_identification:_identify(external/ipopt/coinbrew/ThirdParty/Mumps/MUMPS/include) by extension 'ignore_ament_install'
[0.105s] Level 1:colcon.colcon_core.package_identification:_identify(external/ipopt/coinbrew/ThirdParty/Mumps/MUMPS/include) by extensions ['colcon_pkg']
[0.105s] Level 1:colcon.colcon_core.package_identification:_identify(external/ipopt/coinbrew/ThirdParty/Mumps/MUMPS/include) by extension 'colcon_pkg'
[0.105s] Level 1:colcon.colcon_core.package_identification:_identify(external/ipopt/coinbrew/ThirdParty/Mumps/MUMPS/include) by extensions ['colcon_meta']
[0.105s] Level 1:colcon.colcon_core.package_identification:_identify(external/ipopt/coinbrew/ThirdParty/Mumps/MUMPS/include) by extension 'colcon_meta'
[0.105s] Level 1:colcon.colcon_core.package_identification:_identify(external/ipopt/coinbrew/ThirdParty/Mumps/MUMPS/include) by extensions ['ros']
[0.105s] Level 1:colcon.colcon_core.package_identification:_identify(external/ipopt/coinbrew/ThirdParty/Mumps/MUMPS/include) by extension 'ros'
[0.105s] Level 1:colcon.colcon_core.package_identification:_identify(external/ipopt/coinbrew/ThirdParty/Mumps/MUMPS/include) by extensions ['cmake', 'python']
[0.105s] Level 1:colcon.colcon_core.package_identification:_identify(external/ipopt/coinbrew/ThirdParty/Mumps/MUMPS/include) by extension 'cmake'
[0.105s] Level 1:colcon.colcon_core.package_identification:_identify(external/ipopt/coinbrew/ThirdParty/Mumps/MUMPS/include) by extension 'python'
[0.105s] Level 1:colcon.colcon_core.package_identification:_identify(external/ipopt/coinbrew/ThirdParty/Mumps/MUMPS/include) by extensions ['python_setup_py']
[0.105s] Level 1:colcon.colcon_core.package_identification:_identify(external/ipopt/coinbrew/ThirdParty/Mumps/MUMPS/include) by extension 'python_setup_py'
[0.106s] Level 1:colcon.colcon_core.package_identification:_identify(external/ipopt/coinbrew/ThirdParty/Mumps/MUMPS/lib) by extensions ['ignore', 'ignore_ament_install']
[0.106s] Level 1:colcon.colcon_core.package_identification:_identify(external/ipopt/coinbrew/ThirdParty/Mumps/MUMPS/lib) by extension 'ignore'
[0.106s] Level 1:colcon.colcon_core.package_identification:_identify(external/ipopt/coinbrew/ThirdParty/Mumps/MUMPS/lib) by extension 'ignore_ament_install'
[0.106s] Level 1:colcon.colcon_core.package_identification:_identify(external/ipopt/coinbrew/ThirdParty/Mumps/MUMPS/lib) by extensions ['colcon_pkg']
[0.106s] Level 1:colcon.colcon_core.package_identification:_identify(external/ipopt/coinbrew/ThirdParty/Mumps/MUMPS/lib) by extension 'colcon_pkg'
[0.106s] Level 1:colcon.colcon_core.package_identification:_identify(external/ipopt/coinbrew/ThirdParty/Mumps/MUMPS/lib) by extensions ['colcon_meta']
[0.106s] Level 1:colcon.colcon_core.package_identification:_identify(external/ipopt/coinbrew/ThirdParty/Mumps/MUMPS/lib) by extension 'colcon_meta'
[0.106s] Level 1:colcon.colcon_core.package_identification:_identify(external/ipopt/coinbrew/ThirdParty/Mumps/MUMPS/lib) by extensions ['ros']
[0.106s] Level 1:colcon.colcon_core.package_identification:_identify(external/ipopt/coinbrew/ThirdParty/Mumps/MUMPS/lib) by extension 'ros'
[0.106s] Level 1:colcon.colcon_core.package_identification:_identify(external/ipopt/coinbrew/ThirdParty/Mumps/MUMPS/lib) by extensions ['cmake', 'python']
[0.106s] Level 1:colcon.colcon_core.package_identification:_identify(external/ipopt/coinbrew/ThirdParty/Mumps/MUMPS/lib) by extension 'cmake'
[0.106s] Level 1:colcon.colcon_core.package_identification:_identify(external/ipopt/coinbrew/ThirdParty/Mumps/MUMPS/lib) by extension 'python'
[0.106s] Level 1:colcon.colcon_core.package_identification:_identify(external/ipopt/coinbrew/ThirdParty/Mumps/MUMPS/lib) by extensions ['python_setup_py']
[0.106s] Level 1:colcon.colcon_core.package_identification:_identify(external/ipopt/coinbrew/ThirdParty/Mumps/MUMPS/lib) by extension 'python_setup_py'
[0.106s] Level 1:colcon.colcon_core.package_identification:_identify(external/ipopt/coinbrew/ThirdParty/Mumps/MUMPS/libseq) by extensions ['ignore', 'ignore_ament_install']
[0.106s] Level 1:colcon.colcon_core.package_identification:_identify(external/ipopt/coinbrew/ThirdParty/Mumps/MUMPS/libseq) by extension 'ignore'
[0.106s] Level 1:colcon.colcon_core.package_identification:_identify(external/ipopt/coinbrew/ThirdParty/Mumps/MUMPS/libseq) by extension 'ignore_ament_install'
[0.106s] Level 1:colcon.colcon_core.package_identification:_identify(external/ipopt/coinbrew/ThirdParty/Mumps/MUMPS/libseq) by extensions ['colcon_pkg']
[0.106s] Level 1:colcon.colcon_core.package_identification:_identify(external/ipopt/coinbrew/ThirdParty/Mumps/MUMPS/libseq) by extension 'colcon_pkg'
[0.106s] Level 1:colcon.colcon_core.package_identification:_identify(external/ipopt/coinbrew/ThirdParty/Mumps/MUMPS/libseq) by extensions ['colcon_meta']
[0.106s] Level 1:colcon.colcon_core.package_identification:_identify(external/ipopt/coinbrew/ThirdParty/Mumps/MUMPS/libseq) by extension 'colcon_meta'
[0.106s] Level 1:colcon.colcon_core.package_identification:_identify(external/ipopt/coinbrew/ThirdParty/Mumps/MUMPS/libseq) by extensions ['ros']
[0.106s] Level 1:colcon.colcon_core.package_identification:_identify(external/ipopt/coinbrew/ThirdParty/Mumps/MUMPS/libseq) by extension 'ros'
[0.106s] Level 1:colcon.colcon_core.package_identification:_identify(external/ipopt/coinbrew/ThirdParty/Mumps/MUMPS/libseq) by extensions ['cmake', 'python']
[0.106s] Level 1:colcon.colcon_core.package_identification:_identify(external/ipopt/coinbrew/ThirdParty/Mumps/MUMPS/libseq) by extension 'cmake'
[0.106s] Level 1:colcon.colcon_core.package_identification:_identify(external/ipopt/coinbrew/ThirdParty/Mumps/MUMPS/libseq) by extension 'python'
[0.106s] Level 1:colcon.colcon_core.package_identification:_identify(external/ipopt/coinbrew/ThirdParty/Mumps/MUMPS/libseq) by extensions ['python_setup_py']
[0.106s] Level 1:colcon.colcon_core.package_identification:_identify(external/ipopt/coinbrew/ThirdParty/Mumps/MUMPS/libseq) by extension 'python_setup_py'
[0.106s] Level 1:colcon.colcon_core.package_identification:_identify(external/ipopt/coinbrew/ThirdParty/Mumps/MUMPS/src) by extensions ['ignore', 'ignore_ament_install']
[0.106s] Level 1:colcon.colcon_core.package_identification:_identify(external/ipopt/coinbrew/ThirdParty/Mumps/MUMPS/src) by extension 'ignore'
[0.106s] Level 1:colcon.colcon_core.package_identification:_identify(external/ipopt/coinbrew/ThirdParty/Mumps/MUMPS/src) by extension 'ignore_ament_install'
[0.106s] Level 1:colcon.colcon_core.package_identification:_identify(external/ipopt/coinbrew/ThirdParty/Mumps/MUMPS/src) by extensions ['colcon_pkg']
[0.106s] Level 1:colcon.colcon_core.package_identification:_identify(external/ipopt/coinbrew/ThirdParty/Mumps/MUMPS/src) by extension 'colcon_pkg'
[0.106s] Level 1:colcon.colcon_core.package_identification:_identify(external/ipopt/coinbrew/ThirdParty/Mumps/MUMPS/src) by extensions ['colcon_meta']
[0.106s] Level 1:colcon.colcon_core.package_identification:_identify(external/ipopt/coinbrew/ThirdParty/Mumps/MUMPS/src) by extension 'colcon_meta'
[0.106s] Level 1:colcon.colcon_core.package_identification:_identify(external/ipopt/coinbrew/ThirdParty/Mumps/MUMPS/src) by extensions ['ros']
[0.106s] Level 1:colcon.colcon_core.package_identification:_identify(external/ipopt/coinbrew/ThirdParty/Mumps/MUMPS/src) by extension 'ros'
[0.106s] Level 1:colcon.colcon_core.package_identification:_identify(external/ipopt/coinbrew/ThirdParty/Mumps/MUMPS/src) by extensions ['cmake', 'python']
[0.106s] Level 1:colcon.colcon_core.package_identification:_identify(external/ipopt/coinbrew/ThirdParty/Mumps/MUMPS/src) by extension 'cmake'
[0.106s] Level 1:colcon.colcon_core.package_identification:_identify(external/ipopt/coinbrew/ThirdParty/Mumps/MUMPS/src) by extension 'python'
[0.106s] Level 1:colcon.colcon_core.package_identification:_identify(external/ipopt/coinbrew/ThirdParty/Mumps/MUMPS/src) by extensions ['python_setup_py']
[0.106s] Level 1:colcon.colcon_core.package_identification:_identify(external/ipopt/coinbrew/ThirdParty/Mumps/MUMPS/src) by extension 'python_setup_py'
[0.106s] Level 1:colcon.colcon_core.package_identification:_identify(external/ipopt/coinbrew/ThirdParty/Mumps/MUMPS/src/ve) by extensions ['ignore', 'ignore_ament_install']
[0.106s] Level 1:colcon.colcon_core.package_identification:_identify(external/ipopt/coinbrew/ThirdParty/Mumps/MUMPS/src/ve) by extension 'ignore'
[0.106s] Level 1:colcon.colcon_core.package_identification:_identify(external/ipopt/coinbrew/ThirdParty/Mumps/MUMPS/src/ve) by extension 'ignore_ament_install'
[0.106s] Level 1:colcon.colcon_core.package_identification:_identify(external/ipopt/coinbrew/ThirdParty/Mumps/MUMPS/src/ve) by extensions ['colcon_pkg']
[0.106s] Level 1:colcon.colcon_core.package_identification:_identify(external/ipopt/coinbrew/ThirdParty/Mumps/MUMPS/src/ve) by extension 'colcon_pkg'
[0.106s] Level 1:colcon.colcon_core.package_identification:_identify(external/ipopt/coinbrew/ThirdParty/Mumps/MUMPS/src/ve) by extensions ['colcon_meta']
[0.106s] Level 1:colcon.colcon_core.package_identification:_identify(external/ipopt/coinbrew/ThirdParty/Mumps/MUMPS/src/ve) by extension 'colcon_meta'
[0.106s] Level 1:colcon.colcon_core.package_identification:_identify(external/ipopt/coinbrew/ThirdParty/Mumps/MUMPS/src/ve) by extensions ['ros']
[0.106s] Level 1:colcon.colcon_core.package_identification:_identify(external/ipopt/coinbrew/ThirdParty/Mumps/MUMPS/src/ve) by extension 'ros'
[0.106s] Level 1:colcon.colcon_core.package_identification:_identify(external/ipopt/coinbrew/ThirdParty/Mumps/MUMPS/src/ve) by extensions ['cmake', 'python']
[0.106s] Level 1:colcon.colcon_core.package_identification:_identify(external/ipopt/coinbrew/ThirdParty/Mumps/MUMPS/src/ve) by extension 'cmake'
[0.106s] Level 1:colcon.colcon_core.package_identification:_identify(external/ipopt/coinbrew/ThirdParty/Mumps/MUMPS/src/ve) by extension 'python'
[0.106s] Level 1:colcon.colcon_core.package_identification:_identify(external/ipopt/coinbrew/ThirdParty/Mumps/MUMPS/src/ve) by extensions ['python_setup_py']
[0.107s] Level 1:colcon.colcon_core.package_identification:_identify(external/ipopt/coinbrew/ThirdParty/Mumps/MUMPS/src/ve) by extension 'python_setup_py'
[0.107s] Level 1:colcon.colcon_core.package_identification:_identify(external/ipopt/coinbrew/ThirdParty/Mumps/MUMPS/src/ve/include) by extensions ['ignore', 'ignore_ament_install']
[0.107s] Level 1:colcon.colcon_core.package_identification:_identify(external/ipopt/coinbrew/ThirdParty/Mumps/MUMPS/src/ve/include) by extension 'ignore'
[0.107s] Level 1:colcon.colcon_core.package_identification:_identify(external/ipopt/coinbrew/ThirdParty/Mumps/MUMPS/src/ve/include) by extension 'ignore_ament_install'
[0.107s] Level 1:colcon.colcon_core.package_identification:_identify(external/ipopt/coinbrew/ThirdParty/Mumps/MUMPS/src/ve/include) by extensions ['colcon_pkg']
[0.107s] Level 1:colcon.colcon_core.package_identification:_identify(external/ipopt/coinbrew/ThirdParty/Mumps/MUMPS/src/ve/include) by extension 'colcon_pkg'
[0.107s] Level 1:colcon.colcon_core.package_identification:_identify(external/ipopt/coinbrew/ThirdParty/Mumps/MUMPS/src/ve/include) by extensions ['colcon_meta']
[0.107s] Level 1:colcon.colcon_core.package_identification:_identify(external/ipopt/coinbrew/ThirdParty/Mumps/MUMPS/src/ve/include) by extension 'colcon_meta'
[0.107s] Level 1:colcon.colcon_core.package_identification:_identify(external/ipopt/coinbrew/ThirdParty/Mumps/MUMPS/src/ve/include) by extensions ['ros']
[0.107s] Level 1:colcon.colcon_core.package_identification:_identify(external/ipopt/coinbrew/ThirdParty/Mumps/MUMPS/src/ve/include) by extension 'ros'
[0.107s] Level 1:colcon.colcon_core.package_identification:_identify(external/ipopt/coinbrew/ThirdParty/Mumps/MUMPS/src/ve/include) by extensions ['cmake', 'python']
[0.107s] Level 1:colcon.colcon_core.package_identification:_identify(external/ipopt/coinbrew/ThirdParty/Mumps/MUMPS/src/ve/include) by extension 'cmake'
[0.107s] Level 1:colcon.colcon_core.package_identification:_identify(external/ipopt/coinbrew/ThirdParty/Mumps/MUMPS/src/ve/include) by extension 'python'
[0.107s] Level 1:colcon.colcon_core.package_identification:_identify(external/ipopt/coinbrew/ThirdParty/Mumps/MUMPS/src/ve/include) by extensions ['python_setup_py']
[0.107s] Level 1:colcon.colcon_core.package_identification:_identify(external/ipopt/coinbrew/ThirdParty/Mumps/MUMPS/src/ve/include) by extension 'python_setup_py'
[0.107s] Level 1:colcon.colcon_core.package_identification:_identify(external/ipopt/coinbrew/ThirdParty/Mumps/MUMPS/src/ve/src) by extensions ['ignore', 'ignore_ament_install']
[0.107s] Level 1:colcon.colcon_core.package_identification:_identify(external/ipopt/coinbrew/ThirdParty/Mumps/MUMPS/src/ve/src) by extension 'ignore'
[0.107s] Level 1:colcon.colcon_core.package_identification:_identify(external/ipopt/coinbrew/ThirdParty/Mumps/MUMPS/src/ve/src) by extension 'ignore_ament_install'
[0.107s] Level 1:colcon.colcon_core.package_identification:_identify(external/ipopt/coinbrew/ThirdParty/Mumps/MUMPS/src/ve/src) by extensions ['colcon_pkg']
[0.107s] Level 1:colcon.colcon_core.package_identification:_identify(external/ipopt/coinbrew/ThirdParty/Mumps/MUMPS/src/ve/src) by extension 'colcon_pkg'
[0.107s] Level 1:colcon.colcon_core.package_identification:_identify(external/ipopt/coinbrew/ThirdParty/Mumps/MUMPS/src/ve/src) by extensions ['colcon_meta']
[0.107s] Level 1:colcon.colcon_core.package_identification:_identify(external/ipopt/coinbrew/ThirdParty/Mumps/MUMPS/src/ve/src) by extension 'colcon_meta'
[0.107s] Level 1:colcon.colcon_core.package_identification:_identify(external/ipopt/coinbrew/ThirdParty/Mumps/MUMPS/src/ve/src) by extensions ['ros']
[0.107s] Level 1:colcon.colcon_core.package_identification:_identify(external/ipopt/coinbrew/ThirdParty/Mumps/MUMPS/src/ve/src) by extension 'ros'
[0.107s] Level 1:colcon.colcon_core.package_identification:_identify(external/ipopt/coinbrew/ThirdParty/Mumps/MUMPS/src/ve/src) by extensions ['cmake', 'python']
[0.107s] Level 1:colcon.colcon_core.package_identification:_identify(external/ipopt/coinbrew/ThirdParty/Mumps/MUMPS/src/ve/src) by extension 'cmake'
[0.107s] Level 1:colcon.colcon_core.package_identification:_identify(external/ipopt/coinbrew/ThirdParty/Mumps/MUMPS/src/ve/src) by extension 'python'
[0.107s] Level 1:colcon.colcon_core.package_identification:_identify(external/ipopt/coinbrew/ThirdParty/Mumps/MUMPS/src/ve/src) by extensions ['python_setup_py']
[0.107s] Level 1:colcon.colcon_core.package_identification:_identify(external/ipopt/coinbrew/ThirdParty/Mumps/MUMPS/src/ve/src) by extension 'python_setup_py'
[0.107s] Level 1:colcon.colcon_core.package_identification:_identify(external/ipopt/coinbrew/build) by extensions ['ignore', 'ignore_ament_install']
[0.107s] Level 1:colcon.colcon_core.package_identification:_identify(external/ipopt/coinbrew/build) by extension 'ignore'
[0.107s] Level 1:colcon.colcon_core.package_identification:_identify(external/ipopt/coinbrew/build) by extension 'ignore_ament_install'
[0.107s] Level 1:colcon.colcon_core.package_identification:_identify(external/ipopt/coinbrew/build) by extensions ['colcon_pkg']
[0.107s] Level 1:colcon.colcon_core.package_identification:_identify(external/ipopt/coinbrew/build) by extension 'colcon_pkg'
[0.107s] Level 1:colcon.colcon_core.package_identification:_identify(external/ipopt/coinbrew/build) by extensions ['colcon_meta']
[0.107s] Level 1:colcon.colcon_core.package_identification:_identify(external/ipopt/coinbrew/build) by extension 'colcon_meta'
[0.107s] Level 1:colcon.colcon_core.package_identification:_identify(external/ipopt/coinbrew/build) by extensions ['ros']
[0.107s] Level 1:colcon.colcon_core.package_identification:_identify(external/ipopt/coinbrew/build) by extension 'ros'
[0.107s] Level 1:colcon.colcon_core.package_identification:_identify(external/ipopt/coinbrew/build) by extensions ['cmake', 'python']
[0.107s] Level 1:colcon.colcon_core.package_identification:_identify(external/ipopt/coinbrew/build) by extension 'cmake'
[0.107s] Level 1:colcon.colcon_core.package_identification:_identify(external/ipopt/coinbrew/build) by extension 'python'
[0.107s] Level 1:colcon.colcon_core.package_identification:_identify(external/ipopt/coinbrew/build) by extensions ['python_setup_py']
[0.107s] Level 1:colcon.colcon_core.package_identification:_identify(external/ipopt/coinbrew/build) by extension 'python_setup_py'
[0.107s] Level 1:colcon.colcon_core.package_identification:_identify(external/ipopt/coinbrew/build/Ipopt) by extensions ['ignore', 'ignore_ament_install']
[0.107s] Level 1:colcon.colcon_core.package_identification:_identify(external/ipopt/coinbrew/build/Ipopt) by extension 'ignore'
[0.107s] Level 1:colcon.colcon_core.package_identification:_identify(external/ipopt/coinbrew/build/Ipopt) by extension 'ignore_ament_install'
[0.107s] Level 1:colcon.colcon_core.package_identification:_identify(external/ipopt/coinbrew/build/Ipopt) by extensions ['colcon_pkg']
[0.107s] Level 1:colcon.colcon_core.package_identification:_identify(external/ipopt/coinbrew/build/Ipopt) by extension 'colcon_pkg'
[0.107s] Level 1:colcon.colcon_core.package_identification:_identify(external/ipopt/coinbrew/build/Ipopt) by extensions ['colcon_meta']
[0.107s] Level 1:colcon.colcon_core.package_identification:_identify(external/ipopt/coinbrew/build/Ipopt) by extension 'colcon_meta'
[0.107s] Level 1:colcon.colcon_core.package_identification:_identify(external/ipopt/coinbrew/build/Ipopt) by extensions ['ros']
[0.107s] Level 1:colcon.colcon_core.package_identification:_identify(external/ipopt/coinbrew/build/Ipopt) by extension 'ros'
[0.107s] Level 1:colcon.colcon_core.package_identification:_identify(external/ipopt/coinbrew/build/Ipopt) by extensions ['cmake', 'python']
[0.107s] Level 1:colcon.colcon_core.package_identification:_identify(external/ipopt/coinbrew/build/Ipopt) by extension 'cmake'
[0.107s] Level 1:colcon.colcon_core.package_identification:_identify(external/ipopt/coinbrew/build/Ipopt) by extension 'python'
[0.107s] Level 1:colcon.colcon_core.package_identification:_identify(external/ipopt/coinbrew/build/Ipopt) by extensions ['python_setup_py']
[0.107s] Level 1:colcon.colcon_core.package_identification:_identify(external/ipopt/coinbrew/build/Ipopt) by extension 'python_setup_py'
[0.107s] Level 1:colcon.colcon_core.package_identification:_identify(external/ipopt/coinbrew/build/Ipopt/3.14.19) by extensions ['ignore', 'ignore_ament_install']
[0.107s] Level 1:colcon.colcon_core.package_identification:_identify(external/ipopt/coinbrew/build/Ipopt/3.14.19) by extension 'ignore'
[0.107s] Level 1:colcon.colcon_core.package_identification:_identify(external/ipopt/coinbrew/build/Ipopt/3.14.19) by extension 'ignore_ament_install'
[0.108s] Level 1:colcon.colcon_core.package_identification:_identify(external/ipopt/coinbrew/build/Ipopt/3.14.19) by extensions ['colcon_pkg']
[0.108s] Level 1:colcon.colcon_core.package_identification:_identify(external/ipopt/coinbrew/build/Ipopt/3.14.19) by extension 'colcon_pkg'
[0.108s] Level 1:colcon.colcon_core.package_identification:_identify(external/ipopt/coinbrew/build/Ipopt/3.14.19) by extensions ['colcon_meta']
[0.108s] Level 1:colcon.colcon_core.package_identification:_identify(external/ipopt/coinbrew/build/Ipopt/3.14.19) by extension 'colcon_meta'
[0.108s] Level 1:colcon.colcon_core.package_identification:_identify(external/ipopt/coinbrew/build/Ipopt/3.14.19) by extensions ['ros']
[0.108s] Level 1:colcon.colcon_core.package_identification:_identify(external/ipopt/coinbrew/build/Ipopt/3.14.19) by extension 'ros'
[0.108s] Level 1:colcon.colcon_core.package_identification:_identify(external/ipopt/coinbrew/build/Ipopt/3.14.19) by extensions ['cmake', 'python']
[0.108s] Level 1:colcon.colcon_core.package_identification:_identify(external/ipopt/coinbrew/build/Ipopt/3.14.19) by extension 'cmake'
[0.108s] Level 1:colcon.colcon_core.package_identification:_identify(external/ipopt/coinbrew/build/Ipopt/3.14.19) by extension 'python'
[0.108s] Level 1:colcon.colcon_core.package_identification:_identify(external/ipopt/coinbrew/build/Ipopt/3.14.19) by extensions ['python_setup_py']
[0.108s] Level 1:colcon.colcon_core.package_identification:_identify(external/ipopt/coinbrew/build/Ipopt/3.14.19) by extension 'python_setup_py'
[0.108s] Level 1:colcon.colcon_core.package_identification:_identify(external/ipopt/coinbrew/build/Ipopt/3.14.19/contrib) by extensions ['ignore', 'ignore_ament_install']
[0.108s] Level 1:colcon.colcon_core.package_identification:_identify(external/ipopt/coinbrew/build/Ipopt/3.14.19/contrib) by extension 'ignore'
[0.108s] Level 1:colcon.colcon_core.package_identification:_identify(external/ipopt/coinbrew/build/Ipopt/3.14.19/contrib) by extension 'ignore_ament_install'
[0.108s] Level 1:colcon.colcon_core.package_identification:_identify(external/ipopt/coinbrew/build/Ipopt/3.14.19/contrib) by extensions ['colcon_pkg']
[0.108s] Level 1:colcon.colcon_core.package_identification:_identify(external/ipopt/coinbrew/build/Ipopt/3.14.19/contrib) by extension 'colcon_pkg'
[0.108s] Level 1:colcon.colcon_core.package_identification:_identify(external/ipopt/coinbrew/build/Ipopt/3.14.19/contrib) by extensions ['colcon_meta']
[0.108s] Level 1:colcon.colcon_core.package_identification:_identify(external/ipopt/coinbrew/build/Ipopt/3.14.19/contrib) by extension 'colcon_meta'
[0.108s] Level 1:colcon.colcon_core.package_identification:_identify(external/ipopt/coinbrew/build/Ipopt/3.14.19/contrib) by extensions ['ros']
[0.108s] Level 1:colcon.colcon_core.package_identification:_identify(external/ipopt/coinbrew/build/Ipopt/3.14.19/contrib) by extension 'ros'
[0.108s] Level 1:colcon.colcon_core.package_identification:_identify(external/ipopt/coinbrew/build/Ipopt/3.14.19/contrib) by extensions ['cmake', 'python']
[0.108s] Level 1:colcon.colcon_core.package_identification:_identify(external/ipopt/coinbrew/build/Ipopt/3.14.19/contrib) by extension 'cmake'
[0.108s] Level 1:colcon.colcon_core.package_identification:_identify(external/ipopt/coinbrew/build/Ipopt/3.14.19/contrib) by extension 'python'
[0.108s] Level 1:colcon.colcon_core.package_identification:_identify(external/ipopt/coinbrew/build/Ipopt/3.14.19/contrib) by extensions ['python_setup_py']
[0.108s] Level 1:colcon.colcon_core.package_identification:_identify(external/ipopt/coinbrew/build/Ipopt/3.14.19/contrib) by extension 'python_setup_py'
[0.108s] Level 1:colcon.colcon_core.package_identification:_identify(external/ipopt/coinbrew/build/Ipopt/3.14.19/contrib/RInterface) by extensions ['ignore', 'ignore_ament_install']
[0.108s] Level 1:colcon.colcon_core.package_identification:_identify(external/ipopt/coinbrew/build/Ipopt/3.14.19/contrib/RInterface) by extension 'ignore'
[0.108s] Level 1:colcon.colcon_core.package_identification:_identify(external/ipopt/coinbrew/build/Ipopt/3.14.19/contrib/RInterface) by extension 'ignore_ament_install'
[0.108s] Level 1:colcon.colcon_core.package_identification:_identify(external/ipopt/coinbrew/build/Ipopt/3.14.19/contrib/RInterface) by extensions ['colcon_pkg']
[0.108s] Level 1:colcon.colcon_core.package_identification:_identify(external/ipopt/coinbrew/build/Ipopt/3.14.19/contrib/RInterface) by extension 'colcon_pkg'
[0.108s] Level 1:colcon.colcon_core.package_identification:_identify(external/ipopt/coinbrew/build/Ipopt/3.14.19/contrib/RInterface) by extensions ['colcon_meta']
[0.108s] Level 1:colcon.colcon_core.package_identification:_identify(external/ipopt/coinbrew/build/Ipopt/3.14.19/contrib/RInterface) by extension 'colcon_meta'
[0.108s] Level 1:colcon.colcon_core.package_identification:_identify(external/ipopt/coinbrew/build/Ipopt/3.14.19/contrib/RInterface) by extensions ['ros']
[0.108s] Level 1:colcon.colcon_core.package_identification:_identify(external/ipopt/coinbrew/build/Ipopt/3.14.19/contrib/RInterface) by extension 'ros'
[0.108s] Level 1:colcon.colcon_core.package_identification:_identify(external/ipopt/coinbrew/build/Ipopt/3.14.19/contrib/RInterface) by extensions ['cmake', 'python']
[0.108s] Level 1:colcon.colcon_core.package_identification:_identify(external/ipopt/coinbrew/build/Ipopt/3.14.19/contrib/RInterface) by extension 'cmake'
[0.108s] Level 1:colcon.colcon_core.package_identification:_identify(external/ipopt/coinbrew/build/Ipopt/3.14.19/contrib/RInterface) by extension 'python'
[0.108s] Level 1:colcon.colcon_core.package_identification:_identify(external/ipopt/coinbrew/build/Ipopt/3.14.19/contrib/RInterface) by extensions ['python_setup_py']
[0.108s] Level 1:colcon.colcon_core.package_identification:_identify(external/ipopt/coinbrew/build/Ipopt/3.14.19/contrib/RInterface) by extension 'python_setup_py'
[0.108s] Level 1:colcon.colcon_core.package_identification:_identify(external/ipopt/coinbrew/build/Ipopt/3.14.19/contrib/RInterface/R) by extensions ['ignore', 'ignore_ament_install']
[0.108s] Level 1:colcon.colcon_core.package_identification:_identify(external/ipopt/coinbrew/build/Ipopt/3.14.19/contrib/RInterface/R) by extension 'ignore'
[0.108s] Level 1:colcon.colcon_core.package_identification:_identify(external/ipopt/coinbrew/build/Ipopt/3.14.19/contrib/RInterface/R) by extension 'ignore_ament_install'
[0.108s] Level 1:colcon.colcon_core.package_identification:_identify(external/ipopt/coinbrew/build/Ipopt/3.14.19/contrib/RInterface/R) by extensions ['colcon_pkg']
[0.108s] Level 1:colcon.colcon_core.package_identification:_identify(external/ipopt/coinbrew/build/Ipopt/3.14.19/contrib/RInterface/R) by extension 'colcon_pkg'
[0.108s] Level 1:colcon.colcon_core.package_identification:_identify(external/ipopt/coinbrew/build/Ipopt/3.14.19/contrib/RInterface/R) by extensions ['colcon_meta']
[0.108s] Level 1:colcon.colcon_core.package_identification:_identify(external/ipopt/coinbrew/build/Ipopt/3.14.19/contrib/RInterface/R) by extension 'colcon_meta'
[0.108s] Level 1:colcon.colcon_core.package_identification:_identify(external/ipopt/coinbrew/build/Ipopt/3.14.19/contrib/RInterface/R) by extensions ['ros']
[0.108s] Level 1:colcon.colcon_core.package_identification:_identify(external/ipopt/coinbrew/build/Ipopt/3.14.19/contrib/RInterface/R) by extension 'ros'
[0.108s] Level 1:colcon.colcon_core.package_identification:_identify(external/ipopt/coinbrew/build/Ipopt/3.14.19/contrib/RInterface/R) by extensions ['cmake', 'python']
[0.108s] Level 1:colcon.colcon_core.package_identification:_identify(external/ipopt/coinbrew/build/Ipopt/3.14.19/contrib/RInterface/R) by extension 'cmake'
[0.108s] Level 1:colcon.colcon_core.package_identification:_identify(external/ipopt/coinbrew/build/Ipopt/3.14.19/contrib/RInterface/R) by extension 'python'
[0.108s] Level 1:colcon.colcon_core.package_identification:_identify(external/ipopt/coinbrew/build/Ipopt/3.14.19/contrib/RInterface/R) by extensions ['python_setup_py']
[0.108s] Level 1:colcon.colcon_core.package_identification:_identify(external/ipopt/coinbrew/build/Ipopt/3.14.19/contrib/RInterface/R) by extension 'python_setup_py'
[0.108s] Level 1:colcon.colcon_core.package_identification:_identify(external/ipopt/coinbrew/build/Ipopt/3.14.19/contrib/RInterface/inst) by extensions ['ignore', 'ignore_ament_install']
[0.108s] Level 1:colcon.colcon_core.package_identification:_identify(external/ipopt/coinbrew/build/Ipopt/3.14.19/contrib/RInterface/inst) by extension 'ignore'
[0.108s] Level 1:colcon.colcon_core.package_identification:_identify(external/ipopt/coinbrew/build/Ipopt/3.14.19/contrib/RInterface/inst) by extension 'ignore_ament_install'
[0.108s] Level 1:colcon.colcon_core.package_identification:_identify(external/ipopt/coinbrew/build/Ipopt/3.14.19/contrib/RInterface/inst) by extensions ['colcon_pkg']
[0.108s] Level 1:colcon.colcon_core.package_identification:_identify(external/ipopt/coinbrew/build/Ipopt/3.14.19/contrib/RInterface/inst) by extension 'colcon_pkg'
[0.108s] Level 1:colcon.colcon_core.package_identification:_identify(external/ipopt/coinbrew/build/Ipopt/3.14.19/contrib/RInterface/inst) by extensions ['colcon_meta']
[0.108s] Level 1:colcon.colcon_core.package_identification:_identify(external/ipopt/coinbrew/build/Ipopt/3.14.19/contrib/RInterface/inst) by extension 'colcon_meta'
[0.108s] Level 1:colcon.colcon_core.package_identification:_identify(external/ipopt/coinbrew/build/Ipopt/3.14.19/contrib/RInterface/inst) by extensions ['ros']
[0.108s] Level 1:colcon.colcon_core.package_identification:_identify(external/ipopt/coinbrew/build/Ipopt/3.14.19/contrib/RInterface/inst) by extension 'ros'
[0.109s] Level 1:colcon.colcon_core.package_identification:_identify(external/ipopt/coinbrew/build/Ipopt/3.14.19/contrib/RInterface/inst) by extensions ['cmake', 'python']
[0.109s] Level 1:colcon.colcon_core.package_identification:_identify(external/ipopt/coinbrew/build/Ipopt/3.14.19/contrib/RInterface/inst) by extension 'cmake'
[0.109s] Level 1:colcon.colcon_core.package_identification:_identify(external/ipopt/coinbrew/build/Ipopt/3.14.19/contrib/RInterface/inst) by extension 'python'
[0.109s] Level 1:colcon.colcon_core.package_identification:_identify(external/ipopt/coinbrew/build/Ipopt/3.14.19/contrib/RInterface/inst) by extensions ['python_setup_py']
[0.109s] Level 1:colcon.colcon_core.package_identification:_identify(external/ipopt/coinbrew/build/Ipopt/3.14.19/contrib/RInterface/inst) by extension 'python_setup_py'
[0.109s] Level 1:colcon.colcon_core.package_identification:_identify(external/ipopt/coinbrew/build/Ipopt/3.14.19/contrib/RInterface/inst/doc) by extensions ['ignore', 'ignore_ament_install']
[0.109s] Level 1:colcon.colcon_core.package_identification:_identify(external/ipopt/coinbrew/build/Ipopt/3.14.19/contrib/RInterface/inst/doc) by extension 'ignore'
[0.109s] Level 1:colcon.colcon_core.package_identification:_identify(external/ipopt/coinbrew/build/Ipopt/3.14.19/contrib/RInterface/inst/doc) by extension 'ignore_ament_install'
[0.109s] Level 1:colcon.colcon_core.package_identification:_identify(external/ipopt/coinbrew/build/Ipopt/3.14.19/contrib/RInterface/inst/doc) by extensions ['colcon_pkg']
[0.109s] Level 1:colcon.colcon_core.package_identification:_identify(external/ipopt/coinbrew/build/Ipopt/3.14.19/contrib/RInterface/inst/doc) by extension 'colcon_pkg'
[0.109s] Level 1:colcon.colcon_core.package_identification:_identify(external/ipopt/coinbrew/build/Ipopt/3.14.19/contrib/RInterface/inst/doc) by extensions ['colcon_meta']
[0.109s] Level 1:colcon.colcon_core.package_identification:_identify(external/ipopt/coinbrew/build/Ipopt/3.14.19/contrib/RInterface/inst/doc) by extension 'colcon_meta'
[0.109s] Level 1:colcon.colcon_core.package_identification:_identify(external/ipopt/coinbrew/build/Ipopt/3.14.19/contrib/RInterface/inst/doc) by extensions ['ros']
[0.109s] Level 1:colcon.colcon_core.package_identification:_identify(external/ipopt/coinbrew/build/Ipopt/3.14.19/contrib/RInterface/inst/doc) by extension 'ros'
[0.109s] Level 1:colcon.colcon_core.package_identification:_identify(external/ipopt/coinbrew/build/Ipopt/3.14.19/contrib/RInterface/inst/doc) by extensions ['cmake', 'python']
[0.109s] Level 1:colcon.colcon_core.package_identification:_identify(external/ipopt/coinbrew/build/Ipopt/3.14.19/contrib/RInterface/inst/doc) by extension 'cmake'
[0.109s] Level 1:colcon.colcon_core.package_identification:_identify(external/ipopt/coinbrew/build/Ipopt/3.14.19/contrib/RInterface/inst/doc) by extension 'python'
[0.109s] Level 1:colcon.colcon_core.package_identification:_identify(external/ipopt/coinbrew/build/Ipopt/3.14.19/contrib/RInterface/inst/doc) by extensions ['python_setup_py']
[0.109s] Level 1:colcon.colcon_core.package_identification:_identify(external/ipopt/coinbrew/build/Ipopt/3.14.19/contrib/RInterface/inst/doc) by extension 'python_setup_py'
[0.109s] Level 1:colcon.colcon_core.package_identification:_identify(external/ipopt/coinbrew/build/Ipopt/3.14.19/contrib/RInterface/man) by extensions ['ignore', 'ignore_ament_install']
[0.109s] Level 1:colcon.colcon_core.package_identification:_identify(external/ipopt/coinbrew/build/Ipopt/3.14.19/contrib/RInterface/man) by extension 'ignore'
[0.109s] Level 1:colcon.colcon_core.package_identification:_identify(external/ipopt/coinbrew/build/Ipopt/3.14.19/contrib/RInterface/man) by extension 'ignore_ament_install'
[0.109s] Level 1:colcon.colcon_core.package_identification:_identify(external/ipopt/coinbrew/build/Ipopt/3.14.19/contrib/RInterface/man) by extensions ['colcon_pkg']
[0.109s] Level 1:colcon.colcon_core.package_identification:_identify(external/ipopt/coinbrew/build/Ipopt/3.14.19/contrib/RInterface/man) by extension 'colcon_pkg'
[0.109s] Level 1:colcon.colcon_core.package_identification:_identify(external/ipopt/coinbrew/build/Ipopt/3.14.19/contrib/RInterface/man) by extensions ['colcon_meta']
[0.109s] Level 1:colcon.colcon_core.package_identification:_identify(external/ipopt/coinbrew/build/Ipopt/3.14.19/contrib/RInterface/man) by extension 'colcon_meta'
[0.109s] Level 1:colcon.colcon_core.package_identification:_identify(external/ipopt/coinbrew/build/Ipopt/3.14.19/contrib/RInterface/man) by extensions ['ros']
[0.109s] Level 1:colcon.colcon_core.package_identification:_identify(external/ipopt/coinbrew/build/Ipopt/3.14.19/contrib/RInterface/man) by extension 'ros'
[0.109s] Level 1:colcon.colcon_core.package_identification:_identify(external/ipopt/coinbrew/build/Ipopt/3.14.19/contrib/RInterface/man) by extensions ['cmake', 'python']
[0.109s] Level 1:colcon.colcon_core.package_identification:_identify(external/ipopt/coinbrew/build/Ipopt/3.14.19/contrib/RInterface/man) by extension 'cmake'
[0.109s] Level 1:colcon.colcon_core.package_identification:_identify(external/ipopt/coinbrew/build/Ipopt/3.14.19/contrib/RInterface/man) by extension 'python'
[0.109s] Level 1:colcon.colcon_core.package_identification:_identify(external/ipopt/coinbrew/build/Ipopt/3.14.19/contrib/RInterface/man) by extensions ['python_setup_py']
[0.109s] Level 1:colcon.colcon_core.package_identification:_identify(external/ipopt/coinbrew/build/Ipopt/3.14.19/contrib/RInterface/man) by extension 'python_setup_py'
[0.109s] Level 1:colcon.colcon_core.package_identification:_identify(external/ipopt/coinbrew/build/Ipopt/3.14.19/contrib/RInterface/src) by extensions ['ignore', 'ignore_ament_install']
[0.109s] Level 1:colcon.colcon_core.package_identification:_identify(external/ipopt/coinbrew/build/Ipopt/3.14.19/contrib/RInterface/src) by extension 'ignore'
[0.109s] Level 1:colcon.colcon_core.package_identification:_identify(external/ipopt/coinbrew/build/Ipopt/3.14.19/contrib/RInterface/src) by extension 'ignore_ament_install'
[0.109s] Level 1:colcon.colcon_core.package_identification:_identify(external/ipopt/coinbrew/build/Ipopt/3.14.19/contrib/RInterface/src) by extensions ['colcon_pkg']
[0.109s] Level 1:colcon.colcon_core.package_identification:_identify(external/ipopt/coinbrew/build/Ipopt/3.14.19/contrib/RInterface/src) by extension 'colcon_pkg'
[0.109s] Level 1:colcon.colcon_core.package_identification:_identify(external/ipopt/coinbrew/build/Ipopt/3.14.19/contrib/RInterface/src) by extensions ['colcon_meta']
[0.109s] Level 1:colcon.colcon_core.package_identification:_identify(external/ipopt/coinbrew/build/Ipopt/3.14.19/contrib/RInterface/src) by extension 'colcon_meta'
[0.109s] Level 1:colcon.colcon_core.package_identification:_identify(external/ipopt/coinbrew/build/Ipopt/3.14.19/contrib/RInterface/src) by extensions ['ros']
[0.109s] Level 1:colcon.colcon_core.package_identification:_identify(external/ipopt/coinbrew/build/Ipopt/3.14.19/contrib/RInterface/src) by extension 'ros'
[0.109s] Level 1:colcon.colcon_core.package_identification:_identify(external/ipopt/coinbrew/build/Ipopt/3.14.19/contrib/RInterface/src) by extensions ['cmake', 'python']
[0.109s] Level 1:colcon.colcon_core.package_identification:_identify(external/ipopt/coinbrew/build/Ipopt/3.14.19/contrib/RInterface/src) by extension 'cmake'
[0.109s] Level 1:colcon.colcon_core.package_identification:_identify(external/ipopt/coinbrew/build/Ipopt/3.14.19/contrib/RInterface/src) by extension 'python'
[0.109s] Level 1:colcon.colcon_core.package_identification:_identify(external/ipopt/coinbrew/build/Ipopt/3.14.19/contrib/RInterface/src) by extensions ['python_setup_py']
[0.109s] Level 1:colcon.colcon_core.package_identification:_identify(external/ipopt/coinbrew/build/Ipopt/3.14.19/contrib/RInterface/src) by extension 'python_setup_py'
[0.109s] Level 1:colcon.colcon_core.package_identification:_identify(external/ipopt/coinbrew/build/Ipopt/3.14.19/contrib/RInterface/tests) by extensions ['ignore', 'ignore_ament_install']
[0.109s] Level 1:colcon.colcon_core.package_identification:_identify(external/ipopt/coinbrew/build/Ipopt/3.14.19/contrib/RInterface/tests) by extension 'ignore'
[0.109s] Level 1:colcon.colcon_core.package_identification:_identify(external/ipopt/coinbrew/build/Ipopt/3.14.19/contrib/RInterface/tests) by extension 'ignore_ament_install'
[0.109s] Level 1:colcon.colcon_core.package_identification:_identify(external/ipopt/coinbrew/build/Ipopt/3.14.19/contrib/RInterface/tests) by extensions ['colcon_pkg']
[0.109s] Level 1:colcon.colcon_core.package_identification:_identify(external/ipopt/coinbrew/build/Ipopt/3.14.19/contrib/RInterface/tests) by extension 'colcon_pkg'
[0.109s] Level 1:colcon.colcon_core.package_identification:_identify(external/ipopt/coinbrew/build/Ipopt/3.14.19/contrib/RInterface/tests) by extensions ['colcon_meta']
[0.109s] Level 1:colcon.colcon_core.package_identification:_identify(external/ipopt/coinbrew/build/Ipopt/3.14.19/contrib/RInterface/tests) by extension 'colcon_meta'
[0.109s] Level 1:colcon.colcon_core.package_identification:_identify(external/ipopt/coinbrew/build/Ipopt/3.14.19/contrib/RInterface/tests) by extensions ['ros']
[0.109s] Level 1:colcon.colcon_core.package_identification:_identify(external/ipopt/coinbrew/build/Ipopt/3.14.19/contrib/RInterface/tests) by extension 'ros'
[0.109s] Level 1:colcon.colcon_core.package_identification:_identify(external/ipopt/coinbrew/build/Ipopt/3.14.19/contrib/RInterface/tests) by extensions ['cmake', 'python']
[0.109s] Level 1:colcon.colcon_core.package_identification:_identify(external/ipopt/coinbrew/build/Ipopt/3.14.19/contrib/RInterface/tests) by extension 'cmake'
[0.110s] Level 1:colcon.colcon_core.package_identification:_identify(external/ipopt/coinbrew/build/Ipopt/3.14.19/contrib/RInterface/tests) by extension 'python'
[0.110s] Level 1:colcon.colcon_core.package_identification:_identify(external/ipopt/coinbrew/build/Ipopt/3.14.19/contrib/RInterface/tests) by extensions ['python_setup_py']
[0.110s] Level 1:colcon.colcon_core.package_identification:_identify(external/ipopt/coinbrew/build/Ipopt/3.14.19/contrib/RInterface/tests) by extension 'python_setup_py'
[0.110s] Level 1:colcon.colcon_core.package_identification:_identify(external/ipopt/coinbrew/build/Ipopt/3.14.19/contrib/sIPOPT) by extensions ['ignore', 'ignore_ament_install']
[0.110s] Level 1:colcon.colcon_core.package_identification:_identify(external/ipopt/coinbrew/build/Ipopt/3.14.19/contrib/sIPOPT) by extension 'ignore'
[0.110s] Level 1:colcon.colcon_core.package_identification:_identify(external/ipopt/coinbrew/build/Ipopt/3.14.19/contrib/sIPOPT) by extension 'ignore_ament_install'
[0.110s] Level 1:colcon.colcon_core.package_identification:_identify(external/ipopt/coinbrew/build/Ipopt/3.14.19/contrib/sIPOPT) by extensions ['colcon_pkg']
[0.110s] Level 1:colcon.colcon_core.package_identification:_identify(external/ipopt/coinbrew/build/Ipopt/3.14.19/contrib/sIPOPT) by extension 'colcon_pkg'
[0.110s] Level 1:colcon.colcon_core.package_identification:_identify(external/ipopt/coinbrew/build/Ipopt/3.14.19/contrib/sIPOPT) by extensions ['colcon_meta']
[0.110s] Level 1:colcon.colcon_core.package_identification:_identify(external/ipopt/coinbrew/build/Ipopt/3.14.19/contrib/sIPOPT) by extension 'colcon_meta'
[0.110s] Level 1:colcon.colcon_core.package_identification:_identify(external/ipopt/coinbrew/build/Ipopt/3.14.19/contrib/sIPOPT) by extensions ['ros']
[0.110s] Level 1:colcon.colcon_core.package_identification:_identify(external/ipopt/coinbrew/build/Ipopt/3.14.19/contrib/sIPOPT) by extension 'ros'
[0.110s] Level 1:colcon.colcon_core.package_identification:_identify(external/ipopt/coinbrew/build/Ipopt/3.14.19/contrib/sIPOPT) by extensions ['cmake', 'python']
[0.110s] Level 1:colcon.colcon_core.package_identification:_identify(external/ipopt/coinbrew/build/Ipopt/3.14.19/contrib/sIPOPT) by extension 'cmake'
[0.110s] Level 1:colcon.colcon_core.package_identification:_identify(external/ipopt/coinbrew/build/Ipopt/3.14.19/contrib/sIPOPT) by extension 'python'
[0.110s] Level 1:colcon.colcon_core.package_identification:_identify(external/ipopt/coinbrew/build/Ipopt/3.14.19/contrib/sIPOPT) by extensions ['python_setup_py']
[0.110s] Level 1:colcon.colcon_core.package_identification:_identify(external/ipopt/coinbrew/build/Ipopt/3.14.19/contrib/sIPOPT) by extension 'python_setup_py'
[0.110s] Level 1:colcon.colcon_core.package_identification:_identify(external/ipopt/coinbrew/build/Ipopt/3.14.19/contrib/sIPOPT/AmplSolver) by extensions ['ignore', 'ignore_ament_install']
[0.110s] Level 1:colcon.colcon_core.package_identification:_identify(external/ipopt/coinbrew/build/Ipopt/3.14.19/contrib/sIPOPT/AmplSolver) by extension 'ignore'
[0.110s] Level 1:colcon.colcon_core.package_identification:_identify(external/ipopt/coinbrew/build/Ipopt/3.14.19/contrib/sIPOPT/AmplSolver) by extension 'ignore_ament_install'
[0.110s] Level 1:colcon.colcon_core.package_identification:_identify(external/ipopt/coinbrew/build/Ipopt/3.14.19/contrib/sIPOPT/AmplSolver) by extensions ['colcon_pkg']
[0.110s] Level 1:colcon.colcon_core.package_identification:_identify(external/ipopt/coinbrew/build/Ipopt/3.14.19/contrib/sIPOPT/AmplSolver) by extension 'colcon_pkg'
[0.110s] Level 1:colcon.colcon_core.package_identification:_identify(external/ipopt/coinbrew/build/Ipopt/3.14.19/contrib/sIPOPT/AmplSolver) by extensions ['colcon_meta']
[0.110s] Level 1:colcon.colcon_core.package_identification:_identify(external/ipopt/coinbrew/build/Ipopt/3.14.19/contrib/sIPOPT/AmplSolver) by extension 'colcon_meta'
[0.110s] Level 1:colcon.colcon_core.package_identification:_identify(external/ipopt/coinbrew/build/Ipopt/3.14.19/contrib/sIPOPT/AmplSolver) by extensions ['ros']
[0.110s] Level 1:colcon.colcon_core.package_identification:_identify(external/ipopt/coinbrew/build/Ipopt/3.14.19/contrib/sIPOPT/AmplSolver) by extension 'ros'
[0.110s] Level 1:colcon.colcon_core.package_identification:_identify(external/ipopt/coinbrew/build/Ipopt/3.14.19/contrib/sIPOPT/AmplSolver) by extensions ['cmake', 'python']
[0.110s] Level 1:colcon.colcon_core.package_identification:_identify(external/ipopt/coinbrew/build/Ipopt/3.14.19/contrib/sIPOPT/AmplSolver) by extension 'cmake'
[0.110s] Level 1:colcon.colcon_core.package_identification:_identify(external/ipopt/coinbrew/build/Ipopt/3.14.19/contrib/sIPOPT/AmplSolver) by extension 'python'
[0.110s] Level 1:colcon.colcon_core.package_identification:_identify(external/ipopt/coinbrew/build/Ipopt/3.14.19/contrib/sIPOPT/AmplSolver) by extensions ['python_setup_py']
[0.110s] Level 1:colcon.colcon_core.package_identification:_identify(external/ipopt/coinbrew/build/Ipopt/3.14.19/contrib/sIPOPT/AmplSolver) by extension 'python_setup_py'
[0.110s] Level 1:colcon.colcon_core.package_identification:_identify(external/ipopt/coinbrew/build/Ipopt/3.14.19/contrib/sIPOPT/examples) by extensions ['ignore', 'ignore_ament_install']
[0.110s] Level 1:colcon.colcon_core.package_identification:_identify(external/ipopt/coinbrew/build/Ipopt/3.14.19/contrib/sIPOPT/examples) by extension 'ignore'
[0.110s] Level 1:colcon.colcon_core.package_identification:_identify(external/ipopt/coinbrew/build/Ipopt/3.14.19/contrib/sIPOPT/examples) by extension 'ignore_ament_install'
[0.110s] Level 1:colcon.colcon_core.package_identification:_identify(external/ipopt/coinbrew/build/Ipopt/3.14.19/contrib/sIPOPT/examples) by extensions ['colcon_pkg']
[0.110s] Level 1:colcon.colcon_core.package_identification:_identify(external/ipopt/coinbrew/build/Ipopt/3.14.19/contrib/sIPOPT/examples) by extension 'colcon_pkg'
[0.110s] Level 1:colcon.colcon_core.package_identification:_identify(external/ipopt/coinbrew/build/Ipopt/3.14.19/contrib/sIPOPT/examples) by extensions ['colcon_meta']
[0.110s] Level 1:colcon.colcon_core.package_identification:_identify(external/ipopt/coinbrew/build/Ipopt/3.14.19/contrib/sIPOPT/examples) by extension 'colcon_meta'
[0.110s] Level 1:colcon.colcon_core.package_identification:_identify(external/ipopt/coinbrew/build/Ipopt/3.14.19/contrib/sIPOPT/examples) by extensions ['ros']
[0.110s] Level 1:colcon.colcon_core.package_identification:_identify(external/ipopt/coinbrew/build/Ipopt/3.14.19/contrib/sIPOPT/examples) by extension 'ros'
[0.110s] Level 1:colcon.colcon_core.package_identification:_identify(external/ipopt/coinbrew/build/Ipopt/3.14.19/contrib/sIPOPT/examples) by extensions ['cmake', 'python']
[0.110s] Level 1:colcon.colcon_core.package_identification:_identify(external/ipopt/coinbrew/build/Ipopt/3.14.19/contrib/sIPOPT/examples) by extension 'cmake'
[0.110s] Level 1:colcon.colcon_core.package_identification:_identify(external/ipopt/coinbrew/build/Ipopt/3.14.19/contrib/sIPOPT/examples) by extension 'python'
[0.110s] Level 1:colcon.colcon_core.package_identification:_identify(external/ipopt/coinbrew/build/Ipopt/3.14.19/contrib/sIPOPT/examples) by extensions ['python_setup_py']
[0.110s] Level 1:colcon.colcon_core.package_identification:_identify(external/ipopt/coinbrew/build/Ipopt/3.14.19/contrib/sIPOPT/examples) by extension 'python_setup_py'
[0.110s] Level 1:colcon.colcon_core.package_identification:_identify(external/ipopt/coinbrew/build/Ipopt/3.14.19/contrib/sIPOPT/examples/parametric_cpp) by extensions ['ignore', 'ignore_ament_install']
[0.110s] Level 1:colcon.colcon_core.package_identification:_identify(external/ipopt/coinbrew/build/Ipopt/3.14.19/contrib/sIPOPT/examples/parametric_cpp) by extension 'ignore'
[0.110s] Level 1:colcon.colcon_core.package_identification:_identify(external/ipopt/coinbrew/build/Ipopt/3.14.19/contrib/sIPOPT/examples/parametric_cpp) by extension 'ignore_ament_install'
[0.110s] Level 1:colcon.colcon_core.package_identification:_identify(external/ipopt/coinbrew/build/Ipopt/3.14.19/contrib/sIPOPT/examples/parametric_cpp) by extensions ['colcon_pkg']
[0.110s] Level 1:colcon.colcon_core.package_identification:_identify(external/ipopt/coinbrew/build/Ipopt/3.14.19/contrib/sIPOPT/examples/parametric_cpp) by extension 'colcon_pkg'
[0.110s] Level 1:colcon.colcon_core.package_identification:_identify(external/ipopt/coinbrew/build/Ipopt/3.14.19/contrib/sIPOPT/examples/parametric_cpp) by extensions ['colcon_meta']
[0.110s] Level 1:colcon.colcon_core.package_identification:_identify(external/ipopt/coinbrew/build/Ipopt/3.14.19/contrib/sIPOPT/examples/parametric_cpp) by extension 'colcon_meta'
[0.110s] Level 1:colcon.colcon_core.package_identification:_identify(external/ipopt/coinbrew/build/Ipopt/3.14.19/contrib/sIPOPT/examples/parametric_cpp) by extensions ['ros']
[0.110s] Level 1:colcon.colcon_core.package_identification:_identify(external/ipopt/coinbrew/build/Ipopt/3.14.19/contrib/sIPOPT/examples/parametric_cpp) by extension 'ros'
[0.110s] Level 1:colcon.colcon_core.package_identification:_identify(external/ipopt/coinbrew/build/Ipopt/3.14.19/contrib/sIPOPT/examples/parametric_cpp) by extensions ['cmake', 'python']
[0.110s] Level 1:colcon.colcon_core.package_identification:_identify(external/ipopt/coinbrew/build/Ipopt/3.14.19/contrib/sIPOPT/examples/parametric_cpp) by extension 'cmake'
[0.110s] Level 1:colcon.colcon_core.package_identification:_identify(external/ipopt/coinbrew/build/Ipopt/3.14.19/contrib/sIPOPT/examples/parametric_cpp) by extension 'python'
[0.110s] Level 1:colcon.colcon_core.package_identification:_identify(external/ipopt/coinbrew/build/Ipopt/3.14.19/contrib/sIPOPT/examples/parametric_cpp) by extensions ['python_setup_py']
[0.110s] Level 1:colcon.colcon_core.package_identification:_identify(external/ipopt/coinbrew/build/Ipopt/3.14.19/contrib/sIPOPT/examples/parametric_cpp) by extension 'python_setup_py'
[0.110s] Level 1:colcon.colcon_core.package_identification:_identify(external/ipopt/coinbrew/build/Ipopt/3.14.19/contrib/sIPOPT/examples/parametric_dsdp_cpp) by extensions ['ignore', 'ignore_ament_install']
[0.111s] Level 1:colcon.colcon_core.package_identification:_identify(external/ipopt/coinbrew/build/Ipopt/3.14.19/contrib/sIPOPT/examples/parametric_dsdp_cpp) by extension 'ignore'
[0.111s] Level 1:colcon.colcon_core.package_identification:_identify(external/ipopt/coinbrew/build/Ipopt/3.14.19/contrib/sIPOPT/examples/parametric_dsdp_cpp) by extension 'ignore_ament_install'
[0.111s] Level 1:colcon.colcon_core.package_identification:_identify(external/ipopt/coinbrew/build/Ipopt/3.14.19/contrib/sIPOPT/examples/parametric_dsdp_cpp) by extensions ['colcon_pkg']
[0.111s] Level 1:colcon.colcon_core.package_identification:_identify(external/ipopt/coinbrew/build/Ipopt/3.14.19/contrib/sIPOPT/examples/parametric_dsdp_cpp) by extension 'colcon_pkg'
[0.111s] Level 1:colcon.colcon_core.package_identification:_identify(external/ipopt/coinbrew/build/Ipopt/3.14.19/contrib/sIPOPT/examples/parametric_dsdp_cpp) by extensions ['colcon_meta']
[0.111s] Level 1:colcon.colcon_core.package_identification:_identify(external/ipopt/coinbrew/build/Ipopt/3.14.19/contrib/sIPOPT/examples/parametric_dsdp_cpp) by extension 'colcon_meta'
[0.111s] Level 1:colcon.colcon_core.package_identification:_identify(external/ipopt/coinbrew/build/Ipopt/3.14.19/contrib/sIPOPT/examples/parametric_dsdp_cpp) by extensions ['ros']
[0.111s] Level 1:colcon.colcon_core.package_identification:_identify(external/ipopt/coinbrew/build/Ipopt/3.14.19/contrib/sIPOPT/examples/parametric_dsdp_cpp) by extension 'ros'
[0.111s] Level 1:colcon.colcon_core.package_identification:_identify(external/ipopt/coinbrew/build/Ipopt/3.14.19/contrib/sIPOPT/examples/parametric_dsdp_cpp) by extensions ['cmake', 'python']
[0.111s] Level 1:colcon.colcon_core.package_identification:_identify(external/ipopt/coinbrew/build/Ipopt/3.14.19/contrib/sIPOPT/examples/parametric_dsdp_cpp) by extension 'cmake'
[0.111s] Level 1:colcon.colcon_core.package_identification:_identify(external/ipopt/coinbrew/build/Ipopt/3.14.19/contrib/sIPOPT/examples/parametric_dsdp_cpp) by extension 'python'
[0.111s] Level 1:colcon.colcon_core.package_identification:_identify(external/ipopt/coinbrew/build/Ipopt/3.14.19/contrib/sIPOPT/examples/parametric_dsdp_cpp) by extensions ['python_setup_py']
[0.111s] Level 1:colcon.colcon_core.package_identification:_identify(external/ipopt/coinbrew/build/Ipopt/3.14.19/contrib/sIPOPT/examples/parametric_dsdp_cpp) by extension 'python_setup_py'
[0.111s] Level 1:colcon.colcon_core.package_identification:_identify(external/ipopt/coinbrew/build/Ipopt/3.14.19/contrib/sIPOPT/examples/redhess_cpp) by extensions ['ignore', 'ignore_ament_install']
[0.111s] Level 1:colcon.colcon_core.package_identification:_identify(external/ipopt/coinbrew/build/Ipopt/3.14.19/contrib/sIPOPT/examples/redhess_cpp) by extension 'ignore'
[0.111s] Level 1:colcon.colcon_core.package_identification:_identify(external/ipopt/coinbrew/build/Ipopt/3.14.19/contrib/sIPOPT/examples/redhess_cpp) by extension 'ignore_ament_install'
[0.111s] Level 1:colcon.colcon_core.package_identification:_identify(external/ipopt/coinbrew/build/Ipopt/3.14.19/contrib/sIPOPT/examples/redhess_cpp) by extensions ['colcon_pkg']
[0.111s] Level 1:colcon.colcon_core.package_identification:_identify(external/ipopt/coinbrew/build/Ipopt/3.14.19/contrib/sIPOPT/examples/redhess_cpp) by extension 'colcon_pkg'
[0.111s] Level 1:colcon.colcon_core.package_identification:_identify(external/ipopt/coinbrew/build/Ipopt/3.14.19/contrib/sIPOPT/examples/redhess_cpp) by extensions ['colcon_meta']
[0.111s] Level 1:colcon.colcon_core.package_identification:_identify(external/ipopt/coinbrew/build/Ipopt/3.14.19/contrib/sIPOPT/examples/redhess_cpp) by extension 'colcon_meta'
[0.111s] Level 1:colcon.colcon_core.package_identification:_identify(external/ipopt/coinbrew/build/Ipopt/3.14.19/contrib/sIPOPT/examples/redhess_cpp) by extensions ['ros']
[0.111s] Level 1:colcon.colcon_core.package_identification:_identify(external/ipopt/coinbrew/build/Ipopt/3.14.19/contrib/sIPOPT/examples/redhess_cpp) by extension 'ros'
[0.111s] Level 1:colcon.colcon_core.package_identification:_identify(external/ipopt/coinbrew/build/Ipopt/3.14.19/contrib/sIPOPT/examples/redhess_cpp) by extensions ['cmake', 'python']
[0.111s] Level 1:colcon.colcon_core.package_identification:_identify(external/ipopt/coinbrew/build/Ipopt/3.14.19/contrib/sIPOPT/examples/redhess_cpp) by extension 'cmake'
[0.111s] Level 1:colcon.colcon_core.package_identification:_identify(external/ipopt/coinbrew/build/Ipopt/3.14.19/contrib/sIPOPT/examples/redhess_cpp) by extension 'python'
[0.111s] Level 1:colcon.colcon_core.package_identification:_identify(external/ipopt/coinbrew/build/Ipopt/3.14.19/contrib/sIPOPT/examples/redhess_cpp) by extensions ['python_setup_py']
[0.111s] Level 1:colcon.colcon_core.package_identification:_identify(external/ipopt/coinbrew/build/Ipopt/3.14.19/contrib/sIPOPT/examples/redhess_cpp) by extension 'python_setup_py'
[0.111s] Level 1:colcon.colcon_core.package_identification:_identify(external/ipopt/coinbrew/build/Ipopt/3.14.19/contrib/sIPOPT/src) by extensions ['ignore', 'ignore_ament_install']
[0.111s] Level 1:colcon.colcon_core.package_identification:_identify(external/ipopt/coinbrew/build/Ipopt/3.14.19/contrib/sIPOPT/src) by extension 'ignore'
[0.111s] Level 1:colcon.colcon_core.package_identification:_identify(external/ipopt/coinbrew/build/Ipopt/3.14.19/contrib/sIPOPT/src) by extension 'ignore_ament_install'
[0.111s] Level 1:colcon.colcon_core.package_identification:_identify(external/ipopt/coinbrew/build/Ipopt/3.14.19/contrib/sIPOPT/src) by extensions ['colcon_pkg']
[0.111s] Level 1:colcon.colcon_core.package_identification:_identify(external/ipopt/coinbrew/build/Ipopt/3.14.19/contrib/sIPOPT/src) by extension 'colcon_pkg'
[0.111s] Level 1:colcon.colcon_core.package_identification:_identify(external/ipopt/coinbrew/build/Ipopt/3.14.19/contrib/sIPOPT/src) by extensions ['colcon_meta']
[0.111s] Level 1:colcon.colcon_core.package_identification:_identify(external/ipopt/coinbrew/build/Ipopt/3.14.19/contrib/sIPOPT/src) by extension 'colcon_meta'
[0.111s] Level 1:colcon.colcon_core.package_identification:_identify(external/ipopt/coinbrew/build/Ipopt/3.14.19/contrib/sIPOPT/src) by extensions ['ros']
[0.111s] Level 1:colcon.colcon_core.package_identification:_identify(external/ipopt/coinbrew/build/Ipopt/3.14.19/contrib/sIPOPT/src) by extension 'ros'
[0.111s] Level 1:colcon.colcon_core.package_identification:_identify(external/ipopt/coinbrew/build/Ipopt/3.14.19/contrib/sIPOPT/src) by extensions ['cmake', 'python']
[0.111s] Level 1:colcon.colcon_core.package_identification:_identify(external/ipopt/coinbrew/build/Ipopt/3.14.19/contrib/sIPOPT/src) by extension 'cmake'
[0.111s] Level 1:colcon.colcon_core.package_identification:_identify(external/ipopt/coinbrew/build/Ipopt/3.14.19/contrib/sIPOPT/src) by extension 'python'
[0.111s] Level 1:colcon.colcon_core.package_identification:_identify(external/ipopt/coinbrew/build/Ipopt/3.14.19/contrib/sIPOPT/src) by extensions ['python_setup_py']
[0.111s] Level 1:colcon.colcon_core.package_identification:_identify(external/ipopt/coinbrew/build/Ipopt/3.14.19/contrib/sIPOPT/src) by extension 'python_setup_py'
[0.111s] Level 1:colcon.colcon_core.package_identification:_identify(external/ipopt/coinbrew/build/Ipopt/3.14.19/doc) by extensions ['ignore', 'ignore_ament_install']
[0.111s] Level 1:colcon.colcon_core.package_identification:_identify(external/ipopt/coinbrew/build/Ipopt/3.14.19/doc) by extension 'ignore'
[0.111s] Level 1:colcon.colcon_core.package_identification:_identify(external/ipopt/coinbrew/build/Ipopt/3.14.19/doc) by extension 'ignore_ament_install'
[0.111s] Level 1:colcon.colcon_core.package_identification:_identify(external/ipopt/coinbrew/build/Ipopt/3.14.19/doc) by extensions ['colcon_pkg']
[0.111s] Level 1:colcon.colcon_core.package_identification:_identify(external/ipopt/coinbrew/build/Ipopt/3.14.19/doc) by extension 'colcon_pkg'
[0.111s] Level 1:colcon.colcon_core.package_identification:_identify(external/ipopt/coinbrew/build/Ipopt/3.14.19/doc) by extensions ['colcon_meta']
[0.111s] Level 1:colcon.colcon_core.package_identification:_identify(external/ipopt/coinbrew/build/Ipopt/3.14.19/doc) by extension 'colcon_meta'
[0.111s] Level 1:colcon.colcon_core.package_identification:_identify(external/ipopt/coinbrew/build/Ipopt/3.14.19/doc) by extensions ['ros']
[0.111s] Level 1:colcon.colcon_core.package_identification:_identify(external/ipopt/coinbrew/build/Ipopt/3.14.19/doc) by extension 'ros'
[0.111s] Level 1:colcon.colcon_core.package_identification:_identify(external/ipopt/coinbrew/build/Ipopt/3.14.19/doc) by extensions ['cmake', 'python']
[0.111s] Level 1:colcon.colcon_core.package_identification:_identify(external/ipopt/coinbrew/build/Ipopt/3.14.19/doc) by extension 'cmake'
[0.111s] Level 1:colcon.colcon_core.package_identification:_identify(external/ipopt/coinbrew/build/Ipopt/3.14.19/doc) by extension 'python'
[0.111s] Level 1:colcon.colcon_core.package_identification:_identify(external/ipopt/coinbrew/build/Ipopt/3.14.19/doc) by extensions ['python_setup_py']
[0.111s] Level 1:colcon.colcon_core.package_identification:_identify(external/ipopt/coinbrew/build/Ipopt/3.14.19/doc) by extension 'python_setup_py'
[0.111s] Level 1:colcon.colcon_core.package_identification:_identify(external/ipopt/coinbrew/build/Ipopt/3.14.19/examples) by extensions ['ignore', 'ignore_ament_install']
[0.111s] Level 1:colcon.colcon_core.package_identification:_identify(external/ipopt/coinbrew/build/Ipopt/3.14.19/examples) by extension 'ignore'
[0.111s] Level 1:colcon.colcon_core.package_identification:_identify(external/ipopt/coinbrew/build/Ipopt/3.14.19/examples) by extension 'ignore_ament_install'
[0.111s] Level 1:colcon.colcon_core.package_identification:_identify(external/ipopt/coinbrew/build/Ipopt/3.14.19/examples) by extensions ['colcon_pkg']
[0.111s] Level 1:colcon.colcon_core.package_identification:_identify(external/ipopt/coinbrew/build/Ipopt/3.14.19/examples) by extension 'colcon_pkg'
[0.111s] Level 1:colcon.colcon_core.package_identification:_identify(external/ipopt/coinbrew/build/Ipopt/3.14.19/examples) by extensions ['colcon_meta']
[0.111s] Level 1:colcon.colcon_core.package_identification:_identify(external/ipopt/coinbrew/build/Ipopt/3.14.19/examples) by extension 'colcon_meta'
[0.112s] Level 1:colcon.colcon_core.package_identification:_identify(external/ipopt/coinbrew/build/Ipopt/3.14.19/examples) by extensions ['ros']
[0.112s] Level 1:colcon.colcon_core.package_identification:_identify(external/ipopt/coinbrew/build/Ipopt/3.14.19/examples) by extension 'ros'
[0.112s] Level 1:colcon.colcon_core.package_identification:_identify(external/ipopt/coinbrew/build/Ipopt/3.14.19/examples) by extensions ['cmake', 'python']
[0.112s] Level 1:colcon.colcon_core.package_identification:_identify(external/ipopt/coinbrew/build/Ipopt/3.14.19/examples) by extension 'cmake'
[0.112s] Level 1:colcon.colcon_core.package_identification:_identify(external/ipopt/coinbrew/build/Ipopt/3.14.19/examples) by extension 'python'
[0.112s] Level 1:colcon.colcon_core.package_identification:_identify(external/ipopt/coinbrew/build/Ipopt/3.14.19/examples) by extensions ['python_setup_py']
[0.112s] Level 1:colcon.colcon_core.package_identification:_identify(external/ipopt/coinbrew/build/Ipopt/3.14.19/examples) by extension 'python_setup_py'
[0.112s] Level 1:colcon.colcon_core.package_identification:_identify(external/ipopt/coinbrew/build/Ipopt/3.14.19/examples/Cpp_example) by extensions ['ignore', 'ignore_ament_install']
[0.112s] Level 1:colcon.colcon_core.package_identification:_identify(external/ipopt/coinbrew/build/Ipopt/3.14.19/examples/Cpp_example) by extension 'ignore'
[0.112s] Level 1:colcon.colcon_core.package_identification:_identify(external/ipopt/coinbrew/build/Ipopt/3.14.19/examples/Cpp_example) by extension 'ignore_ament_install'
[0.112s] Level 1:colcon.colcon_core.package_identification:_identify(external/ipopt/coinbrew/build/Ipopt/3.14.19/examples/Cpp_example) by extensions ['colcon_pkg']
[0.112s] Level 1:colcon.colcon_core.package_identification:_identify(external/ipopt/coinbrew/build/Ipopt/3.14.19/examples/Cpp_example) by extension 'colcon_pkg'
[0.112s] Level 1:colcon.colcon_core.package_identification:_identify(external/ipopt/coinbrew/build/Ipopt/3.14.19/examples/Cpp_example) by extensions ['colcon_meta']
[0.112s] Level 1:colcon.colcon_core.package_identification:_identify(external/ipopt/coinbrew/build/Ipopt/3.14.19/examples/Cpp_example) by extension 'colcon_meta'
[0.112s] Level 1:colcon.colcon_core.package_identification:_identify(external/ipopt/coinbrew/build/Ipopt/3.14.19/examples/Cpp_example) by extensions ['ros']
[0.112s] Level 1:colcon.colcon_core.package_identification:_identify(external/ipopt/coinbrew/build/Ipopt/3.14.19/examples/Cpp_example) by extension 'ros'
[0.112s] Level 1:colcon.colcon_core.package_identification:_identify(external/ipopt/coinbrew/build/Ipopt/3.14.19/examples/Cpp_example) by extensions ['cmake', 'python']
[0.112s] Level 1:colcon.colcon_core.package_identification:_identify(external/ipopt/coinbrew/build/Ipopt/3.14.19/examples/Cpp_example) by extension 'cmake'
[0.112s] Level 1:colcon.colcon_core.package_identification:_identify(external/ipopt/coinbrew/build/Ipopt/3.14.19/examples/Cpp_example) by extension 'python'
[0.112s] Level 1:colcon.colcon_core.package_identification:_identify(external/ipopt/coinbrew/build/Ipopt/3.14.19/examples/Cpp_example) by extensions ['python_setup_py']
[0.112s] Level 1:colcon.colcon_core.package_identification:_identify(external/ipopt/coinbrew/build/Ipopt/3.14.19/examples/Cpp_example) by extension 'python_setup_py'
[0.112s] Level 1:colcon.colcon_core.package_identification:_identify(external/ipopt/coinbrew/build/Ipopt/3.14.19/examples/ScalableProblems) by extensions ['ignore', 'ignore_ament_install']
[0.112s] Level 1:colcon.colcon_core.package_identification:_identify(external/ipopt/coinbrew/build/Ipopt/3.14.19/examples/ScalableProblems) by extension 'ignore'
[0.112s] Level 1:colcon.colcon_core.package_identification:_identify(external/ipopt/coinbrew/build/Ipopt/3.14.19/examples/ScalableProblems) by extension 'ignore_ament_install'
[0.112s] Level 1:colcon.colcon_core.package_identification:_identify(external/ipopt/coinbrew/build/Ipopt/3.14.19/examples/ScalableProblems) by extensions ['colcon_pkg']
[0.112s] Level 1:colcon.colcon_core.package_identification:_identify(external/ipopt/coinbrew/build/Ipopt/3.14.19/examples/ScalableProblems) by extension 'colcon_pkg'
[0.112s] Level 1:colcon.colcon_core.package_identification:_identify(external/ipopt/coinbrew/build/Ipopt/3.14.19/examples/ScalableProblems) by extensions ['colcon_meta']
[0.112s] Level 1:colcon.colcon_core.package_identification:_identify(external/ipopt/coinbrew/build/Ipopt/3.14.19/examples/ScalableProblems) by extension 'colcon_meta'
[0.112s] Level 1:colcon.colcon_core.package_identification:_identify(external/ipopt/coinbrew/build/Ipopt/3.14.19/examples/ScalableProblems) by extensions ['ros']
[0.112s] Level 1:colcon.colcon_core.package_identification:_identify(external/ipopt/coinbrew/build/Ipopt/3.14.19/examples/ScalableProblems) by extension 'ros'
[0.112s] Level 1:colcon.colcon_core.package_identification:_identify(external/ipopt/coinbrew/build/Ipopt/3.14.19/examples/ScalableProblems) by extensions ['cmake', 'python']
[0.112s] Level 1:colcon.colcon_core.package_identification:_identify(external/ipopt/coinbrew/build/Ipopt/3.14.19/examples/ScalableProblems) by extension 'cmake'
[0.112s] Level 1:colcon.colcon_core.package_identification:_identify(external/ipopt/coinbrew/build/Ipopt/3.14.19/examples/ScalableProblems) by extension 'python'
[0.112s] Level 1:colcon.colcon_core.package_identification:_identify(external/ipopt/coinbrew/build/Ipopt/3.14.19/examples/ScalableProblems) by extensions ['python_setup_py']
[0.112s] Level 1:colcon.colcon_core.package_identification:_identify(external/ipopt/coinbrew/build/Ipopt/3.14.19/examples/ScalableProblems) by extension 'python_setup_py'
[0.112s] Level 1:colcon.colcon_core.package_identification:_identify(external/ipopt/coinbrew/build/Ipopt/3.14.19/examples/ScalableProblems_java) by extensions ['ignore', 'ignore_ament_install']
[0.112s] Level 1:colcon.colcon_core.package_identification:_identify(external/ipopt/coinbrew/build/Ipopt/3.14.19/examples/ScalableProblems_java) by extension 'ignore'
[0.112s] Level 1:colcon.colcon_core.package_identification:_identify(external/ipopt/coinbrew/build/Ipopt/3.14.19/examples/ScalableProblems_java) by extension 'ignore_ament_install'
[0.112s] Level 1:colcon.colcon_core.package_identification:_identify(external/ipopt/coinbrew/build/Ipopt/3.14.19/examples/ScalableProblems_java) by extensions ['colcon_pkg']
[0.112s] Level 1:colcon.colcon_core.package_identification:_identify(external/ipopt/coinbrew/build/Ipopt/3.14.19/examples/ScalableProblems_java) by extension 'colcon_pkg'
[0.112s] Level 1:colcon.colcon_core.package_identification:_identify(external/ipopt/coinbrew/build/Ipopt/3.14.19/examples/ScalableProblems_java) by extensions ['colcon_meta']
[0.112s] Level 1:colcon.colcon_core.package_identification:_identify(external/ipopt/coinbrew/build/Ipopt/3.14.19/examples/ScalableProblems_java) by extension 'colcon_meta'
[0.112s] Level 1:colcon.colcon_core.package_identification:_identify(external/ipopt/coinbrew/build/Ipopt/3.14.19/examples/ScalableProblems_java) by extensions ['ros']
[0.112s] Level 1:colcon.colcon_core.package_identification:_identify(external/ipopt/coinbrew/build/Ipopt/3.14.19/examples/ScalableProblems_java) by extension 'ros'
[0.112s] Level 1:colcon.colcon_core.package_identification:_identify(external/ipopt/coinbrew/build/Ipopt/3.14.19/examples/ScalableProblems_java) by extensions ['cmake', 'python']
[0.112s] Level 1:colcon.colcon_core.package_identification:_identify(external/ipopt/coinbrew/build/Ipopt/3.14.19/examples/ScalableProblems_java) by extension 'cmake'
[0.112s] Level 1:colcon.colcon_core.package_identification:_identify(external/ipopt/coinbrew/build/Ipopt/3.14.19/examples/ScalableProblems_java) by extension 'python'
[0.112s] Level 1:colcon.colcon_core.package_identification:_identify(external/ipopt/coinbrew/build/Ipopt/3.14.19/examples/ScalableProblems_java) by extensions ['python_setup_py']
[0.112s] Level 1:colcon.colcon_core.package_identification:_identify(external/ipopt/coinbrew/build/Ipopt/3.14.19/examples/ScalableProblems_java) by extension 'python_setup_py'
[0.112s] Level 1:colcon.colcon_core.package_identification:_identify(external/ipopt/coinbrew/build/Ipopt/3.14.19/examples/hs071_c) by extensions ['ignore', 'ignore_ament_install']
[0.112s] Level 1:colcon.colcon_core.package_identification:_identify(external/ipopt/coinbrew/build/Ipopt/3.14.19/examples/hs071_c) by extension 'ignore'
[0.112s] Level 1:colcon.colcon_core.package_identification:_identify(external/ipopt/coinbrew/build/Ipopt/3.14.19/examples/hs071_c) by extension 'ignore_ament_install'
[0.112s] Level 1:colcon.colcon_core.package_identification:_identify(external/ipopt/coinbrew/build/Ipopt/3.14.19/examples/hs071_c) by extensions ['colcon_pkg']
[0.112s] Level 1:colcon.colcon_core.package_identification:_identify(external/ipopt/coinbrew/build/Ipopt/3.14.19/examples/hs071_c) by extension 'colcon_pkg'
[0.112s] Level 1:colcon.colcon_core.package_identification:_identify(external/ipopt/coinbrew/build/Ipopt/3.14.19/examples/hs071_c) by extensions ['colcon_meta']
[0.112s] Level 1:colcon.colcon_core.package_identification:_identify(external/ipopt/coinbrew/build/Ipopt/3.14.19/examples/hs071_c) by extension 'colcon_meta'
[0.112s] Level 1:colcon.colcon_core.package_identification:_identify(external/ipopt/coinbrew/build/Ipopt/3.14.19/examples/hs071_c) by extensions ['ros']
[0.112s] Level 1:colcon.colcon_core.package_identification:_identify(external/ipopt/coinbrew/build/Ipopt/3.14.19/examples/hs071_c) by extension 'ros'
[0.112s] Level 1:colcon.colcon_core.package_identification:_identify(external/ipopt/coinbrew/build/Ipopt/3.14.19/examples/hs071_c) by extensions ['cmake', 'python']
[0.112s] Level 1:colcon.colcon_core.package_identification:_identify(external/ipopt/coinbrew/build/Ipopt/3.14.19/examples/hs071_c) by extension 'cmake'
[0.112s] Level 1:colcon.colcon_core.package_identification:_identify(external/ipopt/coinbrew/build/Ipopt/3.14.19/examples/hs071_c) by extension 'python'
[0.112s] Level 1:colcon.colcon_core.package_identification:_identify(external/ipopt/coinbrew/build/Ipopt/3.14.19/examples/hs071_c) by extensions ['python_setup_py']
[0.112s] Level 1:colcon.colcon_core.package_identification:_identify(external/ipopt/coinbrew/build/Ipopt/3.14.19/examples/hs071_c) by extension 'python_setup_py'
[0.113s] Level 1:colcon.colcon_core.package_identification:_identify(external/ipopt/coinbrew/build/Ipopt/3.14.19/examples/hs071_cpp) by extensions ['ignore', 'ignore_ament_install']
[0.113s] Level 1:colcon.colcon_core.package_identification:_identify(external/ipopt/coinbrew/build/Ipopt/3.14.19/examples/hs071_cpp) by extension 'ignore'
[0.113s] Level 1:colcon.colcon_core.package_identification:_identify(external/ipopt/coinbrew/build/Ipopt/3.14.19/examples/hs071_cpp) by extension 'ignore_ament_install'
[0.113s] Level 1:colcon.colcon_core.package_identification:_identify(external/ipopt/coinbrew/build/Ipopt/3.14.19/examples/hs071_cpp) by extensions ['colcon_pkg']
[0.113s] Level 1:colcon.colcon_core.package_identification:_identify(external/ipopt/coinbrew/build/Ipopt/3.14.19/examples/hs071_cpp) by extension 'colcon_pkg'
[0.113s] Level 1:colcon.colcon_core.package_identification:_identify(external/ipopt/coinbrew/build/Ipopt/3.14.19/examples/hs071_cpp) by extensions ['colcon_meta']
[0.113s] Level 1:colcon.colcon_core.package_identification:_identify(external/ipopt/coinbrew/build/Ipopt/3.14.19/examples/hs071_cpp) by extension 'colcon_meta'
[0.113s] Level 1:colcon.colcon_core.package_identification:_identify(external/ipopt/coinbrew/build/Ipopt/3.14.19/examples/hs071_cpp) by extensions ['ros']
[0.113s] Level 1:colcon.colcon_core.package_identification:_identify(external/ipopt/coinbrew/build/Ipopt/3.14.19/examples/hs071_cpp) by extension 'ros'
[0.113s] Level 1:colcon.colcon_core.package_identification:_identify(external/ipopt/coinbrew/build/Ipopt/3.14.19/examples/hs071_cpp) by extensions ['cmake', 'python']
[0.113s] Level 1:colcon.colcon_core.package_identification:_identify(external/ipopt/coinbrew/build/Ipopt/3.14.19/examples/hs071_cpp) by extension 'cmake'
[0.113s] Level 1:colcon.colcon_core.package_identification:_identify(external/ipopt/coinbrew/build/Ipopt/3.14.19/examples/hs071_cpp) by extension 'python'
[0.113s] Level 1:colcon.colcon_core.package_identification:_identify(external/ipopt/coinbrew/build/Ipopt/3.14.19/examples/hs071_cpp) by extensions ['python_setup_py']
[0.113s] Level 1:colcon.colcon_core.package_identification:_identify(external/ipopt/coinbrew/build/Ipopt/3.14.19/examples/hs071_cpp) by extension 'python_setup_py'
[0.113s] Level 1:colcon.colcon_core.package_identification:_identify(external/ipopt/coinbrew/build/Ipopt/3.14.19/examples/hs071_f) by extensions ['ignore', 'ignore_ament_install']
[0.113s] Level 1:colcon.colcon_core.package_identification:_identify(external/ipopt/coinbrew/build/Ipopt/3.14.19/examples/hs071_f) by extension 'ignore'
[0.113s] Level 1:colcon.colcon_core.package_identification:_identify(external/ipopt/coinbrew/build/Ipopt/3.14.19/examples/hs071_f) by extension 'ignore_ament_install'
[0.113s] Level 1:colcon.colcon_core.package_identification:_identify(external/ipopt/coinbrew/build/Ipopt/3.14.19/examples/hs071_f) by extensions ['colcon_pkg']
[0.113s] Level 1:colcon.colcon_core.package_identification:_identify(external/ipopt/coinbrew/build/Ipopt/3.14.19/examples/hs071_f) by extension 'colcon_pkg'
[0.113s] Level 1:colcon.colcon_core.package_identification:_identify(external/ipopt/coinbrew/build/Ipopt/3.14.19/examples/hs071_f) by extensions ['colcon_meta']
[0.113s] Level 1:colcon.colcon_core.package_identification:_identify(external/ipopt/coinbrew/build/Ipopt/3.14.19/examples/hs071_f) by extension 'colcon_meta'
[0.113s] Level 1:colcon.colcon_core.package_identification:_identify(external/ipopt/coinbrew/build/Ipopt/3.14.19/examples/hs071_f) by extensions ['ros']
[0.113s] Level 1:colcon.colcon_core.package_identification:_identify(external/ipopt/coinbrew/build/Ipopt/3.14.19/examples/hs071_f) by extension 'ros'
[0.113s] Level 1:colcon.colcon_core.package_identification:_identify(external/ipopt/coinbrew/build/Ipopt/3.14.19/examples/hs071_f) by extensions ['cmake', 'python']
[0.113s] Level 1:colcon.colcon_core.package_identification:_identify(external/ipopt/coinbrew/build/Ipopt/3.14.19/examples/hs071_f) by extension 'cmake'
[0.113s] Level 1:colcon.colcon_core.package_identification:_identify(external/ipopt/coinbrew/build/Ipopt/3.14.19/examples/hs071_f) by extension 'python'
[0.113s] Level 1:colcon.colcon_core.package_identification:_identify(external/ipopt/coinbrew/build/Ipopt/3.14.19/examples/hs071_f) by extensions ['python_setup_py']
[0.113s] Level 1:colcon.colcon_core.package_identification:_identify(external/ipopt/coinbrew/build/Ipopt/3.14.19/examples/hs071_f) by extension 'python_setup_py'
[0.113s] Level 1:colcon.colcon_core.package_identification:_identify(external/ipopt/coinbrew/build/Ipopt/3.14.19/examples/hs071_java) by extensions ['ignore', 'ignore_ament_install']
[0.113s] Level 1:colcon.colcon_core.package_identification:_identify(external/ipopt/coinbrew/build/Ipopt/3.14.19/examples/hs071_java) by extension 'ignore'
[0.113s] Level 1:colcon.colcon_core.package_identification:_identify(external/ipopt/coinbrew/build/Ipopt/3.14.19/examples/hs071_java) by extension 'ignore_ament_install'
[0.113s] Level 1:colcon.colcon_core.package_identification:_identify(external/ipopt/coinbrew/build/Ipopt/3.14.19/examples/hs071_java) by extensions ['colcon_pkg']
[0.113s] Level 1:colcon.colcon_core.package_identification:_identify(external/ipopt/coinbrew/build/Ipopt/3.14.19/examples/hs071_java) by extension 'colcon_pkg'
[0.113s] Level 1:colcon.colcon_core.package_identification:_identify(external/ipopt/coinbrew/build/Ipopt/3.14.19/examples/hs071_java) by extensions ['colcon_meta']
[0.113s] Level 1:colcon.colcon_core.package_identification:_identify(external/ipopt/coinbrew/build/Ipopt/3.14.19/examples/hs071_java) by extension 'colcon_meta'
[0.113s] Level 1:colcon.colcon_core.package_identification:_identify(external/ipopt/coinbrew/build/Ipopt/3.14.19/examples/hs071_java) by extensions ['ros']
[0.113s] Level 1:colcon.colcon_core.package_identification:_identify(external/ipopt/coinbrew/build/Ipopt/3.14.19/examples/hs071_java) by extension 'ros'
[0.113s] Level 1:colcon.colcon_core.package_identification:_identify(external/ipopt/coinbrew/build/Ipopt/3.14.19/examples/hs071_java) by extensions ['cmake', 'python']
[0.113s] Level 1:colcon.colcon_core.package_identification:_identify(external/ipopt/coinbrew/build/Ipopt/3.14.19/examples/hs071_java) by extension 'cmake'
[0.113s] Level 1:colcon.colcon_core.package_identification:_identify(external/ipopt/coinbrew/build/Ipopt/3.14.19/examples/hs071_java) by extension 'python'
[0.113s] Level 1:colcon.colcon_core.package_identification:_identify(external/ipopt/coinbrew/build/Ipopt/3.14.19/examples/hs071_java) by extensions ['python_setup_py']
[0.113s] Level 1:colcon.colcon_core.package_identification:_identify(external/ipopt/coinbrew/build/Ipopt/3.14.19/examples/hs071_java) by extension 'python_setup_py'
[0.113s] Level 1:colcon.colcon_core.package_identification:_identify(external/ipopt/coinbrew/build/Ipopt/3.14.19/examples/recursive_nlp) by extensions ['ignore', 'ignore_ament_install']
[0.113s] Level 1:colcon.colcon_core.package_identification:_identify(external/ipopt/coinbrew/build/Ipopt/3.14.19/examples/recursive_nlp) by extension 'ignore'
[0.113s] Level 1:colcon.colcon_core.package_identification:_identify(external/ipopt/coinbrew/build/Ipopt/3.14.19/examples/recursive_nlp) by extension 'ignore_ament_install'
[0.113s] Level 1:colcon.colcon_core.package_identification:_identify(external/ipopt/coinbrew/build/Ipopt/3.14.19/examples/recursive_nlp) by extensions ['colcon_pkg']
[0.113s] Level 1:colcon.colcon_core.package_identification:_identify(external/ipopt/coinbrew/build/Ipopt/3.14.19/examples/recursive_nlp) by extension 'colcon_pkg'
[0.113s] Level 1:colcon.colcon_core.package_identification:_identify(external/ipopt/coinbrew/build/Ipopt/3.14.19/examples/recursive_nlp) by extensions ['colcon_meta']
[0.113s] Level 1:colcon.colcon_core.package_identification:_identify(external/ipopt/coinbrew/build/Ipopt/3.14.19/examples/recursive_nlp) by extension 'colcon_meta'
[0.113s] Level 1:colcon.colcon_core.package_identification:_identify(external/ipopt/coinbrew/build/Ipopt/3.14.19/examples/recursive_nlp) by extensions ['ros']
[0.113s] Level 1:colcon.colcon_core.package_identification:_identify(external/ipopt/coinbrew/build/Ipopt/3.14.19/examples/recursive_nlp) by extension 'ros'
[0.113s] Level 1:colcon.colcon_core.package_identification:_identify(external/ipopt/coinbrew/build/Ipopt/3.14.19/examples/recursive_nlp) by extensions ['cmake', 'python']
[0.113s] Level 1:colcon.colcon_core.package_identification:_identify(external/ipopt/coinbrew/build/Ipopt/3.14.19/examples/recursive_nlp) by extension 'cmake'
[0.113s] Level 1:colcon.colcon_core.package_identification:_identify(external/ipopt/coinbrew/build/Ipopt/3.14.19/examples/recursive_nlp) by extension 'python'
[0.113s] Level 1:colcon.colcon_core.package_identification:_identify(external/ipopt/coinbrew/build/Ipopt/3.14.19/examples/recursive_nlp) by extensions ['python_setup_py']
[0.113s] Level 1:colcon.colcon_core.package_identification:_identify(external/ipopt/coinbrew/build/Ipopt/3.14.19/examples/recursive_nlp) by extension 'python_setup_py'
[0.113s] Level 1:colcon.colcon_core.package_identification:_identify(external/ipopt/coinbrew/build/Ipopt/3.14.19/src) by extensions ['ignore', 'ignore_ament_install']
[0.113s] Level 1:colcon.colcon_core.package_identification:_identify(external/ipopt/coinbrew/build/Ipopt/3.14.19/src) by extension 'ignore'
[0.113s] Level 1:colcon.colcon_core.package_identification:_identify(external/ipopt/coinbrew/build/Ipopt/3.14.19/src) by extension 'ignore_ament_install'
[0.113s] Level 1:colcon.colcon_core.package_identification:_identify(external/ipopt/coinbrew/build/Ipopt/3.14.19/src) by extensions ['colcon_pkg']
[0.113s] Level 1:colcon.colcon_core.package_identification:_identify(external/ipopt/coinbrew/build/Ipopt/3.14.19/src) by extension 'colcon_pkg'
[0.113s] Level 1:colcon.colcon_core.package_identification:_identify(external/ipopt/coinbrew/build/Ipopt/3.14.19/src) by extensions ['colcon_meta']
[0.113s] Level 1:colcon.colcon_core.package_identification:_identify(external/ipopt/coinbrew/build/Ipopt/3.14.19/src) by extension 'colcon_meta'
[0.114s] Level 1:colcon.colcon_core.package_identification:_identify(external/ipopt/coinbrew/build/Ipopt/3.14.19/src) by extensions ['ros']
[0.114s] Level 1:colcon.colcon_core.package_identification:_identify(external/ipopt/coinbrew/build/Ipopt/3.14.19/src) by extension 'ros'
[0.114s] Level 1:colcon.colcon_core.package_identification:_identify(external/ipopt/coinbrew/build/Ipopt/3.14.19/src) by extensions ['cmake', 'python']
[0.114s] Level 1:colcon.colcon_core.package_identification:_identify(external/ipopt/coinbrew/build/Ipopt/3.14.19/src) by extension 'cmake'
[0.114s] Level 1:colcon.colcon_core.package_identification:_identify(external/ipopt/coinbrew/build/Ipopt/3.14.19/src) by extension 'python'
[0.114s] Level 1:colcon.colcon_core.package_identification:_identify(external/ipopt/coinbrew/build/Ipopt/3.14.19/src) by extensions ['python_setup_py']
[0.114s] Level 1:colcon.colcon_core.package_identification:_identify(external/ipopt/coinbrew/build/Ipopt/3.14.19/src) by extension 'python_setup_py'
[0.114s] Level 1:colcon.colcon_core.package_identification:_identify(external/ipopt/coinbrew/build/Ipopt/3.14.19/src/Algorithm) by extensions ['ignore', 'ignore_ament_install']
[0.114s] Level 1:colcon.colcon_core.package_identification:_identify(external/ipopt/coinbrew/build/Ipopt/3.14.19/src/Algorithm) by extension 'ignore'
[0.114s] Level 1:colcon.colcon_core.package_identification:_identify(external/ipopt/coinbrew/build/Ipopt/3.14.19/src/Algorithm) by extension 'ignore_ament_install'
[0.114s] Level 1:colcon.colcon_core.package_identification:_identify(external/ipopt/coinbrew/build/Ipopt/3.14.19/src/Algorithm) by extensions ['colcon_pkg']
[0.114s] Level 1:colcon.colcon_core.package_identification:_identify(external/ipopt/coinbrew/build/Ipopt/3.14.19/src/Algorithm) by extension 'colcon_pkg'
[0.114s] Level 1:colcon.colcon_core.package_identification:_identify(external/ipopt/coinbrew/build/Ipopt/3.14.19/src/Algorithm) by extensions ['colcon_meta']
[0.114s] Level 1:colcon.colcon_core.package_identification:_identify(external/ipopt/coinbrew/build/Ipopt/3.14.19/src/Algorithm) by extension 'colcon_meta'
[0.114s] Level 1:colcon.colcon_core.package_identification:_identify(external/ipopt/coinbrew/build/Ipopt/3.14.19/src/Algorithm) by extensions ['ros']
[0.114s] Level 1:colcon.colcon_core.package_identification:_identify(external/ipopt/coinbrew/build/Ipopt/3.14.19/src/Algorithm) by extension 'ros'
[0.114s] Level 1:colcon.colcon_core.package_identification:_identify(external/ipopt/coinbrew/build/Ipopt/3.14.19/src/Algorithm) by extensions ['cmake', 'python']
[0.114s] Level 1:colcon.colcon_core.package_identification:_identify(external/ipopt/coinbrew/build/Ipopt/3.14.19/src/Algorithm) by extension 'cmake'
[0.114s] Level 1:colcon.colcon_core.package_identification:_identify(external/ipopt/coinbrew/build/Ipopt/3.14.19/src/Algorithm) by extension 'python'
[0.114s] Level 1:colcon.colcon_core.package_identification:_identify(external/ipopt/coinbrew/build/Ipopt/3.14.19/src/Algorithm) by extensions ['python_setup_py']
[0.114s] Level 1:colcon.colcon_core.package_identification:_identify(external/ipopt/coinbrew/build/Ipopt/3.14.19/src/Algorithm) by extension 'python_setup_py'
[0.114s] Level 1:colcon.colcon_core.package_identification:_identify(external/ipopt/coinbrew/build/Ipopt/3.14.19/src/Algorithm/LinearSolvers) by extensions ['ignore', 'ignore_ament_install']
[0.114s] Level 1:colcon.colcon_core.package_identification:_identify(external/ipopt/coinbrew/build/Ipopt/3.14.19/src/Algorithm/LinearSolvers) by extension 'ignore'
[0.114s] Level 1:colcon.colcon_core.package_identification:_identify(external/ipopt/coinbrew/build/Ipopt/3.14.19/src/Algorithm/LinearSolvers) by extension 'ignore_ament_install'
[0.114s] Level 1:colcon.colcon_core.package_identification:_identify(external/ipopt/coinbrew/build/Ipopt/3.14.19/src/Algorithm/LinearSolvers) by extensions ['colcon_pkg']
[0.114s] Level 1:colcon.colcon_core.package_identification:_identify(external/ipopt/coinbrew/build/Ipopt/3.14.19/src/Algorithm/LinearSolvers) by extension 'colcon_pkg'
[0.114s] Level 1:colcon.colcon_core.package_identification:_identify(external/ipopt/coinbrew/build/Ipopt/3.14.19/src/Algorithm/LinearSolvers) by extensions ['colcon_meta']
[0.114s] Level 1:colcon.colcon_core.package_identification:_identify(external/ipopt/coinbrew/build/Ipopt/3.14.19/src/Algorithm/LinearSolvers) by extension 'colcon_meta'
[0.114s] Level 1:colcon.colcon_core.package_identification:_identify(external/ipopt/coinbrew/build/Ipopt/3.14.19/src/Algorithm/LinearSolvers) by extensions ['ros']
[0.114s] Level 1:colcon.colcon_core.package_identification:_identify(external/ipopt/coinbrew/build/Ipopt/3.14.19/src/Algorithm/LinearSolvers) by extension 'ros'
[0.114s] Level 1:colcon.colcon_core.package_identification:_identify(external/ipopt/coinbrew/build/Ipopt/3.14.19/src/Algorithm/LinearSolvers) by extensions ['cmake', 'python']
[0.114s] Level 1:colcon.colcon_core.package_identification:_identify(external/ipopt/coinbrew/build/Ipopt/3.14.19/src/Algorithm/LinearSolvers) by extension 'cmake'
[0.114s] Level 1:colcon.colcon_core.package_identification:_identify(external/ipopt/coinbrew/build/Ipopt/3.14.19/src/Algorithm/LinearSolvers) by extension 'python'
[0.114s] Level 1:colcon.colcon_core.package_identification:_identify(external/ipopt/coinbrew/build/Ipopt/3.14.19/src/Algorithm/LinearSolvers) by extensions ['python_setup_py']
[0.114s] Level 1:colcon.colcon_core.package_identification:_identify(external/ipopt/coinbrew/build/Ipopt/3.14.19/src/Algorithm/LinearSolvers) by extension 'python_setup_py'
[0.114s] Level 1:colcon.colcon_core.package_identification:_identify(external/ipopt/coinbrew/build/Ipopt/3.14.19/src/Apps) by extensions ['ignore', 'ignore_ament_install']
[0.114s] Level 1:colcon.colcon_core.package_identification:_identify(external/ipopt/coinbrew/build/Ipopt/3.14.19/src/Apps) by extension 'ignore'
[0.114s] Level 1:colcon.colcon_core.package_identification:_identify(external/ipopt/coinbrew/build/Ipopt/3.14.19/src/Apps) by extension 'ignore_ament_install'
[0.114s] Level 1:colcon.colcon_core.package_identification:_identify(external/ipopt/coinbrew/build/Ipopt/3.14.19/src/Apps) by extensions ['colcon_pkg']
[0.114s] Level 1:colcon.colcon_core.package_identification:_identify(external/ipopt/coinbrew/build/Ipopt/3.14.19/src/Apps) by extension 'colcon_pkg'
[0.114s] Level 1:colcon.colcon_core.package_identification:_identify(external/ipopt/coinbrew/build/Ipopt/3.14.19/src/Apps) by extensions ['colcon_meta']
[0.114s] Level 1:colcon.colcon_core.package_identification:_identify(external/ipopt/coinbrew/build/Ipopt/3.14.19/src/Apps) by extension 'colcon_meta'
[0.114s] Level 1:colcon.colcon_core.package_identification:_identify(external/ipopt/coinbrew/build/Ipopt/3.14.19/src/Apps) by extensions ['ros']
[0.114s] Level 1:colcon.colcon_core.package_identification:_identify(external/ipopt/coinbrew/build/Ipopt/3.14.19/src/Apps) by extension 'ros'
[0.114s] Level 1:colcon.colcon_core.package_identification:_identify(external/ipopt/coinbrew/build/Ipopt/3.14.19/src/Apps) by extensions ['cmake', 'python']
[0.114s] Level 1:colcon.colcon_core.package_identification:_identify(external/ipopt/coinbrew/build/Ipopt/3.14.19/src/Apps) by extension 'cmake'
[0.114s] Level 1:colcon.colcon_core.package_identification:_identify(external/ipopt/coinbrew/build/Ipopt/3.14.19/src/Apps) by extension 'python'
[0.114s] Level 1:colcon.colcon_core.package_identification:_identify(external/ipopt/coinbrew/build/Ipopt/3.14.19/src/Apps) by extensions ['python_setup_py']
[0.114s] Level 1:colcon.colcon_core.package_identification:_identify(external/ipopt/coinbrew/build/Ipopt/3.14.19/src/Apps) by extension 'python_setup_py'
[0.114s] Level 1:colcon.colcon_core.package_identification:_identify(external/ipopt/coinbrew/build/Ipopt/3.14.19/src/Apps/AmplSolver) by extensions ['ignore', 'ignore_ament_install']
[0.114s] Level 1:colcon.colcon_core.package_identification:_identify(external/ipopt/coinbrew/build/Ipopt/3.14.19/src/Apps/AmplSolver) by extension 'ignore'
[0.114s] Level 1:colcon.colcon_core.package_identification:_identify(external/ipopt/coinbrew/build/Ipopt/3.14.19/src/Apps/AmplSolver) by extension 'ignore_ament_install'
[0.114s] Level 1:colcon.colcon_core.package_identification:_identify(external/ipopt/coinbrew/build/Ipopt/3.14.19/src/Apps/AmplSolver) by extensions ['colcon_pkg']
[0.114s] Level 1:colcon.colcon_core.package_identification:_identify(external/ipopt/coinbrew/build/Ipopt/3.14.19/src/Apps/AmplSolver) by extension 'colcon_pkg'
[0.114s] Level 1:colcon.colcon_core.package_identification:_identify(external/ipopt/coinbrew/build/Ipopt/3.14.19/src/Apps/AmplSolver) by extensions ['colcon_meta']
[0.114s] Level 1:colcon.colcon_core.package_identification:_identify(external/ipopt/coinbrew/build/Ipopt/3.14.19/src/Apps/AmplSolver) by extension 'colcon_meta'
[0.114s] Level 1:colcon.colcon_core.package_identification:_identify(external/ipopt/coinbrew/build/Ipopt/3.14.19/src/Apps/AmplSolver) by extensions ['ros']
[0.114s] Level 1:colcon.colcon_core.package_identification:_identify(external/ipopt/coinbrew/build/Ipopt/3.14.19/src/Apps/AmplSolver) by extension 'ros'
[0.114s] Level 1:colcon.colcon_core.package_identification:_identify(external/ipopt/coinbrew/build/Ipopt/3.14.19/src/Apps/AmplSolver) by extensions ['cmake', 'python']
[0.114s] Level 1:colcon.colcon_core.package_identification:_identify(external/ipopt/coinbrew/build/Ipopt/3.14.19/src/Apps/AmplSolver) by extension 'cmake'
[0.114s] Level 1:colcon.colcon_core.package_identification:_identify(external/ipopt/coinbrew/build/Ipopt/3.14.19/src/Apps/AmplSolver) by extension 'python'
[0.115s] Level 1:colcon.colcon_core.package_identification:_identify(external/ipopt/coinbrew/build/Ipopt/3.14.19/src/Apps/AmplSolver) by extensions ['python_setup_py']
[0.115s] Level 1:colcon.colcon_core.package_identification:_identify(external/ipopt/coinbrew/build/Ipopt/3.14.19/src/Apps/AmplSolver) by extension 'python_setup_py'
[0.115s] Level 1:colcon.colcon_core.package_identification:_identify(external/ipopt/coinbrew/build/Ipopt/3.14.19/src/Common) by extensions ['ignore', 'ignore_ament_install']
[0.115s] Level 1:colcon.colcon_core.package_identification:_identify(external/ipopt/coinbrew/build/Ipopt/3.14.19/src/Common) by extension 'ignore'
[0.115s] Level 1:colcon.colcon_core.package_identification:_identify(external/ipopt/coinbrew/build/Ipopt/3.14.19/src/Common) by extension 'ignore_ament_install'
[0.115s] Level 1:colcon.colcon_core.package_identification:_identify(external/ipopt/coinbrew/build/Ipopt/3.14.19/src/Common) by extensions ['colcon_pkg']
[0.115s] Level 1:colcon.colcon_core.package_identification:_identify(external/ipopt/coinbrew/build/Ipopt/3.14.19/src/Common) by extension 'colcon_pkg'
[0.115s] Level 1:colcon.colcon_core.package_identification:_identify(external/ipopt/coinbrew/build/Ipopt/3.14.19/src/Common) by extensions ['colcon_meta']
[0.115s] Level 1:colcon.colcon_core.package_identification:_identify(external/ipopt/coinbrew/build/Ipopt/3.14.19/src/Common) by extension 'colcon_meta'
[0.115s] Level 1:colcon.colcon_core.package_identification:_identify(external/ipopt/coinbrew/build/Ipopt/3.14.19/src/Common) by extensions ['ros']
[0.115s] Level 1:colcon.colcon_core.package_identification:_identify(external/ipopt/coinbrew/build/Ipopt/3.14.19/src/Common) by extension 'ros'
[0.115s] Level 1:colcon.colcon_core.package_identification:_identify(external/ipopt/coinbrew/build/Ipopt/3.14.19/src/Common) by extensions ['cmake', 'python']
[0.115s] Level 1:colcon.colcon_core.package_identification:_identify(external/ipopt/coinbrew/build/Ipopt/3.14.19/src/Common) by extension 'cmake'
[0.115s] Level 1:colcon.colcon_core.package_identification:_identify(external/ipopt/coinbrew/build/Ipopt/3.14.19/src/Common) by extension 'python'
[0.115s] Level 1:colcon.colcon_core.package_identification:_identify(external/ipopt/coinbrew/build/Ipopt/3.14.19/src/Common) by extensions ['python_setup_py']
[0.115s] Level 1:colcon.colcon_core.package_identification:_identify(external/ipopt/coinbrew/build/Ipopt/3.14.19/src/Common) by extension 'python_setup_py'
[0.115s] Level 1:colcon.colcon_core.package_identification:_identify(external/ipopt/coinbrew/build/Ipopt/3.14.19/src/Interfaces) by extensions ['ignore', 'ignore_ament_install']
[0.115s] Level 1:colcon.colcon_core.package_identification:_identify(external/ipopt/coinbrew/build/Ipopt/3.14.19/src/Interfaces) by extension 'ignore'
[0.115s] Level 1:colcon.colcon_core.package_identification:_identify(external/ipopt/coinbrew/build/Ipopt/3.14.19/src/Interfaces) by extension 'ignore_ament_install'
[0.115s] Level 1:colcon.colcon_core.package_identification:_identify(external/ipopt/coinbrew/build/Ipopt/3.14.19/src/Interfaces) by extensions ['colcon_pkg']
[0.115s] Level 1:colcon.colcon_core.package_identification:_identify(external/ipopt/coinbrew/build/Ipopt/3.14.19/src/Interfaces) by extension 'colcon_pkg'
[0.115s] Level 1:colcon.colcon_core.package_identification:_identify(external/ipopt/coinbrew/build/Ipopt/3.14.19/src/Interfaces) by extensions ['colcon_meta']
[0.115s] Level 1:colcon.colcon_core.package_identification:_identify(external/ipopt/coinbrew/build/Ipopt/3.14.19/src/Interfaces) by extension 'colcon_meta'
[0.115s] Level 1:colcon.colcon_core.package_identification:_identify(external/ipopt/coinbrew/build/Ipopt/3.14.19/src/Interfaces) by extensions ['ros']
[0.115s] Level 1:colcon.colcon_core.package_identification:_identify(external/ipopt/coinbrew/build/Ipopt/3.14.19/src/Interfaces) by extension 'ros'
[0.115s] Level 1:colcon.colcon_core.package_identification:_identify(external/ipopt/coinbrew/build/Ipopt/3.14.19/src/Interfaces) by extensions ['cmake', 'python']
[0.115s] Level 1:colcon.colcon_core.package_identification:_identify(external/ipopt/coinbrew/build/Ipopt/3.14.19/src/Interfaces) by extension 'cmake'
[0.115s] Level 1:colcon.colcon_core.package_identification:_identify(external/ipopt/coinbrew/build/Ipopt/3.14.19/src/Interfaces) by extension 'python'
[0.115s] Level 1:colcon.colcon_core.package_identification:_identify(external/ipopt/coinbrew/build/Ipopt/3.14.19/src/Interfaces) by extensions ['python_setup_py']
[0.115s] Level 1:colcon.colcon_core.package_identification:_identify(external/ipopt/coinbrew/build/Ipopt/3.14.19/src/Interfaces) by extension 'python_setup_py'
[0.115s] Level 1:colcon.colcon_core.package_identification:_identify(external/ipopt/coinbrew/build/Ipopt/3.14.19/src/LinAlg) by extensions ['ignore', 'ignore_ament_install']
[0.115s] Level 1:colcon.colcon_core.package_identification:_identify(external/ipopt/coinbrew/build/Ipopt/3.14.19/src/LinAlg) by extension 'ignore'
[0.115s] Level 1:colcon.colcon_core.package_identification:_identify(external/ipopt/coinbrew/build/Ipopt/3.14.19/src/LinAlg) by extension 'ignore_ament_install'
[0.115s] Level 1:colcon.colcon_core.package_identification:_identify(external/ipopt/coinbrew/build/Ipopt/3.14.19/src/LinAlg) by extensions ['colcon_pkg']
[0.115s] Level 1:colcon.colcon_core.package_identification:_identify(external/ipopt/coinbrew/build/Ipopt/3.14.19/src/LinAlg) by extension 'colcon_pkg'
[0.115s] Level 1:colcon.colcon_core.package_identification:_identify(external/ipopt/coinbrew/build/Ipopt/3.14.19/src/LinAlg) by extensions ['colcon_meta']
[0.115s] Level 1:colcon.colcon_core.package_identification:_identify(external/ipopt/coinbrew/build/Ipopt/3.14.19/src/LinAlg) by extension 'colcon_meta'
[0.115s] Level 1:colcon.colcon_core.package_identification:_identify(external/ipopt/coinbrew/build/Ipopt/3.14.19/src/LinAlg) by extensions ['ros']
[0.115s] Level 1:colcon.colcon_core.package_identification:_identify(external/ipopt/coinbrew/build/Ipopt/3.14.19/src/LinAlg) by extension 'ros'
[0.115s] Level 1:colcon.colcon_core.package_identification:_identify(external/ipopt/coinbrew/build/Ipopt/3.14.19/src/LinAlg) by extensions ['cmake', 'python']
[0.115s] Level 1:colcon.colcon_core.package_identification:_identify(external/ipopt/coinbrew/build/Ipopt/3.14.19/src/LinAlg) by extension 'cmake'
[0.116s] Level 1:colcon.colcon_core.package_identification:_identify(external/ipopt/coinbrew/build/Ipopt/3.14.19/src/LinAlg) by extension 'python'
[0.116s] Level 1:colcon.colcon_core.package_identification:_identify(external/ipopt/coinbrew/build/Ipopt/3.14.19/src/LinAlg) by extensions ['python_setup_py']
[0.116s] Level 1:colcon.colcon_core.package_identification:_identify(external/ipopt/coinbrew/build/Ipopt/3.14.19/src/LinAlg) by extension 'python_setup_py'
[0.116s] Level 1:colcon.colcon_core.package_identification:_identify(external/ipopt/coinbrew/build/Ipopt/3.14.19/src/LinAlg/TMatrices) by extensions ['ignore', 'ignore_ament_install']
[0.116s] Level 1:colcon.colcon_core.package_identification:_identify(external/ipopt/coinbrew/build/Ipopt/3.14.19/src/LinAlg/TMatrices) by extension 'ignore'
[0.116s] Level 1:colcon.colcon_core.package_identification:_identify(external/ipopt/coinbrew/build/Ipopt/3.14.19/src/LinAlg/TMatrices) by extension 'ignore_ament_install'
[0.116s] Level 1:colcon.colcon_core.package_identification:_identify(external/ipopt/coinbrew/build/Ipopt/3.14.19/src/LinAlg/TMatrices) by extensions ['colcon_pkg']
[0.116s] Level 1:colcon.colcon_core.package_identification:_identify(external/ipopt/coinbrew/build/Ipopt/3.14.19/src/LinAlg/TMatrices) by extension 'colcon_pkg'
[0.116s] Level 1:colcon.colcon_core.package_identification:_identify(external/ipopt/coinbrew/build/Ipopt/3.14.19/src/LinAlg/TMatrices) by extensions ['colcon_meta']
[0.116s] Level 1:colcon.colcon_core.package_identification:_identify(external/ipopt/coinbrew/build/Ipopt/3.14.19/src/LinAlg/TMatrices) by extension 'colcon_meta'
[0.116s] Level 1:colcon.colcon_core.package_identification:_identify(external/ipopt/coinbrew/build/Ipopt/3.14.19/src/LinAlg/TMatrices) by extensions ['ros']
[0.116s] Level 1:colcon.colcon_core.package_identification:_identify(external/ipopt/coinbrew/build/Ipopt/3.14.19/src/LinAlg/TMatrices) by extension 'ros'
[0.116s] Level 1:colcon.colcon_core.package_identification:_identify(external/ipopt/coinbrew/build/Ipopt/3.14.19/src/LinAlg/TMatrices) by extensions ['cmake', 'python']
[0.116s] Level 1:colcon.colcon_core.package_identification:_identify(external/ipopt/coinbrew/build/Ipopt/3.14.19/src/LinAlg/TMatrices) by extension 'cmake'
[0.116s] Level 1:colcon.colcon_core.package_identification:_identify(external/ipopt/coinbrew/build/Ipopt/3.14.19/src/LinAlg/TMatrices) by extension 'python'
[0.116s] Level 1:colcon.colcon_core.package_identification:_identify(external/ipopt/coinbrew/build/Ipopt/3.14.19/src/LinAlg/TMatrices) by extensions ['python_setup_py']
[0.116s] Level 1:colcon.colcon_core.package_identification:_identify(external/ipopt/coinbrew/build/Ipopt/3.14.19/src/LinAlg/TMatrices) by extension 'python_setup_py'
[0.116s] Level 1:colcon.colcon_core.package_identification:_identify(external/ipopt/coinbrew/build/Ipopt/3.14.19/src/contrib) by extensions ['ignore', 'ignore_ament_install']
[0.116s] Level 1:colcon.colcon_core.package_identification:_identify(external/ipopt/coinbrew/build/Ipopt/3.14.19/src/contrib) by extension 'ignore'
[0.116s] Level 1:colcon.colcon_core.package_identification:_identify(external/ipopt/coinbrew/build/Ipopt/3.14.19/src/contrib) by extension 'ignore_ament_install'
[0.116s] Level 1:colcon.colcon_core.package_identification:_identify(external/ipopt/coinbrew/build/Ipopt/3.14.19/src/contrib) by extensions ['colcon_pkg']
[0.116s] Level 1:colcon.colcon_core.package_identification:_identify(external/ipopt/coinbrew/build/Ipopt/3.14.19/src/contrib) by extension 'colcon_pkg'
[0.116s] Level 1:colcon.colcon_core.package_identification:_identify(external/ipopt/coinbrew/build/Ipopt/3.14.19/src/contrib) by extensions ['colcon_meta']
[0.116s] Level 1:colcon.colcon_core.package_identification:_identify(external/ipopt/coinbrew/build/Ipopt/3.14.19/src/contrib) by extension 'colcon_meta'
[0.116s] Level 1:colcon.colcon_core.package_identification:_identify(external/ipopt/coinbrew/build/Ipopt/3.14.19/src/contrib) by extensions ['ros']
[0.116s] Level 1:colcon.colcon_core.package_identification:_identify(external/ipopt/coinbrew/build/Ipopt/3.14.19/src/contrib) by extension 'ros'
[0.116s] Level 1:colcon.colcon_core.package_identification:_identify(external/ipopt/coinbrew/build/Ipopt/3.14.19/src/contrib) by extensions ['cmake', 'python']
[0.116s] Level 1:colcon.colcon_core.package_identification:_identify(external/ipopt/coinbrew/build/Ipopt/3.14.19/src/contrib) by extension 'cmake'
[0.116s] Level 1:colcon.colcon_core.package_identification:_identify(external/ipopt/coinbrew/build/Ipopt/3.14.19/src/contrib) by extension 'python'
[0.116s] Level 1:colcon.colcon_core.package_identification:_identify(external/ipopt/coinbrew/build/Ipopt/3.14.19/src/contrib) by extensions ['python_setup_py']
[0.116s] Level 1:colcon.colcon_core.package_identification:_identify(external/ipopt/coinbrew/build/Ipopt/3.14.19/src/contrib) by extension 'python_setup_py'
[0.116s] Level 1:colcon.colcon_core.package_identification:_identify(external/ipopt/coinbrew/build/Ipopt/3.14.19/src/contrib/CGPenalty) by extensions ['ignore', 'ignore_ament_install']
[0.116s] Level 1:colcon.colcon_core.package_identification:_identify(external/ipopt/coinbrew/build/Ipopt/3.14.19/src/contrib/CGPenalty) by extension 'ignore'
[0.116s] Level 1:colcon.colcon_core.package_identification:_identify(external/ipopt/coinbrew/build/Ipopt/3.14.19/src/contrib/CGPenalty) by extension 'ignore_ament_install'
[0.116s] Level 1:colcon.colcon_core.package_identification:_identify(external/ipopt/coinbrew/build/Ipopt/3.14.19/src/contrib/CGPenalty) by extensions ['colcon_pkg']
[0.116s] Level 1:colcon.colcon_core.package_identification:_identify(external/ipopt/coinbrew/build/Ipopt/3.14.19/src/contrib/CGPenalty) by extension 'colcon_pkg'
[0.116s] Level 1:colcon.colcon_core.package_identification:_identify(external/ipopt/coinbrew/build/Ipopt/3.14.19/src/contrib/CGPenalty) by extensions ['colcon_meta']
[0.116s] Level 1:colcon.colcon_core.package_identification:_identify(external/ipopt/coinbrew/build/Ipopt/3.14.19/src/contrib/CGPenalty) by extension 'colcon_meta'
[0.116s] Level 1:colcon.colcon_core.package_identification:_identify(external/ipopt/coinbrew/build/Ipopt/3.14.19/src/contrib/CGPenalty) by extensions ['ros']
[0.116s] Level 1:colcon.colcon_core.package_identification:_identify(external/ipopt/coinbrew/build/Ipopt/3.14.19/src/contrib/CGPenalty) by extension 'ros'
[0.116s] Level 1:colcon.colcon_core.package_identification:_identify(external/ipopt/coinbrew/build/Ipopt/3.14.19/src/contrib/CGPenalty) by extensions ['cmake', 'python']
[0.116s] Level 1:colcon.colcon_core.package_identification:_identify(external/ipopt/coinbrew/build/Ipopt/3.14.19/src/contrib/CGPenalty) by extension 'cmake'
[0.116s] Level 1:colcon.colcon_core.package_identification:_identify(external/ipopt/coinbrew/build/Ipopt/3.14.19/src/contrib/CGPenalty) by extension 'python'
[0.116s] Level 1:colcon.colcon_core.package_identification:_identify(external/ipopt/coinbrew/build/Ipopt/3.14.19/src/contrib/CGPenalty) by extensions ['python_setup_py']
[0.116s] Level 1:colcon.colcon_core.package_identification:_identify(external/ipopt/coinbrew/build/Ipopt/3.14.19/src/contrib/CGPenalty) by extension 'python_setup_py'
[0.116s] Level 1:colcon.colcon_core.package_identification:_identify(external/ipopt/coinbrew/build/Ipopt/3.14.19/src/org) by extensions ['ignore', 'ignore_ament_install']
[0.116s] Level 1:colcon.colcon_core.package_identification:_identify(external/ipopt/coinbrew/build/Ipopt/3.14.19/src/org) by extension 'ignore'
[0.116s] Level 1:colcon.colcon_core.package_identification:_identify(external/ipopt/coinbrew/build/Ipopt/3.14.19/src/org) by extension 'ignore_ament_install'
[0.116s] Level 1:colcon.colcon_core.package_identification:_identify(external/ipopt/coinbrew/build/Ipopt/3.14.19/src/org) by extensions ['colcon_pkg']
[0.116s] Level 1:colcon.colcon_core.package_identification:_identify(external/ipopt/coinbrew/build/Ipopt/3.14.19/src/org) by extension 'colcon_pkg'
[0.116s] Level 1:colcon.colcon_core.package_identification:_identify(external/ipopt/coinbrew/build/Ipopt/3.14.19/src/org) by extensions ['colcon_meta']
[0.116s] Level 1:colcon.colcon_core.package_identification:_identify(external/ipopt/coinbrew/build/Ipopt/3.14.19/src/org) by extension 'colcon_meta'
[0.116s] Level 1:colcon.colcon_core.package_identification:_identify(external/ipopt/coinbrew/build/Ipopt/3.14.19/src/org) by extensions ['ros']
[0.116s] Level 1:colcon.colcon_core.package_identification:_identify(external/ipopt/coinbrew/build/Ipopt/3.14.19/src/org) by extension 'ros'
[0.116s] Level 1:colcon.colcon_core.package_identification:_identify(external/ipopt/coinbrew/build/Ipopt/3.14.19/src/org) by extensions ['cmake', 'python']
[0.116s] Level 1:colcon.colcon_core.package_identification:_identify(external/ipopt/coinbrew/build/Ipopt/3.14.19/src/org) by extension 'cmake'
[0.116s] Level 1:colcon.colcon_core.package_identification:_identify(external/ipopt/coinbrew/build/Ipopt/3.14.19/src/org) by extension 'python'
[0.116s] Level 1:colcon.colcon_core.package_identification:_identify(external/ipopt/coinbrew/build/Ipopt/3.14.19/src/org) by extensions ['python_setup_py']
[0.116s] Level 1:colcon.colcon_core.package_identification:_identify(external/ipopt/coinbrew/build/Ipopt/3.14.19/src/org) by extension 'python_setup_py'
[0.117s] Level 1:colcon.colcon_core.package_identification:_identify(external/ipopt/coinbrew/build/Ipopt/3.14.19/src/org/coinor) by extensions ['ignore', 'ignore_ament_install']
[0.117s] Level 1:colcon.colcon_core.package_identification:_identify(external/ipopt/coinbrew/build/Ipopt/3.14.19/src/org/coinor) by extension 'ignore'
[0.117s] Level 1:colcon.colcon_core.package_identification:_identify(external/ipopt/coinbrew/build/Ipopt/3.14.19/src/org/coinor) by extension 'ignore_ament_install'
[0.117s] Level 1:colcon.colcon_core.package_identification:_identify(external/ipopt/coinbrew/build/Ipopt/3.14.19/src/org/coinor) by extensions ['colcon_pkg']
[0.117s] Level 1:colcon.colcon_core.package_identification:_identify(external/ipopt/coinbrew/build/Ipopt/3.14.19/src/org/coinor) by extension 'colcon_pkg'
[0.117s] Level 1:colcon.colcon_core.package_identification:_identify(external/ipopt/coinbrew/build/Ipopt/3.14.19/src/org/coinor) by extensions ['colcon_meta']
[0.117s] Level 1:colcon.colcon_core.package_identification:_identify(external/ipopt/coinbrew/build/Ipopt/3.14.19/src/org/coinor) by extension 'colcon_meta'
[0.117s] Level 1:colcon.colcon_core.package_identification:_identify(external/ipopt/coinbrew/build/Ipopt/3.14.19/src/org/coinor) by extensions ['ros']
[0.117s] Level 1:colcon.colcon_core.package_identification:_identify(external/ipopt/coinbrew/build/Ipopt/3.14.19/src/org/coinor) by extension 'ros'
[0.117s] Level 1:colcon.colcon_core.package_identification:_identify(external/ipopt/coinbrew/build/Ipopt/3.14.19/src/org/coinor) by extensions ['cmake', 'python']
[0.117s] Level 1:colcon.colcon_core.package_identification:_identify(external/ipopt/coinbrew/build/Ipopt/3.14.19/src/org/coinor) by extension 'cmake'
[0.117s] Level 1:colcon.colcon_core.package_identification:_identify(external/ipopt/coinbrew/build/Ipopt/3.14.19/src/org/coinor) by extension 'python'
[0.117s] Level 1:colcon.colcon_core.package_identification:_identify(external/ipopt/coinbrew/build/Ipopt/3.14.19/src/org/coinor) by extensions ['python_setup_py']
[0.117s] Level 1:colcon.colcon_core.package_identification:_identify(external/ipopt/coinbrew/build/Ipopt/3.14.19/src/org/coinor) by extension 'python_setup_py'
[0.117s] Level 1:colcon.colcon_core.package_identification:_identify(external/ipopt/coinbrew/build/Ipopt/3.14.19/test) by extensions ['ignore', 'ignore_ament_install']
[0.117s] Level 1:colcon.colcon_core.package_identification:_identify(external/ipopt/coinbrew/build/Ipopt/3.14.19/test) by extension 'ignore'
[0.117s] Level 1:colcon.colcon_core.package_identification:_identify(external/ipopt/coinbrew/build/Ipopt/3.14.19/test) by extension 'ignore_ament_install'
[0.117s] Level 1:colcon.colcon_core.package_identification:_identify(external/ipopt/coinbrew/build/Ipopt/3.14.19/test) by extensions ['colcon_pkg']
[0.117s] Level 1:colcon.colcon_core.package_identification:_identify(external/ipopt/coinbrew/build/Ipopt/3.14.19/test) by extension 'colcon_pkg'
[0.117s] Level 1:colcon.colcon_core.package_identification:_identify(external/ipopt/coinbrew/build/Ipopt/3.14.19/test) by extensions ['colcon_meta']
[0.117s] Level 1:colcon.colcon_core.package_identification:_identify(external/ipopt/coinbrew/build/Ipopt/3.14.19/test) by extension 'colcon_meta'
[0.117s] Level 1:colcon.colcon_core.package_identification:_identify(external/ipopt/coinbrew/build/Ipopt/3.14.19/test) by extensions ['ros']
[0.117s] Level 1:colcon.colcon_core.package_identification:_identify(external/ipopt/coinbrew/build/Ipopt/3.14.19/test) by extension 'ros'
[0.117s] Level 1:colcon.colcon_core.package_identification:_identify(external/ipopt/coinbrew/build/Ipopt/3.14.19/test) by extensions ['cmake', 'python']
[0.117s] Level 1:colcon.colcon_core.package_identification:_identify(external/ipopt/coinbrew/build/Ipopt/3.14.19/test) by extension 'cmake'
[0.117s] Level 1:colcon.colcon_core.package_identification:_identify(external/ipopt/coinbrew/build/Ipopt/3.14.19/test) by extension 'python'
[0.117s] Level 1:colcon.colcon_core.package_identification:_identify(external/ipopt/coinbrew/build/Ipopt/3.14.19/test) by extensions ['python_setup_py']
[0.117s] Level 1:colcon.colcon_core.package_identification:_identify(external/ipopt/coinbrew/build/Ipopt/3.14.19/test) by extension 'python_setup_py'
[0.117s] Level 1:colcon.colcon_core.package_identification:_identify(external/ipopt/coinbrew/build/Ipopt/3.14.19/tutorial) by extensions ['ignore', 'ignore_ament_install']
[0.117s] Level 1:colcon.colcon_core.package_identification:_identify(external/ipopt/coinbrew/build/Ipopt/3.14.19/tutorial) by extension 'ignore'
[0.117s] Level 1:colcon.colcon_core.package_identification:_identify(external/ipopt/coinbrew/build/Ipopt/3.14.19/tutorial) by extension 'ignore_ament_install'
[0.117s] Level 1:colcon.colcon_core.package_identification:_identify(external/ipopt/coinbrew/build/Ipopt/3.14.19/tutorial) by extensions ['colcon_pkg']
[0.117s] Level 1:colcon.colcon_core.package_identification:_identify(external/ipopt/coinbrew/build/Ipopt/3.14.19/tutorial) by extension 'colcon_pkg'
[0.117s] Level 1:colcon.colcon_core.package_identification:_identify(external/ipopt/coinbrew/build/Ipopt/3.14.19/tutorial) by extensions ['colcon_meta']
[0.117s] Level 1:colcon.colcon_core.package_identification:_identify(external/ipopt/coinbrew/build/Ipopt/3.14.19/tutorial) by extension 'colcon_meta'
[0.117s] Level 1:colcon.colcon_core.package_identification:_identify(external/ipopt/coinbrew/build/Ipopt/3.14.19/tutorial) by extensions ['ros']
[0.117s] Level 1:colcon.colcon_core.package_identification:_identify(external/ipopt/coinbrew/build/Ipopt/3.14.19/tutorial) by extension 'ros'
[0.117s] Level 1:colcon.colcon_core.package_identification:_identify(external/ipopt/coinbrew/build/Ipopt/3.14.19/tutorial) by extensions ['cmake', 'python']
[0.117s] Level 1:colcon.colcon_core.package_identification:_identify(external/ipopt/coinbrew/build/Ipopt/3.14.19/tutorial) by extension 'cmake'
[0.117s] Level 1:colcon.colcon_core.package_identification:_identify(external/ipopt/coinbrew/build/Ipopt/3.14.19/tutorial) by extension 'python'
[0.117s] Level 1:colcon.colcon_core.package_identification:_identify(external/ipopt/coinbrew/build/Ipopt/3.14.19/tutorial) by extensions ['python_setup_py']
[0.117s] Level 1:colcon.colcon_core.package_identification:_identify(external/ipopt/coinbrew/build/Ipopt/3.14.19/tutorial) by extension 'python_setup_py'
[0.117s] Level 1:colcon.colcon_core.package_identification:_identify(external/ipopt/coinbrew/build/Ipopt/3.14.19/tutorial/AmplExperiments) by extensions ['ignore', 'ignore_ament_install']
[0.117s] Level 1:colcon.colcon_core.package_identification:_identify(external/ipopt/coinbrew/build/Ipopt/3.14.19/tutorial/AmplExperiments) by extension 'ignore'
[0.117s] Level 1:colcon.colcon_core.package_identification:_identify(external/ipopt/coinbrew/build/Ipopt/3.14.19/tutorial/AmplExperiments) by extension 'ignore_ament_install'
[0.117s] Level 1:colcon.colcon_core.package_identification:_identify(external/ipopt/coinbrew/build/Ipopt/3.14.19/tutorial/AmplExperiments) by extensions ['colcon_pkg']
[0.117s] Level 1:colcon.colcon_core.package_identification:_identify(external/ipopt/coinbrew/build/Ipopt/3.14.19/tutorial/AmplExperiments) by extension 'colcon_pkg'
[0.117s] Level 1:colcon.colcon_core.package_identification:_identify(external/ipopt/coinbrew/build/Ipopt/3.14.19/tutorial/AmplExperiments) by extensions ['colcon_meta']
[0.117s] Level 1:colcon.colcon_core.package_identification:_identify(external/ipopt/coinbrew/build/Ipopt/3.14.19/tutorial/AmplExperiments) by extension 'colcon_meta'
[0.117s] Level 1:colcon.colcon_core.package_identification:_identify(external/ipopt/coinbrew/build/Ipopt/3.14.19/tutorial/AmplExperiments) by extensions ['ros']
[0.117s] Level 1:colcon.colcon_core.package_identification:_identify(external/ipopt/coinbrew/build/Ipopt/3.14.19/tutorial/AmplExperiments) by extension 'ros'
[0.117s] Level 1:colcon.colcon_core.package_identification:_identify(external/ipopt/coinbrew/build/Ipopt/3.14.19/tutorial/AmplExperiments) by extensions ['cmake', 'python']
[0.117s] Level 1:colcon.colcon_core.package_identification:_identify(external/ipopt/coinbrew/build/Ipopt/3.14.19/tutorial/AmplExperiments) by extension 'cmake'
[0.117s] Level 1:colcon.colcon_core.package_identification:_identify(external/ipopt/coinbrew/build/Ipopt/3.14.19/tutorial/AmplExperiments) by extension 'python'
[0.117s] Level 1:colcon.colcon_core.package_identification:_identify(external/ipopt/coinbrew/build/Ipopt/3.14.19/tutorial/AmplExperiments) by extensions ['python_setup_py']
[0.117s] Level 1:colcon.colcon_core.package_identification:_identify(external/ipopt/coinbrew/build/Ipopt/3.14.19/tutorial/AmplExperiments) by extension 'python_setup_py'
[0.117s] Level 1:colcon.colcon_core.package_identification:_identify(external/ipopt/coinbrew/build/Ipopt/3.14.19/tutorial/CodingExercise) by extensions ['ignore', 'ignore_ament_install']
[0.117s] Level 1:colcon.colcon_core.package_identification:_identify(external/ipopt/coinbrew/build/Ipopt/3.14.19/tutorial/CodingExercise) by extension 'ignore'
[0.117s] Level 1:colcon.colcon_core.package_identification:_identify(external/ipopt/coinbrew/build/Ipopt/3.14.19/tutorial/CodingExercise) by extension 'ignore_ament_install'
[0.118s] Level 1:colcon.colcon_core.package_identification:_identify(external/ipopt/coinbrew/build/Ipopt/3.14.19/tutorial/CodingExercise) by extensions ['colcon_pkg']
[0.118s] Level 1:colcon.colcon_core.package_identification:_identify(external/ipopt/coinbrew/build/Ipopt/3.14.19/tutorial/CodingExercise) by extension 'colcon_pkg'
[0.118s] Level 1:colcon.colcon_core.package_identification:_identify(external/ipopt/coinbrew/build/Ipopt/3.14.19/tutorial/CodingExercise) by extensions ['colcon_meta']
[0.118s] Level 1:colcon.colcon_core.package_identification:_identify(external/ipopt/coinbrew/build/Ipopt/3.14.19/tutorial/CodingExercise) by extension 'colcon_meta'
[0.118s] Level 1:colcon.colcon_core.package_identification:_identify(external/ipopt/coinbrew/build/Ipopt/3.14.19/tutorial/CodingExercise) by extensions ['ros']
[0.118s] Level 1:colcon.colcon_core.package_identification:_identify(external/ipopt/coinbrew/build/Ipopt/3.14.19/tutorial/CodingExercise) by extension 'ros'
[0.118s] Level 1:colcon.colcon_core.package_identification:_identify(external/ipopt/coinbrew/build/Ipopt/3.14.19/tutorial/CodingExercise) by extensions ['cmake', 'python']
[0.118s] Level 1:colcon.colcon_core.package_identification:_identify(external/ipopt/coinbrew/build/Ipopt/3.14.19/tutorial/CodingExercise) by extension 'cmake'
[0.118s] Level 1:colcon.colcon_core.package_identification:_identify(external/ipopt/coinbrew/build/Ipopt/3.14.19/tutorial/CodingExercise) by extension 'python'
[0.118s] Level 1:colcon.colcon_core.package_identification:_identify(external/ipopt/coinbrew/build/Ipopt/3.14.19/tutorial/CodingExercise) by extensions ['python_setup_py']
[0.118s] Level 1:colcon.colcon_core.package_identification:_identify(external/ipopt/coinbrew/build/Ipopt/3.14.19/tutorial/CodingExercise) by extension 'python_setup_py'
[0.118s] Level 1:colcon.colcon_core.package_identification:_identify(external/ipopt/coinbrew/build/Ipopt/3.14.19/tutorial/CodingExercise/C) by extensions ['ignore', 'ignore_ament_install']
[0.118s] Level 1:colcon.colcon_core.package_identification:_identify(external/ipopt/coinbrew/build/Ipopt/3.14.19/tutorial/CodingExercise/C) by extension 'ignore'
[0.118s] Level 1:colcon.colcon_core.package_identification:_identify(external/ipopt/coinbrew/build/Ipopt/3.14.19/tutorial/CodingExercise/C) by extension 'ignore_ament_install'
[0.118s] Level 1:colcon.colcon_core.package_identification:_identify(external/ipopt/coinbrew/build/Ipopt/3.14.19/tutorial/CodingExercise/C) by extensions ['colcon_pkg']
[0.118s] Level 1:colcon.colcon_core.package_identification:_identify(external/ipopt/coinbrew/build/Ipopt/3.14.19/tutorial/CodingExercise/C) by extension 'colcon_pkg'
[0.118s] Level 1:colcon.colcon_core.package_identification:_identify(external/ipopt/coinbrew/build/Ipopt/3.14.19/tutorial/CodingExercise/C) by extensions ['colcon_meta']
[0.118s] Level 1:colcon.colcon_core.package_identification:_identify(external/ipopt/coinbrew/build/Ipopt/3.14.19/tutorial/CodingExercise/C) by extension 'colcon_meta'
[0.118s] Level 1:colcon.colcon_core.package_identification:_identify(external/ipopt/coinbrew/build/Ipopt/3.14.19/tutorial/CodingExercise/C) by extensions ['ros']
[0.118s] Level 1:colcon.colcon_core.package_identification:_identify(external/ipopt/coinbrew/build/Ipopt/3.14.19/tutorial/CodingExercise/C) by extension 'ros'
[0.118s] Level 1:colcon.colcon_core.package_identification:_identify(external/ipopt/coinbrew/build/Ipopt/3.14.19/tutorial/CodingExercise/C) by extensions ['cmake', 'python']
[0.118s] Level 1:colcon.colcon_core.package_identification:_identify(external/ipopt/coinbrew/build/Ipopt/3.14.19/tutorial/CodingExercise/C) by extension 'cmake'
[0.118s] Level 1:colcon.colcon_core.package_identification:_identify(external/ipopt/coinbrew/build/Ipopt/3.14.19/tutorial/CodingExercise/C) by extension 'python'
[0.118s] Level 1:colcon.colcon_core.package_identification:_identify(external/ipopt/coinbrew/build/Ipopt/3.14.19/tutorial/CodingExercise/C) by extensions ['python_setup_py']
[0.118s] Level 1:colcon.colcon_core.package_identification:_identify(external/ipopt/coinbrew/build/Ipopt/3.14.19/tutorial/CodingExercise/C) by extension 'python_setup_py'
[0.118s] Level 1:colcon.colcon_core.package_identification:_identify(external/ipopt/coinbrew/build/Ipopt/3.14.19/tutorial/CodingExercise/C/1-skeleton) by extensions ['ignore', 'ignore_ament_install']
[0.118s] Level 1:colcon.colcon_core.package_identification:_identify(external/ipopt/coinbrew/build/Ipopt/3.14.19/tutorial/CodingExercise/C/1-skeleton) by extension 'ignore'
[0.118s] Level 1:colcon.colcon_core.package_identification:_identify(external/ipopt/coinbrew/build/Ipopt/3.14.19/tutorial/CodingExercise/C/1-skeleton) by extension 'ignore_ament_install'
[0.118s] Level 1:colcon.colcon_core.package_identification:_identify(external/ipopt/coinbrew/build/Ipopt/3.14.19/tutorial/CodingExercise/C/1-skeleton) by extensions ['colcon_pkg']
[0.118s] Level 1:colcon.colcon_core.package_identification:_identify(external/ipopt/coinbrew/build/Ipopt/3.14.19/tutorial/CodingExercise/C/1-skeleton) by extension 'colcon_pkg'
[0.118s] Level 1:colcon.colcon_core.package_identification:_identify(external/ipopt/coinbrew/build/Ipopt/3.14.19/tutorial/CodingExercise/C/1-skeleton) by extensions ['colcon_meta']
[0.118s] Level 1:colcon.colcon_core.package_identification:_identify(external/ipopt/coinbrew/build/Ipopt/3.14.19/tutorial/CodingExercise/C/1-skeleton) by extension 'colcon_meta'
[0.118s] Level 1:colcon.colcon_core.package_identification:_identify(external/ipopt/coinbrew/build/Ipopt/3.14.19/tutorial/CodingExercise/C/1-skeleton) by extensions ['ros']
[0.118s] Level 1:colcon.colcon_core.package_identification:_identify(external/ipopt/coinbrew/build/Ipopt/3.14.19/tutorial/CodingExercise/C/1-skeleton) by extension 'ros'
[0.118s] Level 1:colcon.colcon_core.package_identification:_identify(external/ipopt/coinbrew/build/Ipopt/3.14.19/tutorial/CodingExercise/C/1-skeleton) by extensions ['cmake', 'python']
[0.118s] Level 1:colcon.colcon_core.package_identification:_identify(external/ipopt/coinbrew/build/Ipopt/3.14.19/tutorial/CodingExercise/C/1-skeleton) by extension 'cmake'
[0.118s] Level 1:colcon.colcon_core.package_identification:_identify(external/ipopt/coinbrew/build/Ipopt/3.14.19/tutorial/CodingExercise/C/1-skeleton) by extension 'python'
[0.118s] Level 1:colcon.colcon_core.package_identification:_identify(external/ipopt/coinbrew/build/Ipopt/3.14.19/tutorial/CodingExercise/C/1-skeleton) by extensions ['python_setup_py']
[0.118s] Level 1:colcon.colcon_core.package_identification:_identify(external/ipopt/coinbrew/build/Ipopt/3.14.19/tutorial/CodingExercise/C/1-skeleton) by extension 'python_setup_py'
[0.118s] Level 1:colcon.colcon_core.package_identification:_identify(external/ipopt/coinbrew/build/Ipopt/3.14.19/tutorial/CodingExercise/C/2-mistake) by extensions ['ignore', 'ignore_ament_install']
[0.118s] Level 1:colcon.colcon_core.package_identification:_identify(external/ipopt/coinbrew/build/Ipopt/3.14.19/tutorial/CodingExercise/C/2-mistake) by extension 'ignore'
[0.118s] Level 1:colcon.colcon_core.package_identification:_identify(external/ipopt/coinbrew/build/Ipopt/3.14.19/tutorial/CodingExercise/C/2-mistake) by extension 'ignore_ament_install'
[0.118s] Level 1:colcon.colcon_core.package_identification:_identify(external/ipopt/coinbrew/build/Ipopt/3.14.19/tutorial/CodingExercise/C/2-mistake) by extensions ['colcon_pkg']
[0.118s] Level 1:colcon.colcon_core.package_identification:_identify(external/ipopt/coinbrew/build/Ipopt/3.14.19/tutorial/CodingExercise/C/2-mistake) by extension 'colcon_pkg'
[0.118s] Level 1:colcon.colcon_core.package_identification:_identify(external/ipopt/coinbrew/build/Ipopt/3.14.19/tutorial/CodingExercise/C/2-mistake) by extensions ['colcon_meta']
[0.118s] Level 1:colcon.colcon_core.package_identification:_identify(external/ipopt/coinbrew/build/Ipopt/3.14.19/tutorial/CodingExercise/C/2-mistake) by extension 'colcon_meta'
[0.118s] Level 1:colcon.colcon_core.package_identification:_identify(external/ipopt/coinbrew/build/Ipopt/3.14.19/tutorial/CodingExercise/C/2-mistake) by extensions ['ros']
[0.118s] Level 1:colcon.colcon_core.package_identification:_identify(external/ipopt/coinbrew/build/Ipopt/3.14.19/tutorial/CodingExercise/C/2-mistake) by extension 'ros'
[0.118s] Level 1:colcon.colcon_core.package_identification:_identify(external/ipopt/coinbrew/build/Ipopt/3.14.19/tutorial/CodingExercise/C/2-mistake) by extensions ['cmake', 'python']
[0.118s] Level 1:colcon.colcon_core.package_identification:_identify(external/ipopt/coinbrew/build/Ipopt/3.14.19/tutorial/CodingExercise/C/2-mistake) by extension 'cmake'
[0.118s] Level 1:colcon.colcon_core.package_identification:_identify(external/ipopt/coinbrew/build/Ipopt/3.14.19/tutorial/CodingExercise/C/2-mistake) by extension 'python'
[0.118s] Level 1:colcon.colcon_core.package_identification:_identify(external/ipopt/coinbrew/build/Ipopt/3.14.19/tutorial/CodingExercise/C/2-mistake) by extensions ['python_setup_py']
[0.118s] Level 1:colcon.colcon_core.package_identification:_identify(external/ipopt/coinbrew/build/Ipopt/3.14.19/tutorial/CodingExercise/C/2-mistake) by extension 'python_setup_py'
[0.118s] Level 1:colcon.colcon_core.package_identification:_identify(external/ipopt/coinbrew/build/Ipopt/3.14.19/tutorial/CodingExercise/C/3-solution) by extensions ['ignore', 'ignore_ament_install']
[0.118s] Level 1:colcon.colcon_core.package_identification:_identify(external/ipopt/coinbrew/build/Ipopt/3.14.19/tutorial/CodingExercise/C/3-solution) by extension 'ignore'
[0.118s] Level 1:colcon.colcon_core.package_identification:_identify(external/ipopt/coinbrew/build/Ipopt/3.14.19/tutorial/CodingExercise/C/3-solution) by extension 'ignore_ament_install'
[0.118s] Level 1:colcon.colcon_core.package_identification:_identify(external/ipopt/coinbrew/build/Ipopt/3.14.19/tutorial/CodingExercise/C/3-solution) by extensions ['colcon_pkg']
[0.118s] Level 1:colcon.colcon_core.package_identification:_identify(external/ipopt/coinbrew/build/Ipopt/3.14.19/tutorial/CodingExercise/C/3-solution) by extension 'colcon_pkg'
[0.118s] Level 1:colcon.colcon_core.package_identification:_identify(external/ipopt/coinbrew/build/Ipopt/3.14.19/tutorial/CodingExercise/C/3-solution) by extensions ['colcon_meta']
[0.119s] Level 1:colcon.colcon_core.package_identification:_identify(external/ipopt/coinbrew/build/Ipopt/3.14.19/tutorial/CodingExercise/C/3-solution) by extension 'colcon_meta'
[0.119s] Level 1:colcon.colcon_core.package_identification:_identify(external/ipopt/coinbrew/build/Ipopt/3.14.19/tutorial/CodingExercise/C/3-solution) by extensions ['ros']
[0.119s] Level 1:colcon.colcon_core.package_identification:_identify(external/ipopt/coinbrew/build/Ipopt/3.14.19/tutorial/CodingExercise/C/3-solution) by extension 'ros'
[0.119s] Level 1:colcon.colcon_core.package_identification:_identify(external/ipopt/coinbrew/build/Ipopt/3.14.19/tutorial/CodingExercise/C/3-solution) by extensions ['cmake', 'python']
[0.119s] Level 1:colcon.colcon_core.package_identification:_identify(external/ipopt/coinbrew/build/Ipopt/3.14.19/tutorial/CodingExercise/C/3-solution) by extension 'cmake'
[0.119s] Level 1:colcon.colcon_core.package_identification:_identify(external/ipopt/coinbrew/build/Ipopt/3.14.19/tutorial/CodingExercise/C/3-solution) by extension 'python'
[0.119s] Level 1:colcon.colcon_core.package_identification:_identify(external/ipopt/coinbrew/build/Ipopt/3.14.19/tutorial/CodingExercise/C/3-solution) by extensions ['python_setup_py']
[0.119s] Level 1:colcon.colcon_core.package_identification:_identify(external/ipopt/coinbrew/build/Ipopt/3.14.19/tutorial/CodingExercise/C/3-solution) by extension 'python_setup_py'
[0.119s] Level 1:colcon.colcon_core.package_identification:_identify(external/ipopt/coinbrew/build/Ipopt/3.14.19/tutorial/CodingExercise/Cpp) by extensions ['ignore', 'ignore_ament_install']
[0.119s] Level 1:colcon.colcon_core.package_identification:_identify(external/ipopt/coinbrew/build/Ipopt/3.14.19/tutorial/CodingExercise/Cpp) by extension 'ignore'
[0.119s] Level 1:colcon.colcon_core.package_identification:_identify(external/ipopt/coinbrew/build/Ipopt/3.14.19/tutorial/CodingExercise/Cpp) by extension 'ignore_ament_install'
[0.119s] Level 1:colcon.colcon_core.package_identification:_identify(external/ipopt/coinbrew/build/Ipopt/3.14.19/tutorial/CodingExercise/Cpp) by extensions ['colcon_pkg']
[0.119s] Level 1:colcon.colcon_core.package_identification:_identify(external/ipopt/coinbrew/build/Ipopt/3.14.19/tutorial/CodingExercise/Cpp) by extension 'colcon_pkg'
[0.119s] Level 1:colcon.colcon_core.package_identification:_identify(external/ipopt/coinbrew/build/Ipopt/3.14.19/tutorial/CodingExercise/Cpp) by extensions ['colcon_meta']
[0.119s] Level 1:colcon.colcon_core.package_identification:_identify(external/ipopt/coinbrew/build/Ipopt/3.14.19/tutorial/CodingExercise/Cpp) by extension 'colcon_meta'
[0.119s] Level 1:colcon.colcon_core.package_identification:_identify(external/ipopt/coinbrew/build/Ipopt/3.14.19/tutorial/CodingExercise/Cpp) by extensions ['ros']
[0.119s] Level 1:colcon.colcon_core.package_identification:_identify(external/ipopt/coinbrew/build/Ipopt/3.14.19/tutorial/CodingExercise/Cpp) by extension 'ros'
[0.119s] Level 1:colcon.colcon_core.package_identification:_identify(external/ipopt/coinbrew/build/Ipopt/3.14.19/tutorial/CodingExercise/Cpp) by extensions ['cmake', 'python']
[0.119s] Level 1:colcon.colcon_core.package_identification:_identify(external/ipopt/coinbrew/build/Ipopt/3.14.19/tutorial/CodingExercise/Cpp) by extension 'cmake'
[0.119s] Level 1:colcon.colcon_core.package_identification:_identify(external/ipopt/coinbrew/build/Ipopt/3.14.19/tutorial/CodingExercise/Cpp) by extension 'python'
[0.119s] Level 1:colcon.colcon_core.package_identification:_identify(external/ipopt/coinbrew/build/Ipopt/3.14.19/tutorial/CodingExercise/Cpp) by extensions ['python_setup_py']
[0.119s] Level 1:colcon.colcon_core.package_identification:_identify(external/ipopt/coinbrew/build/Ipopt/3.14.19/tutorial/CodingExercise/Cpp) by extension 'python_setup_py'
[0.119s] Level 1:colcon.colcon_core.package_identification:_identify(external/ipopt/coinbrew/build/Ipopt/3.14.19/tutorial/CodingExercise/Cpp/1-skeleton) by extensions ['ignore', 'ignore_ament_install']
[0.119s] Level 1:colcon.colcon_core.package_identification:_identify(external/ipopt/coinbrew/build/Ipopt/3.14.19/tutorial/CodingExercise/Cpp/1-skeleton) by extension 'ignore'
[0.119s] Level 1:colcon.colcon_core.package_identification:_identify(external/ipopt/coinbrew/build/Ipopt/3.14.19/tutorial/CodingExercise/Cpp/1-skeleton) by extension 'ignore_ament_install'
[0.119s] Level 1:colcon.colcon_core.package_identification:_identify(external/ipopt/coinbrew/build/Ipopt/3.14.19/tutorial/CodingExercise/Cpp/1-skeleton) by extensions ['colcon_pkg']
[0.119s] Level 1:colcon.colcon_core.package_identification:_identify(external/ipopt/coinbrew/build/Ipopt/3.14.19/tutorial/CodingExercise/Cpp/1-skeleton) by extension 'colcon_pkg'
[0.119s] Level 1:colcon.colcon_core.package_identification:_identify(external/ipopt/coinbrew/build/Ipopt/3.14.19/tutorial/CodingExercise/Cpp/1-skeleton) by extensions ['colcon_meta']
[0.119s] Level 1:colcon.colcon_core.package_identification:_identify(external/ipopt/coinbrew/build/Ipopt/3.14.19/tutorial/CodingExercise/Cpp/1-skeleton) by extension 'colcon_meta'
[0.119s] Level 1:colcon.colcon_core.package_identification:_identify(external/ipopt/coinbrew/build/Ipopt/3.14.19/tutorial/CodingExercise/Cpp/1-skeleton) by extensions ['ros']
[0.119s] Level 1:colcon.colcon_core.package_identification:_identify(external/ipopt/coinbrew/build/Ipopt/3.14.19/tutorial/CodingExercise/Cpp/1-skeleton) by extension 'ros'
[0.119s] Level 1:colcon.colcon_core.package_identification:_identify(external/ipopt/coinbrew/build/Ipopt/3.14.19/tutorial/CodingExercise/Cpp/1-skeleton) by extensions ['cmake', 'python']
[0.119s] Level 1:colcon.colcon_core.package_identification:_identify(external/ipopt/coinbrew/build/Ipopt/3.14.19/tutorial/CodingExercise/Cpp/1-skeleton) by extension 'cmake'
[0.119s] Level 1:colcon.colcon_core.package_identification:_identify(external/ipopt/coinbrew/build/Ipopt/3.14.19/tutorial/CodingExercise/Cpp/1-skeleton) by extension 'python'
[0.119s] Level 1:colcon.colcon_core.package_identification:_identify(external/ipopt/coinbrew/build/Ipopt/3.14.19/tutorial/CodingExercise/Cpp/1-skeleton) by extensions ['python_setup_py']
[0.119s] Level 1:colcon.colcon_core.package_identification:_identify(external/ipopt/coinbrew/build/Ipopt/3.14.19/tutorial/CodingExercise/Cpp/1-skeleton) by extension 'python_setup_py'
[0.119s] Level 1:colcon.colcon_core.package_identification:_identify(external/ipopt/coinbrew/build/Ipopt/3.14.19/tutorial/CodingExercise/Cpp/2-mistake) by extensions ['ignore', 'ignore_ament_install']
[0.119s] Level 1:colcon.colcon_core.package_identification:_identify(external/ipopt/coinbrew/build/Ipopt/3.14.19/tutorial/CodingExercise/Cpp/2-mistake) by extension 'ignore'
[0.119s] Level 1:colcon.colcon_core.package_identification:_identify(external/ipopt/coinbrew/build/Ipopt/3.14.19/tutorial/CodingExercise/Cpp/2-mistake) by extension 'ignore_ament_install'
[0.119s] Level 1:colcon.colcon_core.package_identification:_identify(external/ipopt/coinbrew/build/Ipopt/3.14.19/tutorial/CodingExercise/Cpp/2-mistake) by extensions ['colcon_pkg']
[0.119s] Level 1:colcon.colcon_core.package_identification:_identify(external/ipopt/coinbrew/build/Ipopt/3.14.19/tutorial/CodingExercise/Cpp/2-mistake) by extension 'colcon_pkg'
[0.119s] Level 1:colcon.colcon_core.package_identification:_identify(external/ipopt/coinbrew/build/Ipopt/3.14.19/tutorial/CodingExercise/Cpp/2-mistake) by extensions ['colcon_meta']
[0.119s] Level 1:colcon.colcon_core.package_identification:_identify(external/ipopt/coinbrew/build/Ipopt/3.14.19/tutorial/CodingExercise/Cpp/2-mistake) by extension 'colcon_meta'
[0.119s] Level 1:colcon.colcon_core.package_identification:_identify(external/ipopt/coinbrew/build/Ipopt/3.14.19/tutorial/CodingExercise/Cpp/2-mistake) by extensions ['ros']
[0.119s] Level 1:colcon.colcon_core.package_identification:_identify(external/ipopt/coinbrew/build/Ipopt/3.14.19/tutorial/CodingExercise/Cpp/2-mistake) by extension 'ros'
[0.119s] Level 1:colcon.colcon_core.package_identification:_identify(external/ipopt/coinbrew/build/Ipopt/3.14.19/tutorial/CodingExercise/Cpp/2-mistake) by extensions ['cmake', 'python']
[0.120s] Level 1:colcon.colcon_core.package_identification:_identify(external/ipopt/coinbrew/build/Ipopt/3.14.19/tutorial/CodingExercise/Cpp/2-mistake) by extension 'cmake'
[0.120s] Level 1:colcon.colcon_core.package_identification:_identify(external/ipopt/coinbrew/build/Ipopt/3.14.19/tutorial/CodingExercise/Cpp/2-mistake) by extension 'python'
[0.120s] Level 1:colcon.colcon_core.package_identification:_identify(external/ipopt/coinbrew/build/Ipopt/3.14.19/tutorial/CodingExercise/Cpp/2-mistake) by extensions ['python_setup_py']
[0.120s] Level 1:colcon.colcon_core.package_identification:_identify(external/ipopt/coinbrew/build/Ipopt/3.14.19/tutorial/CodingExercise/Cpp/2-mistake) by extension 'python_setup_py'
[0.120s] Level 1:colcon.colcon_core.package_identification:_identify(external/ipopt/coinbrew/build/Ipopt/3.14.19/tutorial/CodingExercise/Cpp/3-solution) by extensions ['ignore', 'ignore_ament_install']
[0.120s] Level 1:colcon.colcon_core.package_identification:_identify(external/ipopt/coinbrew/build/Ipopt/3.14.19/tutorial/CodingExercise/Cpp/3-solution) by extension 'ignore'
[0.120s] Level 1:colcon.colcon_core.package_identification:_identify(external/ipopt/coinbrew/build/Ipopt/3.14.19/tutorial/CodingExercise/Cpp/3-solution) by extension 'ignore_ament_install'
[0.120s] Level 1:colcon.colcon_core.package_identification:_identify(external/ipopt/coinbrew/build/Ipopt/3.14.19/tutorial/CodingExercise/Cpp/3-solution) by extensions ['colcon_pkg']
[0.120s] Level 1:colcon.colcon_core.package_identification:_identify(external/ipopt/coinbrew/build/Ipopt/3.14.19/tutorial/CodingExercise/Cpp/3-solution) by extension 'colcon_pkg'
[0.120s] Level 1:colcon.colcon_core.package_identification:_identify(external/ipopt/coinbrew/build/Ipopt/3.14.19/tutorial/CodingExercise/Cpp/3-solution) by extensions ['colcon_meta']
[0.120s] Level 1:colcon.colcon_core.package_identification:_identify(external/ipopt/coinbrew/build/Ipopt/3.14.19/tutorial/CodingExercise/Cpp/3-solution) by extension 'colcon_meta'
[0.120s] Level 1:colcon.colcon_core.package_identification:_identify(external/ipopt/coinbrew/build/Ipopt/3.14.19/tutorial/CodingExercise/Cpp/3-solution) by extensions ['ros']
[0.120s] Level 1:colcon.colcon_core.package_identification:_identify(external/ipopt/coinbrew/build/Ipopt/3.14.19/tutorial/CodingExercise/Cpp/3-solution) by extension 'ros'
[0.120s] Level 1:colcon.colcon_core.package_identification:_identify(external/ipopt/coinbrew/build/Ipopt/3.14.19/tutorial/CodingExercise/Cpp/3-solution) by extensions ['cmake', 'python']
[0.120s] Level 1:colcon.colcon_core.package_identification:_identify(external/ipopt/coinbrew/build/Ipopt/3.14.19/tutorial/CodingExercise/Cpp/3-solution) by extension 'cmake'
[0.120s] Level 1:colcon.colcon_core.package_identification:_identify(external/ipopt/coinbrew/build/Ipopt/3.14.19/tutorial/CodingExercise/Cpp/3-solution) by extension 'python'
[0.120s] Level 1:colcon.colcon_core.package_identification:_identify(external/ipopt/coinbrew/build/Ipopt/3.14.19/tutorial/CodingExercise/Cpp/3-solution) by extensions ['python_setup_py']
[0.120s] Level 1:colcon.colcon_core.package_identification:_identify(external/ipopt/coinbrew/build/Ipopt/3.14.19/tutorial/CodingExercise/Cpp/3-solution) by extension 'python_setup_py'
[0.120s] Level 1:colcon.colcon_core.package_identification:_identify(external/ipopt/coinbrew/build/Ipopt/3.14.19/tutorial/CodingExercise/Fortran) by extensions ['ignore', 'ignore_ament_install']
[0.120s] Level 1:colcon.colcon_core.package_identification:_identify(external/ipopt/coinbrew/build/Ipopt/3.14.19/tutorial/CodingExercise/Fortran) by extension 'ignore'
[0.120s] Level 1:colcon.colcon_core.package_identification:_identify(external/ipopt/coinbrew/build/Ipopt/3.14.19/tutorial/CodingExercise/Fortran) by extension 'ignore_ament_install'
[0.120s] Level 1:colcon.colcon_core.package_identification:_identify(external/ipopt/coinbrew/build/Ipopt/3.14.19/tutorial/CodingExercise/Fortran) by extensions ['colcon_pkg']
[0.120s] Level 1:colcon.colcon_core.package_identification:_identify(external/ipopt/coinbrew/build/Ipopt/3.14.19/tutorial/CodingExercise/Fortran) by extension 'colcon_pkg'
[0.120s] Level 1:colcon.colcon_core.package_identification:_identify(external/ipopt/coinbrew/build/Ipopt/3.14.19/tutorial/CodingExercise/Fortran) by extensions ['colcon_meta']
[0.120s] Level 1:colcon.colcon_core.package_identification:_identify(external/ipopt/coinbrew/build/Ipopt/3.14.19/tutorial/CodingExercise/Fortran) by extension 'colcon_meta'
[0.120s] Level 1:colcon.colcon_core.package_identification:_identify(external/ipopt/coinbrew/build/Ipopt/3.14.19/tutorial/CodingExercise/Fortran) by extensions ['ros']
[0.120s] Level 1:colcon.colcon_core.package_identification:_identify(external/ipopt/coinbrew/build/Ipopt/3.14.19/tutorial/CodingExercise/Fortran) by extension 'ros'
[0.120s] Level 1:colcon.colcon_core.package_identification:_identify(external/ipopt/coinbrew/build/Ipopt/3.14.19/tutorial/CodingExercise/Fortran) by extensions ['cmake', 'python']
[0.120s] Level 1:colcon.colcon_core.package_identification:_identify(external/ipopt/coinbrew/build/Ipopt/3.14.19/tutorial/CodingExercise/Fortran) by extension 'cmake'
[0.120s] Level 1:colcon.colcon_core.package_identification:_identify(external/ipopt/coinbrew/build/Ipopt/3.14.19/tutorial/CodingExercise/Fortran) by extension 'python'
[0.120s] Level 1:colcon.colcon_core.package_identification:_identify(external/ipopt/coinbrew/build/Ipopt/3.14.19/tutorial/CodingExercise/Fortran) by extensions ['python_setup_py']
[0.120s] Level 1:colcon.colcon_core.package_identification:_identify(external/ipopt/coinbrew/build/Ipopt/3.14.19/tutorial/CodingExercise/Fortran) by extension 'python_setup_py'
[0.120s] Level 1:colcon.colcon_core.package_identification:_identify(external/ipopt/coinbrew/build/Ipopt/3.14.19/tutorial/CodingExercise/Fortran/1-skeleton) by extensions ['ignore', 'ignore_ament_install']
[0.120s] Level 1:colcon.colcon_core.package_identification:_identify(external/ipopt/coinbrew/build/Ipopt/3.14.19/tutorial/CodingExercise/Fortran/1-skeleton) by extension 'ignore'
[0.120s] Level 1:colcon.colcon_core.package_identification:_identify(external/ipopt/coinbrew/build/Ipopt/3.14.19/tutorial/CodingExercise/Fortran/1-skeleton) by extension 'ignore_ament_install'
[0.120s] Level 1:colcon.colcon_core.package_identification:_identify(external/ipopt/coinbrew/build/Ipopt/3.14.19/tutorial/CodingExercise/Fortran/1-skeleton) by extensions ['colcon_pkg']
[0.120s] Level 1:colcon.colcon_core.package_identification:_identify(external/ipopt/coinbrew/build/Ipopt/3.14.19/tutorial/CodingExercise/Fortran/1-skeleton) by extension 'colcon_pkg'
[0.120s] Level 1:colcon.colcon_core.package_identification:_identify(external/ipopt/coinbrew/build/Ipopt/3.14.19/tutorial/CodingExercise/Fortran/1-skeleton) by extensions ['colcon_meta']
[0.120s] Level 1:colcon.colcon_core.package_identification:_identify(external/ipopt/coinbrew/build/Ipopt/3.14.19/tutorial/CodingExercise/Fortran/1-skeleton) by extension 'colcon_meta'
[0.120s] Level 1:colcon.colcon_core.package_identification:_identify(external/ipopt/coinbrew/build/Ipopt/3.14.19/tutorial/CodingExercise/Fortran/1-skeleton) by extensions ['ros']
[0.120s] Level 1:colcon.colcon_core.package_identification:_identify(external/ipopt/coinbrew/build/Ipopt/3.14.19/tutorial/CodingExercise/Fortran/1-skeleton) by extension 'ros'
[0.120s] Level 1:colcon.colcon_core.package_identification:_identify(external/ipopt/coinbrew/build/Ipopt/3.14.19/tutorial/CodingExercise/Fortran/1-skeleton) by extensions ['cmake', 'python']
[0.120s] Level 1:colcon.colcon_core.package_identification:_identify(external/ipopt/coinbrew/build/Ipopt/3.14.19/tutorial/CodingExercise/Fortran/1-skeleton) by extension 'cmake'
[0.120s] Level 1:colcon.colcon_core.package_identification:_identify(external/ipopt/coinbrew/build/Ipopt/3.14.19/tutorial/CodingExercise/Fortran/1-skeleton) by extension 'python'
[0.120s] Level 1:colcon.colcon_core.package_identification:_identify(external/ipopt/coinbrew/build/Ipopt/3.14.19/tutorial/CodingExercise/Fortran/1-skeleton) by extensions ['python_setup_py']
[0.120s] Level 1:colcon.colcon_core.package_identification:_identify(external/ipopt/coinbrew/build/Ipopt/3.14.19/tutorial/CodingExercise/Fortran/1-skeleton) by extension 'python_setup_py'
[0.120s] Level 1:colcon.colcon_core.package_identification:_identify(external/ipopt/coinbrew/build/Ipopt/3.14.19/tutorial/CodingExercise/Fortran/2-mistake) by extensions ['ignore', 'ignore_ament_install']
[0.120s] Level 1:colcon.colcon_core.package_identification:_identify(external/ipopt/coinbrew/build/Ipopt/3.14.19/tutorial/CodingExercise/Fortran/2-mistake) by extension 'ignore'
[0.120s] Level 1:colcon.colcon_core.package_identification:_identify(external/ipopt/coinbrew/build/Ipopt/3.14.19/tutorial/CodingExercise/Fortran/2-mistake) by extension 'ignore_ament_install'
[0.121s] Level 1:colcon.colcon_core.package_identification:_identify(external/ipopt/coinbrew/build/Ipopt/3.14.19/tutorial/CodingExercise/Fortran/2-mistake) by extensions ['colcon_pkg']
[0.121s] Level 1:colcon.colcon_core.package_identification:_identify(external/ipopt/coinbrew/build/Ipopt/3.14.19/tutorial/CodingExercise/Fortran/2-mistake) by extension 'colcon_pkg'
[0.121s] Level 1:colcon.colcon_core.package_identification:_identify(external/ipopt/coinbrew/build/Ipopt/3.14.19/tutorial/CodingExercise/Fortran/2-mistake) by extensions ['colcon_meta']
[0.121s] Level 1:colcon.colcon_core.package_identification:_identify(external/ipopt/coinbrew/build/Ipopt/3.14.19/tutorial/CodingExercise/Fortran/2-mistake) by extension 'colcon_meta'
[0.121s] Level 1:colcon.colcon_core.package_identification:_identify(external/ipopt/coinbrew/build/Ipopt/3.14.19/tutorial/CodingExercise/Fortran/2-mistake) by extensions ['ros']
[0.121s] Level 1:colcon.colcon_core.package_identification:_identify(external/ipopt/coinbrew/build/Ipopt/3.14.19/tutorial/CodingExercise/Fortran/2-mistake) by extension 'ros'
[0.121s] Level 1:colcon.colcon_core.package_identification:_identify(external/ipopt/coinbrew/build/Ipopt/3.14.19/tutorial/CodingExercise/Fortran/2-mistake) by extensions ['cmake', 'python']
[0.121s] Level 1:colcon.colcon_core.package_identification:_identify(external/ipopt/coinbrew/build/Ipopt/3.14.19/tutorial/CodingExercise/Fortran/2-mistake) by extension 'cmake'
[0.121s] Level 1:colcon.colcon_core.package_identification:_identify(external/ipopt/coinbrew/build/Ipopt/3.14.19/tutorial/CodingExercise/Fortran/2-mistake) by extension 'python'
[0.121s] Level 1:colcon.colcon_core.package_identification:_identify(external/ipopt/coinbrew/build/Ipopt/3.14.19/tutorial/CodingExercise/Fortran/2-mistake) by extensions ['python_setup_py']
[0.121s] Level 1:colcon.colcon_core.package_identification:_identify(external/ipopt/coinbrew/build/Ipopt/3.14.19/tutorial/CodingExercise/Fortran/2-mistake) by extension 'python_setup_py'
[0.121s] Level 1:colcon.colcon_core.package_identification:_identify(external/ipopt/coinbrew/build/Ipopt/3.14.19/tutorial/CodingExercise/Fortran/3-solution) by extensions ['ignore', 'ignore_ament_install']
[0.121s] Level 1:colcon.colcon_core.package_identification:_identify(external/ipopt/coinbrew/build/Ipopt/3.14.19/tutorial/CodingExercise/Fortran/3-solution) by extension 'ignore'
[0.121s] Level 1:colcon.colcon_core.package_identification:_identify(external/ipopt/coinbrew/build/Ipopt/3.14.19/tutorial/CodingExercise/Fortran/3-solution) by extension 'ignore_ament_install'
[0.121s] Level 1:colcon.colcon_core.package_identification:_identify(external/ipopt/coinbrew/build/Ipopt/3.14.19/tutorial/CodingExercise/Fortran/3-solution) by extensions ['colcon_pkg']
[0.121s] Level 1:colcon.colcon_core.package_identification:_identify(external/ipopt/coinbrew/build/Ipopt/3.14.19/tutorial/CodingExercise/Fortran/3-solution) by extension 'colcon_pkg'
[0.121s] Level 1:colcon.colcon_core.package_identification:_identify(external/ipopt/coinbrew/build/Ipopt/3.14.19/tutorial/CodingExercise/Fortran/3-solution) by extensions ['colcon_meta']
[0.121s] Level 1:colcon.colcon_core.package_identification:_identify(external/ipopt/coinbrew/build/Ipopt/3.14.19/tutorial/CodingExercise/Fortran/3-solution) by extension 'colcon_meta'
[0.121s] Level 1:colcon.colcon_core.package_identification:_identify(external/ipopt/coinbrew/build/Ipopt/3.14.19/tutorial/CodingExercise/Fortran/3-solution) by extensions ['ros']
[0.121s] Level 1:colcon.colcon_core.package_identification:_identify(external/ipopt/coinbrew/build/Ipopt/3.14.19/tutorial/CodingExercise/Fortran/3-solution) by extension 'ros'
[0.121s] Level 1:colcon.colcon_core.package_identification:_identify(external/ipopt/coinbrew/build/Ipopt/3.14.19/tutorial/CodingExercise/Fortran/3-solution) by extensions ['cmake', 'python']
[0.121s] Level 1:colcon.colcon_core.package_identification:_identify(external/ipopt/coinbrew/build/Ipopt/3.14.19/tutorial/CodingExercise/Fortran/3-solution) by extension 'cmake'
[0.121s] Level 1:colcon.colcon_core.package_identification:_identify(external/ipopt/coinbrew/build/Ipopt/3.14.19/tutorial/CodingExercise/Fortran/3-solution) by extension 'python'
[0.121s] Level 1:colcon.colcon_core.package_identification:_identify(external/ipopt/coinbrew/build/Ipopt/3.14.19/tutorial/CodingExercise/Fortran/3-solution) by extensions ['python_setup_py']
[0.121s] Level 1:colcon.colcon_core.package_identification:_identify(external/ipopt/coinbrew/build/Ipopt/3.14.19/tutorial/CodingExercise/Fortran/3-solution) by extension 'python_setup_py'
[0.121s] Level 1:colcon.colcon_core.package_identification:_identify(external/ipopt/coinbrew/build/Ipopt/3.14.19/tutorial/CodingExercise/Matlab) by extensions ['ignore', 'ignore_ament_install']
[0.121s] Level 1:colcon.colcon_core.package_identification:_identify(external/ipopt/coinbrew/build/Ipopt/3.14.19/tutorial/CodingExercise/Matlab) by extension 'ignore'
[0.121s] Level 1:colcon.colcon_core.package_identification:_identify(external/ipopt/coinbrew/build/Ipopt/3.14.19/tutorial/CodingExercise/Matlab) by extension 'ignore_ament_install'
[0.121s] Level 1:colcon.colcon_core.package_identification:_identify(external/ipopt/coinbrew/build/Ipopt/3.14.19/tutorial/CodingExercise/Matlab) by extensions ['colcon_pkg']
[0.121s] Level 1:colcon.colcon_core.package_identification:_identify(external/ipopt/coinbrew/build/Ipopt/3.14.19/tutorial/CodingExercise/Matlab) by extension 'colcon_pkg'
[0.121s] Level 1:colcon.colcon_core.package_identification:_identify(external/ipopt/coinbrew/build/Ipopt/3.14.19/tutorial/CodingExercise/Matlab) by extensions ['colcon_meta']
[0.121s] Level 1:colcon.colcon_core.package_identification:_identify(external/ipopt/coinbrew/build/Ipopt/3.14.19/tutorial/CodingExercise/Matlab) by extension 'colcon_meta'
[0.121s] Level 1:colcon.colcon_core.package_identification:_identify(external/ipopt/coinbrew/build/Ipopt/3.14.19/tutorial/CodingExercise/Matlab) by extensions ['ros']
[0.121s] Level 1:colcon.colcon_core.package_identification:_identify(external/ipopt/coinbrew/build/Ipopt/3.14.19/tutorial/CodingExercise/Matlab) by extension 'ros'
[0.121s] Level 1:colcon.colcon_core.package_identification:_identify(external/ipopt/coinbrew/build/Ipopt/3.14.19/tutorial/CodingExercise/Matlab) by extensions ['cmake', 'python']
[0.121s] Level 1:colcon.colcon_core.package_identification:_identify(external/ipopt/coinbrew/build/Ipopt/3.14.19/tutorial/CodingExercise/Matlab) by extension 'cmake'
[0.121s] Level 1:colcon.colcon_core.package_identification:_identify(external/ipopt/coinbrew/build/Ipopt/3.14.19/tutorial/CodingExercise/Matlab) by extension 'python'
[0.121s] Level 1:colcon.colcon_core.package_identification:_identify(external/ipopt/coinbrew/build/Ipopt/3.14.19/tutorial/CodingExercise/Matlab) by extensions ['python_setup_py']
[0.121s] Level 1:colcon.colcon_core.package_identification:_identify(external/ipopt/coinbrew/build/Ipopt/3.14.19/tutorial/CodingExercise/Matlab) by extension 'python_setup_py'
[0.121s] Level 1:colcon.colcon_core.package_identification:_identify(external/ipopt/coinbrew/build/Ipopt/3.14.19/tutorial/CodingExercise/Matlab/1-skeleton) by extensions ['ignore', 'ignore_ament_install']
[0.121s] Level 1:colcon.colcon_core.package_identification:_identify(external/ipopt/coinbrew/build/Ipopt/3.14.19/tutorial/CodingExercise/Matlab/1-skeleton) by extension 'ignore'
[0.121s] Level 1:colcon.colcon_core.package_identification:_identify(external/ipopt/coinbrew/build/Ipopt/3.14.19/tutorial/CodingExercise/Matlab/1-skeleton) by extension 'ignore_ament_install'
[0.121s] Level 1:colcon.colcon_core.package_identification:_identify(external/ipopt/coinbrew/build/Ipopt/3.14.19/tutorial/CodingExercise/Matlab/1-skeleton) by extensions ['colcon_pkg']
[0.121s] Level 1:colcon.colcon_core.package_identification:_identify(external/ipopt/coinbrew/build/Ipopt/3.14.19/tutorial/CodingExercise/Matlab/1-skeleton) by extension 'colcon_pkg'
[0.121s] Level 1:colcon.colcon_core.package_identification:_identify(external/ipopt/coinbrew/build/Ipopt/3.14.19/tutorial/CodingExercise/Matlab/1-skeleton) by extensions ['colcon_meta']
[0.121s] Level 1:colcon.colcon_core.package_identification:_identify(external/ipopt/coinbrew/build/Ipopt/3.14.19/tutorial/CodingExercise/Matlab/1-skeleton) by extension 'colcon_meta'
[0.121s] Level 1:colcon.colcon_core.package_identification:_identify(external/ipopt/coinbrew/build/Ipopt/3.14.19/tutorial/CodingExercise/Matlab/1-skeleton) by extensions ['ros']
[0.121s] Level 1:colcon.colcon_core.package_identification:_identify(external/ipopt/coinbrew/build/Ipopt/3.14.19/tutorial/CodingExercise/Matlab/1-skeleton) by extension 'ros'
[0.121s] Level 1:colcon.colcon_core.package_identification:_identify(external/ipopt/coinbrew/build/Ipopt/3.14.19/tutorial/CodingExercise/Matlab/1-skeleton) by extensions ['cmake', 'python']
[0.121s] Level 1:colcon.colcon_core.package_identification:_identify(external/ipopt/coinbrew/build/Ipopt/3.14.19/tutorial/CodingExercise/Matlab/1-skeleton) by extension 'cmake'
[0.121s] Level 1:colcon.colcon_core.package_identification:_identify(external/ipopt/coinbrew/build/Ipopt/3.14.19/tutorial/CodingExercise/Matlab/1-skeleton) by extension 'python'
[0.121s] Level 1:colcon.colcon_core.package_identification:_identify(external/ipopt/coinbrew/build/Ipopt/3.14.19/tutorial/CodingExercise/Matlab/1-skeleton) by extensions ['python_setup_py']
[0.121s] Level 1:colcon.colcon_core.package_identification:_identify(external/ipopt/coinbrew/build/Ipopt/3.14.19/tutorial/CodingExercise/Matlab/1-skeleton) by extension 'python_setup_py'
[0.121s] Level 1:colcon.colcon_core.package_identification:_identify(external/ipopt/coinbrew/build/Ipopt/3.14.19/tutorial/CodingExercise/Matlab/2-mistake) by extensions ['ignore', 'ignore_ament_install']
[0.121s] Level 1:colcon.colcon_core.package_identification:_identify(external/ipopt/coinbrew/build/Ipopt/3.14.19/tutorial/CodingExercise/Matlab/2-mistake) by extension 'ignore'
[0.121s] Level 1:colcon.colcon_core.package_identification:_identify(external/ipopt/coinbrew/build/Ipopt/3.14.19/tutorial/CodingExercise/Matlab/2-mistake) by extension 'ignore_ament_install'
[0.121s] Level 1:colcon.colcon_core.package_identification:_identify(external/ipopt/coinbrew/build/Ipopt/3.14.19/tutorial/CodingExercise/Matlab/2-mistake) by extensions ['colcon_pkg']
[0.121s] Level 1:colcon.colcon_core.package_identification:_identify(external/ipopt/coinbrew/build/Ipopt/3.14.19/tutorial/CodingExercise/Matlab/2-mistake) by extension 'colcon_pkg'
[0.121s] Level 1:colcon.colcon_core.package_identification:_identify(external/ipopt/coinbrew/build/Ipopt/3.14.19/tutorial/CodingExercise/Matlab/2-mistake) by extensions ['colcon_meta']
[0.121s] Level 1:colcon.colcon_core.package_identification:_identify(external/ipopt/coinbrew/build/Ipopt/3.14.19/tutorial/CodingExercise/Matlab/2-mistake) by extension 'colcon_meta'
[0.122s] Level 1:colcon.colcon_core.package_identification:_identify(external/ipopt/coinbrew/build/Ipopt/3.14.19/tutorial/CodingExercise/Matlab/2-mistake) by extensions ['ros']
[0.122s] Level 1:colcon.colcon_core.package_identification:_identify(external/ipopt/coinbrew/build/Ipopt/3.14.19/tutorial/CodingExercise/Matlab/2-mistake) by extension 'ros'
[0.122s] Level 1:colcon.colcon_core.package_identification:_identify(external/ipopt/coinbrew/build/Ipopt/3.14.19/tutorial/CodingExercise/Matlab/2-mistake) by extensions ['cmake', 'python']
[0.122s] Level 1:colcon.colcon_core.package_identification:_identify(external/ipopt/coinbrew/build/Ipopt/3.14.19/tutorial/CodingExercise/Matlab/2-mistake) by extension 'cmake'
[0.122s] Level 1:colcon.colcon_core.package_identification:_identify(external/ipopt/coinbrew/build/Ipopt/3.14.19/tutorial/CodingExercise/Matlab/2-mistake) by extension 'python'
[0.122s] Level 1:colcon.colcon_core.package_identification:_identify(external/ipopt/coinbrew/build/Ipopt/3.14.19/tutorial/CodingExercise/Matlab/2-mistake) by extensions ['python_setup_py']
[0.122s] Level 1:colcon.colcon_core.package_identification:_identify(external/ipopt/coinbrew/build/Ipopt/3.14.19/tutorial/CodingExercise/Matlab/2-mistake) by extension 'python_setup_py'
[0.122s] Level 1:colcon.colcon_core.package_identification:_identify(external/ipopt/coinbrew/build/Ipopt/3.14.19/tutorial/CodingExercise/Matlab/3-solution) by extensions ['ignore', 'ignore_ament_install']
[0.122s] Level 1:colcon.colcon_core.package_identification:_identify(external/ipopt/coinbrew/build/Ipopt/3.14.19/tutorial/CodingExercise/Matlab/3-solution) by extension 'ignore'
[0.122s] Level 1:colcon.colcon_core.package_identification:_identify(external/ipopt/coinbrew/build/Ipopt/3.14.19/tutorial/CodingExercise/Matlab/3-solution) by extension 'ignore_ament_install'
[0.122s] Level 1:colcon.colcon_core.package_identification:_identify(external/ipopt/coinbrew/build/Ipopt/3.14.19/tutorial/CodingExercise/Matlab/3-solution) by extensions ['colcon_pkg']
[0.122s] Level 1:colcon.colcon_core.package_identification:_identify(external/ipopt/coinbrew/build/Ipopt/3.14.19/tutorial/CodingExercise/Matlab/3-solution) by extension 'colcon_pkg'
[0.122s] Level 1:colcon.colcon_core.package_identification:_identify(external/ipopt/coinbrew/build/Ipopt/3.14.19/tutorial/CodingExercise/Matlab/3-solution) by extensions ['colcon_meta']
[0.122s] Level 1:colcon.colcon_core.package_identification:_identify(external/ipopt/coinbrew/build/Ipopt/3.14.19/tutorial/CodingExercise/Matlab/3-solution) by extension 'colcon_meta'
[0.122s] Level 1:colcon.colcon_core.package_identification:_identify(external/ipopt/coinbrew/build/Ipopt/3.14.19/tutorial/CodingExercise/Matlab/3-solution) by extensions ['ros']
[0.122s] Level 1:colcon.colcon_core.package_identification:_identify(external/ipopt/coinbrew/build/Ipopt/3.14.19/tutorial/CodingExercise/Matlab/3-solution) by extension 'ros'
[0.122s] Level 1:colcon.colcon_core.package_identification:_identify(external/ipopt/coinbrew/build/Ipopt/3.14.19/tutorial/CodingExercise/Matlab/3-solution) by extensions ['cmake', 'python']
[0.122s] Level 1:colcon.colcon_core.package_identification:_identify(external/ipopt/coinbrew/build/Ipopt/3.14.19/tutorial/CodingExercise/Matlab/3-solution) by extension 'cmake'
[0.122s] Level 1:colcon.colcon_core.package_identification:_identify(external/ipopt/coinbrew/build/Ipopt/3.14.19/tutorial/CodingExercise/Matlab/3-solution) by extension 'python'
[0.122s] Level 1:colcon.colcon_core.package_identification:_identify(external/ipopt/coinbrew/build/Ipopt/3.14.19/tutorial/CodingExercise/Matlab/3-solution) by extensions ['python_setup_py']
[0.122s] Level 1:colcon.colcon_core.package_identification:_identify(external/ipopt/coinbrew/build/Ipopt/3.14.19/tutorial/CodingExercise/Matlab/3-solution) by extension 'python_setup_py'
[0.122s] Level 1:colcon.colcon_core.package_identification:_identify(external/ipopt/coinbrew/build/Ipopt/3.14.19/tutorial/Modeling) by extensions ['ignore', 'ignore_ament_install']
[0.122s] Level 1:colcon.colcon_core.package_identification:_identify(external/ipopt/coinbrew/build/Ipopt/3.14.19/tutorial/Modeling) by extension 'ignore'
[0.122s] Level 1:colcon.colcon_core.package_identification:_identify(external/ipopt/coinbrew/build/Ipopt/3.14.19/tutorial/Modeling) by extension 'ignore_ament_install'
[0.122s] Level 1:colcon.colcon_core.package_identification:_identify(external/ipopt/coinbrew/build/Ipopt/3.14.19/tutorial/Modeling) by extensions ['colcon_pkg']
[0.122s] Level 1:colcon.colcon_core.package_identification:_identify(external/ipopt/coinbrew/build/Ipopt/3.14.19/tutorial/Modeling) by extension 'colcon_pkg'
[0.122s] Level 1:colcon.colcon_core.package_identification:_identify(external/ipopt/coinbrew/build/Ipopt/3.14.19/tutorial/Modeling) by extensions ['colcon_meta']
[0.122s] Level 1:colcon.colcon_core.package_identification:_identify(external/ipopt/coinbrew/build/Ipopt/3.14.19/tutorial/Modeling) by extension 'colcon_meta'
[0.122s] Level 1:colcon.colcon_core.package_identification:_identify(external/ipopt/coinbrew/build/Ipopt/3.14.19/tutorial/Modeling) by extensions ['ros']
[0.122s] Level 1:colcon.colcon_core.package_identification:_identify(external/ipopt/coinbrew/build/Ipopt/3.14.19/tutorial/Modeling) by extension 'ros'
[0.122s] Level 1:colcon.colcon_core.package_identification:_identify(external/ipopt/coinbrew/build/Ipopt/3.14.19/tutorial/Modeling) by extensions ['cmake', 'python']
[0.122s] Level 1:colcon.colcon_core.package_identification:_identify(external/ipopt/coinbrew/build/Ipopt/3.14.19/tutorial/Modeling) by extension 'cmake'
[0.122s] Level 1:colcon.colcon_core.package_identification:_identify(external/ipopt/coinbrew/build/Ipopt/3.14.19/tutorial/Modeling) by extension 'python'
[0.122s] Level 1:colcon.colcon_core.package_identification:_identify(external/ipopt/coinbrew/build/Ipopt/3.14.19/tutorial/Modeling) by extensions ['python_setup_py']
[0.122s] Level 1:colcon.colcon_core.package_identification:_identify(external/ipopt/coinbrew/build/Ipopt/3.14.19/tutorial/Modeling) by extension 'python_setup_py'
[0.122s] Level 1:colcon.colcon_core.package_identification:_identify(external/ipopt/coinbrew/build/ThirdParty) by extensions ['ignore', 'ignore_ament_install']
[0.122s] Level 1:colcon.colcon_core.package_identification:_identify(external/ipopt/coinbrew/build/ThirdParty) by extension 'ignore'
[0.122s] Level 1:colcon.colcon_core.package_identification:_identify(external/ipopt/coinbrew/build/ThirdParty) by extension 'ignore_ament_install'
[0.122s] Level 1:colcon.colcon_core.package_identification:_identify(external/ipopt/coinbrew/build/ThirdParty) by extensions ['colcon_pkg']
[0.122s] Level 1:colcon.colcon_core.package_identification:_identify(external/ipopt/coinbrew/build/ThirdParty) by extension 'colcon_pkg'
[0.122s] Level 1:colcon.colcon_core.package_identification:_identify(external/ipopt/coinbrew/build/ThirdParty) by extensions ['colcon_meta']
[0.122s] Level 1:colcon.colcon_core.package_identification:_identify(external/ipopt/coinbrew/build/ThirdParty) by extension 'colcon_meta'
[0.122s] Level 1:colcon.colcon_core.package_identification:_identify(external/ipopt/coinbrew/build/ThirdParty) by extensions ['ros']
[0.122s] Level 1:colcon.colcon_core.package_identification:_identify(external/ipopt/coinbrew/build/ThirdParty) by extension 'ros'
[0.122s] Level 1:colcon.colcon_core.package_identification:_identify(external/ipopt/coinbrew/build/ThirdParty) by extensions ['cmake', 'python']
[0.122s] Level 1:colcon.colcon_core.package_identification:_identify(external/ipopt/coinbrew/build/ThirdParty) by extension 'cmake'
[0.122s] Level 1:colcon.colcon_core.package_identification:_identify(external/ipopt/coinbrew/build/ThirdParty) by extension 'python'
[0.122s] Level 1:colcon.colcon_core.package_identification:_identify(external/ipopt/coinbrew/build/ThirdParty) by extensions ['python_setup_py']
[0.122s] Level 1:colcon.colcon_core.package_identification:_identify(external/ipopt/coinbrew/build/ThirdParty) by extension 'python_setup_py'
[0.122s] Level 1:colcon.colcon_core.package_identification:_identify(external/ipopt/coinbrew/build/ThirdParty/ASL) by extensions ['ignore', 'ignore_ament_install']
[0.122s] Level 1:colcon.colcon_core.package_identification:_identify(external/ipopt/coinbrew/build/ThirdParty/ASL) by extension 'ignore'
[0.122s] Level 1:colcon.colcon_core.package_identification:_identify(external/ipopt/coinbrew/build/ThirdParty/ASL) by extension 'ignore_ament_install'
[0.122s] Level 1:colcon.colcon_core.package_identification:_identify(external/ipopt/coinbrew/build/ThirdParty/ASL) by extensions ['colcon_pkg']
[0.122s] Level 1:colcon.colcon_core.package_identification:_identify(external/ipopt/coinbrew/build/ThirdParty/ASL) by extension 'colcon_pkg'
[0.122s] Level 1:colcon.colcon_core.package_identification:_identify(external/ipopt/coinbrew/build/ThirdParty/ASL) by extensions ['colcon_meta']
[0.122s] Level 1:colcon.colcon_core.package_identification:_identify(external/ipopt/coinbrew/build/ThirdParty/ASL) by extension 'colcon_meta'
[0.122s] Level 1:colcon.colcon_core.package_identification:_identify(external/ipopt/coinbrew/build/ThirdParty/ASL) by extensions ['ros']
[0.122s] Level 1:colcon.colcon_core.package_identification:_identify(external/ipopt/coinbrew/build/ThirdParty/ASL) by extension 'ros'
[0.122s] Level 1:colcon.colcon_core.package_identification:_identify(external/ipopt/coinbrew/build/ThirdParty/ASL) by extensions ['cmake', 'python']
[0.122s] Level 1:colcon.colcon_core.package_identification:_identify(external/ipopt/coinbrew/build/ThirdParty/ASL) by extension 'cmake'
[0.122s] Level 1:colcon.colcon_core.package_identification:_identify(external/ipopt/coinbrew/build/ThirdParty/ASL) by extension 'python'
[0.122s] Level 1:colcon.colcon_core.package_identification:_identify(external/ipopt/coinbrew/build/ThirdParty/ASL) by extensions ['python_setup_py']
[0.122s] Level 1:colcon.colcon_core.package_identification:_identify(external/ipopt/coinbrew/build/ThirdParty/ASL) by extension 'python_setup_py'
[0.123s] Level 1:colcon.colcon_core.package_identification:_identify(external/ipopt/coinbrew/build/ThirdParty/ASL/2.0.2) by extensions ['ignore', 'ignore_ament_install']
[0.123s] Level 1:colcon.colcon_core.package_identification:_identify(external/ipopt/coinbrew/build/ThirdParty/ASL/2.0.2) by extension 'ignore'
[0.123s] Level 1:colcon.colcon_core.package_identification:_identify(external/ipopt/coinbrew/build/ThirdParty/ASL/2.0.2) by extension 'ignore_ament_install'
[0.123s] Level 1:colcon.colcon_core.package_identification:_identify(external/ipopt/coinbrew/build/ThirdParty/ASL/2.0.2) by extensions ['colcon_pkg']
[0.123s] Level 1:colcon.colcon_core.package_identification:_identify(external/ipopt/coinbrew/build/ThirdParty/ASL/2.0.2) by extension 'colcon_pkg'
[0.123s] Level 1:colcon.colcon_core.package_identification:_identify(external/ipopt/coinbrew/build/ThirdParty/ASL/2.0.2) by extensions ['colcon_meta']
[0.123s] Level 1:colcon.colcon_core.package_identification:_identify(external/ipopt/coinbrew/build/ThirdParty/ASL/2.0.2) by extension 'colcon_meta'
[0.123s] Level 1:colcon.colcon_core.package_identification:_identify(external/ipopt/coinbrew/build/ThirdParty/ASL/2.0.2) by extensions ['ros']
[0.123s] Level 1:colcon.colcon_core.package_identification:_identify(external/ipopt/coinbrew/build/ThirdParty/ASL/2.0.2) by extension 'ros'
[0.123s] Level 1:colcon.colcon_core.package_identification:_identify(external/ipopt/coinbrew/build/ThirdParty/ASL/2.0.2) by extensions ['cmake', 'python']
[0.123s] Level 1:colcon.colcon_core.package_identification:_identify(external/ipopt/coinbrew/build/ThirdParty/ASL/2.0.2) by extension 'cmake'
[0.123s] Level 1:colcon.colcon_core.package_identification:_identify(external/ipopt/coinbrew/build/ThirdParty/ASL/2.0.2) by extension 'python'
[0.123s] Level 1:colcon.colcon_core.package_identification:_identify(external/ipopt/coinbrew/build/ThirdParty/ASL/2.0.2) by extensions ['python_setup_py']
[0.123s] Level 1:colcon.colcon_core.package_identification:_identify(external/ipopt/coinbrew/build/ThirdParty/ASL/2.0.2) by extension 'python_setup_py'
[0.123s] Level 1:colcon.colcon_core.package_identification:_identify(external/ipopt/coinbrew/build/ThirdParty/ASL/2.0.2/solvers) by extensions ['ignore', 'ignore_ament_install']
[0.123s] Level 1:colcon.colcon_core.package_identification:_identify(external/ipopt/coinbrew/build/ThirdParty/ASL/2.0.2/solvers) by extension 'ignore'
[0.123s] Level 1:colcon.colcon_core.package_identification:_identify(external/ipopt/coinbrew/build/ThirdParty/ASL/2.0.2/solvers) by extension 'ignore_ament_install'
[0.123s] Level 1:colcon.colcon_core.package_identification:_identify(external/ipopt/coinbrew/build/ThirdParty/ASL/2.0.2/solvers) by extensions ['colcon_pkg']
[0.123s] Level 1:colcon.colcon_core.package_identification:_identify(external/ipopt/coinbrew/build/ThirdParty/ASL/2.0.2/solvers) by extension 'colcon_pkg'
[0.123s] Level 1:colcon.colcon_core.package_identification:_identify(external/ipopt/coinbrew/build/ThirdParty/ASL/2.0.2/solvers) by extensions ['colcon_meta']
[0.123s] Level 1:colcon.colcon_core.package_identification:_identify(external/ipopt/coinbrew/build/ThirdParty/ASL/2.0.2/solvers) by extension 'colcon_meta'
[0.123s] Level 1:colcon.colcon_core.package_identification:_identify(external/ipopt/coinbrew/build/ThirdParty/ASL/2.0.2/solvers) by extensions ['ros']
[0.123s] Level 1:colcon.colcon_core.package_identification:_identify(external/ipopt/coinbrew/build/ThirdParty/ASL/2.0.2/solvers) by extension 'ros'
[0.123s] Level 1:colcon.colcon_core.package_identification:_identify(external/ipopt/coinbrew/build/ThirdParty/ASL/2.0.2/solvers) by extensions ['cmake', 'python']
[0.123s] Level 1:colcon.colcon_core.package_identification:_identify(external/ipopt/coinbrew/build/ThirdParty/ASL/2.0.2/solvers) by extension 'cmake'
[0.123s] Level 1:colcon.colcon_core.package_identification:_identify(external/ipopt/coinbrew/build/ThirdParty/ASL/2.0.2/solvers) by extension 'python'
[0.123s] Level 1:colcon.colcon_core.package_identification:_identify(external/ipopt/coinbrew/build/ThirdParty/ASL/2.0.2/solvers) by extensions ['python_setup_py']
[0.123s] Level 1:colcon.colcon_core.package_identification:_identify(external/ipopt/coinbrew/build/ThirdParty/ASL/2.0.2/solvers) by extension 'python_setup_py'
[0.123s] Level 1:colcon.colcon_core.package_identification:_identify(external/ipopt/coinbrew/build/ThirdParty/HSL) by extensions ['ignore', 'ignore_ament_install']
[0.123s] Level 1:colcon.colcon_core.package_identification:_identify(external/ipopt/coinbrew/build/ThirdParty/HSL) by extension 'ignore'
[0.123s] Level 1:colcon.colcon_core.package_identification:_identify(external/ipopt/coinbrew/build/ThirdParty/HSL) by extension 'ignore_ament_install'
[0.123s] Level 1:colcon.colcon_core.package_identification:_identify(external/ipopt/coinbrew/build/ThirdParty/HSL) by extensions ['colcon_pkg']
[0.123s] Level 1:colcon.colcon_core.package_identification:_identify(external/ipopt/coinbrew/build/ThirdParty/HSL) by extension 'colcon_pkg'
[0.123s] Level 1:colcon.colcon_core.package_identification:_identify(external/ipopt/coinbrew/build/ThirdParty/HSL) by extensions ['colcon_meta']
[0.123s] Level 1:colcon.colcon_core.package_identification:_identify(external/ipopt/coinbrew/build/ThirdParty/HSL) by extension 'colcon_meta'
[0.123s] Level 1:colcon.colcon_core.package_identification:_identify(external/ipopt/coinbrew/build/ThirdParty/HSL) by extensions ['ros']
[0.123s] Level 1:colcon.colcon_core.package_identification:_identify(external/ipopt/coinbrew/build/ThirdParty/HSL) by extension 'ros'
[0.123s] Level 1:colcon.colcon_core.package_identification:_identify(external/ipopt/coinbrew/build/ThirdParty/HSL) by extensions ['cmake', 'python']
[0.123s] Level 1:colcon.colcon_core.package_identification:_identify(external/ipopt/coinbrew/build/ThirdParty/HSL) by extension 'cmake'
[0.123s] Level 1:colcon.colcon_core.package_identification:_identify(external/ipopt/coinbrew/build/ThirdParty/HSL) by extension 'python'
[0.123s] Level 1:colcon.colcon_core.package_identification:_identify(external/ipopt/coinbrew/build/ThirdParty/HSL) by extensions ['python_setup_py']
[0.123s] Level 1:colcon.colcon_core.package_identification:_identify(external/ipopt/coinbrew/build/ThirdParty/HSL) by extension 'python_setup_py'
[0.123s] Level 1:colcon.colcon_core.package_identification:_identify(external/ipopt/coinbrew/build/ThirdParty/HSL/2.2.6) by extensions ['ignore', 'ignore_ament_install']
[0.123s] Level 1:colcon.colcon_core.package_identification:_identify(external/ipopt/coinbrew/build/ThirdParty/HSL/2.2.6) by extension 'ignore'
[0.123s] Level 1:colcon.colcon_core.package_identification:_identify(external/ipopt/coinbrew/build/ThirdParty/HSL/2.2.6) by extension 'ignore_ament_install'
[0.123s] Level 1:colcon.colcon_core.package_identification:_identify(external/ipopt/coinbrew/build/ThirdParty/HSL/2.2.6) by extensions ['colcon_pkg']
[0.123s] Level 1:colcon.colcon_core.package_identification:_identify(external/ipopt/coinbrew/build/ThirdParty/HSL/2.2.6) by extension 'colcon_pkg'
[0.123s] Level 1:colcon.colcon_core.package_identification:_identify(external/ipopt/coinbrew/build/ThirdParty/HSL/2.2.6) by extensions ['colcon_meta']
[0.123s] Level 1:colcon.colcon_core.package_identification:_identify(external/ipopt/coinbrew/build/ThirdParty/HSL/2.2.6) by extension 'colcon_meta'
[0.123s] Level 1:colcon.colcon_core.package_identification:_identify(external/ipopt/coinbrew/build/ThirdParty/HSL/2.2.6) by extensions ['ros']
[0.123s] Level 1:colcon.colcon_core.package_identification:_identify(external/ipopt/coinbrew/build/ThirdParty/HSL/2.2.6) by extension 'ros'
[0.123s] Level 1:colcon.colcon_core.package_identification:_identify(external/ipopt/coinbrew/build/ThirdParty/HSL/2.2.6) by extensions ['cmake', 'python']
[0.123s] Level 1:colcon.colcon_core.package_identification:_identify(external/ipopt/coinbrew/build/ThirdParty/HSL/2.2.6) by extension 'cmake'
[0.123s] Level 1:colcon.colcon_core.package_identification:_identify(external/ipopt/coinbrew/build/ThirdParty/HSL/2.2.6) by extension 'python'
[0.123s] Level 1:colcon.colcon_core.package_identification:_identify(external/ipopt/coinbrew/build/ThirdParty/HSL/2.2.6) by extensions ['python_setup_py']
[0.123s] Level 1:colcon.colcon_core.package_identification:_identify(external/ipopt/coinbrew/build/ThirdParty/HSL/2.2.6) by extension 'python_setup_py'
[0.123s] Level 1:colcon.colcon_core.package_identification:_identify(external/ipopt/coinbrew/build/ThirdParty/HSL/2.2.6/coinhsl) by extensions ['ignore', 'ignore_ament_install']
[0.123s] Level 1:colcon.colcon_core.package_identification:_identify(external/ipopt/coinbrew/build/ThirdParty/HSL/2.2.6/coinhsl) by extension 'ignore'
[0.123s] Level 1:colcon.colcon_core.package_identification:_identify(external/ipopt/coinbrew/build/ThirdParty/HSL/2.2.6/coinhsl) by extension 'ignore_ament_install'
[0.123s] Level 1:colcon.colcon_core.package_identification:_identify(external/ipopt/coinbrew/build/ThirdParty/HSL/2.2.6/coinhsl) by extensions ['colcon_pkg']
[0.123s] Level 1:colcon.colcon_core.package_identification:_identify(external/ipopt/coinbrew/build/ThirdParty/HSL/2.2.6/coinhsl) by extension 'colcon_pkg'
[0.124s] Level 1:colcon.colcon_core.package_identification:_identify(external/ipopt/coinbrew/build/ThirdParty/HSL/2.2.6/coinhsl) by extensions ['colcon_meta']
[0.124s] Level 1:colcon.colcon_core.package_identification:_identify(external/ipopt/coinbrew/build/ThirdParty/HSL/2.2.6/coinhsl) by extension 'colcon_meta'
[0.124s] Level 1:colcon.colcon_core.package_identification:_identify(external/ipopt/coinbrew/build/ThirdParty/HSL/2.2.6/coinhsl) by extensions ['ros']
[0.124s] Level 1:colcon.colcon_core.package_identification:_identify(external/ipopt/coinbrew/build/ThirdParty/HSL/2.2.6/coinhsl) by extension 'ros'
[0.124s] Level 1:colcon.colcon_core.package_identification:_identify(external/ipopt/coinbrew/build/ThirdParty/HSL/2.2.6/coinhsl) by extensions ['cmake', 'python']
[0.124s] Level 1:colcon.colcon_core.package_identification:_identify(external/ipopt/coinbrew/build/ThirdParty/HSL/2.2.6/coinhsl) by extension 'cmake'
[0.124s] Level 1:colcon.colcon_core.package_identification:_identify(external/ipopt/coinbrew/build/ThirdParty/HSL/2.2.6/coinhsl) by extension 'python'
[0.124s] Level 1:colcon.colcon_core.package_identification:_identify(external/ipopt/coinbrew/build/ThirdParty/HSL/2.2.6/coinhsl) by extensions ['python_setup_py']
[0.124s] Level 1:colcon.colcon_core.package_identification:_identify(external/ipopt/coinbrew/build/ThirdParty/HSL/2.2.6/coinhsl) by extension 'python_setup_py'
[0.124s] Level 1:colcon.colcon_core.package_identification:_identify(external/ipopt/coinbrew/build/ThirdParty/HSL/2.2.6/coinhsl/common) by extensions ['ignore', 'ignore_ament_install']
[0.124s] Level 1:colcon.colcon_core.package_identification:_identify(external/ipopt/coinbrew/build/ThirdParty/HSL/2.2.6/coinhsl/common) by extension 'ignore'
[0.124s] Level 1:colcon.colcon_core.package_identification:_identify(external/ipopt/coinbrew/build/ThirdParty/HSL/2.2.6/coinhsl/common) by extension 'ignore_ament_install'
[0.124s] Level 1:colcon.colcon_core.package_identification:_identify(external/ipopt/coinbrew/build/ThirdParty/HSL/2.2.6/coinhsl/common) by extensions ['colcon_pkg']
[0.124s] Level 1:colcon.colcon_core.package_identification:_identify(external/ipopt/coinbrew/build/ThirdParty/HSL/2.2.6/coinhsl/common) by extension 'colcon_pkg'
[0.124s] Level 1:colcon.colcon_core.package_identification:_identify(external/ipopt/coinbrew/build/ThirdParty/HSL/2.2.6/coinhsl/common) by extensions ['colcon_meta']
[0.124s] Level 1:colcon.colcon_core.package_identification:_identify(external/ipopt/coinbrew/build/ThirdParty/HSL/2.2.6/coinhsl/common) by extension 'colcon_meta'
[0.124s] Level 1:colcon.colcon_core.package_identification:_identify(external/ipopt/coinbrew/build/ThirdParty/HSL/2.2.6/coinhsl/common) by extensions ['ros']
[0.124s] Level 1:colcon.colcon_core.package_identification:_identify(external/ipopt/coinbrew/build/ThirdParty/HSL/2.2.6/coinhsl/common) by extension 'ros'
[0.124s] Level 1:colcon.colcon_core.package_identification:_identify(external/ipopt/coinbrew/build/ThirdParty/HSL/2.2.6/coinhsl/common) by extensions ['cmake', 'python']
[0.124s] Level 1:colcon.colcon_core.package_identification:_identify(external/ipopt/coinbrew/build/ThirdParty/HSL/2.2.6/coinhsl/common) by extension 'cmake'
[0.124s] Level 1:colcon.colcon_core.package_identification:_identify(external/ipopt/coinbrew/build/ThirdParty/HSL/2.2.6/coinhsl/common) by extension 'python'
[0.124s] Level 1:colcon.colcon_core.package_identification:_identify(external/ipopt/coinbrew/build/ThirdParty/HSL/2.2.6/coinhsl/common) by extensions ['python_setup_py']
[0.124s] Level 1:colcon.colcon_core.package_identification:_identify(external/ipopt/coinbrew/build/ThirdParty/HSL/2.2.6/coinhsl/common) by extension 'python_setup_py'
[0.124s] Level 1:colcon.colcon_core.package_identification:_identify(external/ipopt/coinbrew/build/ThirdParty/HSL/2.2.6/coinhsl/ma27) by extensions ['ignore', 'ignore_ament_install']
[0.124s] Level 1:colcon.colcon_core.package_identification:_identify(external/ipopt/coinbrew/build/ThirdParty/HSL/2.2.6/coinhsl/ma27) by extension 'ignore'
[0.124s] Level 1:colcon.colcon_core.package_identification:_identify(external/ipopt/coinbrew/build/ThirdParty/HSL/2.2.6/coinhsl/ma27) by extension 'ignore_ament_install'
[0.124s] Level 1:colcon.colcon_core.package_identification:_identify(external/ipopt/coinbrew/build/ThirdParty/HSL/2.2.6/coinhsl/ma27) by extensions ['colcon_pkg']
[0.124s] Level 1:colcon.colcon_core.package_identification:_identify(external/ipopt/coinbrew/build/ThirdParty/HSL/2.2.6/coinhsl/ma27) by extension 'colcon_pkg'
[0.124s] Level 1:colcon.colcon_core.package_identification:_identify(external/ipopt/coinbrew/build/ThirdParty/HSL/2.2.6/coinhsl/ma27) by extensions ['colcon_meta']
[0.124s] Level 1:colcon.colcon_core.package_identification:_identify(external/ipopt/coinbrew/build/ThirdParty/HSL/2.2.6/coinhsl/ma27) by extension 'colcon_meta'
[0.124s] Level 1:colcon.colcon_core.package_identification:_identify(external/ipopt/coinbrew/build/ThirdParty/HSL/2.2.6/coinhsl/ma27) by extensions ['ros']
[0.124s] Level 1:colcon.colcon_core.package_identification:_identify(external/ipopt/coinbrew/build/ThirdParty/HSL/2.2.6/coinhsl/ma27) by extension 'ros'
[0.124s] Level 1:colcon.colcon_core.package_identification:_identify(external/ipopt/coinbrew/build/ThirdParty/HSL/2.2.6/coinhsl/ma27) by extensions ['cmake', 'python']
[0.124s] Level 1:colcon.colcon_core.package_identification:_identify(external/ipopt/coinbrew/build/ThirdParty/HSL/2.2.6/coinhsl/ma27) by extension 'cmake'
[0.124s] Level 1:colcon.colcon_core.package_identification:_identify(external/ipopt/coinbrew/build/ThirdParty/HSL/2.2.6/coinhsl/ma27) by extension 'python'
[0.124s] Level 1:colcon.colcon_core.package_identification:_identify(external/ipopt/coinbrew/build/ThirdParty/HSL/2.2.6/coinhsl/ma27) by extensions ['python_setup_py']
[0.124s] Level 1:colcon.colcon_core.package_identification:_identify(external/ipopt/coinbrew/build/ThirdParty/HSL/2.2.6/coinhsl/ma27) by extension 'python_setup_py'
[0.124s] Level 1:colcon.colcon_core.package_identification:_identify(external/ipopt/coinbrew/build/ThirdParty/HSL/2.2.6/coinhsl/ma28) by extensions ['ignore', 'ignore_ament_install']
[0.124s] Level 1:colcon.colcon_core.package_identification:_identify(external/ipopt/coinbrew/build/ThirdParty/HSL/2.2.6/coinhsl/ma28) by extension 'ignore'
[0.124s] Level 1:colcon.colcon_core.package_identification:_identify(external/ipopt/coinbrew/build/ThirdParty/HSL/2.2.6/coinhsl/ma28) by extension 'ignore_ament_install'
[0.124s] Level 1:colcon.colcon_core.package_identification:_identify(external/ipopt/coinbrew/build/ThirdParty/HSL/2.2.6/coinhsl/ma28) by extensions ['colcon_pkg']
[0.124s] Level 1:colcon.colcon_core.package_identification:_identify(external/ipopt/coinbrew/build/ThirdParty/HSL/2.2.6/coinhsl/ma28) by extension 'colcon_pkg'
[0.124s] Level 1:colcon.colcon_core.package_identification:_identify(external/ipopt/coinbrew/build/ThirdParty/HSL/2.2.6/coinhsl/ma28) by extensions ['colcon_meta']
[0.124s] Level 1:colcon.colcon_core.package_identification:_identify(external/ipopt/coinbrew/build/ThirdParty/HSL/2.2.6/coinhsl/ma28) by extension 'colcon_meta'
[0.124s] Level 1:colcon.colcon_core.package_identification:_identify(external/ipopt/coinbrew/build/ThirdParty/HSL/2.2.6/coinhsl/ma28) by extensions ['ros']
[0.124s] Level 1:colcon.colcon_core.package_identification:_identify(external/ipopt/coinbrew/build/ThirdParty/HSL/2.2.6/coinhsl/ma28) by extension 'ros'
[0.124s] Level 1:colcon.colcon_core.package_identification:_identify(external/ipopt/coinbrew/build/ThirdParty/HSL/2.2.6/coinhsl/ma28) by extensions ['cmake', 'python']
[0.124s] Level 1:colcon.colcon_core.package_identification:_identify(external/ipopt/coinbrew/build/ThirdParty/HSL/2.2.6/coinhsl/ma28) by extension 'cmake'
[0.124s] Level 1:colcon.colcon_core.package_identification:_identify(external/ipopt/coinbrew/build/ThirdParty/HSL/2.2.6/coinhsl/ma28) by extension 'python'
[0.124s] Level 1:colcon.colcon_core.package_identification:_identify(external/ipopt/coinbrew/build/ThirdParty/HSL/2.2.6/coinhsl/ma28) by extensions ['python_setup_py']
[0.124s] Level 1:colcon.colcon_core.package_identification:_identify(external/ipopt/coinbrew/build/ThirdParty/HSL/2.2.6/coinhsl/ma28) by extension 'python_setup_py'
[0.124s] Level 1:colcon.colcon_core.package_identification:_identify(external/ipopt/coinbrew/build/ThirdParty/HSL/2.2.6/coinhsl/mc19) by extensions ['ignore', 'ignore_ament_install']
[0.124s] Level 1:colcon.colcon_core.package_identification:_identify(external/ipopt/coinbrew/build/ThirdParty/HSL/2.2.6/coinhsl/mc19) by extension 'ignore'
[0.124s] Level 1:colcon.colcon_core.package_identification:_identify(external/ipopt/coinbrew/build/ThirdParty/HSL/2.2.6/coinhsl/mc19) by extension 'ignore_ament_install'
[0.124s] Level 1:colcon.colcon_core.package_identification:_identify(external/ipopt/coinbrew/build/ThirdParty/HSL/2.2.6/coinhsl/mc19) by extensions ['colcon_pkg']
[0.124s] Level 1:colcon.colcon_core.package_identification:_identify(external/ipopt/coinbrew/build/ThirdParty/HSL/2.2.6/coinhsl/mc19) by extension 'colcon_pkg'
[0.124s] Level 1:colcon.colcon_core.package_identification:_identify(external/ipopt/coinbrew/build/ThirdParty/HSL/2.2.6/coinhsl/mc19) by extensions ['colcon_meta']
[0.124s] Level 1:colcon.colcon_core.package_identification:_identify(external/ipopt/coinbrew/build/ThirdParty/HSL/2.2.6/coinhsl/mc19) by extension 'colcon_meta'
[0.124s] Level 1:colcon.colcon_core.package_identification:_identify(external/ipopt/coinbrew/build/ThirdParty/HSL/2.2.6/coinhsl/mc19) by extensions ['ros']
[0.124s] Level 1:colcon.colcon_core.package_identification:_identify(external/ipopt/coinbrew/build/ThirdParty/HSL/2.2.6/coinhsl/mc19) by extension 'ros'
[0.124s] Level 1:colcon.colcon_core.package_identification:_identify(external/ipopt/coinbrew/build/ThirdParty/HSL/2.2.6/coinhsl/mc19) by extensions ['cmake', 'python']
[0.125s] Level 1:colcon.colcon_core.package_identification:_identify(external/ipopt/coinbrew/build/ThirdParty/HSL/2.2.6/coinhsl/mc19) by extension 'cmake'
[0.125s] Level 1:colcon.colcon_core.package_identification:_identify(external/ipopt/coinbrew/build/ThirdParty/HSL/2.2.6/coinhsl/mc19) by extension 'python'
[0.125s] Level 1:colcon.colcon_core.package_identification:_identify(external/ipopt/coinbrew/build/ThirdParty/HSL/2.2.6/coinhsl/mc19) by extensions ['python_setup_py']
[0.125s] Level 1:colcon.colcon_core.package_identification:_identify(external/ipopt/coinbrew/build/ThirdParty/HSL/2.2.6/coinhsl/mc19) by extension 'python_setup_py'
[0.125s] Level 1:colcon.colcon_core.package_identification:_identify(external/ipopt/coinbrew/build/ThirdParty/Mumps) by extensions ['ignore', 'ignore_ament_install']
[0.125s] Level 1:colcon.colcon_core.package_identification:_identify(external/ipopt/coinbrew/build/ThirdParty/Mumps) by extension 'ignore'
[0.125s] Level 1:colcon.colcon_core.package_identification:_identify(external/ipopt/coinbrew/build/ThirdParty/Mumps) by extension 'ignore_ament_install'
[0.125s] Level 1:colcon.colcon_core.package_identification:_identify(external/ipopt/coinbrew/build/ThirdParty/Mumps) by extensions ['colcon_pkg']
[0.125s] Level 1:colcon.colcon_core.package_identification:_identify(external/ipopt/coinbrew/build/ThirdParty/Mumps) by extension 'colcon_pkg'
[0.125s] Level 1:colcon.colcon_core.package_identification:_identify(external/ipopt/coinbrew/build/ThirdParty/Mumps) by extensions ['colcon_meta']
[0.125s] Level 1:colcon.colcon_core.package_identification:_identify(external/ipopt/coinbrew/build/ThirdParty/Mumps) by extension 'colcon_meta'
[0.125s] Level 1:colcon.colcon_core.package_identification:_identify(external/ipopt/coinbrew/build/ThirdParty/Mumps) by extensions ['ros']
[0.125s] Level 1:colcon.colcon_core.package_identification:_identify(external/ipopt/coinbrew/build/ThirdParty/Mumps) by extension 'ros'
[0.125s] Level 1:colcon.colcon_core.package_identification:_identify(external/ipopt/coinbrew/build/ThirdParty/Mumps) by extensions ['cmake', 'python']
[0.125s] Level 1:colcon.colcon_core.package_identification:_identify(external/ipopt/coinbrew/build/ThirdParty/Mumps) by extension 'cmake'
[0.125s] Level 1:colcon.colcon_core.package_identification:_identify(external/ipopt/coinbrew/build/ThirdParty/Mumps) by extension 'python'
[0.125s] Level 1:colcon.colcon_core.package_identification:_identify(external/ipopt/coinbrew/build/ThirdParty/Mumps) by extensions ['python_setup_py']
[0.125s] Level 1:colcon.colcon_core.package_identification:_identify(external/ipopt/coinbrew/build/ThirdParty/Mumps) by extension 'python_setup_py'
[0.125s] Level 1:colcon.colcon_core.package_identification:_identify(external/ipopt/coinbrew/build/ThirdParty/Mumps/3.0.10) by extensions ['ignore', 'ignore_ament_install']
[0.125s] Level 1:colcon.colcon_core.package_identification:_identify(external/ipopt/coinbrew/build/ThirdParty/Mumps/3.0.10) by extension 'ignore'
[0.125s] Level 1:colcon.colcon_core.package_identification:_identify(external/ipopt/coinbrew/build/ThirdParty/Mumps/3.0.10) by extension 'ignore_ament_install'
[0.125s] Level 1:colcon.colcon_core.package_identification:_identify(external/ipopt/coinbrew/build/ThirdParty/Mumps/3.0.10) by extensions ['colcon_pkg']
[0.125s] Level 1:colcon.colcon_core.package_identification:_identify(external/ipopt/coinbrew/build/ThirdParty/Mumps/3.0.10) by extension 'colcon_pkg'
[0.125s] Level 1:colcon.colcon_core.package_identification:_identify(external/ipopt/coinbrew/build/ThirdParty/Mumps/3.0.10) by extensions ['colcon_meta']
[0.125s] Level 1:colcon.colcon_core.package_identification:_identify(external/ipopt/coinbrew/build/ThirdParty/Mumps/3.0.10) by extension 'colcon_meta'
[0.125s] Level 1:colcon.colcon_core.package_identification:_identify(external/ipopt/coinbrew/build/ThirdParty/Mumps/3.0.10) by extensions ['ros']
[0.125s] Level 1:colcon.colcon_core.package_identification:_identify(external/ipopt/coinbrew/build/ThirdParty/Mumps/3.0.10) by extension 'ros'
[0.125s] Level 1:colcon.colcon_core.package_identification:_identify(external/ipopt/coinbrew/build/ThirdParty/Mumps/3.0.10) by extensions ['cmake', 'python']
[0.125s] Level 1:colcon.colcon_core.package_identification:_identify(external/ipopt/coinbrew/build/ThirdParty/Mumps/3.0.10) by extension 'cmake'
[0.125s] Level 1:colcon.colcon_core.package_identification:_identify(external/ipopt/coinbrew/build/ThirdParty/Mumps/3.0.10) by extension 'python'
[0.125s] Level 1:colcon.colcon_core.package_identification:_identify(external/ipopt/coinbrew/build/ThirdParty/Mumps/3.0.10) by extensions ['python_setup_py']
[0.125s] Level 1:colcon.colcon_core.package_identification:_identify(external/ipopt/coinbrew/build/ThirdParty/Mumps/3.0.10) by extension 'python_setup_py'
[0.125s] Level 1:colcon.colcon_core.package_identification:_identify(external/ipopt/coinbrew/build/ThirdParty/Mumps/3.0.10/MUMPS) by extensions ['ignore', 'ignore_ament_install']
[0.125s] Level 1:colcon.colcon_core.package_identification:_identify(external/ipopt/coinbrew/build/ThirdParty/Mumps/3.0.10/MUMPS) by extension 'ignore'
[0.125s] Level 1:colcon.colcon_core.package_identification:_identify(external/ipopt/coinbrew/build/ThirdParty/Mumps/3.0.10/MUMPS) by extension 'ignore_ament_install'
[0.125s] Level 1:colcon.colcon_core.package_identification:_identify(external/ipopt/coinbrew/build/ThirdParty/Mumps/3.0.10/MUMPS) by extensions ['colcon_pkg']
[0.125s] Level 1:colcon.colcon_core.package_identification:_identify(external/ipopt/coinbrew/build/ThirdParty/Mumps/3.0.10/MUMPS) by extension 'colcon_pkg'
[0.125s] Level 1:colcon.colcon_core.package_identification:_identify(external/ipopt/coinbrew/build/ThirdParty/Mumps/3.0.10/MUMPS) by extensions ['colcon_meta']
[0.125s] Level 1:colcon.colcon_core.package_identification:_identify(external/ipopt/coinbrew/build/ThirdParty/Mumps/3.0.10/MUMPS) by extension 'colcon_meta'
[0.125s] Level 1:colcon.colcon_core.package_identification:_identify(external/ipopt/coinbrew/build/ThirdParty/Mumps/3.0.10/MUMPS) by extensions ['ros']
[0.125s] Level 1:colcon.colcon_core.package_identification:_identify(external/ipopt/coinbrew/build/ThirdParty/Mumps/3.0.10/MUMPS) by extension 'ros'
[0.125s] Level 1:colcon.colcon_core.package_identification:_identify(external/ipopt/coinbrew/build/ThirdParty/Mumps/3.0.10/MUMPS) by extensions ['cmake', 'python']
[0.125s] Level 1:colcon.colcon_core.package_identification:_identify(external/ipopt/coinbrew/build/ThirdParty/Mumps/3.0.10/MUMPS) by extension 'cmake'
[0.125s] Level 1:colcon.colcon_core.package_identification:_identify(external/ipopt/coinbrew/build/ThirdParty/Mumps/3.0.10/MUMPS) by extension 'python'
[0.125s] Level 1:colcon.colcon_core.package_identification:_identify(external/ipopt/coinbrew/build/ThirdParty/Mumps/3.0.10/MUMPS) by extensions ['python_setup_py']
[0.125s] Level 1:colcon.colcon_core.package_identification:_identify(external/ipopt/coinbrew/build/ThirdParty/Mumps/3.0.10/MUMPS) by extension 'python_setup_py'
[0.125s] Level 1:colcon.colcon_core.package_identification:_identify(external/ipopt/coinbrew/build/ThirdParty/Mumps/3.0.10/MUMPS/libseq) by extensions ['ignore', 'ignore_ament_install']
[0.125s] Level 1:colcon.colcon_core.package_identification:_identify(external/ipopt/coinbrew/build/ThirdParty/Mumps/3.0.10/MUMPS/libseq) by extension 'ignore'
[0.125s] Level 1:colcon.colcon_core.package_identification:_identify(external/ipopt/coinbrew/build/ThirdParty/Mumps/3.0.10/MUMPS/libseq) by extension 'ignore_ament_install'
[0.125s] Level 1:colcon.colcon_core.package_identification:_identify(external/ipopt/coinbrew/build/ThirdParty/Mumps/3.0.10/MUMPS/libseq) by extensions ['colcon_pkg']
[0.125s] Level 1:colcon.colcon_core.package_identification:_identify(external/ipopt/coinbrew/build/ThirdParty/Mumps/3.0.10/MUMPS/libseq) by extension 'colcon_pkg'
[0.125s] Level 1:colcon.colcon_core.package_identification:_identify(external/ipopt/coinbrew/build/ThirdParty/Mumps/3.0.10/MUMPS/libseq) by extensions ['colcon_meta']
[0.125s] Level 1:colcon.colcon_core.package_identification:_identify(external/ipopt/coinbrew/build/ThirdParty/Mumps/3.0.10/MUMPS/libseq) by extension 'colcon_meta'
[0.125s] Level 1:colcon.colcon_core.package_identification:_identify(external/ipopt/coinbrew/build/ThirdParty/Mumps/3.0.10/MUMPS/libseq) by extensions ['ros']
[0.125s] Level 1:colcon.colcon_core.package_identification:_identify(external/ipopt/coinbrew/build/ThirdParty/Mumps/3.0.10/MUMPS/libseq) by extension 'ros'
[0.125s] Level 1:colcon.colcon_core.package_identification:_identify(external/ipopt/coinbrew/build/ThirdParty/Mumps/3.0.10/MUMPS/libseq) by extensions ['cmake', 'python']
[0.125s] Level 1:colcon.colcon_core.package_identification:_identify(external/ipopt/coinbrew/build/ThirdParty/Mumps/3.0.10/MUMPS/libseq) by extension 'cmake'
[0.125s] Level 1:colcon.colcon_core.package_identification:_identify(external/ipopt/coinbrew/build/ThirdParty/Mumps/3.0.10/MUMPS/libseq) by extension 'python'
[0.125s] Level 1:colcon.colcon_core.package_identification:_identify(external/ipopt/coinbrew/build/ThirdParty/Mumps/3.0.10/MUMPS/libseq) by extensions ['python_setup_py']
[0.125s] Level 1:colcon.colcon_core.package_identification:_identify(external/ipopt/coinbrew/build/ThirdParty/Mumps/3.0.10/MUMPS/libseq) by extension 'python_setup_py'
[0.126s] Level 1:colcon.colcon_core.package_identification:_identify(external/ipopt/coinbrew/build/ThirdParty/Mumps/3.0.10/MUMPS/src) by extensions ['ignore', 'ignore_ament_install']
[0.126s] Level 1:colcon.colcon_core.package_identification:_identify(external/ipopt/coinbrew/build/ThirdParty/Mumps/3.0.10/MUMPS/src) by extension 'ignore'
[0.126s] Level 1:colcon.colcon_core.package_identification:_identify(external/ipopt/coinbrew/build/ThirdParty/Mumps/3.0.10/MUMPS/src) by extension 'ignore_ament_install'
[0.126s] Level 1:colcon.colcon_core.package_identification:_identify(external/ipopt/coinbrew/build/ThirdParty/Mumps/3.0.10/MUMPS/src) by extensions ['colcon_pkg']
[0.126s] Level 1:colcon.colcon_core.package_identification:_identify(external/ipopt/coinbrew/build/ThirdParty/Mumps/3.0.10/MUMPS/src) by extension 'colcon_pkg'
[0.126s] Level 1:colcon.colcon_core.package_identification:_identify(external/ipopt/coinbrew/build/ThirdParty/Mumps/3.0.10/MUMPS/src) by extensions ['colcon_meta']
[0.126s] Level 1:colcon.colcon_core.package_identification:_identify(external/ipopt/coinbrew/build/ThirdParty/Mumps/3.0.10/MUMPS/src) by extension 'colcon_meta'
[0.126s] Level 1:colcon.colcon_core.package_identification:_identify(external/ipopt/coinbrew/build/ThirdParty/Mumps/3.0.10/MUMPS/src) by extensions ['ros']
[0.126s] Level 1:colcon.colcon_core.package_identification:_identify(external/ipopt/coinbrew/build/ThirdParty/Mumps/3.0.10/MUMPS/src) by extension 'ros'
[0.126s] Level 1:colcon.colcon_core.package_identification:_identify(external/ipopt/coinbrew/build/ThirdParty/Mumps/3.0.10/MUMPS/src) by extensions ['cmake', 'python']
[0.126s] Level 1:colcon.colcon_core.package_identification:_identify(external/ipopt/coinbrew/build/ThirdParty/Mumps/3.0.10/MUMPS/src) by extension 'cmake'
[0.126s] Level 1:colcon.colcon_core.package_identification:_identify(external/ipopt/coinbrew/build/ThirdParty/Mumps/3.0.10/MUMPS/src) by extension 'python'
[0.126s] Level 1:colcon.colcon_core.package_identification:_identify(external/ipopt/coinbrew/build/ThirdParty/Mumps/3.0.10/MUMPS/src) by extensions ['python_setup_py']
[0.126s] Level 1:colcon.colcon_core.package_identification:_identify(external/ipopt/coinbrew/build/ThirdParty/Mumps/3.0.10/MUMPS/src) by extension 'python_setup_py'
[0.126s] Level 1:colcon.colcon_core.package_identification:_identify(external/ipopt/coinhsl) by extensions ['ignore', 'ignore_ament_install']
[0.126s] Level 1:colcon.colcon_core.package_identification:_identify(external/ipopt/coinhsl) by extension 'ignore'
[0.126s] Level 1:colcon.colcon_core.package_identification:_identify(external/ipopt/coinhsl) by extension 'ignore_ament_install'
[0.126s] Level 1:colcon.colcon_core.package_identification:_identify(external/ipopt/coinhsl) by extensions ['colcon_pkg']
[0.126s] Level 1:colcon.colcon_core.package_identification:_identify(external/ipopt/coinhsl) by extension 'colcon_pkg'
[0.126s] Level 1:colcon.colcon_core.package_identification:_identify(external/ipopt/coinhsl) by extensions ['colcon_meta']
[0.126s] Level 1:colcon.colcon_core.package_identification:_identify(external/ipopt/coinhsl) by extension 'colcon_meta'
[0.126s] Level 1:colcon.colcon_core.package_identification:_identify(external/ipopt/coinhsl) by extensions ['ros']
[0.126s] Level 1:colcon.colcon_core.package_identification:_identify(external/ipopt/coinhsl) by extension 'ros'
[0.126s] Level 1:colcon.colcon_core.package_identification:_identify(external/ipopt/coinhsl) by extensions ['cmake', 'python']
[0.126s] Level 1:colcon.colcon_core.package_identification:_identify(external/ipopt/coinhsl) by extension 'cmake'
[0.126s] Level 1:colcon.colcon_core.package_identification:_identify(external/ipopt/coinhsl) by extension 'python'
[0.126s] Level 1:colcon.colcon_core.package_identification:_identify(external/ipopt/coinhsl) by extensions ['python_setup_py']
[0.126s] Level 1:colcon.colcon_core.package_identification:_identify(external/ipopt/coinhsl) by extension 'python_setup_py'
[0.126s] Level 1:colcon.colcon_core.package_identification:_identify(external/ipopt/coinhsl/autom4te.cache) by extensions ['ignore', 'ignore_ament_install']
[0.126s] Level 1:colcon.colcon_core.package_identification:_identify(external/ipopt/coinhsl/autom4te.cache) by extension 'ignore'
[0.126s] Level 1:colcon.colcon_core.package_identification:_identify(external/ipopt/coinhsl/autom4te.cache) by extension 'ignore_ament_install'
[0.126s] Level 1:colcon.colcon_core.package_identification:_identify(external/ipopt/coinhsl/autom4te.cache) by extensions ['colcon_pkg']
[0.126s] Level 1:colcon.colcon_core.package_identification:_identify(external/ipopt/coinhsl/autom4te.cache) by extension 'colcon_pkg'
[0.126s] Level 1:colcon.colcon_core.package_identification:_identify(external/ipopt/coinhsl/autom4te.cache) by extensions ['colcon_meta']
[0.126s] Level 1:colcon.colcon_core.package_identification:_identify(external/ipopt/coinhsl/autom4te.cache) by extension 'colcon_meta'
[0.126s] Level 1:colcon.colcon_core.package_identification:_identify(external/ipopt/coinhsl/autom4te.cache) by extensions ['ros']
[0.126s] Level 1:colcon.colcon_core.package_identification:_identify(external/ipopt/coinhsl/autom4te.cache) by extension 'ros'
[0.126s] Level 1:colcon.colcon_core.package_identification:_identify(external/ipopt/coinhsl/autom4te.cache) by extensions ['cmake', 'python']
[0.126s] Level 1:colcon.colcon_core.package_identification:_identify(external/ipopt/coinhsl/autom4te.cache) by extension 'cmake'
[0.126s] Level 1:colcon.colcon_core.package_identification:_identify(external/ipopt/coinhsl/autom4te.cache) by extension 'python'
[0.126s] Level 1:colcon.colcon_core.package_identification:_identify(external/ipopt/coinhsl/autom4te.cache) by extensions ['python_setup_py']
[0.126s] Level 1:colcon.colcon_core.package_identification:_identify(external/ipopt/coinhsl/autom4te.cache) by extension 'python_setup_py'
[0.126s] Level 1:colcon.colcon_core.package_identification:_identify(external/ipopt/coinhsl/common) by extensions ['ignore', 'ignore_ament_install']
[0.126s] Level 1:colcon.colcon_core.package_identification:_identify(external/ipopt/coinhsl/common) by extension 'ignore'
[0.126s] Level 1:colcon.colcon_core.package_identification:_identify(external/ipopt/coinhsl/common) by extension 'ignore_ament_install'
[0.126s] Level 1:colcon.colcon_core.package_identification:_identify(external/ipopt/coinhsl/common) by extensions ['colcon_pkg']
[0.126s] Level 1:colcon.colcon_core.package_identification:_identify(external/ipopt/coinhsl/common) by extension 'colcon_pkg'
[0.126s] Level 1:colcon.colcon_core.package_identification:_identify(external/ipopt/coinhsl/common) by extensions ['colcon_meta']
[0.126s] Level 1:colcon.colcon_core.package_identification:_identify(external/ipopt/coinhsl/common) by extension 'colcon_meta'
[0.126s] Level 1:colcon.colcon_core.package_identification:_identify(external/ipopt/coinhsl/common) by extensions ['ros']
[0.126s] Level 1:colcon.colcon_core.package_identification:_identify(external/ipopt/coinhsl/common) by extension 'ros'
[0.126s] Level 1:colcon.colcon_core.package_identification:_identify(external/ipopt/coinhsl/common) by extensions ['cmake', 'python']
[0.126s] Level 1:colcon.colcon_core.package_identification:_identify(external/ipopt/coinhsl/common) by extension 'cmake'
[0.126s] Level 1:colcon.colcon_core.package_identification:_identify(external/ipopt/coinhsl/common) by extension 'python'
[0.126s] Level 1:colcon.colcon_core.package_identification:_identify(external/ipopt/coinhsl/common) by extensions ['python_setup_py']
[0.126s] Level 1:colcon.colcon_core.package_identification:_identify(external/ipopt/coinhsl/common) by extension 'python_setup_py'
[0.126s] Level 1:colcon.colcon_core.package_identification:_identify(external/ipopt/coinhsl/loadmetis) by extensions ['ignore', 'ignore_ament_install']
[0.126s] Level 1:colcon.colcon_core.package_identification:_identify(external/ipopt/coinhsl/loadmetis) by extension 'ignore'
[0.126s] Level 1:colcon.colcon_core.package_identification:_identify(external/ipopt/coinhsl/loadmetis) by extension 'ignore_ament_install'
[0.126s] Level 1:colcon.colcon_core.package_identification:_identify(external/ipopt/coinhsl/loadmetis) by extensions ['colcon_pkg']
[0.126s] Level 1:colcon.colcon_core.package_identification:_identify(external/ipopt/coinhsl/loadmetis) by extension 'colcon_pkg'
[0.126s] Level 1:colcon.colcon_core.package_identification:_identify(external/ipopt/coinhsl/loadmetis) by extensions ['colcon_meta']
[0.126s] Level 1:colcon.colcon_core.package_identification:_identify(external/ipopt/coinhsl/loadmetis) by extension 'colcon_meta'
[0.126s] Level 1:colcon.colcon_core.package_identification:_identify(external/ipopt/coinhsl/loadmetis) by extensions ['ros']
[0.126s] Level 1:colcon.colcon_core.package_identification:_identify(external/ipopt/coinhsl/loadmetis) by extension 'ros'
[0.126s] Level 1:colcon.colcon_core.package_identification:_identify(external/ipopt/coinhsl/loadmetis) by extensions ['cmake', 'python']
[0.127s] Level 1:colcon.colcon_core.package_identification:_identify(external/ipopt/coinhsl/loadmetis) by extension 'cmake'
[0.127s] Level 1:colcon.colcon_core.package_identification:_identify(external/ipopt/coinhsl/loadmetis) by extension 'python'
[0.127s] Level 1:colcon.colcon_core.package_identification:_identify(external/ipopt/coinhsl/loadmetis) by extensions ['python_setup_py']
[0.127s] Level 1:colcon.colcon_core.package_identification:_identify(external/ipopt/coinhsl/loadmetis) by extension 'python_setup_py'
[0.127s] Level 1:colcon.colcon_core.package_identification:_identify(external/ipopt/coinhsl/m4) by extensions ['ignore', 'ignore_ament_install']
[0.127s] Level 1:colcon.colcon_core.package_identification:_identify(external/ipopt/coinhsl/m4) by extension 'ignore'
[0.127s] Level 1:colcon.colcon_core.package_identification:_identify(external/ipopt/coinhsl/m4) by extension 'ignore_ament_install'
[0.127s] Level 1:colcon.colcon_core.package_identification:_identify(external/ipopt/coinhsl/m4) by extensions ['colcon_pkg']
[0.127s] Level 1:colcon.colcon_core.package_identification:_identify(external/ipopt/coinhsl/m4) by extension 'colcon_pkg'
[0.127s] Level 1:colcon.colcon_core.package_identification:_identify(external/ipopt/coinhsl/m4) by extensions ['colcon_meta']
[0.127s] Level 1:colcon.colcon_core.package_identification:_identify(external/ipopt/coinhsl/m4) by extension 'colcon_meta'
[0.127s] Level 1:colcon.colcon_core.package_identification:_identify(external/ipopt/coinhsl/m4) by extensions ['ros']
[0.127s] Level 1:colcon.colcon_core.package_identification:_identify(external/ipopt/coinhsl/m4) by extension 'ros'
[0.127s] Level 1:colcon.colcon_core.package_identification:_identify(external/ipopt/coinhsl/m4) by extensions ['cmake', 'python']
[0.127s] Level 1:colcon.colcon_core.package_identification:_identify(external/ipopt/coinhsl/m4) by extension 'cmake'
[0.127s] Level 1:colcon.colcon_core.package_identification:_identify(external/ipopt/coinhsl/m4) by extension 'python'
[0.127s] Level 1:colcon.colcon_core.package_identification:_identify(external/ipopt/coinhsl/m4) by extensions ['python_setup_py']
[0.127s] Level 1:colcon.colcon_core.package_identification:_identify(external/ipopt/coinhsl/m4) by extension 'python_setup_py'
[0.127s] Level 1:colcon.colcon_core.package_identification:_identify(external/ipopt/coinhsl/ma27) by extensions ['ignore', 'ignore_ament_install']
[0.127s] Level 1:colcon.colcon_core.package_identification:_identify(external/ipopt/coinhsl/ma27) by extension 'ignore'
[0.127s] Level 1:colcon.colcon_core.package_identification:_identify(external/ipopt/coinhsl/ma27) by extension 'ignore_ament_install'
[0.127s] Level 1:colcon.colcon_core.package_identification:_identify(external/ipopt/coinhsl/ma27) by extensions ['colcon_pkg']
[0.127s] Level 1:colcon.colcon_core.package_identification:_identify(external/ipopt/coinhsl/ma27) by extension 'colcon_pkg'
[0.127s] Level 1:colcon.colcon_core.package_identification:_identify(external/ipopt/coinhsl/ma27) by extensions ['colcon_meta']
[0.127s] Level 1:colcon.colcon_core.package_identification:_identify(external/ipopt/coinhsl/ma27) by extension 'colcon_meta'
[0.127s] Level 1:colcon.colcon_core.package_identification:_identify(external/ipopt/coinhsl/ma27) by extensions ['ros']
[0.127s] Level 1:colcon.colcon_core.package_identification:_identify(external/ipopt/coinhsl/ma27) by extension 'ros'
[0.127s] Level 1:colcon.colcon_core.package_identification:_identify(external/ipopt/coinhsl/ma27) by extensions ['cmake', 'python']
[0.127s] Level 1:colcon.colcon_core.package_identification:_identify(external/ipopt/coinhsl/ma27) by extension 'cmake'
[0.127s] Level 1:colcon.colcon_core.package_identification:_identify(external/ipopt/coinhsl/ma27) by extension 'python'
[0.127s] Level 1:colcon.colcon_core.package_identification:_identify(external/ipopt/coinhsl/ma27) by extensions ['python_setup_py']
[0.127s] Level 1:colcon.colcon_core.package_identification:_identify(external/ipopt/coinhsl/ma27) by extension 'python_setup_py'
[0.127s] Level 1:colcon.colcon_core.package_identification:_identify(external/ipopt/coinhsl/ma28) by extensions ['ignore', 'ignore_ament_install']
[0.127s] Level 1:colcon.colcon_core.package_identification:_identify(external/ipopt/coinhsl/ma28) by extension 'ignore'
[0.127s] Level 1:colcon.colcon_core.package_identification:_identify(external/ipopt/coinhsl/ma28) by extension 'ignore_ament_install'
[0.127s] Level 1:colcon.colcon_core.package_identification:_identify(external/ipopt/coinhsl/ma28) by extensions ['colcon_pkg']
[0.127s] Level 1:colcon.colcon_core.package_identification:_identify(external/ipopt/coinhsl/ma28) by extension 'colcon_pkg'
[0.127s] Level 1:colcon.colcon_core.package_identification:_identify(external/ipopt/coinhsl/ma28) by extensions ['colcon_meta']
[0.127s] Level 1:colcon.colcon_core.package_identification:_identify(external/ipopt/coinhsl/ma28) by extension 'colcon_meta'
[0.127s] Level 1:colcon.colcon_core.package_identification:_identify(external/ipopt/coinhsl/ma28) by extensions ['ros']
[0.127s] Level 1:colcon.colcon_core.package_identification:_identify(external/ipopt/coinhsl/ma28) by extension 'ros'
[0.127s] Level 1:colcon.colcon_core.package_identification:_identify(external/ipopt/coinhsl/ma28) by extensions ['cmake', 'python']
[0.127s] Level 1:colcon.colcon_core.package_identification:_identify(external/ipopt/coinhsl/ma28) by extension 'cmake'
[0.127s] Level 1:colcon.colcon_core.package_identification:_identify(external/ipopt/coinhsl/ma28) by extension 'python'
[0.127s] Level 1:colcon.colcon_core.package_identification:_identify(external/ipopt/coinhsl/ma28) by extensions ['python_setup_py']
[0.127s] Level 1:colcon.colcon_core.package_identification:_identify(external/ipopt/coinhsl/ma28) by extension 'python_setup_py'
[0.127s] Level 1:colcon.colcon_core.package_identification:_identify(external/ipopt/coinhsl/mc19) by extensions ['ignore', 'ignore_ament_install']
[0.127s] Level 1:colcon.colcon_core.package_identification:_identify(external/ipopt/coinhsl/mc19) by extension 'ignore'
[0.127s] Level 1:colcon.colcon_core.package_identification:_identify(external/ipopt/coinhsl/mc19) by extension 'ignore_ament_install'
[0.127s] Level 1:colcon.colcon_core.package_identification:_identify(external/ipopt/coinhsl/mc19) by extensions ['colcon_pkg']
[0.127s] Level 1:colcon.colcon_core.package_identification:_identify(external/ipopt/coinhsl/mc19) by extension 'colcon_pkg'
[0.127s] Level 1:colcon.colcon_core.package_identification:_identify(external/ipopt/coinhsl/mc19) by extensions ['colcon_meta']
[0.127s] Level 1:colcon.colcon_core.package_identification:_identify(external/ipopt/coinhsl/mc19) by extension 'colcon_meta'
[0.127s] Level 1:colcon.colcon_core.package_identification:_identify(external/ipopt/coinhsl/mc19) by extensions ['ros']
[0.127s] Level 1:colcon.colcon_core.package_identification:_identify(external/ipopt/coinhsl/mc19) by extension 'ros'
[0.127s] Level 1:colcon.colcon_core.package_identification:_identify(external/ipopt/coinhsl/mc19) by extensions ['cmake', 'python']
[0.127s] Level 1:colcon.colcon_core.package_identification:_identify(external/ipopt/coinhsl/mc19) by extension 'cmake'
[0.127s] Level 1:colcon.colcon_core.package_identification:_identify(external/ipopt/coinhsl/mc19) by extension 'python'
[0.127s] Level 1:colcon.colcon_core.package_identification:_identify(external/ipopt/coinhsl/mc19) by extensions ['python_setup_py']
[0.127s] Level 1:colcon.colcon_core.package_identification:_identify(external/ipopt/coinhsl/mc19) by extension 'python_setup_py'
[0.127s] Level 1:colcon.colcon_core.package_identification:_identify(external/mblink) by extensions ['ignore', 'ignore_ament_install']
[0.127s] Level 1:colcon.colcon_core.package_identification:_identify(external/mblink) by extension 'ignore'
[0.127s] Level 1:colcon.colcon_core.package_identification:_identify(external/mblink) by extension 'ignore_ament_install'
[0.127s] Level 1:colcon.colcon_core.package_identification:_identify(external/mblink) by extensions ['colcon_pkg']
[0.127s] Level 1:colcon.colcon_core.package_identification:_identify(external/mblink) by extension 'colcon_pkg'
[0.127s] Level 1:colcon.colcon_core.package_identification:_identify(external/mblink) by extensions ['colcon_meta']
[0.127s] Level 1:colcon.colcon_core.package_identification:_identify(external/mblink) by extension 'colcon_meta'
[0.127s] Level 1:colcon.colcon_core.package_identification:_identify(external/mblink) by extensions ['ros']
[0.127s] Level 1:colcon.colcon_core.package_identification:_identify(external/mblink) by extension 'ros'
[0.127s] Level 1:colcon.colcon_core.package_identification:_identify(external/mblink) by extensions ['cmake', 'python']
[0.127s] Level 1:colcon.colcon_core.package_identification:_identify(external/mblink) by extension 'cmake'
[0.128s] Level 1:colcon.colcon_core.package_identification:_identify(external/mblink) by extension 'python'
[0.128s] Level 1:colcon.colcon_core.package_identification:_identify(external/mblink) by extensions ['python_setup_py']
[0.128s] Level 1:colcon.colcon_core.package_identification:_identify(external/mblink) by extension 'python_setup_py'
[0.128s] Level 1:colcon.colcon_core.package_identification:_identify(external/mblink/include) by extensions ['ignore', 'ignore_ament_install']
[0.128s] Level 1:colcon.colcon_core.package_identification:_identify(external/mblink/include) by extension 'ignore'
[0.128s] Level 1:colcon.colcon_core.package_identification:_identify(external/mblink/include) by extension 'ignore_ament_install'
[0.128s] Level 1:colcon.colcon_core.package_identification:_identify(external/mblink/include) by extensions ['colcon_pkg']
[0.128s] Level 1:colcon.colcon_core.package_identification:_identify(external/mblink/include) by extension 'colcon_pkg'
[0.128s] Level 1:colcon.colcon_core.package_identification:_identify(external/mblink/include) by extensions ['colcon_meta']
[0.128s] Level 1:colcon.colcon_core.package_identification:_identify(external/mblink/include) by extension 'colcon_meta'
[0.128s] Level 1:colcon.colcon_core.package_identification:_identify(external/mblink/include) by extensions ['ros']
[0.128s] Level 1:colcon.colcon_core.package_identification:_identify(external/mblink/include) by extension 'ros'
[0.128s] Level 1:colcon.colcon_core.package_identification:_identify(external/mblink/include) by extensions ['cmake', 'python']
[0.128s] Level 1:colcon.colcon_core.package_identification:_identify(external/mblink/include) by extension 'cmake'
[0.128s] Level 1:colcon.colcon_core.package_identification:_identify(external/mblink/include) by extension 'python'
[0.128s] Level 1:colcon.colcon_core.package_identification:_identify(external/mblink/include) by extensions ['python_setup_py']
[0.128s] Level 1:colcon.colcon_core.package_identification:_identify(external/mblink/include) by extension 'python_setup_py'
[0.128s] Level 1:colcon.colcon_core.package_identification:_identify(external/mblink/include/mavlink) by extensions ['ignore', 'ignore_ament_install']
[0.128s] Level 1:colcon.colcon_core.package_identification:_identify(external/mblink/include/mavlink) by extension 'ignore'
[0.128s] Level 1:colcon.colcon_core.package_identification:_identify(external/mblink/include/mavlink) by extension 'ignore_ament_install'
[0.128s] Level 1:colcon.colcon_core.package_identification:_identify(external/mblink/include/mavlink) by extensions ['colcon_pkg']
[0.128s] Level 1:colcon.colcon_core.package_identification:_identify(external/mblink/include/mavlink) by extension 'colcon_pkg'
[0.128s] Level 1:colcon.colcon_core.package_identification:_identify(external/mblink/include/mavlink) by extensions ['colcon_meta']
[0.128s] Level 1:colcon.colcon_core.package_identification:_identify(external/mblink/include/mavlink) by extension 'colcon_meta'
[0.128s] Level 1:colcon.colcon_core.package_identification:_identify(external/mblink/include/mavlink) by extensions ['ros']
[0.128s] Level 1:colcon.colcon_core.package_identification:_identify(external/mblink/include/mavlink) by extension 'ros'
[0.128s] Level 1:colcon.colcon_core.package_identification:_identify(external/mblink/include/mavlink) by extensions ['cmake', 'python']
[0.128s] Level 1:colcon.colcon_core.package_identification:_identify(external/mblink/include/mavlink) by extension 'cmake'
[0.128s] Level 1:colcon.colcon_core.package_identification:_identify(external/mblink/include/mavlink) by extension 'python'
[0.128s] Level 1:colcon.colcon_core.package_identification:_identify(external/mblink/include/mavlink) by extensions ['python_setup_py']
[0.128s] Level 1:colcon.colcon_core.package_identification:_identify(external/mblink/include/mavlink) by extension 'python_setup_py'
[0.128s] Level 1:colcon.colcon_core.package_identification:_identify(external/mblink/include/mavlink/common) by extensions ['ignore', 'ignore_ament_install']
[0.128s] Level 1:colcon.colcon_core.package_identification:_identify(external/mblink/include/mavlink/common) by extension 'ignore'
[0.128s] Level 1:colcon.colcon_core.package_identification:_identify(external/mblink/include/mavlink/common) by extension 'ignore_ament_install'
[0.128s] Level 1:colcon.colcon_core.package_identification:_identify(external/mblink/include/mavlink/common) by extensions ['colcon_pkg']
[0.128s] Level 1:colcon.colcon_core.package_identification:_identify(external/mblink/include/mavlink/common) by extension 'colcon_pkg'
[0.128s] Level 1:colcon.colcon_core.package_identification:_identify(external/mblink/include/mavlink/common) by extensions ['colcon_meta']
[0.128s] Level 1:colcon.colcon_core.package_identification:_identify(external/mblink/include/mavlink/common) by extension 'colcon_meta'
[0.128s] Level 1:colcon.colcon_core.package_identification:_identify(external/mblink/include/mavlink/common) by extensions ['ros']
[0.128s] Level 1:colcon.colcon_core.package_identification:_identify(external/mblink/include/mavlink/common) by extension 'ros'
[0.128s] Level 1:colcon.colcon_core.package_identification:_identify(external/mblink/include/mavlink/common) by extensions ['cmake', 'python']
[0.128s] Level 1:colcon.colcon_core.package_identification:_identify(external/mblink/include/mavlink/common) by extension 'cmake'
[0.128s] Level 1:colcon.colcon_core.package_identification:_identify(external/mblink/include/mavlink/common) by extension 'python'
[0.128s] Level 1:colcon.colcon_core.package_identification:_identify(external/mblink/include/mavlink/common) by extensions ['python_setup_py']
[0.128s] Level 1:colcon.colcon_core.package_identification:_identify(external/mblink/include/mavlink/common) by extension 'python_setup_py'
[0.128s] Level 1:colcon.colcon_core.package_identification:_identify(external/mblink/include/mavlink/minimal) by extensions ['ignore', 'ignore_ament_install']
[0.128s] Level 1:colcon.colcon_core.package_identification:_identify(external/mblink/include/mavlink/minimal) by extension 'ignore'
[0.128s] Level 1:colcon.colcon_core.package_identification:_identify(external/mblink/include/mavlink/minimal) by extension 'ignore_ament_install'
[0.128s] Level 1:colcon.colcon_core.package_identification:_identify(external/mblink/include/mavlink/minimal) by extensions ['colcon_pkg']
[0.128s] Level 1:colcon.colcon_core.package_identification:_identify(external/mblink/include/mavlink/minimal) by extension 'colcon_pkg'
[0.128s] Level 1:colcon.colcon_core.package_identification:_identify(external/mblink/include/mavlink/minimal) by extensions ['colcon_meta']
[0.128s] Level 1:colcon.colcon_core.package_identification:_identify(external/mblink/include/mavlink/minimal) by extension 'colcon_meta'
[0.128s] Level 1:colcon.colcon_core.package_identification:_identify(external/mblink/include/mavlink/minimal) by extensions ['ros']
[0.128s] Level 1:colcon.colcon_core.package_identification:_identify(external/mblink/include/mavlink/minimal) by extension 'ros'
[0.128s] Level 1:colcon.colcon_core.package_identification:_identify(external/mblink/include/mavlink/minimal) by extensions ['cmake', 'python']
[0.128s] Level 1:colcon.colcon_core.package_identification:_identify(external/mblink/include/mavlink/minimal) by extension 'cmake'
[0.128s] Level 1:colcon.colcon_core.package_identification:_identify(external/mblink/include/mavlink/minimal) by extension 'python'
[0.128s] Level 1:colcon.colcon_core.package_identification:_identify(external/mblink/include/mavlink/minimal) by extensions ['python_setup_py']
[0.128s] Level 1:colcon.colcon_core.package_identification:_identify(external/mblink/include/mavlink/minimal) by extension 'python_setup_py'
[0.128s] Level 1:colcon.colcon_core.package_identification:_identify(external/mblink/include/mavlink/standard) by extensions ['ignore', 'ignore_ament_install']
[0.128s] Level 1:colcon.colcon_core.package_identification:_identify(external/mblink/include/mavlink/standard) by extension 'ignore'
[0.128s] Level 1:colcon.colcon_core.package_identification:_identify(external/mblink/include/mavlink/standard) by extension 'ignore_ament_install'
[0.128s] Level 1:colcon.colcon_core.package_identification:_identify(external/mblink/include/mavlink/standard) by extensions ['colcon_pkg']
[0.128s] Level 1:colcon.colcon_core.package_identification:_identify(external/mblink/include/mavlink/standard) by extension 'colcon_pkg'
[0.128s] Level 1:colcon.colcon_core.package_identification:_identify(external/mblink/include/mavlink/standard) by extensions ['colcon_meta']
[0.129s] Level 1:colcon.colcon_core.package_identification:_identify(external/mblink/include/mavlink/standard) by extension 'colcon_meta'
[0.129s] Level 1:colcon.colcon_core.package_identification:_identify(external/mblink/include/mavlink/standard) by extensions ['ros']
[0.129s] Level 1:colcon.colcon_core.package_identification:_identify(external/mblink/include/mavlink/standard) by extension 'ros'
[0.129s] Level 1:colcon.colcon_core.package_identification:_identify(external/mblink/include/mavlink/standard) by extensions ['cmake', 'python']
[0.129s] Level 1:colcon.colcon_core.package_identification:_identify(external/mblink/include/mavlink/standard) by extension 'cmake'
[0.129s] Level 1:colcon.colcon_core.package_identification:_identify(external/mblink/include/mavlink/standard) by extension 'python'
[0.129s] Level 1:colcon.colcon_core.package_identification:_identify(external/mblink/include/mavlink/standard) by extensions ['python_setup_py']
[0.129s] Level 1:colcon.colcon_core.package_identification:_identify(external/mblink/include/mavlink/standard) by extension 'python_setup_py'
[0.129s] Level 1:colcon.colcon_core.package_identification:_identify(external/mblink/include/mblink) by extensions ['ignore', 'ignore_ament_install']
[0.129s] Level 1:colcon.colcon_core.package_identification:_identify(external/mblink/include/mblink) by extension 'ignore'
[0.129s] Level 1:colcon.colcon_core.package_identification:_identify(external/mblink/include/mblink) by extension 'ignore_ament_install'
[0.129s] Level 1:colcon.colcon_core.package_identification:_identify(external/mblink/include/mblink) by extensions ['colcon_pkg']
[0.129s] Level 1:colcon.colcon_core.package_identification:_identify(external/mblink/include/mblink) by extension 'colcon_pkg'
[0.129s] Level 1:colcon.colcon_core.package_identification:_identify(external/mblink/include/mblink) by extensions ['colcon_meta']
[0.129s] Level 1:colcon.colcon_core.package_identification:_identify(external/mblink/include/mblink) by extension 'colcon_meta'
[0.129s] Level 1:colcon.colcon_core.package_identification:_identify(external/mblink/include/mblink) by extensions ['ros']
[0.129s] Level 1:colcon.colcon_core.package_identification:_identify(external/mblink/include/mblink) by extension 'ros'
[0.129s] Level 1:colcon.colcon_core.package_identification:_identify(external/mblink/include/mblink) by extensions ['cmake', 'python']
[0.129s] Level 1:colcon.colcon_core.package_identification:_identify(external/mblink/include/mblink) by extension 'cmake'
[0.129s] Level 1:colcon.colcon_core.package_identification:_identify(external/mblink/include/mblink) by extension 'python'
[0.129s] Level 1:colcon.colcon_core.package_identification:_identify(external/mblink/include/mblink) by extensions ['python_setup_py']
[0.129s] Level 1:colcon.colcon_core.package_identification:_identify(external/mblink/include/mblink) by extension 'python_setup_py'
[0.129s] Level 1:colcon.colcon_core.package_identification:_identify(external/mblink/lib) by extensions ['ignore', 'ignore_ament_install']
[0.129s] Level 1:colcon.colcon_core.package_identification:_identify(external/mblink/lib) by extension 'ignore'
[0.129s] Level 1:colcon.colcon_core.package_identification:_identify(external/mblink/lib) by extension 'ignore_ament_install'
[0.129s] Level 1:colcon.colcon_core.package_identification:_identify(external/mblink/lib) by extensions ['colcon_pkg']
[0.129s] Level 1:colcon.colcon_core.package_identification:_identify(external/mblink/lib) by extension 'colcon_pkg'
[0.129s] Level 1:colcon.colcon_core.package_identification:_identify(external/mblink/lib) by extensions ['colcon_meta']
[0.129s] Level 1:colcon.colcon_core.package_identification:_identify(external/mblink/lib) by extension 'colcon_meta'
[0.129s] Level 1:colcon.colcon_core.package_identification:_identify(external/mblink/lib) by extensions ['ros']
[0.129s] Level 1:colcon.colcon_core.package_identification:_identify(external/mblink/lib) by extension 'ros'
[0.129s] Level 1:colcon.colcon_core.package_identification:_identify(external/mblink/lib) by extensions ['cmake', 'python']
[0.129s] Level 1:colcon.colcon_core.package_identification:_identify(external/mblink/lib) by extension 'cmake'
[0.129s] Level 1:colcon.colcon_core.package_identification:_identify(external/mblink/lib) by extension 'python'
[0.129s] Level 1:colcon.colcon_core.package_identification:_identify(external/mblink/lib) by extensions ['python_setup_py']
[0.129s] Level 1:colcon.colcon_core.package_identification:_identify(external/mblink/lib) by extension 'python_setup_py'
[0.129s] Level 1:colcon.colcon_core.package_identification:_identify(external/mocap_optitrack) by extensions ['ignore', 'ignore_ament_install']
[0.129s] Level 1:colcon.colcon_core.package_identification:_identify(external/mocap_optitrack) by extension 'ignore'
[0.129s] Level 1:colcon.colcon_core.package_identification:_identify(external/mocap_optitrack) by extension 'ignore_ament_install'
[0.129s] Level 1:colcon.colcon_core.package_identification:_identify(external/mocap_optitrack) by extensions ['colcon_pkg']
[0.129s] Level 1:colcon.colcon_core.package_identification:_identify(external/mocap_optitrack) by extension 'colcon_pkg'
[0.129s] Level 1:colcon.colcon_core.package_identification:_identify(external/mocap_optitrack) by extensions ['colcon_meta']
[0.129s] Level 1:colcon.colcon_core.package_identification:_identify(external/mocap_optitrack) by extension 'colcon_meta'
[0.129s] Level 1:colcon.colcon_core.package_identification:_identify(external/mocap_optitrack) by extensions ['ros']
[0.129s] Level 1:colcon.colcon_core.package_identification:_identify(external/mocap_optitrack) by extension 'ros'
[0.130s] DEBUG:colcon.colcon_core.package_identification:Package 'external/mocap_optitrack' with type 'ros.ament_cmake' and name 'mocap_optitrack'
[0.130s] Level 1:colcon.colcon_core.package_identification:_identify(external/rbdl-orb) by extensions ['ignore', 'ignore_ament_install']
[0.130s] Level 1:colcon.colcon_core.package_identification:_identify(external/rbdl-orb) by extension 'ignore'
[0.130s] Level 1:colcon.colcon_core.package_identification:_identify(external/rbdl-orb) by extension 'ignore_ament_install'
[0.130s] Level 1:colcon.colcon_core.package_identification:_identify(external/rbdl-orb) by extensions ['colcon_pkg']
[0.130s] Level 1:colcon.colcon_core.package_identification:_identify(external/rbdl-orb) by extension 'colcon_pkg'
[0.130s] Level 1:colcon.colcon_core.package_identification:_identify(external/rbdl-orb) by extensions ['colcon_meta']
[0.130s] Level 1:colcon.colcon_core.package_identification:_identify(external/rbdl-orb) by extension 'colcon_meta'
[0.130s] Level 1:colcon.colcon_core.package_identification:_identify(external/rbdl-orb) by extensions ['ros']
[0.130s] Level 1:colcon.colcon_core.package_identification:_identify(external/rbdl-orb) by extension 'ros'
[0.130s] Level 1:colcon.colcon_core.package_identification:_identify(external/rbdl-orb) by extensions ['cmake', 'python']
[0.130s] Level 1:colcon.colcon_core.package_identification:_identify(external/rbdl-orb) by extension 'cmake'
[0.144s] Level 1:colcon.colcon_core.package_identification:_identify(external/rbdl-orb) by extension 'python'
[0.144s] DEBUG:colcon.colcon_core.package_identification:Package 'external/rbdl-orb' with type 'cmake' and name 'RBDL'
[0.144s] Level 1:colcon.colcon_core.package_identification:_identify(external/teleop_twist_joy) by extensions ['ignore', 'ignore_ament_install']
[0.144s] Level 1:colcon.colcon_core.package_identification:_identify(external/teleop_twist_joy) by extension 'ignore'
[0.144s] Level 1:colcon.colcon_core.package_identification:_identify(external/teleop_twist_joy) by extension 'ignore_ament_install'
[0.144s] Level 1:colcon.colcon_core.package_identification:_identify(external/teleop_twist_joy) by extensions ['colcon_pkg']
[0.144s] Level 1:colcon.colcon_core.package_identification:_identify(external/teleop_twist_joy) by extension 'colcon_pkg'
[0.144s] Level 1:colcon.colcon_core.package_identification:_identify(external/teleop_twist_joy) by extensions ['colcon_meta']
[0.144s] Level 1:colcon.colcon_core.package_identification:_identify(external/teleop_twist_joy) by extension 'colcon_meta'
[0.144s] Level 1:colcon.colcon_core.package_identification:_identify(external/teleop_twist_joy) by extensions ['ros']
[0.144s] Level 1:colcon.colcon_core.package_identification:_identify(external/teleop_twist_joy) by extension 'ros'
[0.145s] DEBUG:colcon.colcon_core.package_identification:Package 'external/teleop_twist_joy' with type 'ros.ament_cmake' and name 'teleop_twist_joy'
[0.145s] Level 1:colcon.colcon_core.package_identification:_identify(external/teleop_twist_keyboard) by extensions ['ignore', 'ignore_ament_install']
[0.145s] Level 1:colcon.colcon_core.package_identification:_identify(external/teleop_twist_keyboard) by extension 'ignore'
[0.145s] Level 1:colcon.colcon_core.package_identification:_identify(external/teleop_twist_keyboard) by extension 'ignore_ament_install'
[0.145s] Level 1:colcon.colcon_core.package_identification:_identify(external/teleop_twist_keyboard) by extensions ['colcon_pkg']
[0.145s] Level 1:colcon.colcon_core.package_identification:_identify(external/teleop_twist_keyboard) by extension 'colcon_pkg'
[0.145s] Level 1:colcon.colcon_core.package_identification:_identify(external/teleop_twist_keyboard) by extensions ['colcon_meta']
[0.145s] Level 1:colcon.colcon_core.package_identification:_identify(external/teleop_twist_keyboard) by extension 'colcon_meta'
[0.145s] Level 1:colcon.colcon_core.package_identification:_identify(external/teleop_twist_keyboard) by extensions ['ros']
[0.145s] Level 1:colcon.colcon_core.package_identification:_identify(external/teleop_twist_keyboard) by extension 'ros'
[0.145s] DEBUG:colcon.colcon_core.package_identification:Package 'external/teleop_twist_keyboard' with type 'ros.ament_python' and name 'teleop_twist_keyboard'
[0.145s] Level 1:colcon.colcon_core.package_identification:_identify(external/unitree_sdk2) by extensions ['ignore', 'ignore_ament_install']
[0.145s] Level 1:colcon.colcon_core.package_identification:_identify(external/unitree_sdk2) by extension 'ignore'
[0.145s] Level 1:colcon.colcon_core.package_identification:_identify(external/unitree_sdk2) by extension 'ignore_ament_install'
[0.145s] Level 1:colcon.colcon_core.package_identification:_identify(external/unitree_sdk2) by extensions ['colcon_pkg']
[0.145s] Level 1:colcon.colcon_core.package_identification:_identify(external/unitree_sdk2) by extension 'colcon_pkg'
[0.145s] Level 1:colcon.colcon_core.package_identification:_identify(external/unitree_sdk2) by extensions ['colcon_meta']
[0.145s] Level 1:colcon.colcon_core.package_identification:_identify(external/unitree_sdk2) by extension 'colcon_meta'
[0.145s] Level 1:colcon.colcon_core.package_identification:_identify(external/unitree_sdk2) by extensions ['ros']
[0.145s] Level 1:colcon.colcon_core.package_identification:_identify(external/unitree_sdk2) by extension 'ros'
[0.145s] Level 1:colcon.colcon_core.package_identification:_identify(external/unitree_sdk2) by extensions ['cmake', 'python']
[0.145s] Level 1:colcon.colcon_core.package_identification:_identify(external/unitree_sdk2) by extension 'cmake'
[0.151s] Level 1:colcon.colcon_core.package_identification:_identify(external/unitree_sdk2) by extension 'python'
[0.151s] DEBUG:colcon.colcon_core.package_identification:Package 'external/unitree_sdk2' with type 'cmake' and name 'unitree_sdk2'
[0.151s] Level 1:colcon.colcon_core.package_identification:_identify(force_applicator) by extensions ['ignore', 'ignore_ament_install']
[0.151s] Level 1:colcon.colcon_core.package_identification:_identify(force_applicator) by extension 'ignore'
[0.151s] Level 1:colcon.colcon_core.package_identification:_identify(force_applicator) by extension 'ignore_ament_install'
[0.151s] Level 1:colcon.colcon_core.package_identification:_identify(force_applicator) by extensions ['colcon_pkg']
[0.151s] Level 1:colcon.colcon_core.package_identification:_identify(force_applicator) by extension 'colcon_pkg'
[0.151s] Level 1:colcon.colcon_core.package_identification:_identify(force_applicator) by extensions ['colcon_meta']
[0.151s] Level 1:colcon.colcon_core.package_identification:_identify(force_applicator) by extension 'colcon_meta'
[0.151s] Level 1:colcon.colcon_core.package_identification:_identify(force_applicator) by extensions ['ros']
[0.151s] Level 1:colcon.colcon_core.package_identification:_identify(force_applicator) by extension 'ros'
[0.151s] DEBUG:colcon.colcon_core.package_identification:Package 'force_applicator' with type 'ros.ament_cmake' and name 'force_applicator'
[0.151s] Level 1:colcon.colcon_core.package_identification:_identify(global_body_planner) by extensions ['ignore', 'ignore_ament_install']
[0.151s] Level 1:colcon.colcon_core.package_identification:_identify(global_body_planner) by extension 'ignore'
[0.151s] Level 1:colcon.colcon_core.package_identification:_identify(global_body_planner) by extension 'ignore_ament_install'
[0.151s] Level 1:colcon.colcon_core.package_identification:_identify(global_body_planner) by extensions ['colcon_pkg']
[0.151s] Level 1:colcon.colcon_core.package_identification:_identify(global_body_planner) by extension 'colcon_pkg'
[0.151s] Level 1:colcon.colcon_core.package_identification:_identify(global_body_planner) by extensions ['colcon_meta']
[0.151s] Level 1:colcon.colcon_core.package_identification:_identify(global_body_planner) by extension 'colcon_meta'
[0.151s] Level 1:colcon.colcon_core.package_identification:_identify(global_body_planner) by extensions ['ros']
[0.151s] Level 1:colcon.colcon_core.package_identification:_identify(global_body_planner) by extension 'ros'
[0.152s] DEBUG:colcon.colcon_core.package_identification:Package 'global_body_planner' with type 'ros.ament_cmake' and name 'global_body_planner'
[0.152s] Level 1:colcon.colcon_core.package_identification:_identify(install) by extensions ['ignore', 'ignore_ament_install']
[0.152s] Level 1:colcon.colcon_core.package_identification:_identify(install) by extension 'ignore'
[0.152s] Level 1:colcon.colcon_core.package_identification:_identify(install) ignored
[0.152s] Level 1:colcon.colcon_core.package_identification:_identify(local_planner) by extensions ['ignore', 'ignore_ament_install']
[0.152s] Level 1:colcon.colcon_core.package_identification:_identify(local_planner) by extension 'ignore'
[0.152s] Level 1:colcon.colcon_core.package_identification:_identify(local_planner) by extension 'ignore_ament_install'
[0.152s] Level 1:colcon.colcon_core.package_identification:_identify(local_planner) by extensions ['colcon_pkg']
[0.152s] Level 1:colcon.colcon_core.package_identification:_identify(local_planner) by extension 'colcon_pkg'
[0.152s] Level 1:colcon.colcon_core.package_identification:_identify(local_planner) by extensions ['colcon_meta']
[0.152s] Level 1:colcon.colcon_core.package_identification:_identify(local_planner) by extension 'colcon_meta'
[0.152s] Level 1:colcon.colcon_core.package_identification:_identify(local_planner) by extensions ['ros']
[0.152s] Level 1:colcon.colcon_core.package_identification:_identify(local_planner) by extension 'ros'
[0.153s] DEBUG:colcon.colcon_core.package_identification:Package 'local_planner' with type 'ros.ament_cmake' and name 'local_planner'
[0.153s] Level 1:colcon.colcon_core.package_identification:_identify(log) by extensions ['ignore', 'ignore_ament_install']
[0.153s] Level 1:colcon.colcon_core.package_identification:_identify(log) by extension 'ignore'
[0.153s] Level 1:colcon.colcon_core.package_identification:_identify(log) ignored
[0.153s] Level 1:colcon.colcon_core.package_identification:_identify(nmpc_controller) by extensions ['ignore', 'ignore_ament_install']
[0.153s] Level 1:colcon.colcon_core.package_identification:_identify(nmpc_controller) by extension 'ignore'
[0.153s] Level 1:colcon.colcon_core.package_identification:_identify(nmpc_controller) by extension 'ignore_ament_install'
[0.153s] Level 1:colcon.colcon_core.package_identification:_identify(nmpc_controller) by extensions ['colcon_pkg']
[0.153s] Level 1:colcon.colcon_core.package_identification:_identify(nmpc_controller) by extension 'colcon_pkg'
[0.153s] Level 1:colcon.colcon_core.package_identification:_identify(nmpc_controller) by extensions ['colcon_meta']
[0.153s] Level 1:colcon.colcon_core.package_identification:_identify(nmpc_controller) by extension 'colcon_meta'
[0.153s] Level 1:colcon.colcon_core.package_identification:_identify(nmpc_controller) by extensions ['ros']
[0.153s] Level 1:colcon.colcon_core.package_identification:_identify(nmpc_controller) by extension 'ros'
[0.153s] DEBUG:colcon.colcon_core.package_identification:Package 'nmpc_controller' with type 'ros.ament_cmake' and name 'nmpc_controller'
[0.153s] Level 1:colcon.colcon_core.package_identification:_identify(quad_logger) by extensions ['ignore', 'ignore_ament_install']
[0.153s] Level 1:colcon.colcon_core.package_identification:_identify(quad_logger) by extension 'ignore'
[0.153s] Level 1:colcon.colcon_core.package_identification:_identify(quad_logger) by extension 'ignore_ament_install'
[0.153s] Level 1:colcon.colcon_core.package_identification:_identify(quad_logger) by extensions ['colcon_pkg']
[0.153s] Level 1:colcon.colcon_core.package_identification:_identify(quad_logger) by extension 'colcon_pkg'
[0.153s] Level 1:colcon.colcon_core.package_identification:_identify(quad_logger) by extensions ['colcon_meta']
[0.153s] Level 1:colcon.colcon_core.package_identification:_identify(quad_logger) by extension 'colcon_meta'
[0.153s] Level 1:colcon.colcon_core.package_identification:_identify(quad_logger) by extensions ['ros']
[0.153s] Level 1:colcon.colcon_core.package_identification:_identify(quad_logger) by extension 'ros'
[0.154s] DEBUG:colcon.colcon_core.package_identification:Package 'quad_logger' with type 'ros.ament_cmake' and name 'quad_logger'
[0.154s] Level 1:colcon.colcon_core.package_identification:_identify(quad_msgs) by extensions ['ignore', 'ignore_ament_install']
[0.154s] Level 1:colcon.colcon_core.package_identification:_identify(quad_msgs) by extension 'ignore'
[0.154s] Level 1:colcon.colcon_core.package_identification:_identify(quad_msgs) by extension 'ignore_ament_install'
[0.154s] Level 1:colcon.colcon_core.package_identification:_identify(quad_msgs) by extensions ['colcon_pkg']
[0.154s] Level 1:colcon.colcon_core.package_identification:_identify(quad_msgs) by extension 'colcon_pkg'
[0.154s] Level 1:colcon.colcon_core.package_identification:_identify(quad_msgs) by extensions ['colcon_meta']
[0.154s] Level 1:colcon.colcon_core.package_identification:_identify(quad_msgs) by extension 'colcon_meta'
[0.154s] Level 1:colcon.colcon_core.package_identification:_identify(quad_msgs) by extensions ['ros']
[0.154s] Level 1:colcon.colcon_core.package_identification:_identify(quad_msgs) by extension 'ros'
[0.154s] DEBUG:colcon.colcon_core.package_identification:Package 'quad_msgs' with type 'ros.ament_cmake' and name 'quad_msgs'
[0.154s] Level 1:colcon.colcon_core.package_identification:_identify(quad_perf_tests) by extensions ['ignore', 'ignore_ament_install']
[0.154s] Level 1:colcon.colcon_core.package_identification:_identify(quad_perf_tests) by extension 'ignore'
[0.154s] Level 1:colcon.colcon_core.package_identification:_identify(quad_perf_tests) by extension 'ignore_ament_install'
[0.154s] Level 1:colcon.colcon_core.package_identification:_identify(quad_perf_tests) by extensions ['colcon_pkg']
[0.154s] Level 1:colcon.colcon_core.package_identification:_identify(quad_perf_tests) by extension 'colcon_pkg'
[0.154s] Level 1:colcon.colcon_core.package_identification:_identify(quad_perf_tests) by extensions ['colcon_meta']
[0.154s] Level 1:colcon.colcon_core.package_identification:_identify(quad_perf_tests) by extension 'colcon_meta'
[0.154s] Level 1:colcon.colcon_core.package_identification:_identify(quad_perf_tests) by extensions ['ros']
[0.154s] Level 1:colcon.colcon_core.package_identification:_identify(quad_perf_tests) by extension 'ros'
[0.154s] DEBUG:colcon.colcon_core.package_identification:Package 'quad_perf_tests' with type 'ros.ament_cmake' and name 'quad_perf_tests'
[0.154s] Level 1:colcon.colcon_core.package_identification:_identify(quad_simulator) by extensions ['ignore', 'ignore_ament_install']
[0.154s] Level 1:colcon.colcon_core.package_identification:_identify(quad_simulator) by extension 'ignore'
[0.154s] Level 1:colcon.colcon_core.package_identification:_identify(quad_simulator) by extension 'ignore_ament_install'
[0.155s] Level 1:colcon.colcon_core.package_identification:_identify(quad_simulator) by extensions ['colcon_pkg']
[0.155s] Level 1:colcon.colcon_core.package_identification:_identify(quad_simulator) by extension 'colcon_pkg'
[0.155s] Level 1:colcon.colcon_core.package_identification:_identify(quad_simulator) by extensions ['colcon_meta']
[0.155s] Level 1:colcon.colcon_core.package_identification:_identify(quad_simulator) by extension 'colcon_meta'
[0.155s] Level 1:colcon.colcon_core.package_identification:_identify(quad_simulator) by extensions ['ros']
[0.155s] Level 1:colcon.colcon_core.package_identification:_identify(quad_simulator) by extension 'ros'
[0.155s] Level 1:colcon.colcon_core.package_identification:_identify(quad_simulator) by extensions ['cmake', 'python']
[0.155s] Level 1:colcon.colcon_core.package_identification:_identify(quad_simulator) by extension 'cmake'
[0.155s] Level 1:colcon.colcon_core.package_identification:_identify(quad_simulator) by extension 'python'
[0.155s] Level 1:colcon.colcon_core.package_identification:_identify(quad_simulator) by extensions ['python_setup_py']
[0.155s] Level 1:colcon.colcon_core.package_identification:_identify(quad_simulator) by extension 'python_setup_py'
[0.155s] Level 1:colcon.colcon_core.package_identification:_identify(quad_simulator/a1_description) by extensions ['ignore', 'ignore_ament_install']
[0.155s] Level 1:colcon.colcon_core.package_identification:_identify(quad_simulator/a1_description) by extension 'ignore'
[0.155s] Level 1:colcon.colcon_core.package_identification:_identify(quad_simulator/a1_description) by extension 'ignore_ament_install'
[0.155s] Level 1:colcon.colcon_core.package_identification:_identify(quad_simulator/a1_description) by extensions ['colcon_pkg']
[0.155s] Level 1:colcon.colcon_core.package_identification:_identify(quad_simulator/a1_description) by extension 'colcon_pkg'
[0.155s] Level 1:colcon.colcon_core.package_identification:_identify(quad_simulator/a1_description) by extensions ['colcon_meta']
[0.155s] Level 1:colcon.colcon_core.package_identification:_identify(quad_simulator/a1_description) by extension 'colcon_meta'
[0.155s] Level 1:colcon.colcon_core.package_identification:_identify(quad_simulator/a1_description) by extensions ['ros']
[0.155s] Level 1:colcon.colcon_core.package_identification:_identify(quad_simulator/a1_description) by extension 'ros'
[0.155s] DEBUG:colcon.colcon_core.package_identification:Package 'quad_simulator/a1_description' with type 'ros.ament_cmake' and name 'a1_description'
[0.155s] Level 1:colcon.colcon_core.package_identification:_identify(quad_simulator/b2_description) by extensions ['ignore', 'ignore_ament_install']
[0.155s] Level 1:colcon.colcon_core.package_identification:_identify(quad_simulator/b2_description) by extension 'ignore'
[0.155s] Level 1:colcon.colcon_core.package_identification:_identify(quad_simulator/b2_description) by extension 'ignore_ament_install'
[0.155s] Level 1:colcon.colcon_core.package_identification:_identify(quad_simulator/b2_description) by extensions ['colcon_pkg']
[0.155s] Level 1:colcon.colcon_core.package_identification:_identify(quad_simulator/b2_description) by extension 'colcon_pkg'
[0.155s] Level 1:colcon.colcon_core.package_identification:_identify(quad_simulator/b2_description) by extensions ['colcon_meta']
[0.155s] Level 1:colcon.colcon_core.package_identification:_identify(quad_simulator/b2_description) by extension 'colcon_meta'
[0.155s] Level 1:colcon.colcon_core.package_identification:_identify(quad_simulator/b2_description) by extensions ['ros']
[0.155s] Level 1:colcon.colcon_core.package_identification:_identify(quad_simulator/b2_description) by extension 'ros'
[0.155s] DEBUG:colcon.colcon_core.package_identification:Package 'quad_simulator/b2_description' with type 'ros.ament_cmake' and name 'b2_description'
[0.155s] Level 1:colcon.colcon_core.package_identification:_identify(quad_simulator/gazebo_plugins) by extensions ['ignore', 'ignore_ament_install']
[0.155s] Level 1:colcon.colcon_core.package_identification:_identify(quad_simulator/gazebo_plugins) by extension 'ignore'
[0.155s] Level 1:colcon.colcon_core.package_identification:_identify(quad_simulator/gazebo_plugins) by extension 'ignore_ament_install'
[0.155s] Level 1:colcon.colcon_core.package_identification:_identify(quad_simulator/gazebo_plugins) by extensions ['colcon_pkg']
[0.155s] Level 1:colcon.colcon_core.package_identification:_identify(quad_simulator/gazebo_plugins) by extension 'colcon_pkg'
[0.155s] Level 1:colcon.colcon_core.package_identification:_identify(quad_simulator/gazebo_plugins) by extensions ['colcon_meta']
[0.155s] Level 1:colcon.colcon_core.package_identification:_identify(quad_simulator/gazebo_plugins) by extension 'colcon_meta'
[0.155s] Level 1:colcon.colcon_core.package_identification:_identify(quad_simulator/gazebo_plugins) by extensions ['ros']
[0.155s] Level 1:colcon.colcon_core.package_identification:_identify(quad_simulator/gazebo_plugins) by extension 'ros'
[0.156s] DEBUG:colcon.colcon_core.package_identification:Package 'quad_simulator/gazebo_plugins' with type 'ros.ament_cmake' and name 'gazebo_plugins'
[0.156s] Level 1:colcon.colcon_core.package_identification:_identify(quad_simulator/gazebo_scripts) by extensions ['ignore', 'ignore_ament_install']
[0.156s] Level 1:colcon.colcon_core.package_identification:_identify(quad_simulator/gazebo_scripts) by extension 'ignore'
[0.156s] Level 1:colcon.colcon_core.package_identification:_identify(quad_simulator/gazebo_scripts) by extension 'ignore_ament_install'
[0.156s] Level 1:colcon.colcon_core.package_identification:_identify(quad_simulator/gazebo_scripts) by extensions ['colcon_pkg']
[0.156s] Level 1:colcon.colcon_core.package_identification:_identify(quad_simulator/gazebo_scripts) by extension 'colcon_pkg'
[0.156s] Level 1:colcon.colcon_core.package_identification:_identify(quad_simulator/gazebo_scripts) by extensions ['colcon_meta']
[0.156s] Level 1:colcon.colcon_core.package_identification:_identify(quad_simulator/gazebo_scripts) by extension 'colcon_meta'
[0.156s] Level 1:colcon.colcon_core.package_identification:_identify(quad_simulator/gazebo_scripts) by extensions ['ros']
[0.156s] Level 1:colcon.colcon_core.package_identification:_identify(quad_simulator/gazebo_scripts) by extension 'ros'
[0.156s] DEBUG:colcon.colcon_core.package_identification:Package 'quad_simulator/gazebo_scripts' with type 'ros.ament_cmake' and name 'gazebo_scripts'
[0.156s] Level 1:colcon.colcon_core.package_identification:_identify(quad_simulator/go2_description) by extensions ['ignore', 'ignore_ament_install']
[0.156s] Level 1:colcon.colcon_core.package_identification:_identify(quad_simulator/go2_description) by extension 'ignore'
[0.156s] Level 1:colcon.colcon_core.package_identification:_identify(quad_simulator/go2_description) by extension 'ignore_ament_install'
[0.156s] Level 1:colcon.colcon_core.package_identification:_identify(quad_simulator/go2_description) by extensions ['colcon_pkg']
[0.156s] Level 1:colcon.colcon_core.package_identification:_identify(quad_simulator/go2_description) by extension 'colcon_pkg'
[0.156s] Level 1:colcon.colcon_core.package_identification:_identify(quad_simulator/go2_description) by extensions ['colcon_meta']
[0.156s] Level 1:colcon.colcon_core.package_identification:_identify(quad_simulator/go2_description) by extension 'colcon_meta'
[0.156s] Level 1:colcon.colcon_core.package_identification:_identify(quad_simulator/go2_description) by extensions ['ros']
[0.156s] Level 1:colcon.colcon_core.package_identification:_identify(quad_simulator/go2_description) by extension 'ros'
[0.157s] DEBUG:colcon.colcon_core.package_identification:Package 'quad_simulator/go2_description' with type 'ros.ament_cmake' and name 'go2_description'
[0.157s] Level 1:colcon.colcon_core.package_identification:_identify(quad_simulator/go2w_description) by extensions ['ignore', 'ignore_ament_install']
[0.157s] Level 1:colcon.colcon_core.package_identification:_identify(quad_simulator/go2w_description) by extension 'ignore'
[0.157s] Level 1:colcon.colcon_core.package_identification:_identify(quad_simulator/go2w_description) by extension 'ignore_ament_install'
[0.157s] Level 1:colcon.colcon_core.package_identification:_identify(quad_simulator/go2w_description) by extensions ['colcon_pkg']
[0.157s] Level 1:colcon.colcon_core.package_identification:_identify(quad_simulator/go2w_description) by extension 'colcon_pkg'
[0.157s] Level 1:colcon.colcon_core.package_identification:_identify(quad_simulator/go2w_description) by extensions ['colcon_meta']
[0.157s] Level 1:colcon.colcon_core.package_identification:_identify(quad_simulator/go2w_description) by extension 'colcon_meta'
[0.157s] Level 1:colcon.colcon_core.package_identification:_identify(quad_simulator/go2w_description) by extensions ['ros']
[0.157s] Level 1:colcon.colcon_core.package_identification:_identify(quad_simulator/go2w_description) by extension 'ros'
[0.157s] DEBUG:colcon.colcon_core.package_identification:Package 'quad_simulator/go2w_description' with type 'ros.ament_cmake' and name 'go2w_description'
[0.157s] Level 1:colcon.colcon_core.package_identification:_identify(quad_simulator/mujoco_sim) by extensions ['ignore', 'ignore_ament_install']
[0.157s] Level 1:colcon.colcon_core.package_identification:_identify(quad_simulator/mujoco_sim) by extension 'ignore'
[0.157s] Level 1:colcon.colcon_core.package_identification:_identify(quad_simulator/mujoco_sim) by extension 'ignore_ament_install'
[0.157s] Level 1:colcon.colcon_core.package_identification:_identify(quad_simulator/mujoco_sim) by extensions ['colcon_pkg']
[0.157s] Level 1:colcon.colcon_core.package_identification:_identify(quad_simulator/mujoco_sim) by extension 'colcon_pkg'
[0.157s] Level 1:colcon.colcon_core.package_identification:_identify(quad_simulator/mujoco_sim) by extensions ['colcon_meta']
[0.157s] Level 1:colcon.colcon_core.package_identification:_identify(quad_simulator/mujoco_sim) by extension 'colcon_meta'
[0.157s] Level 1:colcon.colcon_core.package_identification:_identify(quad_simulator/mujoco_sim) by extensions ['ros']
[0.157s] Level 1:colcon.colcon_core.package_identification:_identify(quad_simulator/mujoco_sim) by extension 'ros'
[0.157s] DEBUG:colcon.colcon_core.package_identification:Package 'quad_simulator/mujoco_sim' with type 'ros.ament_cmake' and name 'mujoco_sim'
[0.157s] Level 1:colcon.colcon_core.package_identification:_identify(quad_simulator/other) by extensions ['ignore', 'ignore_ament_install']
[0.157s] Level 1:colcon.colcon_core.package_identification:_identify(quad_simulator/other) by extension 'ignore'
[0.157s] Level 1:colcon.colcon_core.package_identification:_identify(quad_simulator/other) by extension 'ignore_ament_install'
[0.157s] Level 1:colcon.colcon_core.package_identification:_identify(quad_simulator/other) by extensions ['colcon_pkg']
[0.157s] Level 1:colcon.colcon_core.package_identification:_identify(quad_simulator/other) by extension 'colcon_pkg'
[0.157s] Level 1:colcon.colcon_core.package_identification:_identify(quad_simulator/other) by extensions ['colcon_meta']
[0.157s] Level 1:colcon.colcon_core.package_identification:_identify(quad_simulator/other) by extension 'colcon_meta'
[0.157s] Level 1:colcon.colcon_core.package_identification:_identify(quad_simulator/other) by extensions ['ros']
[0.157s] Level 1:colcon.colcon_core.package_identification:_identify(quad_simulator/other) by extension 'ros'
[0.157s] Level 1:colcon.colcon_core.package_identification:_identify(quad_simulator/other) by extensions ['cmake', 'python']
[0.157s] Level 1:colcon.colcon_core.package_identification:_identify(quad_simulator/other) by extension 'cmake'
[0.157s] Level 1:colcon.colcon_core.package_identification:_identify(quad_simulator/other) by extension 'python'
[0.157s] Level 1:colcon.colcon_core.package_identification:_identify(quad_simulator/other) by extensions ['python_setup_py']
[0.157s] Level 1:colcon.colcon_core.package_identification:_identify(quad_simulator/other) by extension 'python_setup_py'
[0.158s] Level 1:colcon.colcon_core.package_identification:_identify(quad_simulator/other/objects_description) by extensions ['ignore', 'ignore_ament_install']
[0.158s] Level 1:colcon.colcon_core.package_identification:_identify(quad_simulator/other/objects_description) by extension 'ignore'
[0.158s] Level 1:colcon.colcon_core.package_identification:_identify(quad_simulator/other/objects_description) by extension 'ignore_ament_install'
[0.158s] Level 1:colcon.colcon_core.package_identification:_identify(quad_simulator/other/objects_description) by extensions ['colcon_pkg']
[0.158s] Level 1:colcon.colcon_core.package_identification:_identify(quad_simulator/other/objects_description) by extension 'colcon_pkg'
[0.158s] Level 1:colcon.colcon_core.package_identification:_identify(quad_simulator/other/objects_description) by extensions ['colcon_meta']
[0.158s] Level 1:colcon.colcon_core.package_identification:_identify(quad_simulator/other/objects_description) by extension 'colcon_meta'
[0.158s] Level 1:colcon.colcon_core.package_identification:_identify(quad_simulator/other/objects_description) by extensions ['ros']
[0.158s] Level 1:colcon.colcon_core.package_identification:_identify(quad_simulator/other/objects_description) by extension 'ros'
[0.158s] DEBUG:colcon.colcon_core.package_identification:Package 'quad_simulator/other/objects_description' with type 'ros.ament_cmake' and name 'objects_description'
[0.158s] Level 1:colcon.colcon_core.package_identification:_identify(quad_simulator/other/sensor_description) by extensions ['ignore', 'ignore_ament_install']
[0.158s] Level 1:colcon.colcon_core.package_identification:_identify(quad_simulator/other/sensor_description) by extension 'ignore'
[0.158s] Level 1:colcon.colcon_core.package_identification:_identify(quad_simulator/other/sensor_description) by extension 'ignore_ament_install'
[0.158s] Level 1:colcon.colcon_core.package_identification:_identify(quad_simulator/other/sensor_description) by extensions ['colcon_pkg']
[0.158s] Level 1:colcon.colcon_core.package_identification:_identify(quad_simulator/other/sensor_description) by extension 'colcon_pkg'
[0.158s] Level 1:colcon.colcon_core.package_identification:_identify(quad_simulator/other/sensor_description) by extensions ['colcon_meta']
[0.158s] Level 1:colcon.colcon_core.package_identification:_identify(quad_simulator/other/sensor_description) by extension 'colcon_meta'
[0.158s] Level 1:colcon.colcon_core.package_identification:_identify(quad_simulator/other/sensor_description) by extensions ['ros']
[0.158s] Level 1:colcon.colcon_core.package_identification:_identify(quad_simulator/other/sensor_description) by extension 'ros'
[0.158s] DEBUG:colcon.colcon_core.package_identification:Package 'quad_simulator/other/sensor_description' with type 'ros.ament_cmake' and name 'sensor_description'
[0.158s] Level 1:colcon.colcon_core.package_identification:_identify(quad_simulator/spirit_description) by extensions ['ignore', 'ignore_ament_install']
[0.158s] Level 1:colcon.colcon_core.package_identification:_identify(quad_simulator/spirit_description) by extension 'ignore'
[0.158s] Level 1:colcon.colcon_core.package_identification:_identify(quad_simulator/spirit_description) by extension 'ignore_ament_install'
[0.158s] Level 1:colcon.colcon_core.package_identification:_identify(quad_simulator/spirit_description) by extensions ['colcon_pkg']
[0.158s] Level 1:colcon.colcon_core.package_identification:_identify(quad_simulator/spirit_description) by extension 'colcon_pkg'
[0.158s] Level 1:colcon.colcon_core.package_identification:_identify(quad_simulator/spirit_description) by extensions ['colcon_meta']
[0.158s] Level 1:colcon.colcon_core.package_identification:_identify(quad_simulator/spirit_description) by extension 'colcon_meta'
[0.158s] Level 1:colcon.colcon_core.package_identification:_identify(quad_simulator/spirit_description) by extensions ['ros']
[0.158s] Level 1:colcon.colcon_core.package_identification:_identify(quad_simulator/spirit_description) by extension 'ros'
[0.158s] DEBUG:colcon.colcon_core.package_identification:Package 'quad_simulator/spirit_description' with type 'ros.ament_cmake' and name 'spirit_description'
[0.158s] Level 1:colcon.colcon_core.package_identification:_identify(quad_simulator/underbrush_description) by extensions ['ignore', 'ignore_ament_install']
[0.158s] Level 1:colcon.colcon_core.package_identification:_identify(quad_simulator/underbrush_description) by extension 'ignore'
[0.158s] Level 1:colcon.colcon_core.package_identification:_identify(quad_simulator/underbrush_description) by extension 'ignore_ament_install'
[0.158s] Level 1:colcon.colcon_core.package_identification:_identify(quad_simulator/underbrush_description) by extensions ['colcon_pkg']
[0.158s] Level 1:colcon.colcon_core.package_identification:_identify(quad_simulator/underbrush_description) by extension 'colcon_pkg'
[0.158s] Level 1:colcon.colcon_core.package_identification:_identify(quad_simulator/underbrush_description) by extensions ['colcon_meta']
[0.158s] Level 1:colcon.colcon_core.package_identification:_identify(quad_simulator/underbrush_description) by extension 'colcon_meta'
[0.158s] Level 1:colcon.colcon_core.package_identification:_identify(quad_simulator/underbrush_description) by extensions ['ros']
[0.158s] Level 1:colcon.colcon_core.package_identification:_identify(quad_simulator/underbrush_description) by extension 'ros'
[0.159s] DEBUG:colcon.colcon_core.package_identification:Package 'quad_simulator/underbrush_description' with type 'ros.ament_cmake' and name 'underbrush_description'
[0.159s] Level 1:colcon.colcon_core.package_identification:_identify(quad_utils) by extensions ['ignore', 'ignore_ament_install']
[0.159s] Level 1:colcon.colcon_core.package_identification:_identify(quad_utils) by extension 'ignore'
[0.159s] Level 1:colcon.colcon_core.package_identification:_identify(quad_utils) by extension 'ignore_ament_install'
[0.159s] Level 1:colcon.colcon_core.package_identification:_identify(quad_utils) by extensions ['colcon_pkg']
[0.159s] Level 1:colcon.colcon_core.package_identification:_identify(quad_utils) by extension 'colcon_pkg'
[0.159s] Level 1:colcon.colcon_core.package_identification:_identify(quad_utils) by extensions ['colcon_meta']
[0.159s] Level 1:colcon.colcon_core.package_identification:_identify(quad_utils) by extension 'colcon_meta'
[0.159s] Level 1:colcon.colcon_core.package_identification:_identify(quad_utils) by extensions ['ros']
[0.159s] Level 1:colcon.colcon_core.package_identification:_identify(quad_utils) by extension 'ros'
[0.159s] DEBUG:colcon.colcon_core.package_identification:Package 'quad_utils' with type 'ros.ament_cmake' and name 'quad_utils'
[0.159s] Level 1:colcon.colcon_core.package_identification:_identify(robot_driver) by extensions ['ignore', 'ignore_ament_install']
[0.160s] Level 1:colcon.colcon_core.package_identification:_identify(robot_driver) by extension 'ignore'
[0.160s] Level 1:colcon.colcon_core.package_identification:_identify(robot_driver) by extension 'ignore_ament_install'
[0.160s] Level 1:colcon.colcon_core.package_identification:_identify(robot_driver) by extensions ['colcon_pkg']
[0.160s] Level 1:colcon.colcon_core.package_identification:_identify(robot_driver) by extension 'colcon_pkg'
[0.160s] Level 1:colcon.colcon_core.package_identification:_identify(robot_driver) by extensions ['colcon_meta']
[0.160s] Level 1:colcon.colcon_core.package_identification:_identify(robot_driver) by extension 'colcon_meta'
[0.160s] Level 1:colcon.colcon_core.package_identification:_identify(robot_driver) by extensions ['ros']
[0.160s] Level 1:colcon.colcon_core.package_identification:_identify(robot_driver) by extension 'ros'
[0.160s] DEBUG:colcon.colcon_core.package_identification:Package 'robot_driver' with type 'ros.ament_cmake' and name 'robot_driver'
[0.160s] Level 1:colcon.colcon_core.package_identification:_identify(scripts) by extensions ['ignore', 'ignore_ament_install']
[0.160s] Level 1:colcon.colcon_core.package_identification:_identify(scripts) by extension 'ignore'
[0.160s] Level 1:colcon.colcon_core.package_identification:_identify(scripts) by extension 'ignore_ament_install'
[0.160s] Level 1:colcon.colcon_core.package_identification:_identify(scripts) by extensions ['colcon_pkg']
[0.160s] Level 1:colcon.colcon_core.package_identification:_identify(scripts) by extension 'colcon_pkg'
[0.160s] Level 1:colcon.colcon_core.package_identification:_identify(scripts) by extensions ['colcon_meta']
[0.160s] Level 1:colcon.colcon_core.package_identification:_identify(scripts) by extension 'colcon_meta'
[0.160s] Level 1:colcon.colcon_core.package_identification:_identify(scripts) by extensions ['ros']
[0.160s] Level 1:colcon.colcon_core.package_identification:_identify(scripts) by extension 'ros'
[0.160s] Level 1:colcon.colcon_core.package_identification:_identify(scripts) by extensions ['cmake', 'python']
[0.160s] Level 1:colcon.colcon_core.package_identification:_identify(scripts) by extension 'cmake'
[0.160s] Level 1:colcon.colcon_core.package_identification:_identify(scripts) by extension 'python'
[0.160s] Level 1:colcon.colcon_core.package_identification:_identify(scripts) by extensions ['python_setup_py']
[0.160s] Level 1:colcon.colcon_core.package_identification:_identify(scripts) by extension 'python_setup_py'
[0.160s] Level 1:colcon.colcon_core.package_discovery:discover_packages(recursive) using defaults
[0.160s] Level 1:colcon.colcon_core.package_discovery:discover_packages(ignore) discover
[0.160s] Level 1:colcon.colcon_core.package_discovery:discover_packages(ignore) using defaults
[0.160s] Level 1:colcon.colcon_core.package_discovery:discover_packages(path) discover
[0.160s] Level 1:colcon.colcon_core.package_discovery:discover_packages(path) using defaults
[0.169s] Level 1:colcon.colcon_core.package_discovery:discover_packages(prefix_path) check parameters
[0.170s] Level 1:colcon.colcon_core.package_discovery:discover_packages(prefix_path) discover
[0.171s] DEBUG:colcon.colcon_installed_package_information.package_discovery:Found 25 installed packages in /home/rml/ros2_ws/src/quad-sdk/install
[0.172s] DEBUG:colcon.colcon_installed_package_information.package_discovery:Found 408 installed packages in /opt/ros/jazzy
[0.172s] Level 1:colcon.colcon_core.package_discovery:discover_packages(prefix_path) using defaults
[0.198s] WARNING:colcon.colcon_core.package_selection:Some selected packages are already built in one or more underlay workspaces:
	'teleop_twist_joy' is in: /home/rml/ros2_ws/src/quad-sdk/install/teleop_twist_joy, /opt/ros/jazzy
	'teleop_twist_keyboard' is in: /home/rml/ros2_ws/src/quad-sdk/install/teleop_twist_keyboard, /opt/ros/jazzy
If a package in a merged underlay workspace is overridden and it installs headers, then all packages in the overlay must sort their include directories by workspace order. Failure to do so may result in build failures or undefined behavior at run time.
If the overridden package is used by another package in any underlay, then the overriding package in the overlay must be API and ABI compatible or undefined behavior at run time may occur.

If you understand the risks and want to override a package anyways, add the following to the command line:
	--allow-overriding teleop_twist_joy teleop_twist_keyboard

This may be promoted to an error in a future release of colcon-override-check.
[0.198s] Level 5:colcon.colcon_core.verb:set package 'RBDL' build argument 'cmake_args' from command line to '['-DCMAKE_BUILD_TYPE=Release']'
[0.198s] Level 5:colcon.colcon_core.verb:set package 'RBDL' build argument 'cmake_target' from command line to 'None'
[0.198s] Level 5:colcon.colcon_core.verb:set package 'RBDL' build argument 'cmake_target_skip_unavailable' from command line to 'False'
[0.198s] Level 5:colcon.colcon_core.verb:set package 'RBDL' build argument 'cmake_clean_cache' from command line to 'False'
[0.198s] Level 5:colcon.colcon_core.verb:set package 'RBDL' build argument 'cmake_clean_first' from command line to 'False'
[0.198s] Level 5:colcon.colcon_core.verb:set package 'RBDL' build argument 'cmake_force_configure' from command line to 'False'
[0.199s] Level 5:colcon.colcon_core.verb:set package 'RBDL' build argument 'ament_cmake_args' from command line to 'None'
[0.199s] Level 5:colcon.colcon_core.verb:set package 'RBDL' build argument 'catkin_cmake_args' from command line to 'None'
[0.199s] Level 5:colcon.colcon_core.verb:set package 'RBDL' build argument 'catkin_skip_building_tests' from command line to 'False'
[0.199s] DEBUG:colcon.colcon_core.verb:Building package 'RBDL' with the following arguments: {'ament_cmake_args': None, 'build_base': '/home/rml/ros2_ws/src/quad-sdk/build/RBDL', 'catkin_cmake_args': None, 'catkin_skip_building_tests': False, 'cmake_args': ['-DCMAKE_BUILD_TYPE=Release'], 'cmake_clean_cache': False, 'cmake_clean_first': False, 'cmake_force_configure': False, 'cmake_target': None, 'cmake_target_skip_unavailable': False, 'install_base': '/home/rml/ros2_ws/src/quad-sdk/install/RBDL', 'merge_install': False, 'path': '/home/rml/ros2_ws/src/quad-sdk/external/rbdl-orb', 'symlink_install': False, 'test_result_base': None}
[0.199s] Level 5:colcon.colcon_core.verb:set package 'a1_description' build argument 'cmake_args' from command line to '['-DCMAKE_BUILD_TYPE=Release']'
[0.199s] Level 5:colcon.colcon_core.verb:set package 'a1_description' build argument 'cmake_target' from command line to 'None'
[0.199s] Level 5:colcon.colcon_core.verb:set package 'a1_description' build argument 'cmake_target_skip_unavailable' from command line to 'False'
[0.199s] Level 5:colcon.colcon_core.verb:set package 'a1_description' build argument 'cmake_clean_cache' from command line to 'False'
[0.199s] Level 5:colcon.colcon_core.verb:set package 'a1_description' build argument 'cmake_clean_first' from command line to 'False'
[0.199s] Level 5:colcon.colcon_core.verb:set package 'a1_description' build argument 'cmake_force_configure' from command line to 'False'
[0.199s] Level 5:colcon.colcon_core.verb:set package 'a1_description' build argument 'ament_cmake_args' from command line to 'None'
[0.199s] Level 5:colcon.colcon_core.verb:set package 'a1_description' build argument 'catkin_cmake_args' from command line to 'None'
[0.199s] Level 5:colcon.colcon_core.verb:set package 'a1_description' build argument 'catkin_skip_building_tests' from command line to 'False'
[0.199s] DEBUG:colcon.colcon_core.verb:Building package 'a1_description' with the following arguments: {'ament_cmake_args': None, 'build_base': '/home/rml/ros2_ws/src/quad-sdk/build/a1_description', 'catkin_cmake_args': None, 'catkin_skip_building_tests': False, 'cmake_args': ['-DCMAKE_BUILD_TYPE=Release'], 'cmake_clean_cache': False, 'cmake_clean_first': False, 'cmake_force_configure': False, 'cmake_target': None, 'cmake_target_skip_unavailable': False, 'install_base': '/home/rml/ros2_ws/src/quad-sdk/install/a1_description', 'merge_install': False, 'path': '/home/rml/ros2_ws/src/quad-sdk/quad_simulator/a1_description', 'symlink_install': False, 'test_result_base': None}
[0.199s] Level 5:colcon.colcon_core.verb:set package 'b2_description' build argument 'cmake_args' from command line to '['-DCMAKE_BUILD_TYPE=Release']'
[0.199s] Level 5:colcon.colcon_core.verb:set package 'b2_description' build argument 'cmake_target' from command line to 'None'
[0.199s] Level 5:colcon.colcon_core.verb:set package 'b2_description' build argument 'cmake_target_skip_unavailable' from command line to 'False'
[0.199s] Level 5:colcon.colcon_core.verb:set package 'b2_description' build argument 'cmake_clean_cache' from command line to 'False'
[0.199s] Level 5:colcon.colcon_core.verb:set package 'b2_description' build argument 'cmake_clean_first' from command line to 'False'
[0.199s] Level 5:colcon.colcon_core.verb:set package 'b2_description' build argument 'cmake_force_configure' from command line to 'False'
[0.199s] Level 5:colcon.colcon_core.verb:set package 'b2_description' build argument 'ament_cmake_args' from command line to 'None'
[0.199s] Level 5:colcon.colcon_core.verb:set package 'b2_description' build argument 'catkin_cmake_args' from command line to 'None'
[0.199s] Level 5:colcon.colcon_core.verb:set package 'b2_description' build argument 'catkin_skip_building_tests' from command line to 'False'
[0.199s] DEBUG:colcon.colcon_core.verb:Building package 'b2_description' with the following arguments: {'ament_cmake_args': None, 'build_base': '/home/rml/ros2_ws/src/quad-sdk/build/b2_description', 'catkin_cmake_args': None, 'catkin_skip_building_tests': False, 'cmake_args': ['-DCMAKE_BUILD_TYPE=Release'], 'cmake_clean_cache': False, 'cmake_clean_first': False, 'cmake_force_configure': False, 'cmake_target': None, 'cmake_target_skip_unavailable': False, 'install_base': '/home/rml/ros2_ws/src/quad-sdk/install/b2_description', 'merge_install': False, 'path': '/home/rml/ros2_ws/src/quad-sdk/quad_simulator/b2_description', 'symlink_install': False, 'test_result_base': None}
[0.199s] Level 5:colcon.colcon_core.verb:set package 'go2_description' build argument 'cmake_args' from command line to '['-DCMAKE_BUILD_TYPE=Release']'
[0.199s] Level 5:colcon.colcon_core.verb:set package 'go2_description' build argument 'cmake_target' from command line to 'None'
[0.199s] Level 5:colcon.colcon_core.verb:set package 'go2_description' build argument 'cmake_target_skip_unavailable' from command line to 'False'
[0.199s] Level 5:colcon.colcon_core.verb:set package 'go2_description' build argument 'cmake_clean_cache' from command line to 'False'
[0.199s] Level 5:colcon.colcon_core.verb:set package 'go2_description' build argument 'cmake_clean_first' from command line to 'False'
[0.199s] Level 5:colcon.colcon_core.verb:set package 'go2_description' build argument 'cmake_force_configure' from command line to 'False'
[0.199s] Level 5:colcon.colcon_core.verb:set package 'go2_description' build argument 'ament_cmake_args' from command line to 'None'
[0.199s] Level 5:colcon.colcon_core.verb:set package 'go2_description' build argument 'catkin_cmake_args' from command line to 'None'
[0.199s] Level 5:colcon.colcon_core.verb:set package 'go2_description' build argument 'catkin_skip_building_tests' from command line to 'False'
[0.199s] DEBUG:colcon.colcon_core.verb:Building package 'go2_description' with the following arguments: {'ament_cmake_args': None, 'build_base': '/home/rml/ros2_ws/src/quad-sdk/build/go2_description', 'catkin_cmake_args': None, 'catkin_skip_building_tests': False, 'cmake_args': ['-DCMAKE_BUILD_TYPE=Release'], 'cmake_clean_cache': False, 'cmake_clean_first': False, 'cmake_force_configure': False, 'cmake_target': None, 'cmake_target_skip_unavailable': False, 'install_base': '/home/rml/ros2_ws/src/quad-sdk/install/go2_description', 'merge_install': False, 'path': '/home/rml/ros2_ws/src/quad-sdk/quad_simulator/go2_description', 'symlink_install': False, 'test_result_base': None}
[0.199s] Level 5:colcon.colcon_core.verb:set package 'go2w_description' build argument 'cmake_args' from command line to '['-DCMAKE_BUILD_TYPE=Release']'
[0.199s] Level 5:colcon.colcon_core.verb:set package 'go2w_description' build argument 'cmake_target' from command line to 'None'
[0.199s] Level 5:colcon.colcon_core.verb:set package 'go2w_description' build argument 'cmake_target_skip_unavailable' from command line to 'False'
[0.199s] Level 5:colcon.colcon_core.verb:set package 'go2w_description' build argument 'cmake_clean_cache' from command line to 'False'
[0.199s] Level 5:colcon.colcon_core.verb:set package 'go2w_description' build argument 'cmake_clean_first' from command line to 'False'
[0.199s] Level 5:colcon.colcon_core.verb:set package 'go2w_description' build argument 'cmake_force_configure' from command line to 'False'
[0.199s] Level 5:colcon.colcon_core.verb:set package 'go2w_description' build argument 'ament_cmake_args' from command line to 'None'
[0.199s] Level 5:colcon.colcon_core.verb:set package 'go2w_description' build argument 'catkin_cmake_args' from command line to 'None'
[0.199s] Level 5:colcon.colcon_core.verb:set package 'go2w_description' build argument 'catkin_skip_building_tests' from command line to 'False'
[0.199s] DEBUG:colcon.colcon_core.verb:Building package 'go2w_description' with the following arguments: {'ament_cmake_args': None, 'build_base': '/home/rml/ros2_ws/src/quad-sdk/build/go2w_description', 'catkin_cmake_args': None, 'catkin_skip_building_tests': False, 'cmake_args': ['-DCMAKE_BUILD_TYPE=Release'], 'cmake_clean_cache': False, 'cmake_clean_first': False, 'cmake_force_configure': False, 'cmake_target': None, 'cmake_target_skip_unavailable': False, 'install_base': '/home/rml/ros2_ws/src/quad-sdk/install/go2w_description', 'merge_install': False, 'path': '/home/rml/ros2_ws/src/quad-sdk/quad_simulator/go2w_description', 'symlink_install': False, 'test_result_base': None}
[0.199s] Level 5:colcon.colcon_core.verb:set package 'mocap_optitrack' build argument 'cmake_args' from command line to '['-DCMAKE_BUILD_TYPE=Release']'
[0.199s] Level 5:colcon.colcon_core.verb:set package 'mocap_optitrack' build argument 'cmake_target' from command line to 'None'
[0.199s] Level 5:colcon.colcon_core.verb:set package 'mocap_optitrack' build argument 'cmake_target_skip_unavailable' from command line to 'False'
[0.199s] Level 5:colcon.colcon_core.verb:set package 'mocap_optitrack' build argument 'cmake_clean_cache' from command line to 'False'
[0.199s] Level 5:colcon.colcon_core.verb:set package 'mocap_optitrack' build argument 'cmake_clean_first' from command line to 'False'
[0.199s] Level 5:colcon.colcon_core.verb:set package 'mocap_optitrack' build argument 'cmake_force_configure' from command line to 'False'
[0.199s] Level 5:colcon.colcon_core.verb:set package 'mocap_optitrack' build argument 'ament_cmake_args' from command line to 'None'
[0.199s] Level 5:colcon.colcon_core.verb:set package 'mocap_optitrack' build argument 'catkin_cmake_args' from command line to 'None'
[0.199s] Level 5:colcon.colcon_core.verb:set package 'mocap_optitrack' build argument 'catkin_skip_building_tests' from command line to 'False'
[0.199s] DEBUG:colcon.colcon_core.verb:Building package 'mocap_optitrack' with the following arguments: {'ament_cmake_args': None, 'build_base': '/home/rml/ros2_ws/src/quad-sdk/build/mocap_optitrack', 'catkin_cmake_args': None, 'catkin_skip_building_tests': False, 'cmake_args': ['-DCMAKE_BUILD_TYPE=Release'], 'cmake_clean_cache': False, 'cmake_clean_first': False, 'cmake_force_configure': False, 'cmake_target': None, 'cmake_target_skip_unavailable': False, 'install_base': '/home/rml/ros2_ws/src/quad-sdk/install/mocap_optitrack', 'merge_install': False, 'path': '/home/rml/ros2_ws/src/quad-sdk/external/mocap_optitrack', 'symlink_install': False, 'test_result_base': None}
[0.199s] Level 5:colcon.colcon_core.verb:set package 'mujoco_sim' build argument 'cmake_args' from command line to '['-DCMAKE_BUILD_TYPE=Release']'
[0.199s] Level 5:colcon.colcon_core.verb:set package 'mujoco_sim' build argument 'cmake_target' from command line to 'None'
[0.199s] Level 5:colcon.colcon_core.verb:set package 'mujoco_sim' build argument 'cmake_target_skip_unavailable' from command line to 'False'
[0.199s] Level 5:colcon.colcon_core.verb:set package 'mujoco_sim' build argument 'cmake_clean_cache' from command line to 'False'
[0.199s] Level 5:colcon.colcon_core.verb:set package 'mujoco_sim' build argument 'cmake_clean_first' from command line to 'False'
[0.199s] Level 5:colcon.colcon_core.verb:set package 'mujoco_sim' build argument 'cmake_force_configure' from command line to 'False'
[0.199s] Level 5:colcon.colcon_core.verb:set package 'mujoco_sim' build argument 'ament_cmake_args' from command line to 'None'
[0.199s] Level 5:colcon.colcon_core.verb:set package 'mujoco_sim' build argument 'catkin_cmake_args' from command line to 'None'
[0.199s] Level 5:colcon.colcon_core.verb:set package 'mujoco_sim' build argument 'catkin_skip_building_tests' from command line to 'False'
[0.199s] DEBUG:colcon.colcon_core.verb:Building package 'mujoco_sim' with the following arguments: {'ament_cmake_args': None, 'build_base': '/home/rml/ros2_ws/src/quad-sdk/build/mujoco_sim', 'catkin_cmake_args': None, 'catkin_skip_building_tests': False, 'cmake_args': ['-DCMAKE_BUILD_TYPE=Release'], 'cmake_clean_cache': False, 'cmake_clean_first': False, 'cmake_force_configure': False, 'cmake_target': None, 'cmake_target_skip_unavailable': False, 'install_base': '/home/rml/ros2_ws/src/quad-sdk/install/mujoco_sim', 'merge_install': False, 'path': '/home/rml/ros2_ws/src/quad-sdk/quad_simulator/mujoco_sim', 'symlink_install': False, 'test_result_base': None}
[0.200s] Level 5:colcon.colcon_core.verb:set package 'objects_description' build argument 'cmake_args' from command line to '['-DCMAKE_BUILD_TYPE=Release']'
[0.200s] Level 5:colcon.colcon_core.verb:set package 'objects_description' build argument 'cmake_target' from command line to 'None'
[0.200s] Level 5:colcon.colcon_core.verb:set package 'objects_description' build argument 'cmake_target_skip_unavailable' from command line to 'False'
[0.200s] Level 5:colcon.colcon_core.verb:set package 'objects_description' build argument 'cmake_clean_cache' from command line to 'False'
[0.200s] Level 5:colcon.colcon_core.verb:set package 'objects_description' build argument 'cmake_clean_first' from command line to 'False'
[0.200s] Level 5:colcon.colcon_core.verb:set package 'objects_description' build argument 'cmake_force_configure' from command line to 'False'
[0.200s] Level 5:colcon.colcon_core.verb:set package 'objects_description' build argument 'ament_cmake_args' from command line to 'None'
[0.200s] Level 5:colcon.colcon_core.verb:set package 'objects_description' build argument 'catkin_cmake_args' from command line to 'None'
[0.200s] Level 5:colcon.colcon_core.verb:set package 'objects_description' build argument 'catkin_skip_building_tests' from command line to 'False'
[0.200s] DEBUG:colcon.colcon_core.verb:Building package 'objects_description' with the following arguments: {'ament_cmake_args': None, 'build_base': '/home/rml/ros2_ws/src/quad-sdk/build/objects_description', 'catkin_cmake_args': None, 'catkin_skip_building_tests': False, 'cmake_args': ['-DCMAKE_BUILD_TYPE=Release'], 'cmake_clean_cache': False, 'cmake_clean_first': False, 'cmake_force_configure': False, 'cmake_target': None, 'cmake_target_skip_unavailable': False, 'install_base': '/home/rml/ros2_ws/src/quad-sdk/install/objects_description', 'merge_install': False, 'path': '/home/rml/ros2_ws/src/quad-sdk/quad_simulator/other/objects_description', 'symlink_install': False, 'test_result_base': None}
[0.200s] Level 5:colcon.colcon_core.verb:set package 'quad_logger' build argument 'cmake_args' from command line to '['-DCMAKE_BUILD_TYPE=Release']'
[0.200s] Level 5:colcon.colcon_core.verb:set package 'quad_logger' build argument 'cmake_target' from command line to 'None'
[0.200s] Level 5:colcon.colcon_core.verb:set package 'quad_logger' build argument 'cmake_target_skip_unavailable' from command line to 'False'
[0.200s] Level 5:colcon.colcon_core.verb:set package 'quad_logger' build argument 'cmake_clean_cache' from command line to 'False'
[0.200s] Level 5:colcon.colcon_core.verb:set package 'quad_logger' build argument 'cmake_clean_first' from command line to 'False'
[0.200s] Level 5:colcon.colcon_core.verb:set package 'quad_logger' build argument 'cmake_force_configure' from command line to 'False'
[0.200s] Level 5:colcon.colcon_core.verb:set package 'quad_logger' build argument 'ament_cmake_args' from command line to 'None'
[0.200s] Level 5:colcon.colcon_core.verb:set package 'quad_logger' build argument 'catkin_cmake_args' from command line to 'None'
[0.200s] Level 5:colcon.colcon_core.verb:set package 'quad_logger' build argument 'catkin_skip_building_tests' from command line to 'False'
[0.200s] DEBUG:colcon.colcon_core.verb:Building package 'quad_logger' with the following arguments: {'ament_cmake_args': None, 'build_base': '/home/rml/ros2_ws/src/quad-sdk/build/quad_logger', 'catkin_cmake_args': None, 'catkin_skip_building_tests': False, 'cmake_args': ['-DCMAKE_BUILD_TYPE=Release'], 'cmake_clean_cache': False, 'cmake_clean_first': False, 'cmake_force_configure': False, 'cmake_target': None, 'cmake_target_skip_unavailable': False, 'install_base': '/home/rml/ros2_ws/src/quad-sdk/install/quad_logger', 'merge_install': False, 'path': '/home/rml/ros2_ws/src/quad-sdk/quad_logger', 'symlink_install': False, 'test_result_base': None}
[0.200s] Level 5:colcon.colcon_core.verb:set package 'quad_msgs' build argument 'cmake_args' from command line to '['-DCMAKE_BUILD_TYPE=Release']'
[0.200s] Level 5:colcon.colcon_core.verb:set package 'quad_msgs' build argument 'cmake_target' from command line to 'None'
[0.200s] Level 5:colcon.colcon_core.verb:set package 'quad_msgs' build argument 'cmake_target_skip_unavailable' from command line to 'False'
[0.200s] Level 5:colcon.colcon_core.verb:set package 'quad_msgs' build argument 'cmake_clean_cache' from command line to 'False'
[0.200s] Level 5:colcon.colcon_core.verb:set package 'quad_msgs' build argument 'cmake_clean_first' from command line to 'False'
[0.200s] Level 5:colcon.colcon_core.verb:set package 'quad_msgs' build argument 'cmake_force_configure' from command line to 'False'
[0.200s] Level 5:colcon.colcon_core.verb:set package 'quad_msgs' build argument 'ament_cmake_args' from command line to 'None'
[0.200s] Level 5:colcon.colcon_core.verb:set package 'quad_msgs' build argument 'catkin_cmake_args' from command line to 'None'
[0.200s] Level 5:colcon.colcon_core.verb:set package 'quad_msgs' build argument 'catkin_skip_building_tests' from command line to 'False'
[0.200s] DEBUG:colcon.colcon_core.verb:Building package 'quad_msgs' with the following arguments: {'ament_cmake_args': None, 'build_base': '/home/rml/ros2_ws/src/quad-sdk/build/quad_msgs', 'catkin_cmake_args': None, 'catkin_skip_building_tests': False, 'cmake_args': ['-DCMAKE_BUILD_TYPE=Release'], 'cmake_clean_cache': False, 'cmake_clean_first': False, 'cmake_force_configure': False, 'cmake_target': None, 'cmake_target_skip_unavailable': False, 'install_base': '/home/rml/ros2_ws/src/quad-sdk/install/quad_msgs', 'merge_install': False, 'path': '/home/rml/ros2_ws/src/quad-sdk/quad_msgs', 'symlink_install': False, 'test_result_base': None}
[0.200s] Level 5:colcon.colcon_core.verb:set package 'sensor_description' build argument 'cmake_args' from command line to '['-DCMAKE_BUILD_TYPE=Release']'
[0.200s] Level 5:colcon.colcon_core.verb:set package 'sensor_description' build argument 'cmake_target' from command line to 'None'
[0.200s] Level 5:colcon.colcon_core.verb:set package 'sensor_description' build argument 'cmake_target_skip_unavailable' from command line to 'False'
[0.200s] Level 5:colcon.colcon_core.verb:set package 'sensor_description' build argument 'cmake_clean_cache' from command line to 'False'
[0.200s] Level 5:colcon.colcon_core.verb:set package 'sensor_description' build argument 'cmake_clean_first' from command line to 'False'
[0.200s] Level 5:colcon.colcon_core.verb:set package 'sensor_description' build argument 'cmake_force_configure' from command line to 'False'
[0.200s] Level 5:colcon.colcon_core.verb:set package 'sensor_description' build argument 'ament_cmake_args' from command line to 'None'
[0.200s] Level 5:colcon.colcon_core.verb:set package 'sensor_description' build argument 'catkin_cmake_args' from command line to 'None'
[0.200s] Level 5:colcon.colcon_core.verb:set package 'sensor_description' build argument 'catkin_skip_building_tests' from command line to 'False'
[0.200s] DEBUG:colcon.colcon_core.verb:Building package 'sensor_description' with the following arguments: {'ament_cmake_args': None, 'build_base': '/home/rml/ros2_ws/src/quad-sdk/build/sensor_description', 'catkin_cmake_args': None, 'catkin_skip_building_tests': False, 'cmake_args': ['-DCMAKE_BUILD_TYPE=Release'], 'cmake_clean_cache': False, 'cmake_clean_first': False, 'cmake_force_configure': False, 'cmake_target': None, 'cmake_target_skip_unavailable': False, 'install_base': '/home/rml/ros2_ws/src/quad-sdk/install/sensor_description', 'merge_install': False, 'path': '/home/rml/ros2_ws/src/quad-sdk/quad_simulator/other/sensor_description', 'symlink_install': False, 'test_result_base': None}
[0.200s] Level 5:colcon.colcon_core.verb:set package 'spirit_description' build argument 'cmake_args' from command line to '['-DCMAKE_BUILD_TYPE=Release']'
[0.200s] Level 5:colcon.colcon_core.verb:set package 'spirit_description' build argument 'cmake_target' from command line to 'None'
[0.200s] Level 5:colcon.colcon_core.verb:set package 'spirit_description' build argument 'cmake_target_skip_unavailable' from command line to 'False'
[0.200s] Level 5:colcon.colcon_core.verb:set package 'spirit_description' build argument 'cmake_clean_cache' from command line to 'False'
[0.200s] Level 5:colcon.colcon_core.verb:set package 'spirit_description' build argument 'cmake_clean_first' from command line to 'False'
[0.200s] Level 5:colcon.colcon_core.verb:set package 'spirit_description' build argument 'cmake_force_configure' from command line to 'False'
[0.200s] Level 5:colcon.colcon_core.verb:set package 'spirit_description' build argument 'ament_cmake_args' from command line to 'None'
[0.200s] Level 5:colcon.colcon_core.verb:set package 'spirit_description' build argument 'catkin_cmake_args' from command line to 'None'
[0.200s] Level 5:colcon.colcon_core.verb:set package 'spirit_description' build argument 'catkin_skip_building_tests' from command line to 'False'
[0.200s] DEBUG:colcon.colcon_core.verb:Building package 'spirit_description' with the following arguments: {'ament_cmake_args': None, 'build_base': '/home/rml/ros2_ws/src/quad-sdk/build/spirit_description', 'catkin_cmake_args': None, 'catkin_skip_building_tests': False, 'cmake_args': ['-DCMAKE_BUILD_TYPE=Release'], 'cmake_clean_cache': False, 'cmake_clean_first': False, 'cmake_force_configure': False, 'cmake_target': None, 'cmake_target_skip_unavailable': False, 'install_base': '/home/rml/ros2_ws/src/quad-sdk/install/spirit_description', 'merge_install': False, 'path': '/home/rml/ros2_ws/src/quad-sdk/quad_simulator/spirit_description', 'symlink_install': False, 'test_result_base': None}
[0.200s] Level 5:colcon.colcon_core.verb:set package 'teleop_twist_joy' build argument 'cmake_args' from command line to '['-DCMAKE_BUILD_TYPE=Release']'
[0.200s] Level 5:colcon.colcon_core.verb:set package 'teleop_twist_joy' build argument 'cmake_target' from command line to 'None'
[0.200s] Level 5:colcon.colcon_core.verb:set package 'teleop_twist_joy' build argument 'cmake_target_skip_unavailable' from command line to 'False'
[0.200s] Level 5:colcon.colcon_core.verb:set package 'teleop_twist_joy' build argument 'cmake_clean_cache' from command line to 'False'
[0.200s] Level 5:colcon.colcon_core.verb:set package 'teleop_twist_joy' build argument 'cmake_clean_first' from command line to 'False'
[0.200s] Level 5:colcon.colcon_core.verb:set package 'teleop_twist_joy' build argument 'cmake_force_configure' from command line to 'False'
[0.200s] Level 5:colcon.colcon_core.verb:set package 'teleop_twist_joy' build argument 'ament_cmake_args' from command line to 'None'
[0.200s] Level 5:colcon.colcon_core.verb:set package 'teleop_twist_joy' build argument 'catkin_cmake_args' from command line to 'None'
[0.200s] Level 5:colcon.colcon_core.verb:set package 'teleop_twist_joy' build argument 'catkin_skip_building_tests' from command line to 'False'
[0.200s] DEBUG:colcon.colcon_core.verb:Building package 'teleop_twist_joy' with the following arguments: {'ament_cmake_args': None, 'build_base': '/home/rml/ros2_ws/src/quad-sdk/build/teleop_twist_joy', 'catkin_cmake_args': None, 'catkin_skip_building_tests': False, 'cmake_args': ['-DCMAKE_BUILD_TYPE=Release'], 'cmake_clean_cache': False, 'cmake_clean_first': False, 'cmake_force_configure': False, 'cmake_target': None, 'cmake_target_skip_unavailable': False, 'install_base': '/home/rml/ros2_ws/src/quad-sdk/install/teleop_twist_joy', 'merge_install': False, 'path': '/home/rml/ros2_ws/src/quad-sdk/external/teleop_twist_joy', 'symlink_install': False, 'test_result_base': None}
[0.200s] Level 5:colcon.colcon_core.verb:set package 'teleop_twist_keyboard' build argument 'cmake_args' from command line to '['-DCMAKE_BUILD_TYPE=Release']'
[0.200s] Level 5:colcon.colcon_core.verb:set package 'teleop_twist_keyboard' build argument 'cmake_target' from command line to 'None'
[0.200s] Level 5:colcon.colcon_core.verb:set package 'teleop_twist_keyboard' build argument 'cmake_target_skip_unavailable' from command line to 'False'
[0.200s] Level 5:colcon.colcon_core.verb:set package 'teleop_twist_keyboard' build argument 'cmake_clean_cache' from command line to 'False'
[0.201s] Level 5:colcon.colcon_core.verb:set package 'teleop_twist_keyboard' build argument 'cmake_clean_first' from command line to 'False'
[0.201s] Level 5:colcon.colcon_core.verb:set package 'teleop_twist_keyboard' build argument 'cmake_force_configure' from command line to 'False'
[0.201s] Level 5:colcon.colcon_core.verb:set package 'teleop_twist_keyboard' build argument 'ament_cmake_args' from command line to 'None'
[0.201s] Level 5:colcon.colcon_core.verb:set package 'teleop_twist_keyboard' build argument 'catkin_cmake_args' from command line to 'None'
[0.201s] Level 5:colcon.colcon_core.verb:set package 'teleop_twist_keyboard' build argument 'catkin_skip_building_tests' from command line to 'False'
[0.201s] DEBUG:colcon.colcon_core.verb:Building package 'teleop_twist_keyboard' with the following arguments: {'ament_cmake_args': None, 'build_base': '/home/rml/ros2_ws/src/quad-sdk/build/teleop_twist_keyboard', 'catkin_cmake_args': None, 'catkin_skip_building_tests': False, 'cmake_args': ['-DCMAKE_BUILD_TYPE=Release'], 'cmake_clean_cache': False, 'cmake_clean_first': False, 'cmake_force_configure': False, 'cmake_target': None, 'cmake_target_skip_unavailable': False, 'install_base': '/home/rml/ros2_ws/src/quad-sdk/install/teleop_twist_keyboard', 'merge_install': False, 'path': '/home/rml/ros2_ws/src/quad-sdk/external/teleop_twist_keyboard', 'symlink_install': False, 'test_result_base': None}
[0.201s] Level 5:colcon.colcon_core.verb:set package 'underbrush_description' build argument 'cmake_args' from command line to '['-DCMAKE_BUILD_TYPE=Release']'
[0.201s] Level 5:colcon.colcon_core.verb:set package 'underbrush_description' build argument 'cmake_target' from command line to 'None'
[0.201s] Level 5:colcon.colcon_core.verb:set package 'underbrush_description' build argument 'cmake_target_skip_unavailable' from command line to 'False'
[0.201s] Level 5:colcon.colcon_core.verb:set package 'underbrush_description' build argument 'cmake_clean_cache' from command line to 'False'
[0.201s] Level 5:colcon.colcon_core.verb:set package 'underbrush_description' build argument 'cmake_clean_first' from command line to 'False'
[0.201s] Level 5:colcon.colcon_core.verb:set package 'underbrush_description' build argument 'cmake_force_configure' from command line to 'False'
[0.201s] Level 5:colcon.colcon_core.verb:set package 'underbrush_description' build argument 'ament_cmake_args' from command line to 'None'
[0.201s] Level 5:colcon.colcon_core.verb:set package 'underbrush_description' build argument 'catkin_cmake_args' from command line to 'None'
[0.201s] Level 5:colcon.colcon_core.verb:set package 'underbrush_description' build argument 'catkin_skip_building_tests' from command line to 'False'
[0.201s] DEBUG:colcon.colcon_core.verb:Building package 'underbrush_description' with the following arguments: {'ament_cmake_args': None, 'build_base': '/home/rml/ros2_ws/src/quad-sdk/build/underbrush_description', 'catkin_cmake_args': None, 'catkin_skip_building_tests': False, 'cmake_args': ['-DCMAKE_BUILD_TYPE=Release'], 'cmake_clean_cache': False, 'cmake_clean_first': False, 'cmake_force_configure': False, 'cmake_target': None, 'cmake_target_skip_unavailable': False, 'install_base': '/home/rml/ros2_ws/src/quad-sdk/install/underbrush_description', 'merge_install': False, 'path': '/home/rml/ros2_ws/src/quad-sdk/quad_simulator/underbrush_description', 'symlink_install': False, 'test_result_base': None}
[0.201s] Level 5:colcon.colcon_core.verb:set package 'unitree_sdk2' build argument 'cmake_args' from command line to '['-DCMAKE_BUILD_TYPE=Release']'
[0.201s] Level 5:colcon.colcon_core.verb:set package 'unitree_sdk2' build argument 'cmake_target' from command line to 'None'
[0.201s] Level 5:colcon.colcon_core.verb:set package 'unitree_sdk2' build argument 'cmake_target_skip_unavailable' from command line to 'False'
[0.201s] Level 5:colcon.colcon_core.verb:set package 'unitree_sdk2' build argument 'cmake_clean_cache' from command line to 'False'
[0.201s] Level 5:colcon.colcon_core.verb:set package 'unitree_sdk2' build argument 'cmake_clean_first' from command line to 'False'
[0.201s] Level 5:colcon.colcon_core.verb:set package 'unitree_sdk2' build argument 'cmake_force_configure' from command line to 'False'
[0.201s] Level 5:colcon.colcon_core.verb:set package 'unitree_sdk2' build argument 'ament_cmake_args' from command line to 'None'
[0.201s] Level 5:colcon.colcon_core.verb:set package 'unitree_sdk2' build argument 'catkin_cmake_args' from command line to 'None'
[0.201s] Level 5:colcon.colcon_core.verb:set package 'unitree_sdk2' build argument 'catkin_skip_building_tests' from command line to 'False'
[0.201s] DEBUG:colcon.colcon_core.verb:Building package 'unitree_sdk2' with the following arguments: {'ament_cmake_args': None, 'build_base': '/home/rml/ros2_ws/src/quad-sdk/build/unitree_sdk2', 'catkin_cmake_args': None, 'catkin_skip_building_tests': False, 'cmake_args': ['-DCMAKE_BUILD_TYPE=Release'], 'cmake_clean_cache': False, 'cmake_clean_first': False, 'cmake_force_configure': False, 'cmake_target': None, 'cmake_target_skip_unavailable': False, 'install_base': '/home/rml/ros2_ws/src/quad-sdk/install/unitree_sdk2', 'merge_install': False, 'path': '/home/rml/ros2_ws/src/quad-sdk/external/unitree_sdk2', 'symlink_install': False, 'test_result_base': None}
[0.201s] Level 5:colcon.colcon_core.verb:set package 'quad_utils' build argument 'cmake_args' from command line to '['-DCMAKE_BUILD_TYPE=Release']'
[0.201s] Level 5:colcon.colcon_core.verb:set package 'quad_utils' build argument 'cmake_target' from command line to 'None'
[0.201s] Level 5:colcon.colcon_core.verb:set package 'quad_utils' build argument 'cmake_target_skip_unavailable' from command line to 'False'
[0.201s] Level 5:colcon.colcon_core.verb:set package 'quad_utils' build argument 'cmake_clean_cache' from command line to 'False'
[0.201s] Level 5:colcon.colcon_core.verb:set package 'quad_utils' build argument 'cmake_clean_first' from command line to 'False'
[0.201s] Level 5:colcon.colcon_core.verb:set package 'quad_utils' build argument 'cmake_force_configure' from command line to 'False'
[0.201s] Level 5:colcon.colcon_core.verb:set package 'quad_utils' build argument 'ament_cmake_args' from command line to 'None'
[0.201s] Level 5:colcon.colcon_core.verb:set package 'quad_utils' build argument 'catkin_cmake_args' from command line to 'None'
[0.201s] Level 5:colcon.colcon_core.verb:set package 'quad_utils' build argument 'catkin_skip_building_tests' from command line to 'False'
[0.201s] DEBUG:colcon.colcon_core.verb:Building package 'quad_utils' with the following arguments: {'ament_cmake_args': None, 'build_base': '/home/rml/ros2_ws/src/quad-sdk/build/quad_utils', 'catkin_cmake_args': None, 'catkin_skip_building_tests': False, 'cmake_args': ['-DCMAKE_BUILD_TYPE=Release'], 'cmake_clean_cache': False, 'cmake_clean_first': False, 'cmake_force_configure': False, 'cmake_target': None, 'cmake_target_skip_unavailable': False, 'install_base': '/home/rml/ros2_ws/src/quad-sdk/install/quad_utils', 'merge_install': False, 'path': '/home/rml/ros2_ws/src/quad-sdk/quad_utils', 'symlink_install': False, 'test_result_base': None}
[0.201s] Level 5:colcon.colcon_core.verb:set package 'body_force_estimator' build argument 'cmake_args' from command line to '['-DCMAKE_BUILD_TYPE=Release']'
[0.201s] Level 5:colcon.colcon_core.verb:set package 'body_force_estimator' build argument 'cmake_target' from command line to 'None'
[0.201s] Level 5:colcon.colcon_core.verb:set package 'body_force_estimator' build argument 'cmake_target_skip_unavailable' from command line to 'False'
[0.201s] Level 5:colcon.colcon_core.verb:set package 'body_force_estimator' build argument 'cmake_clean_cache' from command line to 'False'
[0.201s] Level 5:colcon.colcon_core.verb:set package 'body_force_estimator' build argument 'cmake_clean_first' from command line to 'False'
[0.201s] Level 5:colcon.colcon_core.verb:set package 'body_force_estimator' build argument 'cmake_force_configure' from command line to 'False'
[0.201s] Level 5:colcon.colcon_core.verb:set package 'body_force_estimator' build argument 'ament_cmake_args' from command line to 'None'
[0.201s] Level 5:colcon.colcon_core.verb:set package 'body_force_estimator' build argument 'catkin_cmake_args' from command line to 'None'
[0.201s] Level 5:colcon.colcon_core.verb:set package 'body_force_estimator' build argument 'catkin_skip_building_tests' from command line to 'False'
[0.201s] DEBUG:colcon.colcon_core.verb:Building package 'body_force_estimator' with the following arguments: {'ament_cmake_args': None, 'build_base': '/home/rml/ros2_ws/src/quad-sdk/build/body_force_estimator', 'catkin_cmake_args': None, 'catkin_skip_building_tests': False, 'cmake_args': ['-DCMAKE_BUILD_TYPE=Release'], 'cmake_clean_cache': False, 'cmake_clean_first': False, 'cmake_force_configure': False, 'cmake_target': None, 'cmake_target_skip_unavailable': False, 'install_base': '/home/rml/ros2_ws/src/quad-sdk/install/body_force_estimator', 'merge_install': False, 'path': '/home/rml/ros2_ws/src/quad-sdk/body_force_estimator', 'symlink_install': False, 'test_result_base': None}
[0.201s] Level 5:colcon.colcon_core.verb:set package 'force_applicator' build argument 'cmake_args' from command line to '['-DCMAKE_BUILD_TYPE=Release']'
[0.201s] Level 5:colcon.colcon_core.verb:set package 'force_applicator' build argument 'cmake_target' from command line to 'None'
[0.201s] Level 5:colcon.colcon_core.verb:set package 'force_applicator' build argument 'cmake_target_skip_unavailable' from command line to 'False'
[0.201s] Level 5:colcon.colcon_core.verb:set package 'force_applicator' build argument 'cmake_clean_cache' from command line to 'False'
[0.201s] Level 5:colcon.colcon_core.verb:set package 'force_applicator' build argument 'cmake_clean_first' from command line to 'False'
[0.201s] Level 5:colcon.colcon_core.verb:set package 'force_applicator' build argument 'cmake_force_configure' from command line to 'False'
[0.201s] Level 5:colcon.colcon_core.verb:set package 'force_applicator' build argument 'ament_cmake_args' from command line to 'None'
[0.201s] Level 5:colcon.colcon_core.verb:set package 'force_applicator' build argument 'catkin_cmake_args' from command line to 'None'
[0.201s] Level 5:colcon.colcon_core.verb:set package 'force_applicator' build argument 'catkin_skip_building_tests' from command line to 'False'
[0.201s] DEBUG:colcon.colcon_core.verb:Building package 'force_applicator' with the following arguments: {'ament_cmake_args': None, 'build_base': '/home/rml/ros2_ws/src/quad-sdk/build/force_applicator', 'catkin_cmake_args': None, 'catkin_skip_building_tests': False, 'cmake_args': ['-DCMAKE_BUILD_TYPE=Release'], 'cmake_clean_cache': False, 'cmake_clean_first': False, 'cmake_force_configure': False, 'cmake_target': None, 'cmake_target_skip_unavailable': False, 'install_base': '/home/rml/ros2_ws/src/quad-sdk/install/force_applicator', 'merge_install': False, 'path': '/home/rml/ros2_ws/src/quad-sdk/force_applicator', 'symlink_install': False, 'test_result_base': None}
[0.201s] Level 5:colcon.colcon_core.verb:set package 'gazebo_plugins' build argument 'cmake_args' from command line to '['-DCMAKE_BUILD_TYPE=Release']'
[0.201s] Level 5:colcon.colcon_core.verb:set package 'gazebo_plugins' build argument 'cmake_target' from command line to 'None'
[0.201s] Level 5:colcon.colcon_core.verb:set package 'gazebo_plugins' build argument 'cmake_target_skip_unavailable' from command line to 'False'
[0.201s] Level 5:colcon.colcon_core.verb:set package 'gazebo_plugins' build argument 'cmake_clean_cache' from command line to 'False'
[0.201s] Level 5:colcon.colcon_core.verb:set package 'gazebo_plugins' build argument 'cmake_clean_first' from command line to 'False'
[0.201s] Level 5:colcon.colcon_core.verb:set package 'gazebo_plugins' build argument 'cmake_force_configure' from command line to 'False'
[0.201s] Level 5:colcon.colcon_core.verb:set package 'gazebo_plugins' build argument 'ament_cmake_args' from command line to 'None'
[0.201s] Level 5:colcon.colcon_core.verb:set package 'gazebo_plugins' build argument 'catkin_cmake_args' from command line to 'None'
[0.201s] Level 5:colcon.colcon_core.verb:set package 'gazebo_plugins' build argument 'catkin_skip_building_tests' from command line to 'False'
[0.201s] DEBUG:colcon.colcon_core.verb:Building package 'gazebo_plugins' with the following arguments: {'ament_cmake_args': None, 'build_base': '/home/rml/ros2_ws/src/quad-sdk/build/gazebo_plugins', 'catkin_cmake_args': None, 'catkin_skip_building_tests': False, 'cmake_args': ['-DCMAKE_BUILD_TYPE=Release'], 'cmake_clean_cache': False, 'cmake_clean_first': False, 'cmake_force_configure': False, 'cmake_target': None, 'cmake_target_skip_unavailable': False, 'install_base': '/home/rml/ros2_ws/src/quad-sdk/install/gazebo_plugins', 'merge_install': False, 'path': '/home/rml/ros2_ws/src/quad-sdk/quad_simulator/gazebo_plugins', 'symlink_install': False, 'test_result_base': None}
[0.201s] Level 5:colcon.colcon_core.verb:set package 'gazebo_scripts' build argument 'cmake_args' from command line to '['-DCMAKE_BUILD_TYPE=Release']'
[0.201s] Level 5:colcon.colcon_core.verb:set package 'gazebo_scripts' build argument 'cmake_target' from command line to 'None'
[0.202s] Level 5:colcon.colcon_core.verb:set package 'gazebo_scripts' build argument 'cmake_target_skip_unavailable' from command line to 'False'
[0.202s] Level 5:colcon.colcon_core.verb:set package 'gazebo_scripts' build argument 'cmake_clean_cache' from command line to 'False'
[0.202s] Level 5:colcon.colcon_core.verb:set package 'gazebo_scripts' build argument 'cmake_clean_first' from command line to 'False'
[0.202s] Level 5:colcon.colcon_core.verb:set package 'gazebo_scripts' build argument 'cmake_force_configure' from command line to 'False'
[0.202s] Level 5:colcon.colcon_core.verb:set package 'gazebo_scripts' build argument 'ament_cmake_args' from command line to 'None'
[0.202s] Level 5:colcon.colcon_core.verb:set package 'gazebo_scripts' build argument 'catkin_cmake_args' from command line to 'None'
[0.202s] Level 5:colcon.colcon_core.verb:set package 'gazebo_scripts' build argument 'catkin_skip_building_tests' from command line to 'False'
[0.202s] DEBUG:colcon.colcon_core.verb:Building package 'gazebo_scripts' with the following arguments: {'ament_cmake_args': None, 'build_base': '/home/rml/ros2_ws/src/quad-sdk/build/gazebo_scripts', 'catkin_cmake_args': None, 'catkin_skip_building_tests': False, 'cmake_args': ['-DCMAKE_BUILD_TYPE=Release'], 'cmake_clean_cache': False, 'cmake_clean_first': False, 'cmake_force_configure': False, 'cmake_target': None, 'cmake_target_skip_unavailable': False, 'install_base': '/home/rml/ros2_ws/src/quad-sdk/install/gazebo_scripts', 'merge_install': False, 'path': '/home/rml/ros2_ws/src/quad-sdk/quad_simulator/gazebo_scripts', 'symlink_install': False, 'test_result_base': None}
[0.202s] Level 5:colcon.colcon_core.verb:set package 'global_body_planner' build argument 'cmake_args' from command line to '['-DCMAKE_BUILD_TYPE=Release']'
[0.202s] Level 5:colcon.colcon_core.verb:set package 'global_body_planner' build argument 'cmake_target' from command line to 'None'
[0.202s] Level 5:colcon.colcon_core.verb:set package 'global_body_planner' build argument 'cmake_target_skip_unavailable' from command line to 'False'
[0.202s] Level 5:colcon.colcon_core.verb:set package 'global_body_planner' build argument 'cmake_clean_cache' from command line to 'False'
[0.202s] Level 5:colcon.colcon_core.verb:set package 'global_body_planner' build argument 'cmake_clean_first' from command line to 'False'
[0.202s] Level 5:colcon.colcon_core.verb:set package 'global_body_planner' build argument 'cmake_force_configure' from command line to 'False'
[0.202s] Level 5:colcon.colcon_core.verb:set package 'global_body_planner' build argument 'ament_cmake_args' from command line to 'None'
[0.202s] Level 5:colcon.colcon_core.verb:set package 'global_body_planner' build argument 'catkin_cmake_args' from command line to 'None'
[0.202s] Level 5:colcon.colcon_core.verb:set package 'global_body_planner' build argument 'catkin_skip_building_tests' from command line to 'False'
[0.202s] DEBUG:colcon.colcon_core.verb:Building package 'global_body_planner' with the following arguments: {'ament_cmake_args': None, 'build_base': '/home/rml/ros2_ws/src/quad-sdk/build/global_body_planner', 'catkin_cmake_args': None, 'catkin_skip_building_tests': False, 'cmake_args': ['-DCMAKE_BUILD_TYPE=Release'], 'cmake_clean_cache': False, 'cmake_clean_first': False, 'cmake_force_configure': False, 'cmake_target': None, 'cmake_target_skip_unavailable': False, 'install_base': '/home/rml/ros2_ws/src/quad-sdk/install/global_body_planner', 'merge_install': False, 'path': '/home/rml/ros2_ws/src/quad-sdk/global_body_planner', 'symlink_install': False, 'test_result_base': None}
[0.202s] Level 5:colcon.colcon_core.verb:set package 'nmpc_controller' build argument 'cmake_args' from command line to '['-DCMAKE_BUILD_TYPE=Release']'
[0.202s] Level 5:colcon.colcon_core.verb:set package 'nmpc_controller' build argument 'cmake_target' from command line to 'None'
[0.202s] Level 5:colcon.colcon_core.verb:set package 'nmpc_controller' build argument 'cmake_target_skip_unavailable' from command line to 'False'
[0.202s] Level 5:colcon.colcon_core.verb:set package 'nmpc_controller' build argument 'cmake_clean_cache' from command line to 'False'
[0.202s] Level 5:colcon.colcon_core.verb:set package 'nmpc_controller' build argument 'cmake_clean_first' from command line to 'False'
[0.202s] Level 5:colcon.colcon_core.verb:set package 'nmpc_controller' build argument 'cmake_force_configure' from command line to 'False'
[0.202s] Level 5:colcon.colcon_core.verb:set package 'nmpc_controller' build argument 'ament_cmake_args' from command line to 'None'
[0.202s] Level 5:colcon.colcon_core.verb:set package 'nmpc_controller' build argument 'catkin_cmake_args' from command line to 'None'
[0.202s] Level 5:colcon.colcon_core.verb:set package 'nmpc_controller' build argument 'catkin_skip_building_tests' from command line to 'False'
[0.202s] DEBUG:colcon.colcon_core.verb:Building package 'nmpc_controller' with the following arguments: {'ament_cmake_args': None, 'build_base': '/home/rml/ros2_ws/src/quad-sdk/build/nmpc_controller', 'catkin_cmake_args': None, 'catkin_skip_building_tests': False, 'cmake_args': ['-DCMAKE_BUILD_TYPE=Release'], 'cmake_clean_cache': False, 'cmake_clean_first': False, 'cmake_force_configure': False, 'cmake_target': None, 'cmake_target_skip_unavailable': False, 'install_base': '/home/rml/ros2_ws/src/quad-sdk/install/nmpc_controller', 'merge_install': False, 'path': '/home/rml/ros2_ws/src/quad-sdk/nmpc_controller', 'symlink_install': False, 'test_result_base': None}
[0.202s] Level 5:colcon.colcon_core.verb:set package 'quad_perf_tests' build argument 'cmake_args' from command line to '['-DCMAKE_BUILD_TYPE=Release']'
[0.202s] Level 5:colcon.colcon_core.verb:set package 'quad_perf_tests' build argument 'cmake_target' from command line to 'None'
[0.202s] Level 5:colcon.colcon_core.verb:set package 'quad_perf_tests' build argument 'cmake_target_skip_unavailable' from command line to 'False'
[0.202s] Level 5:colcon.colcon_core.verb:set package 'quad_perf_tests' build argument 'cmake_clean_cache' from command line to 'False'
[0.202s] Level 5:colcon.colcon_core.verb:set package 'quad_perf_tests' build argument 'cmake_clean_first' from command line to 'False'
[0.202s] Level 5:colcon.colcon_core.verb:set package 'quad_perf_tests' build argument 'cmake_force_configure' from command line to 'False'
[0.202s] Level 5:colcon.colcon_core.verb:set package 'quad_perf_tests' build argument 'ament_cmake_args' from command line to 'None'
[0.202s] Level 5:colcon.colcon_core.verb:set package 'quad_perf_tests' build argument 'catkin_cmake_args' from command line to 'None'
[0.202s] Level 5:colcon.colcon_core.verb:set package 'quad_perf_tests' build argument 'catkin_skip_building_tests' from command line to 'False'
[0.202s] DEBUG:colcon.colcon_core.verb:Building package 'quad_perf_tests' with the following arguments: {'ament_cmake_args': None, 'build_base': '/home/rml/ros2_ws/src/quad-sdk/build/quad_perf_tests', 'catkin_cmake_args': None, 'catkin_skip_building_tests': False, 'cmake_args': ['-DCMAKE_BUILD_TYPE=Release'], 'cmake_clean_cache': False, 'cmake_clean_first': False, 'cmake_force_configure': False, 'cmake_target': None, 'cmake_target_skip_unavailable': False, 'install_base': '/home/rml/ros2_ws/src/quad-sdk/install/quad_perf_tests', 'merge_install': False, 'path': '/home/rml/ros2_ws/src/quad-sdk/quad_perf_tests', 'symlink_install': False, 'test_result_base': None}
[0.202s] Level 5:colcon.colcon_core.verb:set package 'robot_driver' build argument 'cmake_args' from command line to '['-DCMAKE_BUILD_TYPE=Release']'
[0.202s] Level 5:colcon.colcon_core.verb:set package 'robot_driver' build argument 'cmake_target' from command line to 'None'
[0.202s] Level 5:colcon.colcon_core.verb:set package 'robot_driver' build argument 'cmake_target_skip_unavailable' from command line to 'False'
[0.202s] Level 5:colcon.colcon_core.verb:set package 'robot_driver' build argument 'cmake_clean_cache' from command line to 'False'
[0.202s] Level 5:colcon.colcon_core.verb:set package 'robot_driver' build argument 'cmake_clean_first' from command line to 'False'
[0.202s] Level 5:colcon.colcon_core.verb:set package 'robot_driver' build argument 'cmake_force_configure' from command line to 'False'
[0.202s] Level 5:colcon.colcon_core.verb:set package 'robot_driver' build argument 'ament_cmake_args' from command line to 'None'
[0.202s] Level 5:colcon.colcon_core.verb:set package 'robot_driver' build argument 'catkin_cmake_args' from command line to 'None'
[0.202s] Level 5:colcon.colcon_core.verb:set package 'robot_driver' build argument 'catkin_skip_building_tests' from command line to 'False'
[0.202s] DEBUG:colcon.colcon_core.verb:Building package 'robot_driver' with the following arguments: {'ament_cmake_args': None, 'build_base': '/home/rml/ros2_ws/src/quad-sdk/build/robot_driver', 'catkin_cmake_args': None, 'catkin_skip_building_tests': False, 'cmake_args': ['-DCMAKE_BUILD_TYPE=Release'], 'cmake_clean_cache': False, 'cmake_clean_first': False, 'cmake_force_configure': False, 'cmake_target': None, 'cmake_target_skip_unavailable': False, 'install_base': '/home/rml/ros2_ws/src/quad-sdk/install/robot_driver', 'merge_install': False, 'path': '/home/rml/ros2_ws/src/quad-sdk/robot_driver', 'symlink_install': False, 'test_result_base': None}
[0.202s] Level 5:colcon.colcon_core.verb:set package 'local_planner' build argument 'cmake_args' from command line to '['-DCMAKE_BUILD_TYPE=Release']'
[0.202s] Level 5:colcon.colcon_core.verb:set package 'local_planner' build argument 'cmake_target' from command line to 'None'
[0.202s] Level 5:colcon.colcon_core.verb:set package 'local_planner' build argument 'cmake_target_skip_unavailable' from command line to 'False'
[0.202s] Level 5:colcon.colcon_core.verb:set package 'local_planner' build argument 'cmake_clean_cache' from command line to 'False'
[0.202s] Level 5:colcon.colcon_core.verb:set package 'local_planner' build argument 'cmake_clean_first' from command line to 'False'
[0.202s] Level 5:colcon.colcon_core.verb:set package 'local_planner' build argument 'cmake_force_configure' from command line to 'False'
[0.202s] Level 5:colcon.colcon_core.verb:set package 'local_planner' build argument 'ament_cmake_args' from command line to 'None'
[0.202s] Level 5:colcon.colcon_core.verb:set package 'local_planner' build argument 'catkin_cmake_args' from command line to 'None'
[0.202s] Level 5:colcon.colcon_core.verb:set package 'local_planner' build argument 'catkin_skip_building_tests' from command line to 'False'
[0.202s] DEBUG:colcon.colcon_core.verb:Building package 'local_planner' with the following arguments: {'ament_cmake_args': None, 'build_base': '/home/rml/ros2_ws/src/quad-sdk/build/local_planner', 'catkin_cmake_args': None, 'catkin_skip_building_tests': False, 'cmake_args': ['-DCMAKE_BUILD_TYPE=Release'], 'cmake_clean_cache': False, 'cmake_clean_first': False, 'cmake_force_configure': False, 'cmake_target': None, 'cmake_target_skip_unavailable': False, 'install_base': '/home/rml/ros2_ws/src/quad-sdk/install/local_planner', 'merge_install': False, 'path': '/home/rml/ros2_ws/src/quad-sdk/local_planner', 'symlink_install': False, 'test_result_base': None}
[0.202s] INFO:colcon.colcon_core.executor:Executing jobs using 'sequential' executor
[0.203s] DEBUG:colcon.colcon_core.executor.sequential:run_until_complete 'RBDL'
[0.203s] INFO:colcon.colcon_cmake.task.cmake.build:Building CMake package in '/home/rml/ros2_ws/src/quad-sdk/external/rbdl-orb'
[0.204s] INFO:colcon.colcon_core.plugin_system:Skipping extension 'colcon_core.shell.bat': Not used on non-Windows systems
[0.204s] INFO:colcon.colcon_core.shell:Skip shell extension 'powershell' for command environment: Not usable outside of PowerShell
[0.204s] DEBUG:colcon.colcon_core.shell:Skip shell extension 'dsv' for command environment
[0.208s] DEBUG:colcon.colcon_core.event_handler.log_command:Invoking command in '/home/rml/ros2_ws/src/quad-sdk/build/RBDL': DEBUGINFOD_URLS=https://debuginfod.ubuntu.com /usr/bin/cmake /home/rml/ros2_ws/src/quad-sdk/external/rbdl-orb -DCMAKE_BUILD_TYPE=Release -DCMAKE_INSTALL_PREFIX=/home/rml/ros2_ws/src/quad-sdk/install/RBDL
[0.223s] DEBUG:colcon.colcon_core.event_handler.log_command:Invoked command in '/home/rml/ros2_ws/src/quad-sdk/build/RBDL' returned '0': DEBUGINFOD_URLS=https://debuginfod.ubuntu.com /usr/bin/cmake /home/rml/ros2_ws/src/quad-sdk/external/rbdl-orb -DCMAKE_BUILD_TYPE=Release -DCMAKE_INSTALL_PREFIX=/home/rml/ros2_ws/src/quad-sdk/install/RBDL
[0.223s] DEBUG:colcon.colcon_core.event_handler.log_command:Invoking command in '/home/rml/ros2_ws/src/quad-sdk/build/RBDL': DEBUGINFOD_URLS=https://debuginfod.ubuntu.com /usr/bin/cmake --build /home/rml/ros2_ws/src/quad-sdk/build/RBDL -- -j16 -l16
[0.255s] DEBUG:colcon.colcon_core.event_handler.log_command:Invoked command in '/home/rml/ros2_ws/src/quad-sdk/build/RBDL' returned '0': DEBUGINFOD_URLS=https://debuginfod.ubuntu.com /usr/bin/cmake --build /home/rml/ros2_ws/src/quad-sdk/build/RBDL -- -j16 -l16
[0.259s] DEBUG:colcon.colcon_core.event_handler.log_command:Invoking command in '/home/rml/ros2_ws/src/quad-sdk/build/RBDL': DEBUGINFOD_URLS=https://debuginfod.ubuntu.com /usr/bin/cmake --install /home/rml/ros2_ws/src/quad-sdk/build/RBDL
[0.263s] Level 1:colcon.colcon_core.environment:create_environment_scripts_only(RBDL)
[0.263s] DEBUG:colcon.colcon_core.event_handler.log_command:Invoked command in '/home/rml/ros2_ws/src/quad-sdk/build/RBDL' returned '0': DEBUGINFOD_URLS=https://debuginfod.ubuntu.com /usr/bin/cmake --install /home/rml/ros2_ws/src/quad-sdk/build/RBDL
[0.264s] Level 1:colcon.colcon_core.environment:checking '/home/rml/ros2_ws/src/quad-sdk/install/RBDL' for CMake module files
[0.264s] Level 1:colcon.colcon_core.environment:checking '/home/rml/ros2_ws/src/quad-sdk/install/RBDL' for CMake config files
[0.264s] Level 1:colcon.colcon_core.shell:create_environment_hook('RBDL', 'cmake_prefix_path')
[0.264s] INFO:colcon.colcon_core.shell:Creating environment hook '/home/rml/ros2_ws/src/quad-sdk/install/RBDL/share/RBDL/hook/cmake_prefix_path.ps1'
[0.265s] INFO:colcon.colcon_core.shell:Creating environment descriptor '/home/rml/ros2_ws/src/quad-sdk/install/RBDL/share/RBDL/hook/cmake_prefix_path.dsv'
[0.265s] INFO:colcon.colcon_core.shell:Creating environment hook '/home/rml/ros2_ws/src/quad-sdk/install/RBDL/share/RBDL/hook/cmake_prefix_path.sh'
[0.265s] Level 1:colcon.colcon_core.environment:checking '/home/rml/ros2_ws/src/quad-sdk/install/RBDL/lib'
[0.265s] Level 1:colcon.colcon_core.shell:create_environment_hook('RBDL', 'ld_library_path_lib')
[0.265s] INFO:colcon.colcon_core.shell:Creating environment hook '/home/rml/ros2_ws/src/quad-sdk/install/RBDL/share/RBDL/hook/ld_library_path_lib.ps1'
[0.265s] INFO:colcon.colcon_core.shell:Creating environment descriptor '/home/rml/ros2_ws/src/quad-sdk/install/RBDL/share/RBDL/hook/ld_library_path_lib.dsv'
[0.265s] INFO:colcon.colcon_core.shell:Creating environment hook '/home/rml/ros2_ws/src/quad-sdk/install/RBDL/share/RBDL/hook/ld_library_path_lib.sh'
[0.266s] Level 1:colcon.colcon_core.environment:checking '/home/rml/ros2_ws/src/quad-sdk/install/RBDL/bin'
[0.266s] Level 1:colcon.colcon_core.environment:checking '/home/rml/ros2_ws/src/quad-sdk/install/RBDL/lib/pkgconfig/RBDL.pc'
[0.266s] Level 1:colcon.colcon_core.environment:checking '/home/rml/ros2_ws/src/quad-sdk/install/RBDL/lib/python3.12/site-packages'
[0.266s] Level 1:colcon.colcon_core.environment:checking '/home/rml/ros2_ws/src/quad-sdk/install/RBDL/bin'
[0.266s] INFO:colcon.colcon_core.shell:Creating package script '/home/rml/ros2_ws/src/quad-sdk/install/RBDL/share/RBDL/package.ps1'
[0.266s] INFO:colcon.colcon_core.shell:Creating package descriptor '/home/rml/ros2_ws/src/quad-sdk/install/RBDL/share/RBDL/package.dsv'
[0.266s] INFO:colcon.colcon_core.shell:Creating package script '/home/rml/ros2_ws/src/quad-sdk/install/RBDL/share/RBDL/package.sh'
[0.267s] INFO:colcon.colcon_core.shell:Creating package script '/home/rml/ros2_ws/src/quad-sdk/install/RBDL/share/RBDL/package.bash'
[0.267s] INFO:colcon.colcon_core.shell:Creating package script '/home/rml/ros2_ws/src/quad-sdk/install/RBDL/share/RBDL/package.zsh'
[0.267s] Level 1:colcon.colcon_core.environment:create_file_with_runtime_dependencies(/home/rml/ros2_ws/src/quad-sdk/install/RBDL/share/colcon-core/packages/RBDL)
[0.267s] DEBUG:colcon.colcon_core.executor.sequential:run_until_complete 'RBDL' finished with '0'
[0.267s] DEBUG:colcon.colcon_core.executor.sequential:run_until_complete 'a1_description'
[0.267s] INFO:colcon.colcon_ros.task.ament_cmake.build:Building ROS package in '/home/rml/ros2_ws/src/quad-sdk/quad_simulator/a1_description' with build type 'ament_cmake'
[0.267s] INFO:colcon.colcon_cmake.task.cmake.build:Building CMake package in '/home/rml/ros2_ws/src/quad-sdk/quad_simulator/a1_description'
[0.267s] INFO:colcon.colcon_core.shell:Skip shell extension 'powershell' for command environment: Not usable outside of PowerShell
[0.267s] DEBUG:colcon.colcon_core.shell:Skip shell extension 'dsv' for command environment
[0.271s] DEBUG:colcon.colcon_core.event_handler.log_command:Invoking command in '/home/rml/ros2_ws/src/quad-sdk/build/a1_description': CMAKE_PREFIX_PATH=${CMAKE_PREFIX_PATH}:/home/rml/ros2_ws/src/quad-sdk/install/teleop_twist_keyboard:/opt/ros/jazzy DEBUGINFOD_URLS=https://debuginfod.ubuntu.com /usr/bin/cmake /home/rml/ros2_ws/src/quad-sdk/quad_simulator/a1_description -DCMAKE_BUILD_TYPE=Release -DCMAKE_INSTALL_PREFIX=/home/rml/ros2_ws/src/quad-sdk/install/a1_description
[0.418s] DEBUG:colcon.colcon_core.event_handler.log_command:Invoked command in '/home/rml/ros2_ws/src/quad-sdk/build/a1_description' returned '0': CMAKE_PREFIX_PATH=${CMAKE_PREFIX_PATH}:/home/rml/ros2_ws/src/quad-sdk/install/teleop_twist_keyboard:/opt/ros/jazzy DEBUGINFOD_URLS=https://debuginfod.ubuntu.com /usr/bin/cmake /home/rml/ros2_ws/src/quad-sdk/quad_simulator/a1_description -DCMAKE_BUILD_TYPE=Release -DCMAKE_INSTALL_PREFIX=/home/rml/ros2_ws/src/quad-sdk/install/a1_description
[0.418s] DEBUG:colcon.colcon_core.event_handler.log_command:Invoking command in '/home/rml/ros2_ws/src/quad-sdk/build/a1_description': CMAKE_PREFIX_PATH=${CMAKE_PREFIX_PATH}:/home/rml/ros2_ws/src/quad-sdk/install/teleop_twist_keyboard:/opt/ros/jazzy DEBUGINFOD_URLS=https://debuginfod.ubuntu.com /usr/bin/cmake --build /home/rml/ros2_ws/src/quad-sdk/build/a1_description -- -j16 -l16
[0.433s] DEBUG:colcon.colcon_core.event_handler.log_command:Invoked command in '/home/rml/ros2_ws/src/quad-sdk/build/a1_description' returned '0': CMAKE_PREFIX_PATH=${CMAKE_PREFIX_PATH}:/home/rml/ros2_ws/src/quad-sdk/install/teleop_twist_keyboard:/opt/ros/jazzy DEBUGINFOD_URLS=https://debuginfod.ubuntu.com /usr/bin/cmake --build /home/rml/ros2_ws/src/quad-sdk/build/a1_description -- -j16 -l16
[0.433s] DEBUG:colcon.colcon_core.event_handler.log_command:Invoking command in '/home/rml/ros2_ws/src/quad-sdk/build/a1_description': CMAKE_PREFIX_PATH=${CMAKE_PREFIX_PATH}:/home/rml/ros2_ws/src/quad-sdk/install/teleop_twist_keyboard:/opt/ros/jazzy DEBUGINFOD_URLS=https://debuginfod.ubuntu.com /usr/bin/cmake --install /home/rml/ros2_ws/src/quad-sdk/build/a1_description
[0.437s] Level 1:colcon.colcon_core.environment:create_environment_scripts_only(a1_description)
[0.437s] DEBUG:colcon.colcon_core.event_handler.log_command:Invoked command in '/home/rml/ros2_ws/src/quad-sdk/build/a1_description' returned '0': CMAKE_PREFIX_PATH=${CMAKE_PREFIX_PATH}:/home/rml/ros2_ws/src/quad-sdk/install/teleop_twist_keyboard:/opt/ros/jazzy DEBUGINFOD_URLS=https://debuginfod.ubuntu.com /usr/bin/cmake --install /home/rml/ros2_ws/src/quad-sdk/build/a1_description
[0.438s] Level 1:colcon.colcon_core.environment:checking '/home/rml/ros2_ws/src/quad-sdk/install/a1_description' for CMake module files
[0.438s] Level 1:colcon.colcon_core.environment:checking '/home/rml/ros2_ws/src/quad-sdk/install/a1_description' for CMake config files
[0.438s] Level 1:colcon.colcon_core.shell:create_environment_hook('a1_description', 'cmake_prefix_path')
[0.438s] INFO:colcon.colcon_core.shell:Creating environment hook '/home/rml/ros2_ws/src/quad-sdk/install/a1_description/share/a1_description/hook/cmake_prefix_path.ps1'
[0.438s] INFO:colcon.colcon_core.shell:Creating environment descriptor '/home/rml/ros2_ws/src/quad-sdk/install/a1_description/share/a1_description/hook/cmake_prefix_path.dsv'
[0.438s] INFO:colcon.colcon_core.shell:Creating environment hook '/home/rml/ros2_ws/src/quad-sdk/install/a1_description/share/a1_description/hook/cmake_prefix_path.sh'
[0.439s] Level 1:colcon.colcon_core.environment:checking '/home/rml/ros2_ws/src/quad-sdk/install/a1_description/bin'
[0.439s] Level 1:colcon.colcon_core.environment:checking '/home/rml/ros2_ws/src/quad-sdk/install/a1_description/lib/pkgconfig/a1_description.pc'
[0.439s] Level 1:colcon.colcon_core.environment:checking '/home/rml/ros2_ws/src/quad-sdk/install/a1_description/lib/python3.12/site-packages'
[0.439s] Level 1:colcon.colcon_core.environment:checking '/home/rml/ros2_ws/src/quad-sdk/install/a1_description/bin'
[0.439s] INFO:colcon.colcon_core.shell:Creating package script '/home/rml/ros2_ws/src/quad-sdk/install/a1_description/share/a1_description/package.ps1'
[0.439s] INFO:colcon.colcon_core.shell:Creating package descriptor '/home/rml/ros2_ws/src/quad-sdk/install/a1_description/share/a1_description/package.dsv'
[0.439s] INFO:colcon.colcon_core.shell:Creating package script '/home/rml/ros2_ws/src/quad-sdk/install/a1_description/share/a1_description/package.sh'
[0.439s] INFO:colcon.colcon_core.shell:Creating package script '/home/rml/ros2_ws/src/quad-sdk/install/a1_description/share/a1_description/package.bash'
[0.439s] INFO:colcon.colcon_core.shell:Creating package script '/home/rml/ros2_ws/src/quad-sdk/install/a1_description/share/a1_description/package.zsh'
[0.440s] Level 1:colcon.colcon_core.environment:create_file_with_runtime_dependencies(/home/rml/ros2_ws/src/quad-sdk/install/a1_description/share/colcon-core/packages/a1_description)
[0.440s] Level 1:colcon.colcon_core.environment:create_environment_scripts_only(a1_description)
[0.440s] Level 1:colcon.colcon_core.environment:checking '/home/rml/ros2_ws/src/quad-sdk/install/a1_description' for CMake module files
[0.440s] Level 1:colcon.colcon_core.environment:checking '/home/rml/ros2_ws/src/quad-sdk/install/a1_description' for CMake config files
[0.440s] Level 1:colcon.colcon_core.shell:create_environment_hook('a1_description', 'cmake_prefix_path')
[0.440s] INFO:colcon.colcon_core.shell:Creating environment hook '/home/rml/ros2_ws/src/quad-sdk/install/a1_description/share/a1_description/hook/cmake_prefix_path.ps1'
[0.440s] INFO:colcon.colcon_core.shell:Creating environment descriptor '/home/rml/ros2_ws/src/quad-sdk/install/a1_description/share/a1_description/hook/cmake_prefix_path.dsv'
[0.440s] INFO:colcon.colcon_core.shell:Creating environment hook '/home/rml/ros2_ws/src/quad-sdk/install/a1_description/share/a1_description/hook/cmake_prefix_path.sh'
[0.441s] Level 1:colcon.colcon_core.environment:checking '/home/rml/ros2_ws/src/quad-sdk/install/a1_description/bin'
[0.441s] Level 1:colcon.colcon_core.environment:checking '/home/rml/ros2_ws/src/quad-sdk/install/a1_description/lib/pkgconfig/a1_description.pc'
[0.441s] Level 1:colcon.colcon_core.environment:checking '/home/rml/ros2_ws/src/quad-sdk/install/a1_description/lib/python3.12/site-packages'
[0.441s] Level 1:colcon.colcon_core.environment:checking '/home/rml/ros2_ws/src/quad-sdk/install/a1_description/bin'
[0.441s] INFO:colcon.colcon_core.shell:Creating package script '/home/rml/ros2_ws/src/quad-sdk/install/a1_description/share/a1_description/package.ps1'
[0.441s] INFO:colcon.colcon_core.shell:Creating package descriptor '/home/rml/ros2_ws/src/quad-sdk/install/a1_description/share/a1_description/package.dsv'
[0.441s] INFO:colcon.colcon_core.shell:Creating package script '/home/rml/ros2_ws/src/quad-sdk/install/a1_description/share/a1_description/package.sh'
[0.441s] INFO:colcon.colcon_core.shell:Creating package script '/home/rml/ros2_ws/src/quad-sdk/install/a1_description/share/a1_description/package.bash'
[0.442s] INFO:colcon.colcon_core.shell:Creating package script '/home/rml/ros2_ws/src/quad-sdk/install/a1_description/share/a1_description/package.zsh'
[0.442s] Level 1:colcon.colcon_core.environment:create_file_with_runtime_dependencies(/home/rml/ros2_ws/src/quad-sdk/install/a1_description/share/colcon-core/packages/a1_description)
[0.442s] DEBUG:colcon.colcon_core.executor.sequential:run_until_complete 'a1_description' finished with '0'
[0.442s] DEBUG:colcon.colcon_core.executor.sequential:run_until_complete 'b2_description'
[0.442s] INFO:colcon.colcon_ros.task.ament_cmake.build:Building ROS package in '/home/rml/ros2_ws/src/quad-sdk/quad_simulator/b2_description' with build type 'ament_cmake'
[0.442s] INFO:colcon.colcon_cmake.task.cmake.build:Building CMake package in '/home/rml/ros2_ws/src/quad-sdk/quad_simulator/b2_description'
[0.442s] INFO:colcon.colcon_core.shell:Skip shell extension 'powershell' for command environment: Not usable outside of PowerShell
[0.442s] DEBUG:colcon.colcon_core.shell:Skip shell extension 'dsv' for command environment
[0.446s] DEBUG:colcon.colcon_core.event_handler.log_command:Invoking command in '/home/rml/ros2_ws/src/quad-sdk/build/b2_description': CMAKE_PREFIX_PATH=${CMAKE_PREFIX_PATH}:/home/rml/ros2_ws/src/quad-sdk/install/teleop_twist_keyboard:/opt/ros/jazzy DEBUGINFOD_URLS=https://debuginfod.ubuntu.com /usr/bin/cmake /home/rml/ros2_ws/src/quad-sdk/quad_simulator/b2_description -DCMAKE_BUILD_TYPE=Release -DCMAKE_INSTALL_PREFIX=/home/rml/ros2_ws/src/quad-sdk/install/b2_description
[0.593s] DEBUG:colcon.colcon_core.event_handler.log_command:Invoked command in '/home/rml/ros2_ws/src/quad-sdk/build/b2_description' returned '0': CMAKE_PREFIX_PATH=${CMAKE_PREFIX_PATH}:/home/rml/ros2_ws/src/quad-sdk/install/teleop_twist_keyboard:/opt/ros/jazzy DEBUGINFOD_URLS=https://debuginfod.ubuntu.com /usr/bin/cmake /home/rml/ros2_ws/src/quad-sdk/quad_simulator/b2_description -DCMAKE_BUILD_TYPE=Release -DCMAKE_INSTALL_PREFIX=/home/rml/ros2_ws/src/quad-sdk/install/b2_description
[0.594s] DEBUG:colcon.colcon_core.event_handler.log_command:Invoking command in '/home/rml/ros2_ws/src/quad-sdk/build/b2_description': CMAKE_PREFIX_PATH=${CMAKE_PREFIX_PATH}:/home/rml/ros2_ws/src/quad-sdk/install/teleop_twist_keyboard:/opt/ros/jazzy DEBUGINFOD_URLS=https://debuginfod.ubuntu.com /usr/bin/cmake --build /home/rml/ros2_ws/src/quad-sdk/build/b2_description -- -j16 -l16
[0.610s] DEBUG:colcon.colcon_core.event_handler.log_command:Invoked command in '/home/rml/ros2_ws/src/quad-sdk/build/b2_description' returned '0': CMAKE_PREFIX_PATH=${CMAKE_PREFIX_PATH}:/home/rml/ros2_ws/src/quad-sdk/install/teleop_twist_keyboard:/opt/ros/jazzy DEBUGINFOD_URLS=https://debuginfod.ubuntu.com /usr/bin/cmake --build /home/rml/ros2_ws/src/quad-sdk/build/b2_description -- -j16 -l16
[0.610s] DEBUG:colcon.colcon_core.event_handler.log_command:Invoking command in '/home/rml/ros2_ws/src/quad-sdk/build/b2_description': CMAKE_PREFIX_PATH=${CMAKE_PREFIX_PATH}:/home/rml/ros2_ws/src/quad-sdk/install/teleop_twist_keyboard:/opt/ros/jazzy DEBUGINFOD_URLS=https://debuginfod.ubuntu.com /usr/bin/cmake --install /home/rml/ros2_ws/src/quad-sdk/build/b2_description
[0.614s] Level 1:colcon.colcon_core.environment:create_environment_scripts_only(b2_description)
[0.615s] Level 1:colcon.colcon_core.environment:checking '/home/rml/ros2_ws/src/quad-sdk/install/b2_description' for CMake module files
[0.615s] DEBUG:colcon.colcon_core.event_handler.log_command:Invoked command in '/home/rml/ros2_ws/src/quad-sdk/build/b2_description' returned '0': CMAKE_PREFIX_PATH=${CMAKE_PREFIX_PATH}:/home/rml/ros2_ws/src/quad-sdk/install/teleop_twist_keyboard:/opt/ros/jazzy DEBUGINFOD_URLS=https://debuginfod.ubuntu.com /usr/bin/cmake --install /home/rml/ros2_ws/src/quad-sdk/build/b2_description
[0.615s] Level 1:colcon.colcon_core.environment:checking '/home/rml/ros2_ws/src/quad-sdk/install/b2_description' for CMake config files
[0.615s] Level 1:colcon.colcon_core.shell:create_environment_hook('b2_description', 'cmake_prefix_path')
[0.615s] INFO:colcon.colcon_core.shell:Creating environment hook '/home/rml/ros2_ws/src/quad-sdk/install/b2_description/share/b2_description/hook/cmake_prefix_path.ps1'
[0.615s] INFO:colcon.colcon_core.shell:Creating environment descriptor '/home/rml/ros2_ws/src/quad-sdk/install/b2_description/share/b2_description/hook/cmake_prefix_path.dsv'
[0.615s] INFO:colcon.colcon_core.shell:Creating environment hook '/home/rml/ros2_ws/src/quad-sdk/install/b2_description/share/b2_description/hook/cmake_prefix_path.sh'
[0.616s] Level 1:colcon.colcon_core.environment:checking '/home/rml/ros2_ws/src/quad-sdk/install/b2_description/bin'
[0.616s] Level 1:colcon.colcon_core.environment:checking '/home/rml/ros2_ws/src/quad-sdk/install/b2_description/lib/pkgconfig/b2_description.pc'
[0.616s] Level 1:colcon.colcon_core.environment:checking '/home/rml/ros2_ws/src/quad-sdk/install/b2_description/lib/python3.12/site-packages'
[0.616s] Level 1:colcon.colcon_core.environment:checking '/home/rml/ros2_ws/src/quad-sdk/install/b2_description/bin'
[0.616s] INFO:colcon.colcon_core.shell:Creating package script '/home/rml/ros2_ws/src/quad-sdk/install/b2_description/share/b2_description/package.ps1'
[0.616s] INFO:colcon.colcon_core.shell:Creating package descriptor '/home/rml/ros2_ws/src/quad-sdk/install/b2_description/share/b2_description/package.dsv'
[0.616s] INFO:colcon.colcon_core.shell:Creating package script '/home/rml/ros2_ws/src/quad-sdk/install/b2_description/share/b2_description/package.sh'
[0.616s] INFO:colcon.colcon_core.shell:Creating package script '/home/rml/ros2_ws/src/quad-sdk/install/b2_description/share/b2_description/package.bash'
[0.617s] INFO:colcon.colcon_core.shell:Creating package script '/home/rml/ros2_ws/src/quad-sdk/install/b2_description/share/b2_description/package.zsh'
[0.617s] Level 1:colcon.colcon_core.environment:create_file_with_runtime_dependencies(/home/rml/ros2_ws/src/quad-sdk/install/b2_description/share/colcon-core/packages/b2_description)
[0.617s] Level 1:colcon.colcon_core.environment:create_environment_scripts_only(b2_description)
[0.617s] Level 1:colcon.colcon_core.environment:checking '/home/rml/ros2_ws/src/quad-sdk/install/b2_description' for CMake module files
[0.617s] Level 1:colcon.colcon_core.environment:checking '/home/rml/ros2_ws/src/quad-sdk/install/b2_description' for CMake config files
[0.617s] Level 1:colcon.colcon_core.shell:create_environment_hook('b2_description', 'cmake_prefix_path')
[0.617s] INFO:colcon.colcon_core.shell:Creating environment hook '/home/rml/ros2_ws/src/quad-sdk/install/b2_description/share/b2_description/hook/cmake_prefix_path.ps1'
[0.617s] INFO:colcon.colcon_core.shell:Creating environment descriptor '/home/rml/ros2_ws/src/quad-sdk/install/b2_description/share/b2_description/hook/cmake_prefix_path.dsv'
[0.617s] INFO:colcon.colcon_core.shell:Creating environment hook '/home/rml/ros2_ws/src/quad-sdk/install/b2_description/share/b2_description/hook/cmake_prefix_path.sh'
[0.618s] Level 1:colcon.colcon_core.environment:checking '/home/rml/ros2_ws/src/quad-sdk/install/b2_description/bin'
[0.618s] Level 1:colcon.colcon_core.environment:checking '/home/rml/ros2_ws/src/quad-sdk/install/b2_description/lib/pkgconfig/b2_description.pc'
[0.618s] Level 1:colcon.colcon_core.environment:checking '/home/rml/ros2_ws/src/quad-sdk/install/b2_description/lib/python3.12/site-packages'
[0.618s] Level 1:colcon.colcon_core.environment:checking '/home/rml/ros2_ws/src/quad-sdk/install/b2_description/bin'
[0.618s] INFO:colcon.colcon_core.shell:Creating package script '/home/rml/ros2_ws/src/quad-sdk/install/b2_description/share/b2_description/package.ps1'
[0.618s] INFO:colcon.colcon_core.shell:Creating package descriptor '/home/rml/ros2_ws/src/quad-sdk/install/b2_description/share/b2_description/package.dsv'
[0.618s] INFO:colcon.colcon_core.shell:Creating package script '/home/rml/ros2_ws/src/quad-sdk/install/b2_description/share/b2_description/package.sh'
[0.618s] INFO:colcon.colcon_core.shell:Creating package script '/home/rml/ros2_ws/src/quad-sdk/install/b2_description/share/b2_description/package.bash'
[0.619s] INFO:colcon.colcon_core.shell:Creating package script '/home/rml/ros2_ws/src/quad-sdk/install/b2_description/share/b2_description/package.zsh'
[0.619s] Level 1:colcon.colcon_core.environment:create_file_with_runtime_dependencies(/home/rml/ros2_ws/src/quad-sdk/install/b2_description/share/colcon-core/packages/b2_description)
[0.619s] DEBUG:colcon.colcon_core.executor.sequential:run_until_complete 'b2_description' finished with '0'
[0.619s] DEBUG:colcon.colcon_core.executor.sequential:run_until_complete 'go2_description'
[0.619s] INFO:colcon.colcon_ros.task.ament_cmake.build:Building ROS package in '/home/rml/ros2_ws/src/quad-sdk/quad_simulator/go2_description' with build type 'ament_cmake'
[0.619s] INFO:colcon.colcon_cmake.task.cmake.build:Building CMake package in '/home/rml/ros2_ws/src/quad-sdk/quad_simulator/go2_description'
[0.619s] INFO:colcon.colcon_core.shell:Skip shell extension 'powershell' for command environment: Not usable outside of PowerShell
[0.619s] DEBUG:colcon.colcon_core.shell:Skip shell extension 'dsv' for command environment
[0.622s] DEBUG:colcon.colcon_core.event_handler.log_command:Invoking command in '/home/rml/ros2_ws/src/quad-sdk/build/go2_description': CMAKE_PREFIX_PATH=${CMAKE_PREFIX_PATH}:/home/rml/ros2_ws/src/quad-sdk/install/teleop_twist_keyboard:/opt/ros/jazzy DEBUGINFOD_URLS=https://debuginfod.ubuntu.com /usr/bin/cmake /home/rml/ros2_ws/src/quad-sdk/quad_simulator/go2_description -DCMAKE_BUILD_TYPE=Release -DCMAKE_INSTALL_PREFIX=/home/rml/ros2_ws/src/quad-sdk/install/go2_description
[0.770s] DEBUG:colcon.colcon_core.event_handler.log_command:Invoked command in '/home/rml/ros2_ws/src/quad-sdk/build/go2_description' returned '0': CMAKE_PREFIX_PATH=${CMAKE_PREFIX_PATH}:/home/rml/ros2_ws/src/quad-sdk/install/teleop_twist_keyboard:/opt/ros/jazzy DEBUGINFOD_URLS=https://debuginfod.ubuntu.com /usr/bin/cmake /home/rml/ros2_ws/src/quad-sdk/quad_simulator/go2_description -DCMAKE_BUILD_TYPE=Release -DCMAKE_INSTALL_PREFIX=/home/rml/ros2_ws/src/quad-sdk/install/go2_description
[0.770s] DEBUG:colcon.colcon_core.event_handler.log_command:Invoking command in '/home/rml/ros2_ws/src/quad-sdk/build/go2_description': CMAKE_PREFIX_PATH=${CMAKE_PREFIX_PATH}:/home/rml/ros2_ws/src/quad-sdk/install/teleop_twist_keyboard:/opt/ros/jazzy DEBUGINFOD_URLS=https://debuginfod.ubuntu.com /usr/bin/cmake --build /home/rml/ros2_ws/src/quad-sdk/build/go2_description -- -j16 -l16
[0.786s] DEBUG:colcon.colcon_core.event_handler.log_command:Invoked command in '/home/rml/ros2_ws/src/quad-sdk/build/go2_description' returned '0': CMAKE_PREFIX_PATH=${CMAKE_PREFIX_PATH}:/home/rml/ros2_ws/src/quad-sdk/install/teleop_twist_keyboard:/opt/ros/jazzy DEBUGINFOD_URLS=https://debuginfod.ubuntu.com /usr/bin/cmake --build /home/rml/ros2_ws/src/quad-sdk/build/go2_description -- -j16 -l16
[0.786s] DEBUG:colcon.colcon_core.event_handler.log_command:Invoking command in '/home/rml/ros2_ws/src/quad-sdk/build/go2_description': CMAKE_PREFIX_PATH=${CMAKE_PREFIX_PATH}:/home/rml/ros2_ws/src/quad-sdk/install/teleop_twist_keyboard:/opt/ros/jazzy DEBUGINFOD_URLS=https://debuginfod.ubuntu.com /usr/bin/cmake --install /home/rml/ros2_ws/src/quad-sdk/build/go2_description
[0.790s] Level 1:colcon.colcon_core.environment:create_environment_scripts_only(go2_description)
[0.790s] Level 1:colcon.colcon_core.environment:checking '/home/rml/ros2_ws/src/quad-sdk/install/go2_description' for CMake module files
[0.790s] DEBUG:colcon.colcon_core.event_handler.log_command:Invoked command in '/home/rml/ros2_ws/src/quad-sdk/build/go2_description' returned '0': CMAKE_PREFIX_PATH=${CMAKE_PREFIX_PATH}:/home/rml/ros2_ws/src/quad-sdk/install/teleop_twist_keyboard:/opt/ros/jazzy DEBUGINFOD_URLS=https://debuginfod.ubuntu.com /usr/bin/cmake --install /home/rml/ros2_ws/src/quad-sdk/build/go2_description
[0.791s] Level 1:colcon.colcon_core.environment:checking '/home/rml/ros2_ws/src/quad-sdk/install/go2_description' for CMake config files
[0.791s] Level 1:colcon.colcon_core.shell:create_environment_hook('go2_description', 'cmake_prefix_path')
[0.791s] INFO:colcon.colcon_core.shell:Creating environment hook '/home/rml/ros2_ws/src/quad-sdk/install/go2_description/share/go2_description/hook/cmake_prefix_path.ps1'
[0.791s] INFO:colcon.colcon_core.shell:Creating environment descriptor '/home/rml/ros2_ws/src/quad-sdk/install/go2_description/share/go2_description/hook/cmake_prefix_path.dsv'
[0.791s] INFO:colcon.colcon_core.shell:Creating environment hook '/home/rml/ros2_ws/src/quad-sdk/install/go2_description/share/go2_description/hook/cmake_prefix_path.sh'
[0.791s] Level 1:colcon.colcon_core.environment:checking '/home/rml/ros2_ws/src/quad-sdk/install/go2_description/bin'
[0.791s] Level 1:colcon.colcon_core.environment:checking '/home/rml/ros2_ws/src/quad-sdk/install/go2_description/lib/pkgconfig/go2_description.pc'
[0.792s] Level 1:colcon.colcon_core.environment:checking '/home/rml/ros2_ws/src/quad-sdk/install/go2_description/lib/python3.12/site-packages'
[0.792s] Level 1:colcon.colcon_core.environment:checking '/home/rml/ros2_ws/src/quad-sdk/install/go2_description/bin'
[0.792s] INFO:colcon.colcon_core.shell:Creating package script '/home/rml/ros2_ws/src/quad-sdk/install/go2_description/share/go2_description/package.ps1'
[0.792s] INFO:colcon.colcon_core.shell:Creating package descriptor '/home/rml/ros2_ws/src/quad-sdk/install/go2_description/share/go2_description/package.dsv'
[0.792s] INFO:colcon.colcon_core.shell:Creating package script '/home/rml/ros2_ws/src/quad-sdk/install/go2_description/share/go2_description/package.sh'
[0.792s] INFO:colcon.colcon_core.shell:Creating package script '/home/rml/ros2_ws/src/quad-sdk/install/go2_description/share/go2_description/package.bash'
[0.792s] INFO:colcon.colcon_core.shell:Creating package script '/home/rml/ros2_ws/src/quad-sdk/install/go2_description/share/go2_description/package.zsh'
[0.792s] Level 1:colcon.colcon_core.environment:create_file_with_runtime_dependencies(/home/rml/ros2_ws/src/quad-sdk/install/go2_description/share/colcon-core/packages/go2_description)
[0.793s] Level 1:colcon.colcon_core.environment:create_environment_scripts_only(go2_description)
[0.793s] Level 1:colcon.colcon_core.environment:checking '/home/rml/ros2_ws/src/quad-sdk/install/go2_description' for CMake module files
[0.793s] Level 1:colcon.colcon_core.environment:checking '/home/rml/ros2_ws/src/quad-sdk/install/go2_description' for CMake config files
[0.793s] Level 1:colcon.colcon_core.shell:create_environment_hook('go2_description', 'cmake_prefix_path')
[0.793s] INFO:colcon.colcon_core.shell:Creating environment hook '/home/rml/ros2_ws/src/quad-sdk/install/go2_description/share/go2_description/hook/cmake_prefix_path.ps1'
[0.793s] INFO:colcon.colcon_core.shell:Creating environment descriptor '/home/rml/ros2_ws/src/quad-sdk/install/go2_description/share/go2_description/hook/cmake_prefix_path.dsv'
[0.793s] INFO:colcon.colcon_core.shell:Creating environment hook '/home/rml/ros2_ws/src/quad-sdk/install/go2_description/share/go2_description/hook/cmake_prefix_path.sh'
[0.793s] Level 1:colcon.colcon_core.environment:checking '/home/rml/ros2_ws/src/quad-sdk/install/go2_description/bin'
[0.793s] Level 1:colcon.colcon_core.environment:checking '/home/rml/ros2_ws/src/quad-sdk/install/go2_description/lib/pkgconfig/go2_description.pc'
[0.793s] Level 1:colcon.colcon_core.environment:checking '/home/rml/ros2_ws/src/quad-sdk/install/go2_description/lib/python3.12/site-packages'
[0.794s] Level 1:colcon.colcon_core.environment:checking '/home/rml/ros2_ws/src/quad-sdk/install/go2_description/bin'
[0.794s] INFO:colcon.colcon_core.shell:Creating package script '/home/rml/ros2_ws/src/quad-sdk/install/go2_description/share/go2_description/package.ps1'
[0.794s] INFO:colcon.colcon_core.shell:Creating package descriptor '/home/rml/ros2_ws/src/quad-sdk/install/go2_description/share/go2_description/package.dsv'
[0.794s] INFO:colcon.colcon_core.shell:Creating package script '/home/rml/ros2_ws/src/quad-sdk/install/go2_description/share/go2_description/package.sh'
[0.794s] INFO:colcon.colcon_core.shell:Creating package script '/home/rml/ros2_ws/src/quad-sdk/install/go2_description/share/go2_description/package.bash'
[0.794s] INFO:colcon.colcon_core.shell:Creating package script '/home/rml/ros2_ws/src/quad-sdk/install/go2_description/share/go2_description/package.zsh'
[0.794s] Level 1:colcon.colcon_core.environment:create_file_with_runtime_dependencies(/home/rml/ros2_ws/src/quad-sdk/install/go2_description/share/colcon-core/packages/go2_description)
[0.794s] DEBUG:colcon.colcon_core.executor.sequential:run_until_complete 'go2_description' finished with '0'
[0.794s] DEBUG:colcon.colcon_core.executor.sequential:run_until_complete 'go2w_description'
[0.794s] INFO:colcon.colcon_ros.task.ament_cmake.build:Building ROS package in '/home/rml/ros2_ws/src/quad-sdk/quad_simulator/go2w_description' with build type 'ament_cmake'
[0.795s] INFO:colcon.colcon_cmake.task.cmake.build:Building CMake package in '/home/rml/ros2_ws/src/quad-sdk/quad_simulator/go2w_description'
[0.795s] INFO:colcon.colcon_core.shell:Skip shell extension 'powershell' for command environment: Not usable outside of PowerShell
[0.795s] DEBUG:colcon.colcon_core.shell:Skip shell extension 'dsv' for command environment
[0.798s] DEBUG:colcon.colcon_core.event_handler.log_command:Invoking command in '/home/rml/ros2_ws/src/quad-sdk/build/go2w_description': CMAKE_PREFIX_PATH=${CMAKE_PREFIX_PATH}:/home/rml/ros2_ws/src/quad-sdk/install/teleop_twist_keyboard:/opt/ros/jazzy DEBUGINFOD_URLS=https://debuginfod.ubuntu.com /usr/bin/cmake /home/rml/ros2_ws/src/quad-sdk/quad_simulator/go2w_description -DCMAKE_BUILD_TYPE=Release -DCMAKE_INSTALL_PREFIX=/home/rml/ros2_ws/src/quad-sdk/install/go2w_description
[0.945s] DEBUG:colcon.colcon_core.event_handler.log_command:Invoked command in '/home/rml/ros2_ws/src/quad-sdk/build/go2w_description' returned '0': CMAKE_PREFIX_PATH=${CMAKE_PREFIX_PATH}:/home/rml/ros2_ws/src/quad-sdk/install/teleop_twist_keyboard:/opt/ros/jazzy DEBUGINFOD_URLS=https://debuginfod.ubuntu.com /usr/bin/cmake /home/rml/ros2_ws/src/quad-sdk/quad_simulator/go2w_description -DCMAKE_BUILD_TYPE=Release -DCMAKE_INSTALL_PREFIX=/home/rml/ros2_ws/src/quad-sdk/install/go2w_description
[0.945s] DEBUG:colcon.colcon_core.event_handler.log_command:Invoking command in '/home/rml/ros2_ws/src/quad-sdk/build/go2w_description': CMAKE_PREFIX_PATH=${CMAKE_PREFIX_PATH}:/home/rml/ros2_ws/src/quad-sdk/install/teleop_twist_keyboard:/opt/ros/jazzy DEBUGINFOD_URLS=https://debuginfod.ubuntu.com /usr/bin/cmake --build /home/rml/ros2_ws/src/quad-sdk/build/go2w_description -- -j16 -l16
[0.960s] DEBUG:colcon.colcon_core.event_handler.log_command:Invoked command in '/home/rml/ros2_ws/src/quad-sdk/build/go2w_description' returned '0': CMAKE_PREFIX_PATH=${CMAKE_PREFIX_PATH}:/home/rml/ros2_ws/src/quad-sdk/install/teleop_twist_keyboard:/opt/ros/jazzy DEBUGINFOD_URLS=https://debuginfod.ubuntu.com /usr/bin/cmake --build /home/rml/ros2_ws/src/quad-sdk/build/go2w_description -- -j16 -l16
[0.961s] DEBUG:colcon.colcon_core.event_handler.log_command:Invoking command in '/home/rml/ros2_ws/src/quad-sdk/build/go2w_description': CMAKE_PREFIX_PATH=${CMAKE_PREFIX_PATH}:/home/rml/ros2_ws/src/quad-sdk/install/teleop_twist_keyboard:/opt/ros/jazzy DEBUGINFOD_URLS=https://debuginfod.ubuntu.com /usr/bin/cmake --install /home/rml/ros2_ws/src/quad-sdk/build/go2w_description
[0.965s] Level 1:colcon.colcon_core.environment:create_environment_scripts_only(go2w_description)
[0.965s] DEBUG:colcon.colcon_core.event_handler.log_command:Invoked command in '/home/rml/ros2_ws/src/quad-sdk/build/go2w_description' returned '0': CMAKE_PREFIX_PATH=${CMAKE_PREFIX_PATH}:/home/rml/ros2_ws/src/quad-sdk/install/teleop_twist_keyboard:/opt/ros/jazzy DEBUGINFOD_URLS=https://debuginfod.ubuntu.com /usr/bin/cmake --install /home/rml/ros2_ws/src/quad-sdk/build/go2w_description
[0.965s] Level 1:colcon.colcon_core.environment:checking '/home/rml/ros2_ws/src/quad-sdk/install/go2w_description' for CMake module files
[0.965s] Level 1:colcon.colcon_core.environment:checking '/home/rml/ros2_ws/src/quad-sdk/install/go2w_description' for CMake config files
[0.965s] Level 1:colcon.colcon_core.shell:create_environment_hook('go2w_description', 'cmake_prefix_path')
[0.965s] INFO:colcon.colcon_core.shell:Creating environment hook '/home/rml/ros2_ws/src/quad-sdk/install/go2w_description/share/go2w_description/hook/cmake_prefix_path.ps1'
[0.965s] INFO:colcon.colcon_core.shell:Creating environment descriptor '/home/rml/ros2_ws/src/quad-sdk/install/go2w_description/share/go2w_description/hook/cmake_prefix_path.dsv'
[0.966s] INFO:colcon.colcon_core.shell:Creating environment hook '/home/rml/ros2_ws/src/quad-sdk/install/go2w_description/share/go2w_description/hook/cmake_prefix_path.sh'
[0.966s] Level 1:colcon.colcon_core.environment:checking '/home/rml/ros2_ws/src/quad-sdk/install/go2w_description/bin'
[0.966s] Level 1:colcon.colcon_core.environment:checking '/home/rml/ros2_ws/src/quad-sdk/install/go2w_description/lib/pkgconfig/go2w_description.pc'
[0.966s] Level 1:colcon.colcon_core.environment:checking '/home/rml/ros2_ws/src/quad-sdk/install/go2w_description/lib/python3.12/site-packages'
[0.966s] Level 1:colcon.colcon_core.environment:checking '/home/rml/ros2_ws/src/quad-sdk/install/go2w_description/bin'
[0.966s] INFO:colcon.colcon_core.shell:Creating package script '/home/rml/ros2_ws/src/quad-sdk/install/go2w_description/share/go2w_description/package.ps1'
[0.966s] INFO:colcon.colcon_core.shell:Creating package descriptor '/home/rml/ros2_ws/src/quad-sdk/install/go2w_description/share/go2w_description/package.dsv'
[0.966s] INFO:colcon.colcon_core.shell:Creating package script '/home/rml/ros2_ws/src/quad-sdk/install/go2w_description/share/go2w_description/package.sh'
[0.967s] INFO:colcon.colcon_core.shell:Creating package script '/home/rml/ros2_ws/src/quad-sdk/install/go2w_description/share/go2w_description/package.bash'
[0.967s] INFO:colcon.colcon_core.shell:Creating package script '/home/rml/ros2_ws/src/quad-sdk/install/go2w_description/share/go2w_description/package.zsh'
[0.967s] Level 1:colcon.colcon_core.environment:create_file_with_runtime_dependencies(/home/rml/ros2_ws/src/quad-sdk/install/go2w_description/share/colcon-core/packages/go2w_description)
[0.967s] Level 1:colcon.colcon_core.environment:create_environment_scripts_only(go2w_description)
[0.967s] Level 1:colcon.colcon_core.environment:checking '/home/rml/ros2_ws/src/quad-sdk/install/go2w_description' for CMake module files
[0.967s] Level 1:colcon.colcon_core.environment:checking '/home/rml/ros2_ws/src/quad-sdk/install/go2w_description' for CMake config files
[0.967s] Level 1:colcon.colcon_core.shell:create_environment_hook('go2w_description', 'cmake_prefix_path')
[0.967s] INFO:colcon.colcon_core.shell:Creating environment hook '/home/rml/ros2_ws/src/quad-sdk/install/go2w_description/share/go2w_description/hook/cmake_prefix_path.ps1'
[0.968s] INFO:colcon.colcon_core.shell:Creating environment descriptor '/home/rml/ros2_ws/src/quad-sdk/install/go2w_description/share/go2w_description/hook/cmake_prefix_path.dsv'
[0.968s] INFO:colcon.colcon_core.shell:Creating environment hook '/home/rml/ros2_ws/src/quad-sdk/install/go2w_description/share/go2w_description/hook/cmake_prefix_path.sh'
[0.968s] Level 1:colcon.colcon_core.environment:checking '/home/rml/ros2_ws/src/quad-sdk/install/go2w_description/bin'
[0.968s] Level 1:colcon.colcon_core.environment:checking '/home/rml/ros2_ws/src/quad-sdk/install/go2w_description/lib/pkgconfig/go2w_description.pc'
[0.968s] Level 1:colcon.colcon_core.environment:checking '/home/rml/ros2_ws/src/quad-sdk/install/go2w_description/lib/python3.12/site-packages'
[0.968s] Level 1:colcon.colcon_core.environment:checking '/home/rml/ros2_ws/src/quad-sdk/install/go2w_description/bin'
[0.968s] INFO:colcon.colcon_core.shell:Creating package script '/home/rml/ros2_ws/src/quad-sdk/install/go2w_description/share/go2w_description/package.ps1'
[0.968s] INFO:colcon.colcon_core.shell:Creating package descriptor '/home/rml/ros2_ws/src/quad-sdk/install/go2w_description/share/go2w_description/package.dsv'
[0.969s] INFO:colcon.colcon_core.shell:Creating package script '/home/rml/ros2_ws/src/quad-sdk/install/go2w_description/share/go2w_description/package.sh'
[0.969s] INFO:colcon.colcon_core.shell:Creating package script '/home/rml/ros2_ws/src/quad-sdk/install/go2w_description/share/go2w_description/package.bash'
[0.969s] INFO:colcon.colcon_core.shell:Creating package script '/home/rml/ros2_ws/src/quad-sdk/install/go2w_description/share/go2w_description/package.zsh'
[0.969s] Level 1:colcon.colcon_core.environment:create_file_with_runtime_dependencies(/home/rml/ros2_ws/src/quad-sdk/install/go2w_description/share/colcon-core/packages/go2w_description)
[0.969s] DEBUG:colcon.colcon_core.executor.sequential:run_until_complete 'go2w_description' finished with '0'
[0.969s] DEBUG:colcon.colcon_core.executor.sequential:run_until_complete 'mocap_optitrack'
[0.969s] INFO:colcon.colcon_ros.task.ament_cmake.build:Building ROS package in '/home/rml/ros2_ws/src/quad-sdk/external/mocap_optitrack' with build type 'ament_cmake'
[0.969s] INFO:colcon.colcon_cmake.task.cmake.build:Building CMake package in '/home/rml/ros2_ws/src/quad-sdk/external/mocap_optitrack'
[0.969s] INFO:colcon.colcon_core.shell:Skip shell extension 'powershell' for command environment: Not usable outside of PowerShell
[0.969s] DEBUG:colcon.colcon_core.shell:Skip shell extension 'dsv' for command environment
[0.973s] DEBUG:colcon.colcon_core.event_handler.log_command:Invoking command in '/home/rml/ros2_ws/src/quad-sdk/build/mocap_optitrack': CMAKE_PREFIX_PATH=${CMAKE_PREFIX_PATH}:/home/rml/ros2_ws/src/quad-sdk/install/teleop_twist_keyboard:/opt/ros/jazzy DEBUGINFOD_URLS=https://debuginfod.ubuntu.com /usr/bin/cmake /home/rml/ros2_ws/src/quad-sdk/external/mocap_optitrack -DCMAKE_BUILD_TYPE=Release -DCMAKE_INSTALL_PREFIX=/home/rml/ros2_ws/src/quad-sdk/install/mocap_optitrack
[1.432s] DEBUG:colcon.colcon_core.event_handler.log_command:Invoked command in '/home/rml/ros2_ws/src/quad-sdk/build/mocap_optitrack' returned '0': CMAKE_PREFIX_PATH=${CMAKE_PREFIX_PATH}:/home/rml/ros2_ws/src/quad-sdk/install/teleop_twist_keyboard:/opt/ros/jazzy DEBUGINFOD_URLS=https://debuginfod.ubuntu.com /usr/bin/cmake /home/rml/ros2_ws/src/quad-sdk/external/mocap_optitrack -DCMAKE_BUILD_TYPE=Release -DCMAKE_INSTALL_PREFIX=/home/rml/ros2_ws/src/quad-sdk/install/mocap_optitrack
[1.432s] DEBUG:colcon.colcon_core.event_handler.log_command:Invoking command in '/home/rml/ros2_ws/src/quad-sdk/build/mocap_optitrack': CMAKE_PREFIX_PATH=${CMAKE_PREFIX_PATH}:/home/rml/ros2_ws/src/quad-sdk/install/teleop_twist_keyboard:/opt/ros/jazzy DEBUGINFOD_URLS=https://debuginfod.ubuntu.com /usr/bin/cmake --build /home/rml/ros2_ws/src/quad-sdk/build/mocap_optitrack -- -j16 -l16
[1.477s] DEBUG:colcon.colcon_core.event_handler.log_command:Invoked command in '/home/rml/ros2_ws/src/quad-sdk/build/mocap_optitrack' returned '0': CMAKE_PREFIX_PATH=${CMAKE_PREFIX_PATH}:/home/rml/ros2_ws/src/quad-sdk/install/teleop_twist_keyboard:/opt/ros/jazzy DEBUGINFOD_URLS=https://debuginfod.ubuntu.com /usr/bin/cmake --build /home/rml/ros2_ws/src/quad-sdk/build/mocap_optitrack -- -j16 -l16
[1.478s] DEBUG:colcon.colcon_core.event_handler.log_command:Invoking command in '/home/rml/ros2_ws/src/quad-sdk/build/mocap_optitrack': CMAKE_PREFIX_PATH=${CMAKE_PREFIX_PATH}:/home/rml/ros2_ws/src/quad-sdk/install/teleop_twist_keyboard:/opt/ros/jazzy DEBUGINFOD_URLS=https://debuginfod.ubuntu.com /usr/bin/cmake --install /home/rml/ros2_ws/src/quad-sdk/build/mocap_optitrack
[1.482s] Level 1:colcon.colcon_core.environment:create_environment_scripts_only(mocap_optitrack)
[1.482s] Level 1:colcon.colcon_core.environment:checking '/home/rml/ros2_ws/src/quad-sdk/install/mocap_optitrack' for CMake module files
[1.482s] DEBUG:colcon.colcon_core.event_handler.log_command:Invoked command in '/home/rml/ros2_ws/src/quad-sdk/build/mocap_optitrack' returned '0': CMAKE_PREFIX_PATH=${CMAKE_PREFIX_PATH}:/home/rml/ros2_ws/src/quad-sdk/install/teleop_twist_keyboard:/opt/ros/jazzy DEBUGINFOD_URLS=https://debuginfod.ubuntu.com /usr/bin/cmake --install /home/rml/ros2_ws/src/quad-sdk/build/mocap_optitrack
[1.483s] Level 1:colcon.colcon_core.environment:checking '/home/rml/ros2_ws/src/quad-sdk/install/mocap_optitrack' for CMake config files
[1.483s] Level 1:colcon.colcon_core.shell:create_environment_hook('mocap_optitrack', 'cmake_prefix_path')
[1.483s] INFO:colcon.colcon_core.shell:Creating environment hook '/home/rml/ros2_ws/src/quad-sdk/install/mocap_optitrack/share/mocap_optitrack/hook/cmake_prefix_path.ps1'
[1.483s] INFO:colcon.colcon_core.shell:Creating environment descriptor '/home/rml/ros2_ws/src/quad-sdk/install/mocap_optitrack/share/mocap_optitrack/hook/cmake_prefix_path.dsv'
[1.483s] INFO:colcon.colcon_core.shell:Creating environment hook '/home/rml/ros2_ws/src/quad-sdk/install/mocap_optitrack/share/mocap_optitrack/hook/cmake_prefix_path.sh'
[1.483s] Level 1:colcon.colcon_core.environment:checking '/home/rml/ros2_ws/src/quad-sdk/install/mocap_optitrack/lib'
[1.483s] Level 1:colcon.colcon_core.environment:checking '/home/rml/ros2_ws/src/quad-sdk/install/mocap_optitrack/bin'
[1.484s] Level 1:colcon.colcon_core.environment:checking '/home/rml/ros2_ws/src/quad-sdk/install/mocap_optitrack/lib/pkgconfig/mocap_optitrack.pc'
[1.484s] Level 1:colcon.colcon_core.environment:checking '/home/rml/ros2_ws/src/quad-sdk/install/mocap_optitrack/lib/python3.12/site-packages'
[1.484s] Level 1:colcon.colcon_core.environment:checking '/home/rml/ros2_ws/src/quad-sdk/install/mocap_optitrack/bin'
[1.484s] INFO:colcon.colcon_core.shell:Creating package script '/home/rml/ros2_ws/src/quad-sdk/install/mocap_optitrack/share/mocap_optitrack/package.ps1'
[1.484s] INFO:colcon.colcon_core.shell:Creating package descriptor '/home/rml/ros2_ws/src/quad-sdk/install/mocap_optitrack/share/mocap_optitrack/package.dsv'
[1.484s] INFO:colcon.colcon_core.shell:Creating package script '/home/rml/ros2_ws/src/quad-sdk/install/mocap_optitrack/share/mocap_optitrack/package.sh'
[1.484s] INFO:colcon.colcon_core.shell:Creating package script '/home/rml/ros2_ws/src/quad-sdk/install/mocap_optitrack/share/mocap_optitrack/package.bash'
[1.484s] INFO:colcon.colcon_core.shell:Creating package script '/home/rml/ros2_ws/src/quad-sdk/install/mocap_optitrack/share/mocap_optitrack/package.zsh'
[1.484s] Level 1:colcon.colcon_core.environment:create_file_with_runtime_dependencies(/home/rml/ros2_ws/src/quad-sdk/install/mocap_optitrack/share/colcon-core/packages/mocap_optitrack)
[1.485s] Level 1:colcon.colcon_core.environment:create_environment_scripts_only(mocap_optitrack)
[1.485s] Level 1:colcon.colcon_core.environment:checking '/home/rml/ros2_ws/src/quad-sdk/install/mocap_optitrack' for CMake module files
[1.485s] Level 1:colcon.colcon_core.environment:checking '/home/rml/ros2_ws/src/quad-sdk/install/mocap_optitrack' for CMake config files
[1.485s] Level 1:colcon.colcon_core.shell:create_environment_hook('mocap_optitrack', 'cmake_prefix_path')
[1.485s] INFO:colcon.colcon_core.shell:Creating environment hook '/home/rml/ros2_ws/src/quad-sdk/install/mocap_optitrack/share/mocap_optitrack/hook/cmake_prefix_path.ps1'
[1.485s] INFO:colcon.colcon_core.shell:Creating environment descriptor '/home/rml/ros2_ws/src/quad-sdk/install/mocap_optitrack/share/mocap_optitrack/hook/cmake_prefix_path.dsv'
[1.485s] INFO:colcon.colcon_core.shell:Creating environment hook '/home/rml/ros2_ws/src/quad-sdk/install/mocap_optitrack/share/mocap_optitrack/hook/cmake_prefix_path.sh'
[1.485s] Level 1:colcon.colcon_core.environment:checking '/home/rml/ros2_ws/src/quad-sdk/install/mocap_optitrack/lib'
[1.485s] Level 1:colcon.colcon_core.environment:checking '/home/rml/ros2_ws/src/quad-sdk/install/mocap_optitrack/bin'
[1.486s] Level 1:colcon.colcon_core.environment:checking '/home/rml/ros2_ws/src/quad-sdk/install/mocap_optitrack/lib/pkgconfig/mocap_optitrack.pc'
[1.486s] Level 1:colcon.colcon_core.environment:checking '/home/rml/ros2_ws/src/quad-sdk/install/mocap_optitrack/lib/python3.12/site-packages'
[1.486s] Level 1:colcon.colcon_core.environment:checking '/home/rml/ros2_ws/src/quad-sdk/install/mocap_optitrack/bin'
[1.486s] INFO:colcon.colcon_core.shell:Creating package script '/home/rml/ros2_ws/src/quad-sdk/install/mocap_optitrack/share/mocap_optitrack/package.ps1'
[1.486s] INFO:colcon.colcon_core.shell:Creating package descriptor '/home/rml/ros2_ws/src/quad-sdk/install/mocap_optitrack/share/mocap_optitrack/package.dsv'
[1.486s] INFO:colcon.colcon_core.shell:Creating package script '/home/rml/ros2_ws/src/quad-sdk/install/mocap_optitrack/share/mocap_optitrack/package.sh'
[1.486s] INFO:colcon.colcon_core.shell:Creating package script '/home/rml/ros2_ws/src/quad-sdk/install/mocap_optitrack/share/mocap_optitrack/package.bash'
[1.486s] INFO:colcon.colcon_core.shell:Creating package script '/home/rml/ros2_ws/src/quad-sdk/install/mocap_optitrack/share/mocap_optitrack/package.zsh'
[1.486s] Level 1:colcon.colcon_core.environment:create_file_with_runtime_dependencies(/home/rml/ros2_ws/src/quad-sdk/install/mocap_optitrack/share/colcon-core/packages/mocap_optitrack)
[1.487s] DEBUG:colcon.colcon_core.executor.sequential:run_until_complete 'mocap_optitrack' finished with '0'
[1.487s] DEBUG:colcon.colcon_core.executor.sequential:run_until_complete 'mujoco_sim'
[1.487s] INFO:colcon.colcon_ros.task.ament_cmake.build:Building ROS package in '/home/rml/ros2_ws/src/quad-sdk/quad_simulator/mujoco_sim' with build type 'ament_cmake'
[1.487s] INFO:colcon.colcon_cmake.task.cmake.build:Building CMake package in '/home/rml/ros2_ws/src/quad-sdk/quad_simulator/mujoco_sim'
[1.487s] INFO:colcon.colcon_core.shell:Skip shell extension 'powershell' for command environment: Not usable outside of PowerShell
[1.487s] DEBUG:colcon.colcon_core.shell:Skip shell extension 'dsv' for command environment
[1.491s] DEBUG:colcon.colcon_core.event_handler.log_command:Invoking command in '/home/rml/ros2_ws/src/quad-sdk/build/mujoco_sim': CMAKE_PREFIX_PATH=${CMAKE_PREFIX_PATH}:/home/rml/ros2_ws/src/quad-sdk/install/teleop_twist_keyboard:/opt/ros/jazzy DEBUGINFOD_URLS=https://debuginfod.ubuntu.com /usr/bin/cmake /home/rml/ros2_ws/src/quad-sdk/quad_simulator/mujoco_sim -DCMAKE_BUILD_TYPE=Release -DCMAKE_INSTALL_PREFIX=/home/rml/ros2_ws/src/quad-sdk/install/mujoco_sim
[2.005s] DEBUG:colcon.colcon_core.event_handler.log_command:Invoked command in '/home/rml/ros2_ws/src/quad-sdk/build/mujoco_sim' returned '1': CMAKE_PREFIX_PATH=${CMAKE_PREFIX_PATH}:/home/rml/ros2_ws/src/quad-sdk/install/teleop_twist_keyboard:/opt/ros/jazzy DEBUGINFOD_URLS=https://debuginfod.ubuntu.com /usr/bin/cmake /home/rml/ros2_ws/src/quad-sdk/quad_simulator/mujoco_sim -DCMAKE_BUILD_TYPE=Release -DCMAKE_INSTALL_PREFIX=/home/rml/ros2_ws/src/quad-sdk/install/mujoco_sim
[2.010s] Level 1:colcon.colcon_core.environment:create_environment_scripts_only(mujoco_sim)
[2.010s] Level 1:colcon.colcon_core.environment:checking '/home/rml/ros2_ws/src/quad-sdk/install/mujoco_sim' for CMake module files
[2.011s] Level 1:colcon.colcon_core.environment:checking '/home/rml/ros2_ws/src/quad-sdk/install/mujoco_sim' for CMake config files
[2.011s] Level 1:colcon.colcon_core.environment:checking '/home/rml/ros2_ws/src/quad-sdk/install/mujoco_sim/bin'
[2.011s] Level 1:colcon.colcon_core.environment:checking '/home/rml/ros2_ws/src/quad-sdk/install/mujoco_sim/lib/pkgconfig/mujoco_sim.pc'
[2.011s] Level 1:colcon.colcon_core.environment:checking '/home/rml/ros2_ws/src/quad-sdk/install/mujoco_sim/lib/python3.12/site-packages'
[2.011s] Level 1:colcon.colcon_core.environment:checking '/home/rml/ros2_ws/src/quad-sdk/install/mujoco_sim/bin'
[2.011s] INFO:colcon.colcon_core.shell:Creating package script '/home/rml/ros2_ws/src/quad-sdk/install/mujoco_sim/share/mujoco_sim/package.ps1'
[2.011s] INFO:colcon.colcon_core.shell:Creating package descriptor '/home/rml/ros2_ws/src/quad-sdk/install/mujoco_sim/share/mujoco_sim/package.dsv'
[2.011s] INFO:colcon.colcon_core.shell:Creating package script '/home/rml/ros2_ws/src/quad-sdk/install/mujoco_sim/share/mujoco_sim/package.sh'
[2.012s] INFO:colcon.colcon_core.shell:Creating package script '/home/rml/ros2_ws/src/quad-sdk/install/mujoco_sim/share/mujoco_sim/package.bash'
[2.012s] INFO:colcon.colcon_core.shell:Creating package script '/home/rml/ros2_ws/src/quad-sdk/install/mujoco_sim/share/mujoco_sim/package.zsh'
[2.012s] Level 1:colcon.colcon_core.environment:create_file_with_runtime_dependencies(/home/rml/ros2_ws/src/quad-sdk/install/mujoco_sim/share/colcon-core/packages/mujoco_sim)
[2.012s] DEBUG:colcon.colcon_core.executor.sequential:run_until_complete 'mujoco_sim' finished with '1'
[2.012s] DEBUG:colcon.colcon_core.executor.sequential:closing loop
[2.012s] DEBUG:colcon.colcon_core.executor.sequential:loop closed
[2.012s] DEBUG:colcon.colcon_core.event_reactor:joining thread
[2.015s] INFO:colcon.colcon_core.plugin_system:Skipping extension 'colcon_notification.desktop_notification.terminal_notifier': Not used on non-Darwin systems
[2.015s] INFO:colcon.colcon_core.plugin_system:Skipping extension 'colcon_notification.desktop_notification.win32': Not used on non-Windows systems
[2.015s] INFO:colcon.colcon_notification.desktop_notification:Sending desktop notification using 'notify2'
[2.022s] DEBUG:colcon.colcon_core.event_reactor:joined thread
[2.022s] INFO:colcon.colcon_core.shell:Creating prefix script '/home/rml/ros2_ws/src/quad-sdk/install/local_setup.ps1'
[2.023s] INFO:colcon.colcon_core.shell:Creating prefix util module '/home/rml/ros2_ws/src/quad-sdk/install/_local_setup_util_ps1.py'
[2.023s] INFO:colcon.colcon_core.shell:Creating prefix chain script '/home/rml/ros2_ws/src/quad-sdk/install/setup.ps1'
[2.024s] INFO:colcon.colcon_core.shell:Creating prefix script '/home/rml/ros2_ws/src/quad-sdk/install/local_setup.sh'
[2.024s] INFO:colcon.colcon_core.shell:Creating prefix util module '/home/rml/ros2_ws/src/quad-sdk/install/_local_setup_util_sh.py'
[2.024s] INFO:colcon.colcon_core.shell:Creating prefix chain script '/home/rml/ros2_ws/src/quad-sdk/install/setup.sh'
[2.025s] INFO:colcon.colcon_core.shell:Creating prefix script '/home/rml/ros2_ws/src/quad-sdk/install/local_setup.bash'
[2.025s] INFO:colcon.colcon_core.shell:Creating prefix chain script '/home/rml/ros2_ws/src/quad-sdk/install/setup.bash'
[2.025s] INFO:colcon.colcon_core.shell:Creating prefix script '/home/rml/ros2_ws/src/quad-sdk/install/local_setup.zsh'
[2.026s] INFO:colcon.colcon_core.shell:Creating prefix chain script '/home/rml/ros2_ws/src/quad-sdk/install/setup.zsh'
