[0.002s] Invoking command in '/home/rml/ros2_ws/src/quad-sdk/build/quad_msgs': CMAKE_PREFIX_PATH=${CMAKE_PREFIX_PATH}:/opt/ros/jazzy DEBUGINFOD_URLS=https://debuginfod.ubuntu.com /usr/bin/cmake /home/rml/ros2_ws/src/quad-sdk/quad_msgs -DCMAKE_BUILD_TYPE=Release -DCMAKE_BUILD_PARALLEL_LEVEL=1 -DCMAKE_INSTALL_PREFIX=/home/rml/ros2_ws/src/quad-sdk/install/quad_msgs
[0.008s] -- Found ament_cmake: 2.5.5 (/opt/ros/jazzy/share/ament_cmake/cmake)
[0.020s] -- Found Python3: /usr/bin/python3 (found version "3.12.3") found components: Interpreter 
[0.056s] -- Found rosidl_default_generators: 1.6.0 (/opt/ros/jazzy/share/rosidl_default_generators/cmake)
[0.057s] -- Using all available rosidl_typesupport_c: rosidl_typesupport_fastrtps_c;rosidl_typesupport_introspection_c
[0.073s] -- Using all available rosidl_typesupport_cpp: rosidl_typesupport_fastrtps_cpp;rosidl_typesupport_introspection_cpp
[0.085s] -- Found rosidl_adapter: 4.6.7 (/opt/ros/jazzy/share/rosidl_adapter/cmake)
[0.087s] -- Found std_msgs: 5.3.6 (/opt/ros/jazzy/share/std_msgs/cmake)
[0.099s] -- Found sensor_msgs: 5.3.6 (/opt/ros/jazzy/share/sensor_msgs/cmake)
[0.122s] -- Found nav_msgs: 5.3.6 (/opt/ros/jazzy/share/nav_msgs/cmake)
[0.319s] -- Found ament_cmake_ros: 0.12.0 (/opt/ros/jazzy/share/ament_cmake_ros/cmake)
[0.419s] -- Using all available rosidl_typesupport_c: rosidl_typesupport_fastrtps_c;rosidl_typesupport_introspection_c
[0.557s] -- Using all available rosidl_typesupport_cpp: rosidl_typesupport_fastrtps_cpp;rosidl_typesupport_introspection_cpp
[0.558s] -- Found python_cmake_module: 0.11.1 (/opt/ros/jazzy/share/python_cmake_module/cmake)
[0.684s] -- Found Python3: /usr/bin/python3 (found version "3.12.3") found components: Interpreter Development NumPy Development.Module Development.Embed 
[0.708s] -- Found ament_lint_auto: 0.17.4 (/opt/ros/jazzy/share/ament_lint_auto/cmake)
[0.712s] -- Configuring done (0.7s)
[0.748s] -- Generating done (0.0s)
[0.749s] [33mCMake Warning:
[0.749s]   Manually-specified variables were not used by the project:
[0.749s] 
[0.749s]     CMAKE_BUILD_PARALLEL_LEVEL
[0.749s] 
[0.749s] [0m
[0.755s] -- Build files have been written to: /home/rml/ros2_ws/src/quad-sdk/build/quad_msgs
[0.759s] Invoked command in '/home/rml/ros2_ws/src/quad-sdk/build/quad_msgs' returned '0': CMAKE_PREFIX_PATH=${CMAKE_PREFIX_PATH}:/opt/ros/jazzy DEBUGINFOD_URLS=https://debuginfod.ubuntu.com /usr/bin/cmake /home/rml/ros2_ws/src/quad-sdk/quad_msgs -DCMAKE_BUILD_TYPE=Release -DCMAKE_BUILD_PARALLEL_LEVEL=1 -DCMAKE_INSTALL_PREFIX=/home/rml/ros2_ws/src/quad-sdk/install/quad_msgs
[0.760s] Invoking command in '/home/rml/ros2_ws/src/quad-sdk/build/quad_msgs': CMAKE_PREFIX_PATH=${CMAKE_PREFIX_PATH}:/opt/ros/jazzy DEBUGINFOD_URLS=https://debuginfod.ubuntu.com /usr/bin/cmake --build /home/rml/ros2_ws/src/quad-sdk/build/quad_msgs -- -j16 -l16
[0.786s] [  1%] Built target quad_msgs__rosidl_generator_type_description
[0.792s] [  1%] Built target ament_cmake_python_copy_quad_msgs
[0.795s] [  1%] Built target quad_msgs__cpp
[0.807s] [  1%] [32mBuilding C object CMakeFiles/quad_msgs__rosidl_generator_c.dir/rosidl_generator_c/quad_msgs/msg/detail/robot_state__functions.c.o[0m
[0.807s] [  2%] [32mBuilding C object CMakeFiles/quad_msgs__rosidl_generator_c.dir/rosidl_generator_c/quad_msgs/msg/detail/robot_state__description.c.o[0m
[0.807s] [  2%] [32mBuilding C object CMakeFiles/quad_msgs__rosidl_generator_c.dir/rosidl_generator_c/quad_msgs/msg/detail/body_state__description.c.o[0m
[0.807s] [  3%] [32mBuilding C object CMakeFiles/quad_msgs__rosidl_generator_c.dir/rosidl_generator_c/quad_msgs/msg/detail/body_state__functions.c.o[0m
[0.808s] [  4%] [32mBuilding C object CMakeFiles/quad_msgs__rosidl_generator_c.dir/rosidl_generator_c/quad_msgs/msg/detail/grf_array__description.c.o[0m
[0.808s] [  5%] [32mBuilding C object CMakeFiles/quad_msgs__rosidl_generator_c.dir/rosidl_generator_c/quad_msgs/msg/detail/grf_array__type_support.c.o[0m
[0.808s] [  5%] [32mBuilding C object CMakeFiles/quad_msgs__rosidl_generator_c.dir/rosidl_generator_c/quad_msgs/msg/detail/grf_array__functions.c.o[0m
[0.808s] [  6%] [32mBuilding C object CMakeFiles/quad_msgs__rosidl_generator_c.dir/rosidl_generator_c/quad_msgs/msg/detail/robot_plan__description.c.o[0m
[0.809s] [  7%] [32mBuilding C object CMakeFiles/quad_msgs__rosidl_generator_c.dir/rosidl_generator_c/quad_msgs/msg/detail/robot_plan_diagnostics__functions.c.o[0m
[0.809s] [  8%] [32mBuilding C object CMakeFiles/quad_msgs__rosidl_generator_c.dir/rosidl_generator_c/quad_msgs/msg/detail/robot_plan__type_support.c.o[0m
[0.809s] [  9%] [32mBuilding C object CMakeFiles/quad_msgs__rosidl_generator_c.dir/rosidl_generator_c/quad_msgs/msg/detail/robot_state__type_support.c.o[0m
[0.809s] [  9%] [32mBuilding C object CMakeFiles/quad_msgs__rosidl_generator_c.dir/rosidl_generator_c/quad_msgs/msg/detail/robot_plan__functions.c.o[0m
[0.809s] [  9%] [32mBuilding C object CMakeFiles/quad_msgs__rosidl_generator_c.dir/rosidl_generator_c/quad_msgs/msg/detail/robot_plan_diagnostics__type_support.c.o[0m
[0.810s] [  9%] [32mBuilding C object CMakeFiles/quad_msgs__rosidl_generator_c.dir/rosidl_generator_c/quad_msgs/msg/detail/body_state__type_support.c.o[0m
[0.811s] [  9%] [32mBuilding C object CMakeFiles/quad_msgs__rosidl_generator_c.dir/rosidl_generator_c/quad_msgs/msg/detail/robot_plan_diagnostics__description.c.o[0m
[0.833s] [ 10%] [32mBuilding C object CMakeFiles/quad_msgs__rosidl_generator_c.dir/rosidl_generator_c/quad_msgs/msg/detail/foot_state__functions.c.o[0m
[0.833s] [ 10%] [32mBuilding C object CMakeFiles/quad_msgs__rosidl_generator_c.dir/rosidl_generator_c/quad_msgs/msg/detail/foot_state__description.c.o[0m
[0.833s] [ 10%] [32mBuilding C object CMakeFiles/quad_msgs__rosidl_generator_c.dir/rosidl_generator_c/quad_msgs/msg/detail/multi_foot_state__description.c.o[0m
[0.833s] [ 11%] [32mBuilding C object CMakeFiles/quad_msgs__rosidl_generator_c.dir/rosidl_generator_c/quad_msgs/msg/detail/foot_state__type_support.c.o[0m
[0.836s] [ 12%] [32mBuilding C object CMakeFiles/quad_msgs__rosidl_generator_c.dir/rosidl_generator_c/quad_msgs/msg/detail/multi_foot_state__functions.c.o[0m
[0.846s] [ 13%] [32mBuilding C object CMakeFiles/quad_msgs__rosidl_generator_c.dir/rosidl_generator_c/quad_msgs/msg/detail/multi_foot_state__type_support.c.o[0m
[0.847s] [ 13%] [32mBuilding C object CMakeFiles/quad_msgs__rosidl_generator_c.dir/rosidl_generator_c/quad_msgs/msg/detail/multi_foot_plan_continuous__description.c.o[0m
[0.854s] [ 14%] [32mBuilding C object CMakeFiles/quad_msgs__rosidl_generator_c.dir/rosidl_generator_c/quad_msgs/msg/detail/multi_foot_plan_continuous__functions.c.o[0m
[0.856s] [ 14%] [32mBuilding C object CMakeFiles/quad_msgs__rosidl_generator_c.dir/rosidl_generator_c/quad_msgs/msg/detail/multi_foot_plan_continuous__type_support.c.o[0m
[0.860s] [ 15%] [32mBuilding C object CMakeFiles/quad_msgs__rosidl_generator_c.dir/rosidl_generator_c/quad_msgs/msg/detail/foot_plan_discrete__description.c.o[0m
[0.863s] [ 15%] [32mBuilding C object CMakeFiles/quad_msgs__rosidl_generator_c.dir/rosidl_generator_c/quad_msgs/msg/detail/foot_plan_discrete__functions.c.o[0m
[0.863s] [ 16%] [32mBuilding C object CMakeFiles/quad_msgs__rosidl_generator_c.dir/rosidl_generator_c/quad_msgs/msg/detail/foot_plan_discrete__type_support.c.o[0m
[0.866s] [ 16%] [32mBuilding C object CMakeFiles/quad_msgs__rosidl_generator_c.dir/rosidl_generator_c/quad_msgs/msg/detail/multi_foot_plan_discrete__description.c.o[0m
[0.869s] [ 17%] [32mBuilding C object CMakeFiles/quad_msgs__rosidl_generator_c.dir/rosidl_generator_c/quad_msgs/msg/detail/multi_foot_plan_discrete__functions.c.o[0m
[0.875s] [ 17%] [32mBuilding C object CMakeFiles/quad_msgs__rosidl_generator_c.dir/rosidl_generator_c/quad_msgs/msg/detail/multi_foot_plan_discrete__type_support.c.o[0m
[0.876s] [ 18%] [32mBuilding C object CMakeFiles/quad_msgs__rosidl_generator_c.dir/rosidl_generator_c/quad_msgs/msg/detail/leg_contact_mode__description.c.o[0m
[0.877s] [ 19%] [32mBuilding C object CMakeFiles/quad_msgs__rosidl_generator_c.dir/rosidl_generator_c/quad_msgs/msg/detail/leg_contact_mode__functions.c.o[0m
[0.879s] [ 19%] [32mBuilding C object CMakeFiles/quad_msgs__rosidl_generator_c.dir/rosidl_generator_c/quad_msgs/msg/detail/leg_contact_mode__type_support.c.o[0m
[0.882s] [ 20%] [32mBuilding C object CMakeFiles/quad_msgs__rosidl_generator_c.dir/rosidl_generator_c/quad_msgs/msg/detail/contact_mode__description.c.o[0m
[0.885s] [ 21%] [32mBuilding C object CMakeFiles/quad_msgs__rosidl_generator_c.dir/rosidl_generator_c/quad_msgs/msg/detail/contact_mode__type_support.c.o[0m
[0.885s] [ 21%] [32mBuilding C object CMakeFiles/quad_msgs__rosidl_generator_c.dir/rosidl_generator_c/quad_msgs/msg/detail/contact_mode__functions.c.o[0m
[0.888s] [ 21%] [32mBuilding C object CMakeFiles/quad_msgs__rosidl_generator_c.dir/rosidl_generator_c/quad_msgs/msg/detail/motor_command__description.c.o[0m
[0.895s] [ 21%] [32mBuilding C object CMakeFiles/quad_msgs__rosidl_generator_c.dir/rosidl_generator_c/quad_msgs/msg/detail/motor_command__type_support.c.o[0m
[0.895s] [ 21%] [32mBuilding C object CMakeFiles/quad_msgs__rosidl_generator_c.dir/rosidl_generator_c/quad_msgs/msg/detail/leg_command__functions.c.o[0m
[0.895s] [ 22%] [32mBuilding C object CMakeFiles/quad_msgs__rosidl_generator_c.dir/rosidl_generator_c/quad_msgs/msg/detail/leg_command__description.c.o[0m
[0.896s] [ 23%] [32mBuilding C object CMakeFiles/quad_msgs__rosidl_generator_c.dir/rosidl_generator_c/quad_msgs/msg/detail/leg_command__type_support.c.o[0m
[0.899s] [ 24%] [32mBuilding C object CMakeFiles/quad_msgs__rosidl_generator_c.dir/rosidl_generator_c/quad_msgs/msg/detail/motor_command__functions.c.o[0m
[0.899s] [ 25%] [32mBuilding C object CMakeFiles/quad_msgs__rosidl_generator_c.dir/rosidl_generator_c/quad_msgs/msg/detail/leg_command_array__description.c.o[0m
[0.905s] [ 25%] [32mBuilding C object CMakeFiles/quad_msgs__rosidl_generator_c.dir/rosidl_generator_c/quad_msgs/msg/detail/leg_command_array__functions.c.o[0m
[0.913s] [ 26%] [32mBuilding C object CMakeFiles/quad_msgs__rosidl_generator_c.dir/rosidl_generator_c/quad_msgs/msg/detail/leg_command_array__type_support.c.o[0m
[0.917s] [ 27%] [32mBuilding C object CMakeFiles/quad_msgs__rosidl_generator_c.dir/rosidl_generator_c/quad_msgs/msg/detail/body_force_estimate__functions.c.o[0m
[0.917s] [ 27%] [32mBuilding C object CMakeFiles/quad_msgs__rosidl_generator_c.dir/rosidl_generator_c/quad_msgs/msg/detail/body_force_estimate__description.c.o[0m
[0.920s] [ 27%] [32mBuilding C object CMakeFiles/quad_msgs__rosidl_generator_c.dir/rosidl_generator_c/quad_msgs/msg/detail/body_force_estimate__type_support.c.o[0m
[0.925s] running egg_info
[0.935s] writing quad_msgs.egg-info/PKG-INFO
[0.935s] writing dependency_links to quad_msgs.egg-info/dependency_links.txt
[0.935s] writing top-level names to quad_msgs.egg-info/top_level.txt
[0.955s] reading manifest file 'quad_msgs.egg-info/SOURCES.txt'
[0.955s] writing manifest file 'quad_msgs.egg-info/SOURCES.txt'
[0.966s] [ 28%] [32m[1mLinking C shared library libquad_msgs__rosidl_generator_c.so[0m
[0.970s] [ 28%] Built target ament_cmake_python_build_quad_msgs_egg
[0.985s] [ 28%] Built target quad_msgs__rosidl_generator_c
[0.999s] [ 29%] [32mBuilding C object CMakeFiles/quad_msgs__rosidl_typesupport_introspection_c.dir/rosidl_typesupport_introspection_c/quad_msgs/msg/detail/robot_state__type_support.c.o[0m
[0.999s] [ 30%] [32mBuilding CXX object CMakeFiles/quad_msgs__rosidl_typesupport_c.dir/rosidl_typesupport_c/quad_msgs/msg/robot_state__type_support.cpp.o[0m
[1.000s] [ 31%] [32mBuilding CXX object CMakeFiles/quad_msgs__rosidl_typesupport_c.dir/rosidl_typesupport_c/quad_msgs/msg/grf_array__type_support.cpp.o[0m
[1.000s] [ 31%] [32mBuilding CXX object CMakeFiles/quad_msgs__rosidl_typesupport_c.dir/rosidl_typesupport_c/quad_msgs/msg/body_state__type_support.cpp.o[0m
[1.000s] [ 32%] [32mBuilding C object CMakeFiles/quad_msgs__rosidl_typesupport_introspection_c.dir/rosidl_typesupport_introspection_c/quad_msgs/msg/detail/grf_array__type_support.c.o[0m
[1.000s] [ 32%] [32mBuilding C object CMakeFiles/quad_msgs__rosidl_typesupport_introspection_c.dir/rosidl_typesupport_introspection_c/quad_msgs/msg/detail/body_state__type_support.c.o[0m
[1.000s] [ 32%] [32mBuilding CXX object CMakeFiles/quad_msgs__rosidl_typesupport_c.dir/rosidl_typesupport_c/quad_msgs/msg/robot_plan__type_support.cpp.o[0m
[1.000s] [ 33%] [32mBuilding CXX object CMakeFiles/quad_msgs__rosidl_typesupport_c.dir/rosidl_typesupport_c/quad_msgs/msg/robot_plan_diagnostics__type_support.cpp.o[0m
[1.000s] [ 33%] [32mBuilding C object CMakeFiles/quad_msgs__rosidl_typesupport_introspection_c.dir/rosidl_typesupport_introspection_c/quad_msgs/msg/detail/robot_plan__type_support.c.o[0m
[1.000s] [ 33%] [32mBuilding CXX object CMakeFiles/quad_msgs__rosidl_typesupport_c.dir/rosidl_typesupport_c/quad_msgs/msg/foot_state__type_support.cpp.o[0m
[1.002s] [ 34%] [32mBuilding C object CMakeFiles/quad_msgs__rosidl_typesupport_introspection_c.dir/rosidl_typesupport_introspection_c/quad_msgs/msg/detail/robot_plan_diagnostics__type_support.c.o[0m
[1.003s] [ 34%] [32mBuilding C object CMakeFiles/quad_msgs__rosidl_typesupport_introspection_c.dir/rosidl_typesupport_introspection_c/quad_msgs/msg/detail/foot_state__type_support.c.o[0m
[1.004s] [ 35%] [32mBuilding CXX object CMakeFiles/quad_msgs__rosidl_typesupport_cpp.dir/rosidl_typesupport_cpp/quad_msgs/msg/robot_state__type_support.cpp.o[0m
[1.004s] [ 35%] [32mBuilding CXX object CMakeFiles/quad_msgs__rosidl_typesupport_introspection_cpp.dir/rosidl_typesupport_introspection_cpp/quad_msgs/msg/detail/robot_state__type_support.cpp.o[0m
[1.006s] [ 35%] [32mBuilding CXX object CMakeFiles/quad_msgs__rosidl_typesupport_fastrtps_c.dir/rosidl_typesupport_fastrtps_c/quad_msgs/msg/detail/robot_state__type_support_c.cpp.o[0m
[1.009s] [ 36%] [32mBuilding CXX object CMakeFiles/quad_msgs__rosidl_typesupport_fastrtps_cpp.dir/rosidl_typesupport_fastrtps_cpp/quad_msgs/msg/detail/dds_fastrtps/robot_state__type_support.cpp.o[0m
[1.030s] [ 38%] [32mBuilding CXX object CMakeFiles/quad_msgs__rosidl_typesupport_fastrtps_cpp.dir/rosidl_typesupport_fastrtps_cpp/quad_msgs/msg/detail/dds_fastrtps/body_state__type_support.cpp.o[0m
[1.030s] [ 38%] [32mBuilding CXX object CMakeFiles/quad_msgs__rosidl_typesupport_introspection_cpp.dir/rosidl_typesupport_introspection_cpp/quad_msgs/msg/detail/body_state__type_support.cpp.o[0m
[1.030s] [ 38%] [32mBuilding C object CMakeFiles/quad_msgs__rosidl_typesupport_introspection_c.dir/rosidl_typesupport_introspection_c/quad_msgs/msg/detail/multi_foot_state__type_support.c.o[0m
[1.030s] [ 39%] [32mBuilding CXX object CMakeFiles/quad_msgs__rosidl_typesupport_cpp.dir/rosidl_typesupport_cpp/quad_msgs/msg/body_state__type_support.cpp.o[0m
[1.030s] [ 40%] [32mBuilding CXX object CMakeFiles/quad_msgs__rosidl_typesupport_c.dir/rosidl_typesupport_c/quad_msgs/msg/multi_foot_state__type_support.cpp.o[0m
[1.034s] [ 40%] [32mBuilding CXX object CMakeFiles/quad_msgs__rosidl_typesupport_fastrtps_cpp.dir/rosidl_typesupport_fastrtps_cpp/quad_msgs/msg/detail/dds_fastrtps/grf_array__type_support.cpp.o[0m
[1.036s] [ 41%] [32mBuilding CXX object CMakeFiles/quad_msgs__rosidl_typesupport_introspection_cpp.dir/rosidl_typesupport_introspection_cpp/quad_msgs/msg/detail/grf_array__type_support.cpp.o[0m
[1.039s] [ 41%] [32mBuilding CXX object CMakeFiles/quad_msgs__rosidl_typesupport_c.dir/rosidl_typesupport_c/quad_msgs/msg/multi_foot_plan_continuous__type_support.cpp.o[0m
[1.047s] [ 42%] [32mBuilding CXX object CMakeFiles/quad_msgs__rosidl_typesupport_fastrtps_cpp.dir/rosidl_typesupport_fastrtps_cpp/quad_msgs/msg/detail/dds_fastrtps/robot_plan__type_support.cpp.o[0m
[1.049s] [ 42%] [32mBuilding CXX object CMakeFiles/quad_msgs__rosidl_typesupport_introspection_cpp.dir/rosidl_typesupport_introspection_cpp/quad_msgs/msg/detail/robot_plan__type_support.cpp.o[0m
[1.050s] [ 43%] [32mBuilding CXX object CMakeFiles/quad_msgs__rosidl_typesupport_fastrtps_c.dir/rosidl_typesupport_fastrtps_c/quad_msgs/msg/detail/body_state__type_support_c.cpp.o[0m
[1.054s] [ 44%] [32mBuilding CXX object CMakeFiles/quad_msgs__rosidl_typesupport_introspection_cpp.dir/rosidl_typesupport_introspection_cpp/quad_msgs/msg/detail/robot_plan_diagnostics__type_support.cpp.o[0m
[1.061s] [ 44%] [32mBuilding CXX object CMakeFiles/quad_msgs__rosidl_typesupport_introspection_cpp.dir/rosidl_typesupport_introspection_cpp/quad_msgs/msg/detail/foot_state__type_support.cpp.o[0m
[1.063s] [ 45%] [32mBuilding C object CMakeFiles/quad_msgs__rosidl_typesupport_introspection_c.dir/rosidl_typesupport_introspection_c/quad_msgs/msg/detail/multi_foot_plan_continuous__type_support.c.o[0m
[1.067s] [ 46%] [32mBuilding CXX object CMakeFiles/quad_msgs__rosidl_typesupport_c.dir/rosidl_typesupport_c/quad_msgs/msg/foot_plan_discrete__type_support.cpp.o[0m
[1.099s] [ 47%] [32mBuilding C object CMakeFiles/quad_msgs__rosidl_typesupport_introspection_c.dir/rosidl_typesupport_introspection_c/quad_msgs/msg/detail/foot_plan_discrete__type_support.c.o[0m
[1.099s] [ 47%] [32mBuilding CXX object CMakeFiles/quad_msgs__rosidl_typesupport_c.dir/rosidl_typesupport_c/quad_msgs/msg/multi_foot_plan_discrete__type_support.cpp.o[0m
[1.131s] [ 47%] [32mBuilding CXX object CMakeFiles/quad_msgs__rosidl_typesupport_c.dir/rosidl_typesupport_c/quad_msgs/msg/leg_contact_mode__type_support.cpp.o[0m
[1.143s] [ 48%] [32mBuilding C object CMakeFiles/quad_msgs__rosidl_typesupport_introspection_c.dir/rosidl_typesupport_introspection_c/quad_msgs/msg/detail/multi_foot_plan_discrete__type_support.c.o[0m
[1.197s] [ 49%] [32mBuilding CXX object CMakeFiles/quad_msgs__rosidl_typesupport_c.dir/rosidl_typesupport_c/quad_msgs/msg/contact_mode__type_support.cpp.o[0m
[1.213s] [ 49%] [32mBuilding C object CMakeFiles/quad_msgs__rosidl_typesupport_introspection_c.dir/rosidl_typesupport_introspection_c/quad_msgs/msg/detail/leg_contact_mode__type_support.c.o[0m
[1.215s] [ 49%] [32mBuilding CXX object CMakeFiles/quad_msgs__rosidl_typesupport_c.dir/rosidl_typesupport_c/quad_msgs/msg/motor_command__type_support.cpp.o[0m
[1.236s] [ 50%] [32mBuilding CXX object CMakeFiles/quad_msgs__rosidl_typesupport_cpp.dir/rosidl_typesupport_cpp/quad_msgs/msg/grf_array__type_support.cpp.o[0m
[1.245s] [ 50%] [32mBuilding CXX object CMakeFiles/quad_msgs__rosidl_typesupport_fastrtps_cpp.dir/rosidl_typesupport_fastrtps_cpp/quad_msgs/msg/detail/dds_fastrtps/robot_plan_diagnostics__type_support.cpp.o[0m
[1.252s] [ 51%] [32mBuilding C object CMakeFiles/quad_msgs__rosidl_typesupport_introspection_c.dir/rosidl_typesupport_introspection_c/quad_msgs/msg/detail/contact_mode__type_support.c.o[0m
[1.253s] [ 51%] [32mBuilding CXX object CMakeFiles/quad_msgs__rosidl_typesupport_fastrtps_c.dir/rosidl_typesupport_fastrtps_c/quad_msgs/msg/detail/grf_array__type_support_c.cpp.o[0m
[1.264s] [ 52%] [32mBuilding CXX object CMakeFiles/quad_msgs__rosidl_typesupport_c.dir/rosidl_typesupport_c/quad_msgs/msg/leg_command__type_support.cpp.o[0m
[1.274s] [ 52%] [32mBuilding C object CMakeFiles/quad_msgs__rosidl_typesupport_introspection_c.dir/rosidl_typesupport_introspection_c/quad_msgs/msg/detail/motor_command__type_support.c.o[0m
[1.320s] [ 52%] [32mBuilding CXX object CMakeFiles/quad_msgs__rosidl_typesupport_c.dir/rosidl_typesupport_c/quad_msgs/msg/leg_command_array__type_support.cpp.o[0m
[1.331s] [ 53%] [32mBuilding C object CMakeFiles/quad_msgs__rosidl_typesupport_introspection_c.dir/rosidl_typesupport_introspection_c/quad_msgs/msg/detail/leg_command__type_support.c.o[0m
[1.331s] [ 53%] [32mBuilding CXX object CMakeFiles/quad_msgs__rosidl_typesupport_cpp.dir/rosidl_typesupport_cpp/quad_msgs/msg/robot_plan__type_support.cpp.o[0m
[1.333s] [ 54%] [32mBuilding CXX object CMakeFiles/quad_msgs__rosidl_typesupport_cpp.dir/rosidl_typesupport_cpp/quad_msgs/msg/robot_plan_diagnostics__type_support.cpp.o[0m
[1.344s] [ 54%] [32mBuilding C object CMakeFiles/quad_msgs__rosidl_typesupport_introspection_c.dir/rosidl_typesupport_introspection_c/quad_msgs/msg/detail/leg_command_array__type_support.c.o[0m
[1.345s] [ 55%] [32mBuilding C object CMakeFiles/quad_msgs__rosidl_typesupport_introspection_c.dir/rosidl_typesupport_introspection_c/quad_msgs/msg/detail/body_force_estimate__type_support.c.o[0m
[1.356s] [ 56%] [32mBuilding CXX object CMakeFiles/quad_msgs__rosidl_typesupport_c.dir/rosidl_typesupport_c/quad_msgs/msg/body_force_estimate__type_support.cpp.o[0m
[1.367s] [ 57%] [32mBuilding CXX object CMakeFiles/quad_msgs__rosidl_typesupport_fastrtps_cpp.dir/rosidl_typesupport_fastrtps_cpp/quad_msgs/msg/detail/dds_fastrtps/foot_state__type_support.cpp.o[0m
[1.383s] [ 57%] [32mBuilding CXX object CMakeFiles/quad_msgs__rosidl_typesupport_cpp.dir/rosidl_typesupport_cpp/quad_msgs/msg/foot_state__type_support.cpp.o[0m
[1.384s] [ 57%] [32m[1mLinking CXX shared library libquad_msgs__rosidl_typesupport_c.so[0m
[1.390s] [ 57%] [32mBuilding CXX object CMakeFiles/quad_msgs__rosidl_typesupport_fastrtps_cpp.dir/rosidl_typesupport_fastrtps_cpp/quad_msgs/msg/detail/dds_fastrtps/multi_foot_state__type_support.cpp.o[0m
[1.405s] [ 58%] [32mBuilding CXX object CMakeFiles/quad_msgs__rosidl_typesupport_introspection_cpp.dir/rosidl_typesupport_introspection_cpp/quad_msgs/msg/detail/multi_foot_state__type_support.cpp.o[0m
[1.405s] [ 59%] [32m[1mLinking C shared library libquad_msgs__rosidl_typesupport_introspection_c.so[0m
[1.405s] [ 59%] [32mBuilding CXX object CMakeFiles/quad_msgs__rosidl_typesupport_cpp.dir/rosidl_typesupport_cpp/quad_msgs/msg/multi_foot_state__type_support.cpp.o[0m
[1.406s] [ 59%] [32mBuilding CXX object CMakeFiles/quad_msgs__rosidl_typesupport_cpp.dir/rosidl_typesupport_cpp/quad_msgs/msg/multi_foot_plan_continuous__type_support.cpp.o[0m
[1.414s] [ 59%] Built target quad_msgs__rosidl_typesupport_c
[1.417s] [ 59%] [32mBuilding CXX object CMakeFiles/quad_msgs__rosidl_typesupport_introspection_cpp.dir/rosidl_typesupport_introspection_cpp/quad_msgs/msg/detail/multi_foot_plan_continuous__type_support.cpp.o[0m
[1.434s] [ 59%] Built target quad_msgs__rosidl_typesupport_introspection_c
[1.436s] [ 60%] [32mBuilding CXX object CMakeFiles/quad_msgs__rosidl_typesupport_fastrtps_cpp.dir/rosidl_typesupport_fastrtps_cpp/quad_msgs/msg/detail/dds_fastrtps/multi_foot_plan_continuous__type_support.cpp.o[0m
[1.441s] [ 61%] [32mBuilding CXX object CMakeFiles/quad_msgs__rosidl_typesupport_fastrtps_c.dir/rosidl_typesupport_fastrtps_c/quad_msgs/msg/detail/robot_plan__type_support_c.cpp.o[0m
[1.485s] [ 61%] [32mBuilding CXX object CMakeFiles/quad_msgs__rosidl_typesupport_fastrtps_cpp.dir/rosidl_typesupport_fastrtps_cpp/quad_msgs/msg/detail/dds_fastrtps/foot_plan_discrete__type_support.cpp.o[0m
[1.588s] [ 62%] [32mBuilding CXX object CMakeFiles/quad_msgs__rosidl_typesupport_introspection_cpp.dir/rosidl_typesupport_introspection_cpp/quad_msgs/msg/detail/foot_plan_discrete__type_support.cpp.o[0m
[1.614s] [ 63%] [32mBuilding CXX object CMakeFiles/quad_msgs__rosidl_typesupport_cpp.dir/rosidl_typesupport_cpp/quad_msgs/msg/foot_plan_discrete__type_support.cpp.o[0m
[1.621s] [ 63%] [32mBuilding CXX object CMakeFiles/quad_msgs__rosidl_typesupport_fastrtps_c.dir/rosidl_typesupport_fastrtps_c/quad_msgs/msg/detail/robot_plan_diagnostics__type_support_c.cpp.o[0m
[1.643s] [ 63%] [32mBuilding CXX object CMakeFiles/quad_msgs__rosidl_typesupport_introspection_cpp.dir/rosidl_typesupport_introspection_cpp/quad_msgs/msg/detail/multi_foot_plan_discrete__type_support.cpp.o[0m
[1.644s] [ 64%] [32mBuilding CXX object CMakeFiles/quad_msgs__rosidl_typesupport_fastrtps_c.dir/rosidl_typesupport_fastrtps_c/quad_msgs/msg/detail/foot_state__type_support_c.cpp.o[0m
[1.666s] [ 65%] [32mBuilding CXX object CMakeFiles/quad_msgs__rosidl_typesupport_fastrtps_cpp.dir/rosidl_typesupport_fastrtps_cpp/quad_msgs/msg/detail/dds_fastrtps/multi_foot_plan_discrete__type_support.cpp.o[0m
[1.667s] [ 66%] [32mBuilding CXX object CMakeFiles/quad_msgs__rosidl_typesupport_introspection_cpp.dir/rosidl_typesupport_introspection_cpp/quad_msgs/msg/detail/leg_contact_mode__type_support.cpp.o[0m
[1.676s] [ 66%] [32mBuilding CXX object CMakeFiles/quad_msgs__rosidl_typesupport_fastrtps_cpp.dir/rosidl_typesupport_fastrtps_cpp/quad_msgs/msg/detail/dds_fastrtps/leg_contact_mode__type_support.cpp.o[0m
[1.698s] [ 66%] [32mBuilding CXX object CMakeFiles/quad_msgs__rosidl_typesupport_cpp.dir/rosidl_typesupport_cpp/quad_msgs/msg/multi_foot_plan_discrete__type_support.cpp.o[0m
[1.699s] [ 66%] [32mBuilding CXX object CMakeFiles/quad_msgs__rosidl_typesupport_fastrtps_c.dir/rosidl_typesupport_fastrtps_c/quad_msgs/msg/detail/multi_foot_state__type_support_c.cpp.o[0m
[1.752s] [ 67%] [32mBuilding CXX object CMakeFiles/quad_msgs__rosidl_typesupport_fastrtps_c.dir/rosidl_typesupport_fastrtps_c/quad_msgs/msg/detail/multi_foot_plan_continuous__type_support_c.cpp.o[0m
[1.763s] [ 68%] [32mBuilding CXX object CMakeFiles/quad_msgs__rosidl_typesupport_fastrtps_cpp.dir/rosidl_typesupport_fastrtps_cpp/quad_msgs/msg/detail/dds_fastrtps/contact_mode__type_support.cpp.o[0m
[1.787s] [ 69%] [32mBuilding CXX object CMakeFiles/quad_msgs__rosidl_typesupport_cpp.dir/rosidl_typesupport_cpp/quad_msgs/msg/leg_contact_mode__type_support.cpp.o[0m
[1.831s] [ 70%] [32mBuilding CXX object CMakeFiles/quad_msgs__rosidl_typesupport_introspection_cpp.dir/rosidl_typesupport_introspection_cpp/quad_msgs/msg/detail/contact_mode__type_support.cpp.o[0m
[1.881s] [ 71%] [32mBuilding CXX object CMakeFiles/quad_msgs__rosidl_typesupport_fastrtps_cpp.dir/rosidl_typesupport_fastrtps_cpp/quad_msgs/msg/detail/dds_fastrtps/motor_command__type_support.cpp.o[0m
[1.882s] [ 71%] [32mBuilding CXX object CMakeFiles/quad_msgs__rosidl_typesupport_cpp.dir/rosidl_typesupport_cpp/quad_msgs/msg/contact_mode__type_support.cpp.o[0m
[1.887s] [ 72%] [32mBuilding CXX object CMakeFiles/quad_msgs__rosidl_typesupport_fastrtps_c.dir/rosidl_typesupport_fastrtps_c/quad_msgs/msg/detail/foot_plan_discrete__type_support_c.cpp.o[0m
[1.960s] [ 72%] [32mBuilding CXX object CMakeFiles/quad_msgs__rosidl_typesupport_fastrtps_cpp.dir/rosidl_typesupport_fastrtps_cpp/quad_msgs/msg/detail/dds_fastrtps/leg_command__type_support.cpp.o[0m
[1.973s] [ 73%] [32mBuilding CXX object CMakeFiles/quad_msgs__rosidl_typesupport_fastrtps_cpp.dir/rosidl_typesupport_fastrtps_cpp/quad_msgs/msg/detail/dds_fastrtps/body_force_estimate__type_support.cpp.o[0m
[1.974s] [ 73%] [32mBuilding CXX object CMakeFiles/quad_msgs__rosidl_typesupport_introspection_cpp.dir/rosidl_typesupport_introspection_cpp/quad_msgs/msg/detail/motor_command__type_support.cpp.o[0m
[1.976s] [ 73%] [32mBuilding CXX object CMakeFiles/quad_msgs__rosidl_typesupport_cpp.dir/rosidl_typesupport_cpp/quad_msgs/msg/motor_command__type_support.cpp.o[0m
[1.978s] [ 74%] [32mBuilding CXX object CMakeFiles/quad_msgs__rosidl_typesupport_fastrtps_cpp.dir/rosidl_typesupport_fastrtps_cpp/quad_msgs/msg/detail/dds_fastrtps/leg_command_array__type_support.cpp.o[0m
[1.982s] [ 74%] [32mBuilding CXX object CMakeFiles/quad_msgs__rosidl_typesupport_fastrtps_c.dir/rosidl_typesupport_fastrtps_c/quad_msgs/msg/detail/multi_foot_plan_discrete__type_support_c.cpp.o[0m
[2.037s] [ 75%] [32mBuilding CXX object CMakeFiles/quad_msgs__rosidl_typesupport_introspection_cpp.dir/rosidl_typesupport_introspection_cpp/quad_msgs/msg/detail/leg_command__type_support.cpp.o[0m
[2.071s] [ 75%] [32mBuilding CXX object CMakeFiles/quad_msgs__rosidl_typesupport_cpp.dir/rosidl_typesupport_cpp/quad_msgs/msg/leg_command__type_support.cpp.o[0m
[2.102s] [ 76%] [32mBuilding CXX object CMakeFiles/quad_msgs__rosidl_typesupport_fastrtps_c.dir/rosidl_typesupport_fastrtps_c/quad_msgs/msg/detail/leg_contact_mode__type_support_c.cpp.o[0m
[2.107s] [ 76%] [32mBuilding CXX object CMakeFiles/quad_msgs__rosidl_typesupport_fastrtps_c.dir/rosidl_typesupport_fastrtps_c/quad_msgs/msg/detail/contact_mode__type_support_c.cpp.o[0m
[2.118s] [ 76%] [32mBuilding CXX object CMakeFiles/quad_msgs__rosidl_typesupport_introspection_cpp.dir/rosidl_typesupport_introspection_cpp/quad_msgs/msg/detail/leg_command_array__type_support.cpp.o[0m
[2.124s] [ 77%] [32mBuilding CXX object CMakeFiles/quad_msgs__rosidl_typesupport_fastrtps_c.dir/rosidl_typesupport_fastrtps_c/quad_msgs/msg/detail/motor_command__type_support_c.cpp.o[0m
[2.147s] [ 78%] [32mBuilding CXX object CMakeFiles/quad_msgs__rosidl_typesupport_introspection_cpp.dir/rosidl_typesupport_introspection_cpp/quad_msgs/msg/detail/body_force_estimate__type_support.cpp.o[0m
[2.205s] [ 79%] [32mBuilding CXX object CMakeFiles/quad_msgs__rosidl_typesupport_cpp.dir/rosidl_typesupport_cpp/quad_msgs/msg/leg_command_array__type_support.cpp.o[0m
[2.245s] [ 80%] [32mBuilding CXX object CMakeFiles/quad_msgs__rosidl_typesupport_cpp.dir/rosidl_typesupport_cpp/quad_msgs/msg/body_force_estimate__type_support.cpp.o[0m
[2.246s] [ 80%] [32mBuilding CXX object CMakeFiles/quad_msgs__rosidl_typesupport_fastrtps_c.dir/rosidl_typesupport_fastrtps_c/quad_msgs/msg/detail/leg_command__type_support_c.cpp.o[0m
[2.274s] [ 81%] [32mBuilding CXX object CMakeFiles/quad_msgs__rosidl_typesupport_fastrtps_c.dir/rosidl_typesupport_fastrtps_c/quad_msgs/msg/detail/leg_command_array__type_support_c.cpp.o[0m
[2.278s] [ 81%] [32mBuilding CXX object CMakeFiles/quad_msgs__rosidl_typesupport_fastrtps_c.dir/rosidl_typesupport_fastrtps_c/quad_msgs/msg/detail/body_force_estimate__type_support_c.cpp.o[0m
[2.419s] [ 82%] [32m[1mLinking CXX shared library libquad_msgs__rosidl_typesupport_fastrtps_cpp.so[0m
[2.442s] [ 82%] [32m[1mLinking CXX shared library libquad_msgs__rosidl_typesupport_cpp.so[0m
[2.452s] [ 82%] [32m[1mLinking CXX shared library libquad_msgs__rosidl_typesupport_introspection_cpp.so[0m
[2.457s] [ 82%] Built target quad_msgs__rosidl_typesupport_fastrtps_cpp
[2.464s] [ 83%] Built target quad_msgs__rosidl_typesupport_cpp
[2.488s] [ 84%] Built target quad_msgs__rosidl_typesupport_introspection_cpp
[2.532s] [ 85%] [32m[1mLinking CXX shared library libquad_msgs__rosidl_typesupport_fastrtps_c.so[0m
[2.555s] [ 86%] Built target quad_msgs__rosidl_typesupport_fastrtps_c
[2.563s] [ 86%] Built target quad_msgs
[2.571s] [ 87%] Built target quad_msgs__py
[2.588s] [ 88%] [32mBuilding C object CMakeFiles/quad_msgs__rosidl_generator_py.dir/rosidl_generator_py/quad_msgs/msg/_grf_array_s.c.o[0m
[2.589s] [ 88%] [32mBuilding C object CMakeFiles/quad_msgs__rosidl_generator_py.dir/rosidl_generator_py/quad_msgs/msg/_body_state_s.c.o[0m
[2.589s] [ 89%] [32mBuilding C object CMakeFiles/quad_msgs__rosidl_generator_py.dir/rosidl_generator_py/quad_msgs/msg/_robot_plan_s.c.o[0m
[2.589s] [ 90%] [32mBuilding C object CMakeFiles/quad_msgs__rosidl_generator_py.dir/rosidl_generator_py/quad_msgs/msg/_foot_state_s.c.o[0m
[2.589s] [ 91%] [32mBuilding C object CMakeFiles/quad_msgs__rosidl_generator_py.dir/rosidl_generator_py/quad_msgs/msg/_multi_foot_state_s.c.o[0m
[2.589s] [ 91%] [32mBuilding C object CMakeFiles/quad_msgs__rosidl_generator_py.dir/rosidl_generator_py/quad_msgs/msg/_robot_plan_diagnostics_s.c.o[0m
[2.589s] [ 91%] [32mBuilding C object CMakeFiles/quad_msgs__rosidl_generator_py.dir/rosidl_generator_py/quad_msgs/msg/_multi_foot_plan_continuous_s.c.o[0m
[2.589s] [ 92%] [32mBuilding C object CMakeFiles/quad_msgs__rosidl_generator_py.dir/rosidl_generator_py/quad_msgs/msg/_foot_plan_discrete_s.c.o[0m
[2.589s] [ 92%] [32mBuilding C object CMakeFiles/quad_msgs__rosidl_generator_py.dir/rosidl_generator_py/quad_msgs/msg/_multi_foot_plan_discrete_s.c.o[0m
[2.590s] [ 93%] [32mBuilding C object CMakeFiles/quad_msgs__rosidl_generator_py.dir/rosidl_generator_py/quad_msgs/msg/_leg_contact_mode_s.c.o[0m
[2.590s] [ 93%] [32mBuilding C object CMakeFiles/quad_msgs__rosidl_generator_py.dir/rosidl_generator_py/quad_msgs/msg/_robot_state_s.c.o[0m
[2.590s] [ 93%] [32mBuilding C object CMakeFiles/quad_msgs__rosidl_generator_py.dir/rosidl_generator_py/quad_msgs/msg/_contact_mode_s.c.o[0m
[2.590s] [ 94%] [32mBuilding C object CMakeFiles/quad_msgs__rosidl_generator_py.dir/rosidl_generator_py/quad_msgs/msg/_motor_command_s.c.o[0m
[2.591s] [ 95%] [32mBuilding C object CMakeFiles/quad_msgs__rosidl_generator_py.dir/rosidl_generator_py/quad_msgs/msg/_leg_command_array_s.c.o[0m
[2.591s] [ 95%] [32mBuilding C object CMakeFiles/quad_msgs__rosidl_generator_py.dir/rosidl_generator_py/quad_msgs/msg/_body_force_estimate_s.c.o[0m
[2.591s] [ 95%] [32mBuilding C object CMakeFiles/quad_msgs__rosidl_generator_py.dir/rosidl_generator_py/quad_msgs/msg/_leg_command_s.c.o[0m
[2.742s] [ 96%] [32m[1mLinking C shared library libquad_msgs__rosidl_generator_py.so[0m
[2.764s] [ 96%] Built target quad_msgs__rosidl_generator_py
[2.774s] [ 97%] [32mBuilding C object CMakeFiles/quad_msgs_s__rosidl_typesupport_introspection_c.dir/rosidl_generator_py/quad_msgs/_quad_msgs_s.ep.rosidl_typesupport_introspection_c.c.o[0m
[2.774s] [ 98%] [32mBuilding C object CMakeFiles/quad_msgs_s__rosidl_typesupport_fastrtps_c.dir/rosidl_generator_py/quad_msgs/_quad_msgs_s.ep.rosidl_typesupport_fastrtps_c.c.o[0m
[2.774s] [ 99%] [32mBuilding C object CMakeFiles/quad_msgs_s__rosidl_typesupport_c.dir/rosidl_generator_py/quad_msgs/_quad_msgs_s.ep.rosidl_typesupport_c.c.o[0m
[2.900s] [100%] [32m[1mLinking C shared module rosidl_generator_py/quad_msgs/quad_msgs_s__rosidl_typesupport_c.so[0m
[2.900s] [100%] [32m[1mLinking C shared module rosidl_generator_py/quad_msgs/quad_msgs_s__rosidl_typesupport_introspection_c.so[0m
[2.907s] [100%] [32m[1mLinking C shared module rosidl_generator_py/quad_msgs/quad_msgs_s__rosidl_typesupport_fastrtps_c.so[0m
[2.913s] [100%] Built target quad_msgs_s__rosidl_typesupport_c
[2.913s] [100%] Built target quad_msgs_s__rosidl_typesupport_introspection_c
[2.920s] [100%] Built target quad_msgs_s__rosidl_typesupport_fastrtps_c
[2.926s] Invoked command in '/home/rml/ros2_ws/src/quad-sdk/build/quad_msgs' returned '0': CMAKE_PREFIX_PATH=${CMAKE_PREFIX_PATH}:/opt/ros/jazzy DEBUGINFOD_URLS=https://debuginfod.ubuntu.com /usr/bin/cmake --build /home/rml/ros2_ws/src/quad-sdk/build/quad_msgs -- -j16 -l16
[2.926s] Invoking command in '/home/rml/ros2_ws/src/quad-sdk/build/quad_msgs': CMAKE_PREFIX_PATH=${CMAKE_PREFIX_PATH}:/opt/ros/jazzy DEBUGINFOD_URLS=https://debuginfod.ubuntu.com /usr/bin/cmake --install /home/rml/ros2_ws/src/quad-sdk/build/quad_msgs
[2.929s] -- Install configuration: "Release"
[2.929s] -- Up-to-date: /home/rml/ros2_ws/src/quad-sdk/install/quad_msgs/share/ament_index/resource_index/rosidl_interfaces/quad_msgs
[2.929s] -- Up-to-date: /home/rml/ros2_ws/src/quad-sdk/install/quad_msgs/share/quad_msgs/msg/RobotState.json
[2.929s] -- Up-to-date: /home/rml/ros2_ws/src/quad-sdk/install/quad_msgs/share/quad_msgs/msg/BodyState.json
[2.929s] -- Up-to-date: /home/rml/ros2_ws/src/quad-sdk/install/quad_msgs/share/quad_msgs/msg/GRFArray.json
[2.930s] -- Up-to-date: /home/rml/ros2_ws/src/quad-sdk/install/quad_msgs/share/quad_msgs/msg/RobotPlan.json
[2.930s] -- Up-to-date: /home/rml/ros2_ws/src/quad-sdk/install/quad_msgs/share/quad_msgs/msg/RobotPlanDiagnostics.json
[2.930s] -- Up-to-date: /home/rml/ros2_ws/src/quad-sdk/install/quad_msgs/share/quad_msgs/msg/FootState.json
[2.930s] -- Up-to-date: /home/rml/ros2_ws/src/quad-sdk/install/quad_msgs/share/quad_msgs/msg/MultiFootState.json
[2.930s] -- Up-to-date: /home/rml/ros2_ws/src/quad-sdk/install/quad_msgs/share/quad_msgs/msg/MultiFootPlanContinuous.json
[2.930s] -- Up-to-date: /home/rml/ros2_ws/src/quad-sdk/install/quad_msgs/share/quad_msgs/msg/FootPlanDiscrete.json
[2.930s] -- Up-to-date: /home/rml/ros2_ws/src/quad-sdk/install/quad_msgs/share/quad_msgs/msg/MultiFootPlanDiscrete.json
[2.930s] -- Up-to-date: /home/rml/ros2_ws/src/quad-sdk/install/quad_msgs/share/quad_msgs/msg/LegContactMode.json
[2.930s] -- Up-to-date: /home/rml/ros2_ws/src/quad-sdk/install/quad_msgs/share/quad_msgs/msg/ContactMode.json
[2.930s] -- Up-to-date: /home/rml/ros2_ws/src/quad-sdk/install/quad_msgs/share/quad_msgs/msg/MotorCommand.json
[2.930s] -- Up-to-date: /home/rml/ros2_ws/src/quad-sdk/install/quad_msgs/share/quad_msgs/msg/LegCommand.json
[2.930s] -- Up-to-date: /home/rml/ros2_ws/src/quad-sdk/install/quad_msgs/share/quad_msgs/msg/LegCommandArray.json
[2.930s] -- Up-to-date: /home/rml/ros2_ws/src/quad-sdk/install/quad_msgs/share/quad_msgs/msg/BodyForceEstimate.json
[2.930s] -- Up-to-date: /home/rml/ros2_ws/src/quad-sdk/install/quad_msgs/include/quad_msgs/quad_msgs
[2.930s] -- Up-to-date: /home/rml/ros2_ws/src/quad-sdk/install/quad_msgs/include/quad_msgs/quad_msgs/msg
[2.930s] -- Up-to-date: /home/rml/ros2_ws/src/quad-sdk/install/quad_msgs/include/quad_msgs/quad_msgs/msg/contact_mode.h
[2.930s] -- Up-to-date: /home/rml/ros2_ws/src/quad-sdk/install/quad_msgs/include/quad_msgs/quad_msgs/msg/body_force_estimate.h
[2.930s] -- Up-to-date: /home/rml/ros2_ws/src/quad-sdk/install/quad_msgs/include/quad_msgs/quad_msgs/msg/leg_command.h
[2.930s] -- Up-to-date: /home/rml/ros2_ws/src/quad-sdk/install/quad_msgs/include/quad_msgs/quad_msgs/msg/body_state.h
[2.930s] -- Up-to-date: /home/rml/ros2_ws/src/quad-sdk/install/quad_msgs/include/quad_msgs/quad_msgs/msg/foot_state.h
[2.930s] -- Up-to-date: /home/rml/ros2_ws/src/quad-sdk/install/quad_msgs/include/quad_msgs/quad_msgs/msg/foot_plan_discrete.h
[2.930s] -- Up-to-date: /home/rml/ros2_ws/src/quad-sdk/install/quad_msgs/include/quad_msgs/quad_msgs/msg/multi_foot_plan_continuous.h
[2.930s] -- Up-to-date: /home/rml/ros2_ws/src/quad-sdk/install/quad_msgs/include/quad_msgs/quad_msgs/msg/multi_foot_state.h
[2.930s] -- Up-to-date: /home/rml/ros2_ws/src/quad-sdk/install/quad_msgs/include/quad_msgs/quad_msgs/msg/robot_plan.h
[2.930s] -- Up-to-date: /home/rml/ros2_ws/src/quad-sdk/install/quad_msgs/include/quad_msgs/quad_msgs/msg/multi_foot_plan_discrete.h
[2.930s] -- Up-to-date: /home/rml/ros2_ws/src/quad-sdk/install/quad_msgs/include/quad_msgs/quad_msgs/msg/leg_command_array.h
[2.930s] -- Up-to-date: /home/rml/ros2_ws/src/quad-sdk/install/quad_msgs/include/quad_msgs/quad_msgs/msg/robot_plan_diagnostics.h
[2.930s] -- Up-to-date: /home/rml/ros2_ws/src/quad-sdk/install/quad_msgs/include/quad_msgs/quad_msgs/msg/robot_state.h
[2.930s] -- Up-to-date: /home/rml/ros2_ws/src/quad-sdk/install/quad_msgs/include/quad_msgs/quad_msgs/msg/rosidl_generator_c__visibility_control.h
[2.930s] -- Up-to-date: /home/rml/ros2_ws/src/quad-sdk/install/quad_msgs/include/quad_msgs/quad_msgs/msg/motor_command.h
[2.930s] -- Up-to-date: /home/rml/ros2_ws/src/quad-sdk/install/quad_msgs/include/quad_msgs/quad_msgs/msg/leg_contact_mode.h
[2.930s] -- Up-to-date: /home/rml/ros2_ws/src/quad-sdk/install/quad_msgs/include/quad_msgs/quad_msgs/msg/detail
[2.930s] -- Installing: /home/rml/ros2_ws/src/quad-sdk/install/quad_msgs/include/quad_msgs/quad_msgs/msg/detail/leg_command_array__type_support.c
[2.930s] -- Up-to-date: /home/rml/ros2_ws/src/quad-sdk/install/quad_msgs/include/quad_msgs/quad_msgs/msg/detail/multi_foot_plan_discrete__struct.h
[2.930s] -- Up-to-date: /home/rml/ros2_ws/src/quad-sdk/install/quad_msgs/include/quad_msgs/quad_msgs/msg/detail/body_force_estimate__functions.c
[2.930s] -- Installing: /home/rml/ros2_ws/src/quad-sdk/install/quad_msgs/include/quad_msgs/quad_msgs/msg/detail/robot_state__type_support.c
[2.930s] -- Up-to-date: /home/rml/ros2_ws/src/quad-sdk/install/quad_msgs/include/quad_msgs/quad_msgs/msg/detail/leg_command__struct.h
[2.930s] -- Up-to-date: /home/rml/ros2_ws/src/quad-sdk/install/quad_msgs/include/quad_msgs/quad_msgs/msg/detail/leg_command_array__type_support.h
[2.930s] -- Installing: /home/rml/ros2_ws/src/quad-sdk/install/quad_msgs/include/quad_msgs/quad_msgs/msg/detail/leg_command__type_support.c
[2.930s] -- Up-to-date: /home/rml/ros2_ws/src/quad-sdk/install/quad_msgs/include/quad_msgs/quad_msgs/msg/detail/multi_foot_plan_continuous__functions.h
[2.930s] -- Up-to-date: /home/rml/ros2_ws/src/quad-sdk/install/quad_msgs/include/quad_msgs/quad_msgs/msg/detail/robot_state__description.c
[2.930s] -- Up-to-date: /home/rml/ros2_ws/src/quad-sdk/install/quad_msgs/include/quad_msgs/quad_msgs/msg/detail/body_force_estimate__type_support.h
[2.930s] -- Up-to-date: /home/rml/ros2_ws/src/quad-sdk/install/quad_msgs/include/quad_msgs/quad_msgs/msg/detail/multi_foot_plan_discrete__functions.h
[2.931s] -- Up-to-date: /home/rml/ros2_ws/src/quad-sdk/install/quad_msgs/include/quad_msgs/quad_msgs/msg/detail/leg_command__functions.c
[2.931s] -- Up-to-date: /home/rml/ros2_ws/src/quad-sdk/install/quad_msgs/include/quad_msgs/quad_msgs/msg/detail/multi_foot_plan_discrete__functions.c
[2.931s] -- Installing: /home/rml/ros2_ws/src/quad-sdk/install/quad_msgs/include/quad_msgs/quad_msgs/msg/detail/body_force_estimate__type_support.c
[2.931s] -- Up-to-date: /home/rml/ros2_ws/src/quad-sdk/install/quad_msgs/include/quad_msgs/quad_msgs/msg/detail/robot_state__functions.c
[2.931s] -- Up-to-date: /home/rml/ros2_ws/src/quad-sdk/install/quad_msgs/include/quad_msgs/quad_msgs/msg/detail/leg_command_array__functions.c
[2.931s] -- Up-to-date: /home/rml/ros2_ws/src/quad-sdk/install/quad_msgs/include/quad_msgs/quad_msgs/msg/detail/contact_mode__functions.c
[2.931s] -- Up-to-date: /home/rml/ros2_ws/src/quad-sdk/install/quad_msgs/include/quad_msgs/quad_msgs/msg/detail/motor_command__type_support.h
[2.931s] -- Up-to-date: /home/rml/ros2_ws/src/quad-sdk/install/quad_msgs/include/quad_msgs/quad_msgs/msg/detail/leg_contact_mode__struct.h
[2.931s] -- Up-to-date: /home/rml/ros2_ws/src/quad-sdk/install/quad_msgs/include/quad_msgs/quad_msgs/msg/detail/multi_foot_state__functions.c
[2.931s] -- Installing: /home/rml/ros2_ws/src/quad-sdk/install/quad_msgs/include/quad_msgs/quad_msgs/msg/detail/multi_foot_plan_discrete__type_support.c
[2.931s] -- Up-to-date: /home/rml/ros2_ws/src/quad-sdk/install/quad_msgs/include/quad_msgs/quad_msgs/msg/detail/grf_array__type_support.h
[2.931s] -- Up-to-date: /home/rml/ros2_ws/src/quad-sdk/install/quad_msgs/include/quad_msgs/quad_msgs/msg/detail/leg_contact_mode__description.c
[2.931s] -- Up-to-date: /home/rml/ros2_ws/src/quad-sdk/install/quad_msgs/include/quad_msgs/quad_msgs/msg/detail/multi_foot_plan_discrete__description.c
[2.931s] -- Up-to-date: /home/rml/ros2_ws/src/quad-sdk/install/quad_msgs/include/quad_msgs/quad_msgs/msg/detail/multi_foot_state__struct.h
[2.931s] -- Up-to-date: /home/rml/ros2_ws/src/quad-sdk/install/quad_msgs/include/quad_msgs/quad_msgs/msg/detail/motor_command__functions.c
[2.931s] -- Up-to-date: /home/rml/ros2_ws/src/quad-sdk/install/quad_msgs/include/quad_msgs/quad_msgs/msg/detail/body_state__type_support.h
[2.931s] -- Up-to-date: /home/rml/ros2_ws/src/quad-sdk/install/quad_msgs/include/quad_msgs/quad_msgs/msg/detail/robot_plan__struct.h
[2.931s] -- Up-to-date: /home/rml/ros2_ws/src/quad-sdk/install/quad_msgs/include/quad_msgs/quad_msgs/msg/detail/body_state__functions.c
[2.931s] -- Installing: /home/rml/ros2_ws/src/quad-sdk/install/quad_msgs/include/quad_msgs/quad_msgs/msg/detail/leg_contact_mode__type_support.c
[2.931s] -- Installing: /home/rml/ros2_ws/src/quad-sdk/install/quad_msgs/include/quad_msgs/quad_msgs/msg/detail/foot_state__type_support.c
[2.931s] -- Up-to-date: /home/rml/ros2_ws/src/quad-sdk/install/quad_msgs/include/quad_msgs/quad_msgs/msg/detail/foot_state__description.c
[2.931s] -- Up-to-date: /home/rml/ros2_ws/src/quad-sdk/install/quad_msgs/include/quad_msgs/quad_msgs/msg/detail/multi_foot_plan_discrete__type_support.h
[2.931s] -- Up-to-date: /home/rml/ros2_ws/src/quad-sdk/install/quad_msgs/include/quad_msgs/quad_msgs/msg/detail/foot_state__functions.h
[2.931s] -- Up-to-date: /home/rml/ros2_ws/src/quad-sdk/install/quad_msgs/include/quad_msgs/quad_msgs/msg/detail/leg_contact_mode__functions.h
[2.931s] -- Up-to-date: /home/rml/ros2_ws/src/quad-sdk/install/quad_msgs/include/quad_msgs/quad_msgs/msg/detail/robot_plan_diagnostics__functions.h
[2.931s] -- Installing: /home/rml/ros2_ws/src/quad-sdk/install/quad_msgs/include/quad_msgs/quad_msgs/msg/detail/body_state__type_support.c
[2.931s] -- Installing: /home/rml/ros2_ws/src/quad-sdk/install/quad_msgs/include/quad_msgs/quad_msgs/msg/detail/multi_foot_plan_continuous__type_support.c
[2.931s] -- Up-to-date: /home/rml/ros2_ws/src/quad-sdk/install/quad_msgs/include/quad_msgs/quad_msgs/msg/detail/foot_plan_discrete__description.c
[2.931s] -- Up-to-date: /home/rml/ros2_ws/src/quad-sdk/install/quad_msgs/include/quad_msgs/quad_msgs/msg/detail/robot_state__functions.h
[2.931s] -- Up-to-date: /home/rml/ros2_ws/src/quad-sdk/install/quad_msgs/include/quad_msgs/quad_msgs/msg/detail/body_state__struct.h
[2.931s] -- Up-to-date: /home/rml/ros2_ws/src/quad-sdk/install/quad_msgs/include/quad_msgs/quad_msgs/msg/detail/foot_plan_discrete__struct.h
[2.931s] -- Up-to-date: /home/rml/ros2_ws/src/quad-sdk/install/quad_msgs/include/quad_msgs/quad_msgs/msg/detail/body_force_estimate__struct.h
[2.931s] -- Up-to-date: /home/rml/ros2_ws/src/quad-sdk/install/quad_msgs/include/quad_msgs/quad_msgs/msg/detail/grf_array__description.c
[2.931s] -- Up-to-date: /home/rml/ros2_ws/src/quad-sdk/install/quad_msgs/include/quad_msgs/quad_msgs/msg/detail/multi_foot_plan_continuous__functions.c
[2.931s] -- Up-to-date: /home/rml/ros2_ws/src/quad-sdk/install/quad_msgs/include/quad_msgs/quad_msgs/msg/detail/contact_mode__type_support.h
[2.931s] -- Up-to-date: /home/rml/ros2_ws/src/quad-sdk/install/quad_msgs/include/quad_msgs/quad_msgs/msg/detail/robot_plan__functions.c
[2.931s] -- Up-to-date: /home/rml/ros2_ws/src/quad-sdk/install/quad_msgs/include/quad_msgs/quad_msgs/msg/detail/motor_command__struct.h
[2.931s] -- Installing: /home/rml/ros2_ws/src/quad-sdk/install/quad_msgs/include/quad_msgs/quad_msgs/msg/detail/robot_plan__type_support.c
[2.931s] -- Up-to-date: /home/rml/ros2_ws/src/quad-sdk/install/quad_msgs/include/quad_msgs/quad_msgs/msg/detail/foot_state__struct.h
[2.931s] -- Up-to-date: /home/rml/ros2_ws/src/quad-sdk/install/quad_msgs/include/quad_msgs/quad_msgs/msg/detail/leg_contact_mode__functions.c
[2.931s] -- Up-to-date: /home/rml/ros2_ws/src/quad-sdk/install/quad_msgs/include/quad_msgs/quad_msgs/msg/detail/grf_array__struct.h
[2.931s] -- Up-to-date: /home/rml/ros2_ws/src/quad-sdk/install/quad_msgs/include/quad_msgs/quad_msgs/msg/detail/grf_array__functions.h
[2.931s] -- Installing: /home/rml/ros2_ws/src/quad-sdk/install/quad_msgs/include/quad_msgs/quad_msgs/msg/detail/contact_mode__type_support.c
[2.931s] -- Up-to-date: /home/rml/ros2_ws/src/quad-sdk/install/quad_msgs/include/quad_msgs/quad_msgs/msg/detail/body_force_estimate__description.c
[2.931s] -- Up-to-date: /home/rml/ros2_ws/src/quad-sdk/install/quad_msgs/include/quad_msgs/quad_msgs/msg/detail/multi_foot_plan_continuous__description.c
[2.931s] -- Up-to-date: /home/rml/ros2_ws/src/quad-sdk/install/quad_msgs/include/quad_msgs/quad_msgs/msg/detail/robot_plan__description.c
[2.932s] -- Up-to-date: /home/rml/ros2_ws/src/quad-sdk/install/quad_msgs/include/quad_msgs/quad_msgs/msg/detail/foot_plan_discrete__type_support.h
[2.932s] -- Up-to-date: /home/rml/ros2_ws/src/quad-sdk/install/quad_msgs/include/quad_msgs/quad_msgs/msg/detail/motor_command__description.c
[2.932s] -- Up-to-date: /home/rml/ros2_ws/src/quad-sdk/install/quad_msgs/include/quad_msgs/quad_msgs/msg/detail/contact_mode__struct.h
[2.932s] -- Up-to-date: /home/rml/ros2_ws/src/quad-sdk/install/quad_msgs/include/quad_msgs/quad_msgs/msg/detail/leg_contact_mode__type_support.h
[2.932s] -- Up-to-date: /home/rml/ros2_ws/src/quad-sdk/install/quad_msgs/include/quad_msgs/quad_msgs/msg/detail/contact_mode__description.c
[2.932s] -- Up-to-date: /home/rml/ros2_ws/src/quad-sdk/install/quad_msgs/include/quad_msgs/quad_msgs/msg/detail/multi_foot_state__type_support.h
[2.932s] -- Installing: /home/rml/ros2_ws/src/quad-sdk/install/quad_msgs/include/quad_msgs/quad_msgs/msg/detail/foot_plan_discrete__type_support.c
[2.932s] -- Up-to-date: /home/rml/ros2_ws/src/quad-sdk/install/quad_msgs/include/quad_msgs/quad_msgs/msg/detail/robot_plan_diagnostics__type_support.h
[2.932s] -- Up-to-date: /home/rml/ros2_ws/src/quad-sdk/install/quad_msgs/include/quad_msgs/quad_msgs/msg/detail/robot_state__struct.h
[2.932s] -- Installing: /home/rml/ros2_ws/src/quad-sdk/install/quad_msgs/include/quad_msgs/quad_msgs/msg/detail/multi_foot_state__type_support.c
[2.932s] -- Installing: /home/rml/ros2_ws/src/quad-sdk/install/quad_msgs/include/quad_msgs/quad_msgs/msg/detail/motor_command__type_support.c
[2.932s] -- Up-to-date: /home/rml/ros2_ws/src/quad-sdk/install/quad_msgs/include/quad_msgs/quad_msgs/msg/detail/body_state__description.c
[2.932s] -- Up-to-date: /home/rml/ros2_ws/src/quad-sdk/install/quad_msgs/include/quad_msgs/quad_msgs/msg/detail/leg_command__description.c
[2.932s] -- Up-to-date: /home/rml/ros2_ws/src/quad-sdk/install/quad_msgs/include/quad_msgs/quad_msgs/msg/detail/multi_foot_state__description.c
[2.932s] -- Up-to-date: /home/rml/ros2_ws/src/quad-sdk/install/quad_msgs/include/quad_msgs/quad_msgs/msg/detail/multi_foot_plan_continuous__struct.h
[2.932s] -- Up-to-date: /home/rml/ros2_ws/src/quad-sdk/install/quad_msgs/include/quad_msgs/quad_msgs/msg/detail/leg_command__type_support.h
[2.932s] -- Up-to-date: /home/rml/ros2_ws/src/quad-sdk/install/quad_msgs/include/quad_msgs/quad_msgs/msg/detail/foot_plan_discrete__functions.h
[2.932s] -- Up-to-date: /home/rml/ros2_ws/src/quad-sdk/install/quad_msgs/include/quad_msgs/quad_msgs/msg/detail/robot_plan__functions.h
[2.932s] -- Up-to-date: /home/rml/ros2_ws/src/quad-sdk/install/quad_msgs/include/quad_msgs/quad_msgs/msg/detail/leg_command_array__functions.h
[2.932s] -- Up-to-date: /home/rml/ros2_ws/src/quad-sdk/install/quad_msgs/include/quad_msgs/quad_msgs/msg/detail/leg_command__functions.h
[2.932s] -- Installing: /home/rml/ros2_ws/src/quad-sdk/install/quad_msgs/include/quad_msgs/quad_msgs/msg/detail/grf_array__type_support.c
[2.932s] -- Up-to-date: /home/rml/ros2_ws/src/quad-sdk/install/quad_msgs/include/quad_msgs/quad_msgs/msg/detail/body_force_estimate__functions.h
[2.932s] -- Up-to-date: /home/rml/ros2_ws/src/quad-sdk/install/quad_msgs/include/quad_msgs/quad_msgs/msg/detail/robot_plan__type_support.h
[2.932s] -- Up-to-date: /home/rml/ros2_ws/src/quad-sdk/install/quad_msgs/include/quad_msgs/quad_msgs/msg/detail/robot_plan_diagnostics__struct.h
[2.932s] -- Up-to-date: /home/rml/ros2_ws/src/quad-sdk/install/quad_msgs/include/quad_msgs/quad_msgs/msg/detail/foot_state__type_support.h
[2.932s] -- Up-to-date: /home/rml/ros2_ws/src/quad-sdk/install/quad_msgs/include/quad_msgs/quad_msgs/msg/detail/contact_mode__functions.h
[2.932s] -- Up-to-date: /home/rml/ros2_ws/src/quad-sdk/install/quad_msgs/include/quad_msgs/quad_msgs/msg/detail/multi_foot_plan_continuous__type_support.h
[2.932s] -- Up-to-date: /home/rml/ros2_ws/src/quad-sdk/install/quad_msgs/include/quad_msgs/quad_msgs/msg/detail/robot_state__type_support.h
[2.932s] -- Up-to-date: /home/rml/ros2_ws/src/quad-sdk/install/quad_msgs/include/quad_msgs/quad_msgs/msg/detail/motor_command__functions.h
[2.932s] -- Up-to-date: /home/rml/ros2_ws/src/quad-sdk/install/quad_msgs/include/quad_msgs/quad_msgs/msg/detail/leg_command_array__description.c
[2.932s] -- Up-to-date: /home/rml/ros2_ws/src/quad-sdk/install/quad_msgs/include/quad_msgs/quad_msgs/msg/detail/foot_state__functions.c
[2.932s] -- Up-to-date: /home/rml/ros2_ws/src/quad-sdk/install/quad_msgs/include/quad_msgs/quad_msgs/msg/detail/multi_foot_state__functions.h
[2.932s] -- Up-to-date: /home/rml/ros2_ws/src/quad-sdk/install/quad_msgs/include/quad_msgs/quad_msgs/msg/detail/body_state__functions.h
[2.932s] -- Installing: /home/rml/ros2_ws/src/quad-sdk/install/quad_msgs/include/quad_msgs/quad_msgs/msg/detail/robot_plan_diagnostics__type_support.c
[2.932s] -- Up-to-date: /home/rml/ros2_ws/src/quad-sdk/install/quad_msgs/include/quad_msgs/quad_msgs/msg/detail/leg_command_array__struct.h
[2.932s] -- Up-to-date: /home/rml/ros2_ws/src/quad-sdk/install/quad_msgs/include/quad_msgs/quad_msgs/msg/detail/grf_array__functions.c
[2.932s] -- Up-to-date: /home/rml/ros2_ws/src/quad-sdk/install/quad_msgs/include/quad_msgs/quad_msgs/msg/detail/robot_plan_diagnostics__functions.c
[2.932s] -- Up-to-date: /home/rml/ros2_ws/src/quad-sdk/install/quad_msgs/include/quad_msgs/quad_msgs/msg/detail/robot_plan_diagnostics__description.c
[2.932s] -- Up-to-date: /home/rml/ros2_ws/src/quad-sdk/install/quad_msgs/include/quad_msgs/quad_msgs/msg/detail/foot_plan_discrete__functions.c
[2.932s] -- Up-to-date: /home/rml/ros2_ws/src/quad-sdk/install/quad_msgs/include/quad_msgs/quad_msgs/msg/grf_array.h
[2.932s] -- Up-to-date: /home/rml/ros2_ws/src/quad-sdk/install/quad_msgs/share/quad_msgs/environment/library_path.sh
[2.932s] -- Up-to-date: /home/rml/ros2_ws/src/quad-sdk/install/quad_msgs/share/quad_msgs/environment/library_path.dsv
[2.932s] -- Installing: /home/rml/ros2_ws/src/quad-sdk/install/quad_msgs/lib/libquad_msgs__rosidl_generator_c.so
[2.932s] -- Set non-toolchain portion of runtime path of "/home/rml/ros2_ws/src/quad-sdk/install/quad_msgs/lib/libquad_msgs__rosidl_generator_c.so" to ""
[2.932s] -- Up-to-date: /home/rml/ros2_ws/src/quad-sdk/install/quad_msgs/include/quad_msgs/quad_msgs
[2.932s] -- Up-to-date: /home/rml/ros2_ws/src/quad-sdk/install/quad_msgs/include/quad_msgs/quad_msgs/msg
[2.932s] -- Up-to-date: /home/rml/ros2_ws/src/quad-sdk/install/quad_msgs/include/quad_msgs/quad_msgs/msg/detail
[2.932s] -- Up-to-date: /home/rml/ros2_ws/src/quad-sdk/install/quad_msgs/include/quad_msgs/quad_msgs/msg/detail/body_state__rosidl_typesupport_fastrtps_c.h
[2.933s] -- Up-to-date: /home/rml/ros2_ws/src/quad-sdk/install/quad_msgs/include/quad_msgs/quad_msgs/msg/detail/leg_command_array__rosidl_typesupport_fastrtps_c.h
[2.933s] -- Up-to-date: /home/rml/ros2_ws/src/quad-sdk/install/quad_msgs/include/quad_msgs/quad_msgs/msg/detail/foot_state__rosidl_typesupport_fastrtps_c.h
[2.933s] -- Up-to-date: /home/rml/ros2_ws/src/quad-sdk/install/quad_msgs/include/quad_msgs/quad_msgs/msg/detail/multi_foot_state__rosidl_typesupport_fastrtps_c.h
[2.933s] -- Up-to-date: /home/rml/ros2_ws/src/quad-sdk/install/quad_msgs/include/quad_msgs/quad_msgs/msg/detail/contact_mode__rosidl_typesupport_fastrtps_c.h
[2.933s] -- Up-to-date: /home/rml/ros2_ws/src/quad-sdk/install/quad_msgs/include/quad_msgs/quad_msgs/msg/detail/robot_plan_diagnostics__rosidl_typesupport_fastrtps_c.h
[2.933s] -- Up-to-date: /home/rml/ros2_ws/src/quad-sdk/install/quad_msgs/include/quad_msgs/quad_msgs/msg/detail/robot_state__rosidl_typesupport_fastrtps_c.h
[2.933s] -- Up-to-date: /home/rml/ros2_ws/src/quad-sdk/install/quad_msgs/include/quad_msgs/quad_msgs/msg/detail/robot_plan__rosidl_typesupport_fastrtps_c.h
[2.933s] -- Up-to-date: /home/rml/ros2_ws/src/quad-sdk/install/quad_msgs/include/quad_msgs/quad_msgs/msg/detail/motor_command__rosidl_typesupport_fastrtps_c.h
[2.933s] -- Up-to-date: /home/rml/ros2_ws/src/quad-sdk/install/quad_msgs/include/quad_msgs/quad_msgs/msg/detail/leg_contact_mode__rosidl_typesupport_fastrtps_c.h
[2.933s] -- Up-to-date: /home/rml/ros2_ws/src/quad-sdk/install/quad_msgs/include/quad_msgs/quad_msgs/msg/detail/foot_plan_discrete__rosidl_typesupport_fastrtps_c.h
[2.933s] -- Up-to-date: /home/rml/ros2_ws/src/quad-sdk/install/quad_msgs/include/quad_msgs/quad_msgs/msg/detail/body_force_estimate__rosidl_typesupport_fastrtps_c.h
[2.933s] -- Up-to-date: /home/rml/ros2_ws/src/quad-sdk/install/quad_msgs/include/quad_msgs/quad_msgs/msg/detail/multi_foot_plan_discrete__rosidl_typesupport_fastrtps_c.h
[2.933s] -- Up-to-date: /home/rml/ros2_ws/src/quad-sdk/install/quad_msgs/include/quad_msgs/quad_msgs/msg/detail/grf_array__rosidl_typesupport_fastrtps_c.h
[2.933s] -- Up-to-date: /home/rml/ros2_ws/src/quad-sdk/install/quad_msgs/include/quad_msgs/quad_msgs/msg/detail/multi_foot_plan_continuous__rosidl_typesupport_fastrtps_c.h
[2.933s] -- Up-to-date: /home/rml/ros2_ws/src/quad-sdk/install/quad_msgs/include/quad_msgs/quad_msgs/msg/detail/leg_command__rosidl_typesupport_fastrtps_c.h
[2.933s] -- Up-to-date: /home/rml/ros2_ws/src/quad-sdk/install/quad_msgs/include/quad_msgs/quad_msgs/msg/rosidl_typesupport_fastrtps_c__visibility_control.h
[2.933s] -- Installing: /home/rml/ros2_ws/src/quad-sdk/install/quad_msgs/lib/libquad_msgs__rosidl_typesupport_fastrtps_c.so
[2.933s] -- Set non-toolchain portion of runtime path of "/home/rml/ros2_ws/src/quad-sdk/install/quad_msgs/lib/libquad_msgs__rosidl_typesupport_fastrtps_c.so" to ""
[2.933s] -- Up-to-date: /home/rml/ros2_ws/src/quad-sdk/install/quad_msgs/include/quad_msgs/quad_msgs
[2.933s] -- Up-to-date: /home/rml/ros2_ws/src/quad-sdk/install/quad_msgs/include/quad_msgs/quad_msgs/msg
[2.933s] -- Up-to-date: /home/rml/ros2_ws/src/quad-sdk/install/quad_msgs/include/quad_msgs/quad_msgs/msg/rosidl_typesupport_introspection_c__visibility_control.h
[2.933s] -- Up-to-date: /home/rml/ros2_ws/src/quad-sdk/install/quad_msgs/include/quad_msgs/quad_msgs/msg/detail
[2.933s] -- Installing: /home/rml/ros2_ws/src/quad-sdk/install/quad_msgs/include/quad_msgs/quad_msgs/msg/detail/leg_command_array__type_support.c
[2.933s] -- Up-to-date: /home/rml/ros2_ws/src/quad-sdk/install/quad_msgs/include/quad_msgs/quad_msgs/msg/detail/robot_state__rosidl_typesupport_introspection_c.h
[2.933s] -- Installing: /home/rml/ros2_ws/src/quad-sdk/install/quad_msgs/include/quad_msgs/quad_msgs/msg/detail/robot_state__type_support.c
[2.933s] -- Installing: /home/rml/ros2_ws/src/quad-sdk/install/quad_msgs/include/quad_msgs/quad_msgs/msg/detail/leg_command__type_support.c
[2.933s] -- Installing: /home/rml/ros2_ws/src/quad-sdk/install/quad_msgs/include/quad_msgs/quad_msgs/msg/detail/body_force_estimate__type_support.c
[2.933s] -- Installing: /home/rml/ros2_ws/src/quad-sdk/install/quad_msgs/include/quad_msgs/quad_msgs/msg/detail/multi_foot_plan_discrete__type_support.c
[2.933s] -- Installing: /home/rml/ros2_ws/src/quad-sdk/install/quad_msgs/include/quad_msgs/quad_msgs/msg/detail/leg_contact_mode__type_support.c
[2.933s] -- Installing: /home/rml/ros2_ws/src/quad-sdk/install/quad_msgs/include/quad_msgs/quad_msgs/msg/detail/foot_state__type_support.c
[2.933s] -- Up-to-date: /home/rml/ros2_ws/src/quad-sdk/install/quad_msgs/include/quad_msgs/quad_msgs/msg/detail/motor_command__rosidl_typesupport_introspection_c.h
[2.933s] -- Installing: /home/rml/ros2_ws/src/quad-sdk/install/quad_msgs/include/quad_msgs/quad_msgs/msg/detail/body_state__type_support.c
[2.933s] -- Installing: /home/rml/ros2_ws/src/quad-sdk/install/quad_msgs/include/quad_msgs/quad_msgs/msg/detail/multi_foot_plan_continuous__type_support.c
[2.933s] -- Up-to-date: /home/rml/ros2_ws/src/quad-sdk/install/quad_msgs/include/quad_msgs/quad_msgs/msg/detail/multi_foot_state__rosidl_typesupport_introspection_c.h
[2.933s] -- Installing: /home/rml/ros2_ws/src/quad-sdk/install/quad_msgs/include/quad_msgs/quad_msgs/msg/detail/robot_plan__type_support.c
[2.933s] -- Installing: /home/rml/ros2_ws/src/quad-sdk/install/quad_msgs/include/quad_msgs/quad_msgs/msg/detail/contact_mode__type_support.c
[2.933s] -- Up-to-date: /home/rml/ros2_ws/src/quad-sdk/install/quad_msgs/include/quad_msgs/quad_msgs/msg/detail/leg_contact_mode__rosidl_typesupport_introspection_c.h
[2.933s] -- Up-to-date: /home/rml/ros2_ws/src/quad-sdk/install/quad_msgs/include/quad_msgs/quad_msgs/msg/detail/multi_foot_plan_continuous__rosidl_typesupport_introspection_c.h
[2.933s] -- Up-to-date: /home/rml/ros2_ws/src/quad-sdk/install/quad_msgs/include/quad_msgs/quad_msgs/msg/detail/foot_plan_discrete__rosidl_typesupport_introspection_c.h
[2.933s] -- Up-to-date: /home/rml/ros2_ws/src/quad-sdk/install/quad_msgs/include/quad_msgs/quad_msgs/msg/detail/contact_mode__rosidl_typesupport_introspection_c.h
[2.933s] -- Installing: /home/rml/ros2_ws/src/quad-sdk/install/quad_msgs/include/quad_msgs/quad_msgs/msg/detail/foot_plan_discrete__type_support.c
[2.933s] -- Up-to-date: /home/rml/ros2_ws/src/quad-sdk/install/quad_msgs/include/quad_msgs/quad_msgs/msg/detail/multi_foot_plan_discrete__rosidl_typesupport_introspection_c.h
[2.933s] -- Up-to-date: /home/rml/ros2_ws/src/quad-sdk/install/quad_msgs/include/quad_msgs/quad_msgs/msg/detail/grf_array__rosidl_typesupport_introspection_c.h
[2.933s] -- Installing: /home/rml/ros2_ws/src/quad-sdk/install/quad_msgs/include/quad_msgs/quad_msgs/msg/detail/multi_foot_state__type_support.c
[2.933s] -- Installing: /home/rml/ros2_ws/src/quad-sdk/install/quad_msgs/include/quad_msgs/quad_msgs/msg/detail/motor_command__type_support.c
[2.933s] -- Up-to-date: /home/rml/ros2_ws/src/quad-sdk/install/quad_msgs/include/quad_msgs/quad_msgs/msg/detail/robot_plan_diagnostics__rosidl_typesupport_introspection_c.h
[2.933s] -- Up-to-date: /home/rml/ros2_ws/src/quad-sdk/install/quad_msgs/include/quad_msgs/quad_msgs/msg/detail/leg_command__rosidl_typesupport_introspection_c.h
[2.933s] -- Up-to-date: /home/rml/ros2_ws/src/quad-sdk/install/quad_msgs/include/quad_msgs/quad_msgs/msg/detail/body_force_estimate__rosidl_typesupport_introspection_c.h
[2.933s] -- Installing: /home/rml/ros2_ws/src/quad-sdk/install/quad_msgs/include/quad_msgs/quad_msgs/msg/detail/grf_array__type_support.c
[2.934s] -- Up-to-date: /home/rml/ros2_ws/src/quad-sdk/install/quad_msgs/include/quad_msgs/quad_msgs/msg/detail/body_state__rosidl_typesupport_introspection_c.h
[2.934s] -- Up-to-date: /home/rml/ros2_ws/src/quad-sdk/install/quad_msgs/include/quad_msgs/quad_msgs/msg/detail/robot_plan__rosidl_typesupport_introspection_c.h
[2.934s] -- Up-to-date: /home/rml/ros2_ws/src/quad-sdk/install/quad_msgs/include/quad_msgs/quad_msgs/msg/detail/foot_state__rosidl_typesupport_introspection_c.h
[2.934s] -- Up-to-date: /home/rml/ros2_ws/src/quad-sdk/install/quad_msgs/include/quad_msgs/quad_msgs/msg/detail/leg_command_array__rosidl_typesupport_introspection_c.h
[2.934s] -- Installing: /home/rml/ros2_ws/src/quad-sdk/install/quad_msgs/include/quad_msgs/quad_msgs/msg/detail/robot_plan_diagnostics__type_support.c
[2.934s] -- Installing: /home/rml/ros2_ws/src/quad-sdk/install/quad_msgs/lib/libquad_msgs__rosidl_typesupport_introspection_c.so
[2.934s] -- Set non-toolchain portion of runtime path of "/home/rml/ros2_ws/src/quad-sdk/install/quad_msgs/lib/libquad_msgs__rosidl_typesupport_introspection_c.so" to ""
[2.934s] -- Installing: /home/rml/ros2_ws/src/quad-sdk/install/quad_msgs/lib/libquad_msgs__rosidl_typesupport_c.so
[2.934s] -- Set non-toolchain portion of runtime path of "/home/rml/ros2_ws/src/quad-sdk/install/quad_msgs/lib/libquad_msgs__rosidl_typesupport_c.so" to ""
[2.934s] -- Up-to-date: /home/rml/ros2_ws/src/quad-sdk/install/quad_msgs/include/quad_msgs/quad_msgs
[2.934s] -- Up-to-date: /home/rml/ros2_ws/src/quad-sdk/install/quad_msgs/include/quad_msgs/quad_msgs/msg
[2.934s] -- Up-to-date: /home/rml/ros2_ws/src/quad-sdk/install/quad_msgs/include/quad_msgs/quad_msgs/msg/multi_foot_plan_discrete.hpp
[2.934s] -- Up-to-date: /home/rml/ros2_ws/src/quad-sdk/install/quad_msgs/include/quad_msgs/quad_msgs/msg/foot_state.hpp
[2.934s] -- Up-to-date: /home/rml/ros2_ws/src/quad-sdk/install/quad_msgs/include/quad_msgs/quad_msgs/msg/foot_plan_discrete.hpp
[2.934s] -- Up-to-date: /home/rml/ros2_ws/src/quad-sdk/install/quad_msgs/include/quad_msgs/quad_msgs/msg/leg_contact_mode.hpp
[2.934s] -- Up-to-date: /home/rml/ros2_ws/src/quad-sdk/install/quad_msgs/include/quad_msgs/quad_msgs/msg/leg_command_array.hpp
[2.934s] -- Up-to-date: /home/rml/ros2_ws/src/quad-sdk/install/quad_msgs/include/quad_msgs/quad_msgs/msg/contact_mode.hpp
[2.934s] -- Up-to-date: /home/rml/ros2_ws/src/quad-sdk/install/quad_msgs/include/quad_msgs/quad_msgs/msg/rosidl_generator_cpp__visibility_control.hpp
[2.934s] -- Up-to-date: /home/rml/ros2_ws/src/quad-sdk/install/quad_msgs/include/quad_msgs/quad_msgs/msg/leg_command.hpp
[2.934s] -- Up-to-date: /home/rml/ros2_ws/src/quad-sdk/install/quad_msgs/include/quad_msgs/quad_msgs/msg/robot_plan_diagnostics.hpp
[2.934s] -- Up-to-date: /home/rml/ros2_ws/src/quad-sdk/install/quad_msgs/include/quad_msgs/quad_msgs/msg/multi_foot_plan_continuous.hpp
[2.934s] -- Up-to-date: /home/rml/ros2_ws/src/quad-sdk/install/quad_msgs/include/quad_msgs/quad_msgs/msg/robot_plan.hpp
[2.934s] -- Up-to-date: /home/rml/ros2_ws/src/quad-sdk/install/quad_msgs/include/quad_msgs/quad_msgs/msg/grf_array.hpp
[2.934s] -- Up-to-date: /home/rml/ros2_ws/src/quad-sdk/install/quad_msgs/include/quad_msgs/quad_msgs/msg/robot_state.hpp
[2.934s] -- Up-to-date: /home/rml/ros2_ws/src/quad-sdk/install/quad_msgs/include/quad_msgs/quad_msgs/msg/multi_foot_state.hpp
[2.934s] -- Up-to-date: /home/rml/ros2_ws/src/quad-sdk/install/quad_msgs/include/quad_msgs/quad_msgs/msg/motor_command.hpp
[2.934s] -- Up-to-date: /home/rml/ros2_ws/src/quad-sdk/install/quad_msgs/include/quad_msgs/quad_msgs/msg/detail
[2.934s] -- Up-to-date: /home/rml/ros2_ws/src/quad-sdk/install/quad_msgs/include/quad_msgs/quad_msgs/msg/detail/multi_foot_plan_continuous__struct.hpp
[2.934s] -- Up-to-date: /home/rml/ros2_ws/src/quad-sdk/install/quad_msgs/include/quad_msgs/quad_msgs/msg/detail/foot_plan_discrete__traits.hpp
[2.934s] -- Up-to-date: /home/rml/ros2_ws/src/quad-sdk/install/quad_msgs/include/quad_msgs/quad_msgs/msg/detail/multi_foot_plan_discrete__traits.hpp
[2.934s] -- Up-to-date: /home/rml/ros2_ws/src/quad-sdk/install/quad_msgs/include/quad_msgs/quad_msgs/msg/detail/contact_mode__builder.hpp
[2.934s] -- Up-to-date: /home/rml/ros2_ws/src/quad-sdk/install/quad_msgs/include/quad_msgs/quad_msgs/msg/detail/leg_contact_mode__struct.hpp
[2.934s] -- Up-to-date: /home/rml/ros2_ws/src/quad-sdk/install/quad_msgs/include/quad_msgs/quad_msgs/msg/detail/foot_state__builder.hpp
[2.934s] -- Up-to-date: /home/rml/ros2_ws/src/quad-sdk/install/quad_msgs/include/quad_msgs/quad_msgs/msg/detail/body_state__traits.hpp
[2.934s] -- Up-to-date: /home/rml/ros2_ws/src/quad-sdk/install/quad_msgs/include/quad_msgs/quad_msgs/msg/detail/grf_array__builder.hpp
[2.934s] -- Up-to-date: /home/rml/ros2_ws/src/quad-sdk/install/quad_msgs/include/quad_msgs/quad_msgs/msg/detail/leg_command__struct.hpp
[2.934s] -- Up-to-date: /home/rml/ros2_ws/src/quad-sdk/install/quad_msgs/include/quad_msgs/quad_msgs/msg/detail/contact_mode__type_support.hpp
[2.934s] -- Up-to-date: /home/rml/ros2_ws/src/quad-sdk/install/quad_msgs/include/quad_msgs/quad_msgs/msg/detail/robot_plan__builder.hpp
[2.934s] -- Up-to-date: /home/rml/ros2_ws/src/quad-sdk/install/quad_msgs/include/quad_msgs/quad_msgs/msg/detail/multi_foot_plan_continuous__builder.hpp
[2.934s] -- Up-to-date: /home/rml/ros2_ws/src/quad-sdk/install/quad_msgs/include/quad_msgs/quad_msgs/msg/detail/multi_foot_plan_discrete__builder.hpp
[2.934s] -- Up-to-date: /home/rml/ros2_ws/src/quad-sdk/install/quad_msgs/include/quad_msgs/quad_msgs/msg/detail/foot_plan_discrete__builder.hpp
[2.934s] -- Up-to-date: /home/rml/ros2_ws/src/quad-sdk/install/quad_msgs/include/quad_msgs/quad_msgs/msg/detail/multi_foot_plan_discrete__type_support.hpp
[2.934s] -- Up-to-date: /home/rml/ros2_ws/src/quad-sdk/install/quad_msgs/include/quad_msgs/quad_msgs/msg/detail/motor_command__builder.hpp
[2.934s] -- Up-to-date: /home/rml/ros2_ws/src/quad-sdk/install/quad_msgs/include/quad_msgs/quad_msgs/msg/detail/multi_foot_state__struct.hpp
[2.934s] -- Up-to-date: /home/rml/ros2_ws/src/quad-sdk/install/quad_msgs/include/quad_msgs/quad_msgs/msg/detail/grf_array__traits.hpp
[2.934s] -- Up-to-date: /home/rml/ros2_ws/src/quad-sdk/install/quad_msgs/include/quad_msgs/quad_msgs/msg/detail/leg_command_array__type_support.hpp
[2.934s] -- Up-to-date: /home/rml/ros2_ws/src/quad-sdk/install/quad_msgs/include/quad_msgs/quad_msgs/msg/detail/multi_foot_plan_continuous__traits.hpp
[2.934s] -- Up-to-date: /home/rml/ros2_ws/src/quad-sdk/install/quad_msgs/include/quad_msgs/quad_msgs/msg/detail/leg_command_array__struct.hpp
[2.935s] -- Up-to-date: /home/rml/ros2_ws/src/quad-sdk/install/quad_msgs/include/quad_msgs/quad_msgs/msg/detail/multi_foot_state__traits.hpp
[2.935s] -- Up-to-date: /home/rml/ros2_ws/src/quad-sdk/install/quad_msgs/include/quad_msgs/quad_msgs/msg/detail/robot_plan__type_support.hpp
[2.935s] -- Up-to-date: /home/rml/ros2_ws/src/quad-sdk/install/quad_msgs/include/quad_msgs/quad_msgs/msg/detail/leg_command_array__builder.hpp
[2.935s] -- Up-to-date: /home/rml/ros2_ws/src/quad-sdk/install/quad_msgs/include/quad_msgs/quad_msgs/msg/detail/body_force_estimate__struct.hpp
[2.935s] -- Up-to-date: /home/rml/ros2_ws/src/quad-sdk/install/quad_msgs/include/quad_msgs/quad_msgs/msg/detail/grf_array__struct.hpp
[2.935s] -- Up-to-date: /home/rml/ros2_ws/src/quad-sdk/install/quad_msgs/include/quad_msgs/quad_msgs/msg/detail/body_force_estimate__builder.hpp
[2.935s] -- Up-to-date: /home/rml/ros2_ws/src/quad-sdk/install/quad_msgs/include/quad_msgs/quad_msgs/msg/detail/body_force_estimate__traits.hpp
[2.935s] -- Up-to-date: /home/rml/ros2_ws/src/quad-sdk/install/quad_msgs/include/quad_msgs/quad_msgs/msg/detail/leg_command_array__traits.hpp
[2.935s] -- Up-to-date: /home/rml/ros2_ws/src/quad-sdk/install/quad_msgs/include/quad_msgs/quad_msgs/msg/detail/foot_plan_discrete__type_support.hpp
[2.935s] -- Up-to-date: /home/rml/ros2_ws/src/quad-sdk/install/quad_msgs/include/quad_msgs/quad_msgs/msg/detail/multi_foot_state__type_support.hpp
[2.935s] -- Up-to-date: /home/rml/ros2_ws/src/quad-sdk/install/quad_msgs/include/quad_msgs/quad_msgs/msg/detail/robot_plan_diagnostics__type_support.hpp
[2.935s] -- Up-to-date: /home/rml/ros2_ws/src/quad-sdk/install/quad_msgs/include/quad_msgs/quad_msgs/msg/detail/multi_foot_state__builder.hpp
[2.935s] -- Up-to-date: /home/rml/ros2_ws/src/quad-sdk/install/quad_msgs/include/quad_msgs/quad_msgs/msg/detail/robot_state__builder.hpp
[2.935s] -- Up-to-date: /home/rml/ros2_ws/src/quad-sdk/install/quad_msgs/include/quad_msgs/quad_msgs/msg/detail/robot_plan_diagnostics__struct.hpp
[2.935s] -- Up-to-date: /home/rml/ros2_ws/src/quad-sdk/install/quad_msgs/include/quad_msgs/quad_msgs/msg/detail/leg_command__traits.hpp
[2.935s] -- Up-to-date: /home/rml/ros2_ws/src/quad-sdk/install/quad_msgs/include/quad_msgs/quad_msgs/msg/detail/motor_command__struct.hpp
[2.935s] -- Up-to-date: /home/rml/ros2_ws/src/quad-sdk/install/quad_msgs/include/quad_msgs/quad_msgs/msg/detail/multi_foot_plan_discrete__struct.hpp
[2.935s] -- Up-to-date: /home/rml/ros2_ws/src/quad-sdk/install/quad_msgs/include/quad_msgs/quad_msgs/msg/detail/leg_command__builder.hpp
[2.935s] -- Up-to-date: /home/rml/ros2_ws/src/quad-sdk/install/quad_msgs/include/quad_msgs/quad_msgs/msg/detail/robot_state__type_support.hpp
[2.935s] -- Up-to-date: /home/rml/ros2_ws/src/quad-sdk/install/quad_msgs/include/quad_msgs/quad_msgs/msg/detail/body_force_estimate__type_support.hpp
[2.935s] -- Up-to-date: /home/rml/ros2_ws/src/quad-sdk/install/quad_msgs/include/quad_msgs/quad_msgs/msg/detail/leg_contact_mode__type_support.hpp
[2.935s] -- Up-to-date: /home/rml/ros2_ws/src/quad-sdk/install/quad_msgs/include/quad_msgs/quad_msgs/msg/detail/motor_command__traits.hpp
[2.935s] -- Up-to-date: /home/rml/ros2_ws/src/quad-sdk/install/quad_msgs/include/quad_msgs/quad_msgs/msg/detail/multi_foot_plan_continuous__type_support.hpp
[2.935s] -- Up-to-date: /home/rml/ros2_ws/src/quad-sdk/install/quad_msgs/include/quad_msgs/quad_msgs/msg/detail/robot_plan__struct.hpp
[2.935s] -- Up-to-date: /home/rml/ros2_ws/src/quad-sdk/install/quad_msgs/include/quad_msgs/quad_msgs/msg/detail/body_state__builder.hpp
[2.935s] -- Up-to-date: /home/rml/ros2_ws/src/quad-sdk/install/quad_msgs/include/quad_msgs/quad_msgs/msg/detail/leg_contact_mode__traits.hpp
[2.935s] -- Up-to-date: /home/rml/ros2_ws/src/quad-sdk/install/quad_msgs/include/quad_msgs/quad_msgs/msg/detail/leg_contact_mode__builder.hpp
[2.935s] -- Up-to-date: /home/rml/ros2_ws/src/quad-sdk/install/quad_msgs/include/quad_msgs/quad_msgs/msg/detail/robot_plan_diagnostics__builder.hpp
[2.935s] -- Up-to-date: /home/rml/ros2_ws/src/quad-sdk/install/quad_msgs/include/quad_msgs/quad_msgs/msg/detail/grf_array__type_support.hpp
[2.935s] -- Up-to-date: /home/rml/ros2_ws/src/quad-sdk/install/quad_msgs/include/quad_msgs/quad_msgs/msg/detail/robot_state__traits.hpp
[2.935s] -- Up-to-date: /home/rml/ros2_ws/src/quad-sdk/install/quad_msgs/include/quad_msgs/quad_msgs/msg/detail/foot_plan_discrete__struct.hpp
[2.935s] -- Up-to-date: /home/rml/ros2_ws/src/quad-sdk/install/quad_msgs/include/quad_msgs/quad_msgs/msg/detail/foot_state__type_support.hpp
[2.935s] -- Up-to-date: /home/rml/ros2_ws/src/quad-sdk/install/quad_msgs/include/quad_msgs/quad_msgs/msg/detail/foot_state__struct.hpp
[2.935s] -- Up-to-date: /home/rml/ros2_ws/src/quad-sdk/install/quad_msgs/include/quad_msgs/quad_msgs/msg/detail/robot_plan_diagnostics__traits.hpp
[2.935s] -- Up-to-date: /home/rml/ros2_ws/src/quad-sdk/install/quad_msgs/include/quad_msgs/quad_msgs/msg/detail/body_state__struct.hpp
[2.935s] -- Up-to-date: /home/rml/ros2_ws/src/quad-sdk/install/quad_msgs/include/quad_msgs/quad_msgs/msg/detail/contact_mode__traits.hpp
[2.935s] -- Up-to-date: /home/rml/ros2_ws/src/quad-sdk/install/quad_msgs/include/quad_msgs/quad_msgs/msg/detail/motor_command__type_support.hpp
[2.935s] -- Up-to-date: /home/rml/ros2_ws/src/quad-sdk/install/quad_msgs/include/quad_msgs/quad_msgs/msg/detail/body_state__type_support.hpp
[2.935s] -- Up-to-date: /home/rml/ros2_ws/src/quad-sdk/install/quad_msgs/include/quad_msgs/quad_msgs/msg/detail/robot_state__struct.hpp
[2.935s] -- Up-to-date: /home/rml/ros2_ws/src/quad-sdk/install/quad_msgs/include/quad_msgs/quad_msgs/msg/detail/leg_command__type_support.hpp
[2.935s] -- Up-to-date: /home/rml/ros2_ws/src/quad-sdk/install/quad_msgs/include/quad_msgs/quad_msgs/msg/detail/foot_state__traits.hpp
[2.935s] -- Up-to-date: /home/rml/ros2_ws/src/quad-sdk/install/quad_msgs/include/quad_msgs/quad_msgs/msg/detail/robot_plan__traits.hpp
[2.935s] -- Up-to-date: /home/rml/ros2_ws/src/quad-sdk/install/quad_msgs/include/quad_msgs/quad_msgs/msg/detail/contact_mode__struct.hpp
[2.935s] -- Up-to-date: /home/rml/ros2_ws/src/quad-sdk/install/quad_msgs/include/quad_msgs/quad_msgs/msg/body_force_estimate.hpp
[2.935s] -- Up-to-date: /home/rml/ros2_ws/src/quad-sdk/install/quad_msgs/include/quad_msgs/quad_msgs/msg/body_state.hpp
[2.936s] -- Up-to-date: /home/rml/ros2_ws/src/quad-sdk/install/quad_msgs/include/quad_msgs/quad_msgs
[2.936s] -- Up-to-date: /home/rml/ros2_ws/src/quad-sdk/install/quad_msgs/include/quad_msgs/quad_msgs/msg
[2.936s] -- Up-to-date: /home/rml/ros2_ws/src/quad-sdk/install/quad_msgs/include/quad_msgs/quad_msgs/msg/rosidl_typesupport_fastrtps_cpp__visibility_control.h
[2.936s] -- Up-to-date: /home/rml/ros2_ws/src/quad-sdk/install/quad_msgs/include/quad_msgs/quad_msgs/msg/detail
[2.936s] -- Up-to-date: /home/rml/ros2_ws/src/quad-sdk/install/quad_msgs/include/quad_msgs/quad_msgs/msg/detail/multi_foot_plan_continuous__rosidl_typesupport_fastrtps_cpp.hpp
[2.936s] -- Up-to-date: /home/rml/ros2_ws/src/quad-sdk/install/quad_msgs/include/quad_msgs/quad_msgs/msg/detail/multi_foot_plan_discrete__rosidl_typesupport_fastrtps_cpp.hpp
[2.936s] -- Up-to-date: /home/rml/ros2_ws/src/quad-sdk/install/quad_msgs/include/quad_msgs/quad_msgs/msg/detail/leg_command_array__rosidl_typesupport_fastrtps_cpp.hpp
[2.936s] -- Up-to-date: /home/rml/ros2_ws/src/quad-sdk/install/quad_msgs/include/quad_msgs/quad_msgs/msg/detail/motor_command__rosidl_typesupport_fastrtps_cpp.hpp
[2.936s] -- Up-to-date: /home/rml/ros2_ws/src/quad-sdk/install/quad_msgs/include/quad_msgs/quad_msgs/msg/detail/multi_foot_state__rosidl_typesupport_fastrtps_cpp.hpp
[2.936s] -- Up-to-date: /home/rml/ros2_ws/src/quad-sdk/install/quad_msgs/include/quad_msgs/quad_msgs/msg/detail/leg_contact_mode__rosidl_typesupport_fastrtps_cpp.hpp
[2.936s] -- Up-to-date: /home/rml/ros2_ws/src/quad-sdk/install/quad_msgs/include/quad_msgs/quad_msgs/msg/detail/grf_array__rosidl_typesupport_fastrtps_cpp.hpp
[2.936s] -- Up-to-date: /home/rml/ros2_ws/src/quad-sdk/install/quad_msgs/include/quad_msgs/quad_msgs/msg/detail/body_force_estimate__rosidl_typesupport_fastrtps_cpp.hpp
[2.936s] -- Up-to-date: /home/rml/ros2_ws/src/quad-sdk/install/quad_msgs/include/quad_msgs/quad_msgs/msg/detail/robot_state__rosidl_typesupport_fastrtps_cpp.hpp
[2.936s] -- Up-to-date: /home/rml/ros2_ws/src/quad-sdk/install/quad_msgs/include/quad_msgs/quad_msgs/msg/detail/robot_plan_diagnostics__rosidl_typesupport_fastrtps_cpp.hpp
[2.936s] -- Up-to-date: /home/rml/ros2_ws/src/quad-sdk/install/quad_msgs/include/quad_msgs/quad_msgs/msg/detail/dds_fastrtps
[2.936s] -- Up-to-date: /home/rml/ros2_ws/src/quad-sdk/install/quad_msgs/include/quad_msgs/quad_msgs/msg/detail/foot_state__rosidl_typesupport_fastrtps_cpp.hpp
[2.936s] -- Up-to-date: /home/rml/ros2_ws/src/quad-sdk/install/quad_msgs/include/quad_msgs/quad_msgs/msg/detail/contact_mode__rosidl_typesupport_fastrtps_cpp.hpp
[2.936s] -- Up-to-date: /home/rml/ros2_ws/src/quad-sdk/install/quad_msgs/include/quad_msgs/quad_msgs/msg/detail/leg_command__rosidl_typesupport_fastrtps_cpp.hpp
[2.936s] -- Up-to-date: /home/rml/ros2_ws/src/quad-sdk/install/quad_msgs/include/quad_msgs/quad_msgs/msg/detail/robot_plan__rosidl_typesupport_fastrtps_cpp.hpp
[2.936s] -- Up-to-date: /home/rml/ros2_ws/src/quad-sdk/install/quad_msgs/include/quad_msgs/quad_msgs/msg/detail/foot_plan_discrete__rosidl_typesupport_fastrtps_cpp.hpp
[2.936s] -- Up-to-date: /home/rml/ros2_ws/src/quad-sdk/install/quad_msgs/include/quad_msgs/quad_msgs/msg/detail/body_state__rosidl_typesupport_fastrtps_cpp.hpp
[2.936s] -- Installing: /home/rml/ros2_ws/src/quad-sdk/install/quad_msgs/lib/libquad_msgs__rosidl_typesupport_fastrtps_cpp.so
[2.936s] -- Set non-toolchain portion of runtime path of "/home/rml/ros2_ws/src/quad-sdk/install/quad_msgs/lib/libquad_msgs__rosidl_typesupport_fastrtps_cpp.so" to ""
[2.936s] -- Up-to-date: /home/rml/ros2_ws/src/quad-sdk/install/quad_msgs/include/quad_msgs/quad_msgs
[2.936s] -- Up-to-date: /home/rml/ros2_ws/src/quad-sdk/install/quad_msgs/include/quad_msgs/quad_msgs/msg
[2.936s] -- Up-to-date: /home/rml/ros2_ws/src/quad-sdk/install/quad_msgs/include/quad_msgs/quad_msgs/msg/detail
[2.936s] -- Up-to-date: /home/rml/ros2_ws/src/quad-sdk/install/quad_msgs/include/quad_msgs/quad_msgs/msg/detail/motor_command__rosidl_typesupport_introspection_cpp.hpp
[2.936s] -- Up-to-date: /home/rml/ros2_ws/src/quad-sdk/install/quad_msgs/include/quad_msgs/quad_msgs/msg/detail/foot_plan_discrete__rosidl_typesupport_introspection_cpp.hpp
[2.936s] -- Up-to-date: /home/rml/ros2_ws/src/quad-sdk/install/quad_msgs/include/quad_msgs/quad_msgs/msg/detail/leg_contact_mode__type_support.cpp
[2.936s] -- Up-to-date: /home/rml/ros2_ws/src/quad-sdk/install/quad_msgs/include/quad_msgs/quad_msgs/msg/detail/multi_foot_plan_discrete__rosidl_typesupport_introspection_cpp.hpp
[2.936s] -- Up-to-date: /home/rml/ros2_ws/src/quad-sdk/install/quad_msgs/include/quad_msgs/quad_msgs/msg/detail/leg_command__rosidl_typesupport_introspection_cpp.hpp
[2.936s] -- Up-to-date: /home/rml/ros2_ws/src/quad-sdk/install/quad_msgs/include/quad_msgs/quad_msgs/msg/detail/leg_command__type_support.cpp
[2.936s] -- Up-to-date: /home/rml/ros2_ws/src/quad-sdk/install/quad_msgs/include/quad_msgs/quad_msgs/msg/detail/leg_contact_mode__rosidl_typesupport_introspection_cpp.hpp
[2.936s] -- Up-to-date: /home/rml/ros2_ws/src/quad-sdk/install/quad_msgs/include/quad_msgs/quad_msgs/msg/detail/body_state__rosidl_typesupport_introspection_cpp.hpp
[2.936s] -- Up-to-date: /home/rml/ros2_ws/src/quad-sdk/install/quad_msgs/include/quad_msgs/quad_msgs/msg/detail/foot_state__rosidl_typesupport_introspection_cpp.hpp
[2.936s] -- Up-to-date: /home/rml/ros2_ws/src/quad-sdk/install/quad_msgs/include/quad_msgs/quad_msgs/msg/detail/leg_command_array__type_support.cpp
[2.936s] -- Up-to-date: /home/rml/ros2_ws/src/quad-sdk/install/quad_msgs/include/quad_msgs/quad_msgs/msg/detail/multi_foot_plan_continuous__rosidl_typesupport_introspection_cpp.hpp
[2.936s] -- Up-to-date: /home/rml/ros2_ws/src/quad-sdk/install/quad_msgs/include/quad_msgs/quad_msgs/msg/detail/body_state__type_support.cpp
[2.936s] -- Up-to-date: /home/rml/ros2_ws/src/quad-sdk/install/quad_msgs/include/quad_msgs/quad_msgs/msg/detail/multi_foot_state__rosidl_typesupport_introspection_cpp.hpp
[2.936s] -- Up-to-date: /home/rml/ros2_ws/src/quad-sdk/install/quad_msgs/include/quad_msgs/quad_msgs/msg/detail/robot_state__type_support.cpp
[2.936s] -- Up-to-date: /home/rml/ros2_ws/src/quad-sdk/install/quad_msgs/include/quad_msgs/quad_msgs/msg/detail/body_force_estimate__rosidl_typesupport_introspection_cpp.hpp
[2.936s] -- Up-to-date: /home/rml/ros2_ws/src/quad-sdk/install/quad_msgs/include/quad_msgs/quad_msgs/msg/detail/multi_foot_plan_discrete__type_support.cpp
[2.936s] -- Up-to-date: /home/rml/ros2_ws/src/quad-sdk/install/quad_msgs/include/quad_msgs/quad_msgs/msg/detail/robot_plan__rosidl_typesupport_introspection_cpp.hpp
[2.936s] -- Up-to-date: /home/rml/ros2_ws/src/quad-sdk/install/quad_msgs/include/quad_msgs/quad_msgs/msg/detail/body_force_estimate__type_support.cpp
[2.936s] -- Up-to-date: /home/rml/ros2_ws/src/quad-sdk/install/quad_msgs/include/quad_msgs/quad_msgs/msg/detail/grf_array__rosidl_typesupport_introspection_cpp.hpp
[2.936s] -- Up-to-date: /home/rml/ros2_ws/src/quad-sdk/install/quad_msgs/include/quad_msgs/quad_msgs/msg/detail/robot_state__rosidl_typesupport_introspection_cpp.hpp
[2.936s] -- Up-to-date: /home/rml/ros2_ws/src/quad-sdk/install/quad_msgs/include/quad_msgs/quad_msgs/msg/detail/motor_command__type_support.cpp
[2.936s] -- Up-to-date: /home/rml/ros2_ws/src/quad-sdk/install/quad_msgs/include/quad_msgs/quad_msgs/msg/detail/foot_state__type_support.cpp
[2.936s] -- Up-to-date: /home/rml/ros2_ws/src/quad-sdk/install/quad_msgs/include/quad_msgs/quad_msgs/msg/detail/robot_plan__type_support.cpp
[2.937s] -- Up-to-date: /home/rml/ros2_ws/src/quad-sdk/install/quad_msgs/include/quad_msgs/quad_msgs/msg/detail/contact_mode__rosidl_typesupport_introspection_cpp.hpp
[2.937s] -- Up-to-date: /home/rml/ros2_ws/src/quad-sdk/install/quad_msgs/include/quad_msgs/quad_msgs/msg/detail/multi_foot_plan_continuous__type_support.cpp
[2.937s] -- Up-to-date: /home/rml/ros2_ws/src/quad-sdk/install/quad_msgs/include/quad_msgs/quad_msgs/msg/detail/multi_foot_state__type_support.cpp
[2.937s] -- Up-to-date: /home/rml/ros2_ws/src/quad-sdk/install/quad_msgs/include/quad_msgs/quad_msgs/msg/detail/robot_plan_diagnostics__rosidl_typesupport_introspection_cpp.hpp
[2.937s] -- Up-to-date: /home/rml/ros2_ws/src/quad-sdk/install/quad_msgs/include/quad_msgs/quad_msgs/msg/detail/leg_command_array__rosidl_typesupport_introspection_cpp.hpp
[2.937s] -- Up-to-date: /home/rml/ros2_ws/src/quad-sdk/install/quad_msgs/include/quad_msgs/quad_msgs/msg/detail/robot_plan_diagnostics__type_support.cpp
[2.937s] -- Up-to-date: /home/rml/ros2_ws/src/quad-sdk/install/quad_msgs/include/quad_msgs/quad_msgs/msg/detail/foot_plan_discrete__type_support.cpp
[2.937s] -- Up-to-date: /home/rml/ros2_ws/src/quad-sdk/install/quad_msgs/include/quad_msgs/quad_msgs/msg/detail/grf_array__type_support.cpp
[2.937s] -- Up-to-date: /home/rml/ros2_ws/src/quad-sdk/install/quad_msgs/include/quad_msgs/quad_msgs/msg/detail/contact_mode__type_support.cpp
[2.937s] -- Installing: /home/rml/ros2_ws/src/quad-sdk/install/quad_msgs/lib/libquad_msgs__rosidl_typesupport_introspection_cpp.so
[2.937s] -- Set non-toolchain portion of runtime path of "/home/rml/ros2_ws/src/quad-sdk/install/quad_msgs/lib/libquad_msgs__rosidl_typesupport_introspection_cpp.so" to ""
[2.937s] -- Installing: /home/rml/ros2_ws/src/quad-sdk/install/quad_msgs/lib/libquad_msgs__rosidl_typesupport_cpp.so
[2.937s] -- Set non-toolchain portion of runtime path of "/home/rml/ros2_ws/src/quad-sdk/install/quad_msgs/lib/libquad_msgs__rosidl_typesupport_cpp.so" to ""
[2.937s] -- Up-to-date: /home/rml/ros2_ws/src/quad-sdk/install/quad_msgs/share/quad_msgs/environment/pythonpath.sh
[2.937s] -- Up-to-date: /home/rml/ros2_ws/src/quad-sdk/install/quad_msgs/share/quad_msgs/environment/pythonpath.dsv
[2.937s] -- Up-to-date: /home/rml/ros2_ws/src/quad-sdk/install/quad_msgs/lib/python3.12/site-packages/quad_msgs-0.0.0-py3.12.egg-info
[2.937s] -- Installing: /home/rml/ros2_ws/src/quad-sdk/install/quad_msgs/lib/python3.12/site-packages/quad_msgs-0.0.0-py3.12.egg-info/top_level.txt
[2.937s] -- Installing: /home/rml/ros2_ws/src/quad-sdk/install/quad_msgs/lib/python3.12/site-packages/quad_msgs-0.0.0-py3.12.egg-info/SOURCES.txt
[2.937s] -- Installing: /home/rml/ros2_ws/src/quad-sdk/install/quad_msgs/lib/python3.12/site-packages/quad_msgs-0.0.0-py3.12.egg-info/dependency_links.txt
[2.937s] -- Installing: /home/rml/ros2_ws/src/quad-sdk/install/quad_msgs/lib/python3.12/site-packages/quad_msgs-0.0.0-py3.12.egg-info/PKG-INFO
[2.937s] -- Up-to-date: /home/rml/ros2_ws/src/quad-sdk/install/quad_msgs/lib/python3.12/site-packages/quad_msgs
[2.937s] -- Up-to-date: /home/rml/ros2_ws/src/quad-sdk/install/quad_msgs/lib/python3.12/site-packages/quad_msgs/_quad_msgs_s.ep.rosidl_typesupport_fastrtps_c.c
[2.937s] -- Up-to-date: /home/rml/ros2_ws/src/quad-sdk/install/quad_msgs/lib/python3.12/site-packages/quad_msgs/_quad_msgs_s.ep.rosidl_typesupport_c.c
[2.937s] -- Installing: /home/rml/ros2_ws/src/quad-sdk/install/quad_msgs/lib/python3.12/site-packages/quad_msgs/__init__.py
[2.937s] -- Up-to-date: /home/rml/ros2_ws/src/quad-sdk/install/quad_msgs/lib/python3.12/site-packages/quad_msgs/_quad_msgs_s.ep.rosidl_typesupport_introspection_c.c
[2.937s] -- Installing: /home/rml/ros2_ws/src/quad-sdk/install/quad_msgs/lib/python3.12/site-packages/quad_msgs/quad_msgs_s__rosidl_typesupport_c.so
[2.937s] -- Up-to-date: /home/rml/ros2_ws/src/quad-sdk/install/quad_msgs/lib/python3.12/site-packages/quad_msgs/msg
[2.937s] -- Up-to-date: /home/rml/ros2_ws/src/quad-sdk/install/quad_msgs/lib/python3.12/site-packages/quad_msgs/msg/_robot_plan_diagnostics_s.c
[2.937s] -- Up-to-date: /home/rml/ros2_ws/src/quad-sdk/install/quad_msgs/lib/python3.12/site-packages/quad_msgs/msg/_leg_command_s.c
[2.937s] -- Up-to-date: /home/rml/ros2_ws/src/quad-sdk/install/quad_msgs/lib/python3.12/site-packages/quad_msgs/msg/_robot_state.py
[2.937s] -- Up-to-date: /home/rml/ros2_ws/src/quad-sdk/install/quad_msgs/lib/python3.12/site-packages/quad_msgs/msg/_grf_array_s.c
[2.938s] -- Up-to-date: /home/rml/ros2_ws/src/quad-sdk/install/quad_msgs/lib/python3.12/site-packages/quad_msgs/msg/_robot_state_s.c
[2.938s] -- Up-to-date: /home/rml/ros2_ws/src/quad-sdk/install/quad_msgs/lib/python3.12/site-packages/quad_msgs/msg/_multi_foot_state.py
[2.938s] -- Up-to-date: /home/rml/ros2_ws/src/quad-sdk/install/quad_msgs/lib/python3.12/site-packages/quad_msgs/msg/_body_force_estimate.py
[2.938s] -- Up-to-date: /home/rml/ros2_ws/src/quad-sdk/install/quad_msgs/lib/python3.12/site-packages/quad_msgs/msg/_body_force_estimate_s.c
[2.938s] -- Up-to-date: /home/rml/ros2_ws/src/quad-sdk/install/quad_msgs/lib/python3.12/site-packages/quad_msgs/msg/_contact_mode.py
[2.938s] -- Up-to-date: /home/rml/ros2_ws/src/quad-sdk/install/quad_msgs/lib/python3.12/site-packages/quad_msgs/msg/_multi_foot_plan_discrete.py
[2.938s] -- Up-to-date: /home/rml/ros2_ws/src/quad-sdk/install/quad_msgs/lib/python3.12/site-packages/quad_msgs/msg/__init__.py
[2.938s] -- Up-to-date: /home/rml/ros2_ws/src/quad-sdk/install/quad_msgs/lib/python3.12/site-packages/quad_msgs/msg/_motor_command_s.c
[2.938s] -- Up-to-date: /home/rml/ros2_ws/src/quad-sdk/install/quad_msgs/lib/python3.12/site-packages/quad_msgs/msg/_robot_plan_diagnostics.py
[2.938s] -- Up-to-date: /home/rml/ros2_ws/src/quad-sdk/install/quad_msgs/lib/python3.12/site-packages/quad_msgs/msg/_motor_command.py
[2.938s] -- Up-to-date: /home/rml/ros2_ws/src/quad-sdk/install/quad_msgs/lib/python3.12/site-packages/quad_msgs/msg/_multi_foot_plan_continuous.py
[2.938s] -- Up-to-date: /home/rml/ros2_ws/src/quad-sdk/install/quad_msgs/lib/python3.12/site-packages/quad_msgs/msg/_multi_foot_plan_continuous_s.c
[2.938s] -- Up-to-date: /home/rml/ros2_ws/src/quad-sdk/install/quad_msgs/lib/python3.12/site-packages/quad_msgs/msg/_grf_array.py
[2.938s] -- Up-to-date: /home/rml/ros2_ws/src/quad-sdk/install/quad_msgs/lib/python3.12/site-packages/quad_msgs/msg/_leg_command_array.py
[2.938s] -- Up-to-date: /home/rml/ros2_ws/src/quad-sdk/install/quad_msgs/lib/python3.12/site-packages/quad_msgs/msg/_leg_contact_mode_s.c
[2.938s] -- Up-to-date: /home/rml/ros2_ws/src/quad-sdk/install/quad_msgs/lib/python3.12/site-packages/quad_msgs/msg/_foot_state_s.c
[2.938s] -- Up-to-date: /home/rml/ros2_ws/src/quad-sdk/install/quad_msgs/lib/python3.12/site-packages/quad_msgs/msg/_foot_plan_discrete_s.c
[2.938s] -- Up-to-date: /home/rml/ros2_ws/src/quad-sdk/install/quad_msgs/lib/python3.12/site-packages/quad_msgs/msg/_leg_command.py
[2.938s] -- Up-to-date: /home/rml/ros2_ws/src/quad-sdk/install/quad_msgs/lib/python3.12/site-packages/quad_msgs/msg/_leg_command_array_s.c
[2.938s] -- Up-to-date: /home/rml/ros2_ws/src/quad-sdk/install/quad_msgs/lib/python3.12/site-packages/quad_msgs/msg/_body_state.py
[2.938s] -- Up-to-date: /home/rml/ros2_ws/src/quad-sdk/install/quad_msgs/lib/python3.12/site-packages/quad_msgs/msg/_multi_foot_plan_discrete_s.c
[2.938s] -- Up-to-date: /home/rml/ros2_ws/src/quad-sdk/install/quad_msgs/lib/python3.12/site-packages/quad_msgs/msg/_contact_mode_s.c
[2.938s] -- Up-to-date: /home/rml/ros2_ws/src/quad-sdk/install/quad_msgs/lib/python3.12/site-packages/quad_msgs/msg/_leg_contact_mode.py
[2.938s] -- Up-to-date: /home/rml/ros2_ws/src/quad-sdk/install/quad_msgs/lib/python3.12/site-packages/quad_msgs/msg/_multi_foot_state_s.c
[2.938s] -- Up-to-date: /home/rml/ros2_ws/src/quad-sdk/install/quad_msgs/lib/python3.12/site-packages/quad_msgs/msg/_body_state_s.c
[2.938s] -- Up-to-date: /home/rml/ros2_ws/src/quad-sdk/install/quad_msgs/lib/python3.12/site-packages/quad_msgs/msg/_robot_plan_s.c
[2.938s] -- Up-to-date: /home/rml/ros2_ws/src/quad-sdk/install/quad_msgs/lib/python3.12/site-packages/quad_msgs/msg/_foot_plan_discrete.py
[2.938s] -- Up-to-date: /home/rml/ros2_ws/src/quad-sdk/install/quad_msgs/lib/python3.12/site-packages/quad_msgs/msg/_foot_state.py
[2.938s] -- Up-to-date: /home/rml/ros2_ws/src/quad-sdk/install/quad_msgs/lib/python3.12/site-packages/quad_msgs/msg/_robot_plan.py
[2.938s] -- Installing: /home/rml/ros2_ws/src/quad-sdk/install/quad_msgs/lib/python3.12/site-packages/quad_msgs/quad_msgs_s__rosidl_typesupport_introspection_c.so
[2.938s] -- Installing: /home/rml/ros2_ws/src/quad-sdk/install/quad_msgs/lib/python3.12/site-packages/quad_msgs/quad_msgs_s__rosidl_typesupport_fastrtps_c.so
[2.954s] Listing '/home/rml/ros2_ws/src/quad-sdk/install/quad_msgs/lib/python3.12/site-packages/quad_msgs'...
[2.954s] Compiling '/home/rml/ros2_ws/src/quad-sdk/install/quad_msgs/lib/python3.12/site-packages/quad_msgs/__init__.py'...
[2.954s] Listing '/home/rml/ros2_ws/src/quad-sdk/install/quad_msgs/lib/python3.12/site-packages/quad_msgs/msg'...
[2.957s] -- Installing: /home/rml/ros2_ws/src/quad-sdk/install/quad_msgs/lib/python3.12/site-packages/quad_msgs/quad_msgs_s__rosidl_typesupport_fastrtps_c.so
[2.957s] -- Set non-toolchain portion of runtime path of "/home/rml/ros2_ws/src/quad-sdk/install/quad_msgs/lib/python3.12/site-packages/quad_msgs/quad_msgs_s__rosidl_typesupport_fastrtps_c.so" to ""
[2.957s] -- Installing: /home/rml/ros2_ws/src/quad-sdk/install/quad_msgs/lib/python3.12/site-packages/quad_msgs/quad_msgs_s__rosidl_typesupport_introspection_c.so
[2.957s] -- Set non-toolchain portion of runtime path of "/home/rml/ros2_ws/src/quad-sdk/install/quad_msgs/lib/python3.12/site-packages/quad_msgs/quad_msgs_s__rosidl_typesupport_introspection_c.so" to ""
[2.957s] -- Installing: /home/rml/ros2_ws/src/quad-sdk/install/quad_msgs/lib/python3.12/site-packages/quad_msgs/quad_msgs_s__rosidl_typesupport_c.so
[2.957s] -- Set non-toolchain portion of runtime path of "/home/rml/ros2_ws/src/quad-sdk/install/quad_msgs/lib/python3.12/site-packages/quad_msgs/quad_msgs_s__rosidl_typesupport_c.so" to ""
[2.958s] -- Installing: /home/rml/ros2_ws/src/quad-sdk/install/quad_msgs/lib/libquad_msgs__rosidl_generator_py.so
[2.958s] -- Set non-toolchain portion of runtime path of "/home/rml/ros2_ws/src/quad-sdk/install/quad_msgs/lib/libquad_msgs__rosidl_generator_py.so" to ""
[2.958s] -- Up-to-date: /home/rml/ros2_ws/src/quad-sdk/install/quad_msgs/share/quad_msgs/msg/RobotState.idl
[2.958s] -- Up-to-date: /home/rml/ros2_ws/src/quad-sdk/install/quad_msgs/share/quad_msgs/msg/BodyState.idl
[2.958s] -- Up-to-date: /home/rml/ros2_ws/src/quad-sdk/install/quad_msgs/share/quad_msgs/msg/GRFArray.idl
[2.958s] -- Up-to-date: /home/rml/ros2_ws/src/quad-sdk/install/quad_msgs/share/quad_msgs/msg/RobotPlan.idl
[2.958s] -- Up-to-date: /home/rml/ros2_ws/src/quad-sdk/install/quad_msgs/share/quad_msgs/msg/RobotPlanDiagnostics.idl
[2.958s] -- Up-to-date: /home/rml/ros2_ws/src/quad-sdk/install/quad_msgs/share/quad_msgs/msg/FootState.idl
[2.958s] -- Up-to-date: /home/rml/ros2_ws/src/quad-sdk/install/quad_msgs/share/quad_msgs/msg/MultiFootState.idl
[2.958s] -- Up-to-date: /home/rml/ros2_ws/src/quad-sdk/install/quad_msgs/share/quad_msgs/msg/MultiFootPlanContinuous.idl
[2.958s] -- Up-to-date: /home/rml/ros2_ws/src/quad-sdk/install/quad_msgs/share/quad_msgs/msg/FootPlanDiscrete.idl
[2.958s] -- Up-to-date: /home/rml/ros2_ws/src/quad-sdk/install/quad_msgs/share/quad_msgs/msg/MultiFootPlanDiscrete.idl
[2.958s] -- Up-to-date: /home/rml/ros2_ws/src/quad-sdk/install/quad_msgs/share/quad_msgs/msg/LegContactMode.idl
[2.958s] -- Up-to-date: /home/rml/ros2_ws/src/quad-sdk/install/quad_msgs/share/quad_msgs/msg/ContactMode.idl
[2.958s] -- Up-to-date: /home/rml/ros2_ws/src/quad-sdk/install/quad_msgs/share/quad_msgs/msg/MotorCommand.idl
[2.958s] -- Up-to-date: /home/rml/ros2_ws/src/quad-sdk/install/quad_msgs/share/quad_msgs/msg/LegCommand.idl
[2.958s] -- Up-to-date: /home/rml/ros2_ws/src/quad-sdk/install/quad_msgs/share/quad_msgs/msg/LegCommandArray.idl
[2.958s] -- Up-to-date: /home/rml/ros2_ws/src/quad-sdk/install/quad_msgs/share/quad_msgs/msg/BodyForceEstimate.idl
[2.958s] -- Up-to-date: /home/rml/ros2_ws/src/quad-sdk/install/quad_msgs/share/quad_msgs/msg/RobotState.msg
[2.958s] -- Up-to-date: /home/rml/ros2_ws/src/quad-sdk/install/quad_msgs/share/quad_msgs/msg/BodyState.msg
[2.958s] -- Up-to-date: /home/rml/ros2_ws/src/quad-sdk/install/quad_msgs/share/quad_msgs/msg/GRFArray.msg
[2.958s] -- Up-to-date: /home/rml/ros2_ws/src/quad-sdk/install/quad_msgs/share/quad_msgs/msg/RobotPlan.msg
[2.958s] -- Up-to-date: /home/rml/ros2_ws/src/quad-sdk/install/quad_msgs/share/quad_msgs/msg/RobotPlanDiagnostics.msg
[2.958s] -- Up-to-date: /home/rml/ros2_ws/src/quad-sdk/install/quad_msgs/share/quad_msgs/msg/FootState.msg
[2.958s] -- Up-to-date: /home/rml/ros2_ws/src/quad-sdk/install/quad_msgs/share/quad_msgs/msg/MultiFootState.msg
[2.958s] -- Up-to-date: /home/rml/ros2_ws/src/quad-sdk/install/quad_msgs/share/quad_msgs/msg/MultiFootPlanContinuous.msg
[2.958s] -- Up-to-date: /home/rml/ros2_ws/src/quad-sdk/install/quad_msgs/share/quad_msgs/msg/FootPlanDiscrete.msg
[2.958s] -- Up-to-date: /home/rml/ros2_ws/src/quad-sdk/install/quad_msgs/share/quad_msgs/msg/MultiFootPlanDiscrete.msg
[2.958s] -- Up-to-date: /home/rml/ros2_ws/src/quad-sdk/install/quad_msgs/share/quad_msgs/msg/LegContactMode.msg
[2.958s] -- Up-to-date: /home/rml/ros2_ws/src/quad-sdk/install/quad_msgs/share/quad_msgs/msg/ContactMode.msg
[2.958s] -- Up-to-date: /home/rml/ros2_ws/src/quad-sdk/install/quad_msgs/share/quad_msgs/msg/MotorCommand.msg
[2.958s] -- Up-to-date: /home/rml/ros2_ws/src/quad-sdk/install/quad_msgs/share/quad_msgs/msg/LegCommand.msg
[2.958s] -- Up-to-date: /home/rml/ros2_ws/src/quad-sdk/install/quad_msgs/share/quad_msgs/msg/LegCommandArray.msg
[2.958s] -- Up-to-date: /home/rml/ros2_ws/src/quad-sdk/install/quad_msgs/share/quad_msgs/msg/BodyForceEstimate.msg
[2.959s] -- Up-to-date: /home/rml/ros2_ws/src/quad-sdk/install/quad_msgs/share/ament_index/resource_index/package_run_dependencies/quad_msgs
[2.959s] -- Up-to-date: /home/rml/ros2_ws/src/quad-sdk/install/quad_msgs/share/ament_index/resource_index/parent_prefix_path/quad_msgs
[2.959s] -- Up-to-date: /home/rml/ros2_ws/src/quad-sdk/install/quad_msgs/share/quad_msgs/environment/ament_prefix_path.sh
[2.959s] -- Up-to-date: /home/rml/ros2_ws/src/quad-sdk/install/quad_msgs/share/quad_msgs/environment/ament_prefix_path.dsv
[2.959s] -- Up-to-date: /home/rml/ros2_ws/src/quad-sdk/install/quad_msgs/share/quad_msgs/environment/path.sh
[2.959s] -- Up-to-date: /home/rml/ros2_ws/src/quad-sdk/install/quad_msgs/share/quad_msgs/environment/path.dsv
[2.959s] -- Up-to-date: /home/rml/ros2_ws/src/quad-sdk/install/quad_msgs/share/quad_msgs/local_setup.bash
[2.959s] -- Up-to-date: /home/rml/ros2_ws/src/quad-sdk/install/quad_msgs/share/quad_msgs/local_setup.sh
[2.959s] -- Up-to-date: /home/rml/ros2_ws/src/quad-sdk/install/quad_msgs/share/quad_msgs/local_setup.zsh
[2.959s] -- Up-to-date: /home/rml/ros2_ws/src/quad-sdk/install/quad_msgs/share/quad_msgs/local_setup.dsv
[2.959s] -- Installing: /home/rml/ros2_ws/src/quad-sdk/install/quad_msgs/share/quad_msgs/package.dsv
[2.959s] -- Up-to-date: /home/rml/ros2_ws/src/quad-sdk/install/quad_msgs/share/ament_index/resource_index/packages/quad_msgs
[2.959s] -- Up-to-date: /home/rml/ros2_ws/src/quad-sdk/install/quad_msgs/share/quad_msgs/cmake/export_quad_msgs__rosidl_generator_cExport.cmake
[2.959s] -- Installing: /home/rml/ros2_ws/src/quad-sdk/install/quad_msgs/share/quad_msgs/cmake/export_quad_msgs__rosidl_generator_cExport-release.cmake
[2.959s] -- Up-to-date: /home/rml/ros2_ws/src/quad-sdk/install/quad_msgs/share/quad_msgs/cmake/export_quad_msgs__rosidl_typesupport_fastrtps_cExport.cmake
[2.959s] -- Installing: /home/rml/ros2_ws/src/quad-sdk/install/quad_msgs/share/quad_msgs/cmake/export_quad_msgs__rosidl_typesupport_fastrtps_cExport-release.cmake
[2.959s] -- Up-to-date: /home/rml/ros2_ws/src/quad-sdk/install/quad_msgs/share/quad_msgs/cmake/quad_msgs__rosidl_typesupport_introspection_cExport.cmake
[2.959s] -- Installing: /home/rml/ros2_ws/src/quad-sdk/install/quad_msgs/share/quad_msgs/cmake/quad_msgs__rosidl_typesupport_introspection_cExport-release.cmake
[2.959s] -- Up-to-date: /home/rml/ros2_ws/src/quad-sdk/install/quad_msgs/share/quad_msgs/cmake/quad_msgs__rosidl_typesupport_cExport.cmake
[2.959s] -- Installing: /home/rml/ros2_ws/src/quad-sdk/install/quad_msgs/share/quad_msgs/cmake/quad_msgs__rosidl_typesupport_cExport-release.cmake
[2.959s] -- Up-to-date: /home/rml/ros2_ws/src/quad-sdk/install/quad_msgs/share/quad_msgs/cmake/export_quad_msgs__rosidl_generator_cppExport.cmake
[2.959s] -- Up-to-date: /home/rml/ros2_ws/src/quad-sdk/install/quad_msgs/share/quad_msgs/cmake/export_quad_msgs__rosidl_typesupport_fastrtps_cppExport.cmake
[2.959s] -- Installing: /home/rml/ros2_ws/src/quad-sdk/install/quad_msgs/share/quad_msgs/cmake/export_quad_msgs__rosidl_typesupport_fastrtps_cppExport-release.cmake
[2.959s] -- Up-to-date: /home/rml/ros2_ws/src/quad-sdk/install/quad_msgs/share/quad_msgs/cmake/quad_msgs__rosidl_typesupport_introspection_cppExport.cmake
[2.959s] -- Installing: /home/rml/ros2_ws/src/quad-sdk/install/quad_msgs/share/quad_msgs/cmake/quad_msgs__rosidl_typesupport_introspection_cppExport-release.cmake
[2.960s] -- Up-to-date: /home/rml/ros2_ws/src/quad-sdk/install/quad_msgs/share/quad_msgs/cmake/quad_msgs__rosidl_typesupport_cppExport.cmake
[2.960s] -- Installing: /home/rml/ros2_ws/src/quad-sdk/install/quad_msgs/share/quad_msgs/cmake/quad_msgs__rosidl_typesupport_cppExport-release.cmake
[2.960s] -- Up-to-date: /home/rml/ros2_ws/src/quad-sdk/install/quad_msgs/share/quad_msgs/cmake/export_quad_msgs__rosidl_generator_pyExport.cmake
[2.960s] -- Installing: /home/rml/ros2_ws/src/quad-sdk/install/quad_msgs/share/quad_msgs/cmake/export_quad_msgs__rosidl_generator_pyExport-release.cmake
[2.960s] -- Up-to-date: /home/rml/ros2_ws/src/quad-sdk/install/quad_msgs/share/quad_msgs/cmake/rosidl_cmake-extras.cmake
[2.960s] -- Up-to-date: /home/rml/ros2_ws/src/quad-sdk/install/quad_msgs/share/quad_msgs/cmake/ament_cmake_export_dependencies-extras.cmake
[2.960s] -- Up-to-date: /home/rml/ros2_ws/src/quad-sdk/install/quad_msgs/share/quad_msgs/cmake/ament_cmake_export_include_directories-extras.cmake
[2.960s] -- Up-to-date: /home/rml/ros2_ws/src/quad-sdk/install/quad_msgs/share/quad_msgs/cmake/ament_cmake_export_libraries-extras.cmake
[2.960s] -- Up-to-date: /home/rml/ros2_ws/src/quad-sdk/install/quad_msgs/share/quad_msgs/cmake/ament_cmake_export_targets-extras.cmake
[2.960s] -- Up-to-date: /home/rml/ros2_ws/src/quad-sdk/install/quad_msgs/share/quad_msgs/cmake/rosidl_cmake_export_typesupport_targets-extras.cmake
[2.960s] -- Up-to-date: /home/rml/ros2_ws/src/quad-sdk/install/quad_msgs/share/quad_msgs/cmake/rosidl_cmake_export_typesupport_libraries-extras.cmake
[2.960s] -- Up-to-date: /home/rml/ros2_ws/src/quad-sdk/install/quad_msgs/share/quad_msgs/cmake/quad_msgsConfig.cmake
[2.960s] -- Up-to-date: /home/rml/ros2_ws/src/quad-sdk/install/quad_msgs/share/quad_msgs/cmake/quad_msgsConfig-version.cmake
[2.960s] -- Up-to-date: /home/rml/ros2_ws/src/quad-sdk/install/quad_msgs/share/quad_msgs/package.xml
[2.961s] Invoked command in '/home/rml/ros2_ws/src/quad-sdk/build/quad_msgs' returned '0': CMAKE_PREFIX_PATH=${CMAKE_PREFIX_PATH}:/opt/ros/jazzy DEBUGINFOD_URLS=https://debuginfod.ubuntu.com /usr/bin/cmake --install /home/rml/ros2_ws/src/quad-sdk/build/quad_msgs
