[0.003s] Invoking command in '/home/rml/ros2_ws/src/quad-sdk/build/unitree_sdk2': DEBUGINFOD_URLS=https://debuginfod.ubuntu.com /usr/bin/cmake /home/rml/ros2_ws/src/quad-sdk/external/unitree_sdk2 -DCMAKE_BUILD_TYPE=Release -DCMAKE_BUILD_PARALLEL_LEVEL=1 -DCMAKE_INSTALL_PREFIX=/home/rml/ros2_ws/src/quad-sdk/install/unitree_sdk2
[0.009s] -- Current system architecture: x86_64
[0.010s] -- Importing: /home/rml/ros2_ws/src/quad-sdk/external/unitree_sdk2/thirdparty/lib/x86_64/libddsc.so
[0.010s] -- Importing: /home/rml/ros2_ws/src/quad-sdk/external/unitree_sdk2/thirdparty/lib/x86_64/libddscxx.so
[0.010s] -- Unitree SDK library found at: /home/rml/ros2_ws/src/quad-sdk/external/unitree_sdk2/lib/x86_64/libunitree_sdk2.a
[0.010s] -- Importing: /home/rml/ros2_ws/src/quad-sdk/external/unitree_sdk2/lib/x86_64/libunitree_sdk2.a
[0.015s] -- Found yaml-cpp version 0.8.0
[0.016s] -- Configuring done (0.0s)
[0.045s] -- Generating done (0.0s)
[0.047s] [33mCMake Warning:
[0.047s]   Manually-specified variables were not used by the project:
[0.047s] 
[0.047s]     CMAKE_BUILD_PARALLEL_LEVEL
[0.047s] 
[0.047s] [0m
[0.049s] -- Build files have been written to: /home/rml/ros2_ws/src/quad-sdk/build/unitree_sdk2
[0.051s] Invoked command in '/home/rml/ros2_ws/src/quad-sdk/build/unitree_sdk2' returned '0': DEBUGINFOD_URLS=https://debuginfod.ubuntu.com /usr/bin/cmake /home/rml/ros2_ws/src/quad-sdk/external/unitree_sdk2 -DCMAKE_BUILD_TYPE=Release -DCMAKE_BUILD_PARALLEL_LEVEL=1 -DCMAKE_INSTALL_PREFIX=/home/rml/ros2_ws/src/quad-sdk/install/unitree_sdk2
[0.051s] Invoking command in '/home/rml/ros2_ws/src/quad-sdk/build/unitree_sdk2': DEBUGINFOD_URLS=https://debuginfod.ubuntu.com /usr/bin/cmake --build /home/rml/ros2_ws/src/quad-sdk/build/unitree_sdk2 -- -j16 -l16
[0.081s] [  6%] Built target go2_low_level
[0.082s] [  6%] Built target go2_vui_client
[0.082s] [ 13%] Built target test_subscriber
[0.082s] [ 27%] Built target state_machine_example
[0.082s] [ 30%] Built target go2_stand_example
[0.083s] [ 10%] Built target test_jsonize
[0.084s] [ 31%] Built target test_publisher
[0.084s] [ 31%] Built target go2_sport_client
[0.084s] [ 31%] Built target advanced_gamepad
[0.084s] [ 34%] Built target go2_robot_state_client
[0.084s] [ 36%] Built target h1_loco_client
[0.084s] [ 42%] Built target go2_video_client
[0.084s] [ 42%] Built target b2_sport_client
[0.085s] [ 46%] Built target b2_stand_example
[0.085s] [ 48%] Built target h1_27dof_example
[0.085s] [ 51%] Built target h1_low_level_example
[0.099s] [ 54%] Built target h1_2_arm_sdk_dds_example
[0.100s] [ 57%] Built target h1_2_ankle_track
[0.100s] [ 60%] Built target g1_arm5_sdk_dds_example
[0.100s] [ 63%] Built target g1_loco_client
[0.100s] [ 66%] Built target g1_arm7_sdk_dds_example
[0.101s] [ 69%] Built target h1_arm_sdk_dds_example
[0.101s] [ 72%] Built target g1_arm_action_example
[0.101s] [ 75%] Built target g1_audio_client_example
[0.101s] [ 78%] Built target g1_ankle_swing_example
[0.103s] [ 81%] Built target go2w_sport_client
[0.103s] [ 84%] Built target b2w_sport_client
[0.103s] [ 87%] Built target g1_dual_arm_example
[0.104s] [ 90%] Built target g1_termination
[0.104s] [ 93%] Built target go2w_stand_example
[0.105s] [ 96%] Built target g1_dex3_example
[0.105s] [100%] Built target b2w_stand_example
[0.110s] Invoked command in '/home/rml/ros2_ws/src/quad-sdk/build/unitree_sdk2' returned '0': DEBUGINFOD_URLS=https://debuginfod.ubuntu.com /usr/bin/cmake --build /home/rml/ros2_ws/src/quad-sdk/build/unitree_sdk2 -- -j16 -l16
[0.111s] Invoking command in '/home/rml/ros2_ws/src/quad-sdk/build/unitree_sdk2': DEBUGINFOD_URLS=https://debuginfod.ubuntu.com /usr/bin/cmake --install /home/rml/ros2_ws/src/quad-sdk/build/unitree_sdk2
[0.114s] -- Install configuration: "Release"
[0.114s] -- Up-to-date: /home/rml/ros2_ws/src/quad-sdk/install/unitree_sdk2/include
[0.114s] -- Up-to-date: /home/rml/ros2_ws/src/quad-sdk/install/unitree_sdk2/include/unitree
[0.114s] -- Up-to-date: /home/rml/ros2_ws/src/quad-sdk/install/unitree_sdk2/include/unitree/common
[0.114s] -- Up-to-date: /home/rml/ros2_ws/src/quad-sdk/install/unitree_sdk2/include/unitree/common/dds
[0.114s] -- Up-to-date: /home/rml/ros2_ws/src/quad-sdk/install/unitree_sdk2/include/unitree/common/dds/dds_qos_realize.hpp
[0.114s] -- Up-to-date: /home/rml/ros2_ws/src/quad-sdk/install/unitree_sdk2/include/unitree/common/dds/dds_qos.hpp
[0.114s] -- Up-to-date: /home/rml/ros2_ws/src/quad-sdk/install/unitree_sdk2/include/unitree/common/dds/dds_easy_model.hpp
[0.114s] -- Up-to-date: /home/rml/ros2_ws/src/quad-sdk/install/unitree_sdk2/include/unitree/common/dds/dds_callback.hpp
[0.114s] -- Up-to-date: /home/rml/ros2_ws/src/quad-sdk/install/unitree_sdk2/include/unitree/common/dds/dds_topic_channel.hpp
[0.114s] -- Up-to-date: /home/rml/ros2_ws/src/quad-sdk/install/unitree_sdk2/include/unitree/common/dds/dds_native.hpp
[0.114s] -- Up-to-date: /home/rml/ros2_ws/src/quad-sdk/install/unitree_sdk2/include/unitree/common/dds/dds_exception.hpp
[0.114s] -- Up-to-date: /home/rml/ros2_ws/src/quad-sdk/install/unitree_sdk2/include/unitree/common/dds/dds_entity.hpp
[0.114s] -- Up-to-date: /home/rml/ros2_ws/src/quad-sdk/install/unitree_sdk2/include/unitree/common/dds/dds_error.hpp
[0.114s] -- Up-to-date: /home/rml/ros2_ws/src/quad-sdk/install/unitree_sdk2/include/unitree/common/dds/dds_qos_policy_parameter.hpp
[0.114s] -- Up-to-date: /home/rml/ros2_ws/src/quad-sdk/install/unitree_sdk2/include/unitree/common/dds/dds_parameter.hpp
[0.114s] -- Up-to-date: /home/rml/ros2_ws/src/quad-sdk/install/unitree_sdk2/include/unitree/common/dds/dds_traits.hpp
[0.114s] -- Up-to-date: /home/rml/ros2_ws/src/quad-sdk/install/unitree_sdk2/include/unitree/common/dds/dds_factory_model.hpp
[0.114s] -- Up-to-date: /home/rml/ros2_ws/src/quad-sdk/install/unitree_sdk2/include/unitree/common/dds/dds_qos_parameter.hpp
[0.114s] -- Up-to-date: /home/rml/ros2_ws/src/quad-sdk/install/unitree_sdk2/include/unitree/common/dds/dds_qos_policy.hpp
[0.114s] -- Up-to-date: /home/rml/ros2_ws/src/quad-sdk/install/unitree_sdk2/include/unitree/common/decl.hpp
[0.114s] -- Up-to-date: /home/rml/ros2_ws/src/quad-sdk/install/unitree_sdk2/include/unitree/common/any.hpp
[0.114s] -- Up-to-date: /home/rml/ros2_ws/src/quad-sdk/install/unitree_sdk2/include/unitree/common/lock
[0.115s] -- Up-to-date: /home/rml/ros2_ws/src/quad-sdk/install/unitree_sdk2/include/unitree/common/lock/lock.hpp
[0.115s] -- Up-to-date: /home/rml/ros2_ws/src/quad-sdk/install/unitree_sdk2/include/unitree/common/json
[0.115s] -- Up-to-date: /home/rml/ros2_ws/src/quad-sdk/install/unitree_sdk2/include/unitree/common/json/json.hpp
[0.115s] -- Up-to-date: /home/rml/ros2_ws/src/quad-sdk/install/unitree_sdk2/include/unitree/common/json/jsonize.hpp
[0.115s] -- Up-to-date: /home/rml/ros2_ws/src/quad-sdk/install/unitree_sdk2/include/unitree/common/json/json_config.hpp
[0.115s] -- Up-to-date: /home/rml/ros2_ws/src/quad-sdk/install/unitree_sdk2/include/unitree/common/filesystem
[0.115s] -- Up-to-date: /home/rml/ros2_ws/src/quad-sdk/install/unitree_sdk2/include/unitree/common/filesystem/file.hpp
[0.115s] -- Up-to-date: /home/rml/ros2_ws/src/quad-sdk/install/unitree_sdk2/include/unitree/common/filesystem/directory.hpp
[0.115s] -- Up-to-date: /home/rml/ros2_ws/src/quad-sdk/install/unitree_sdk2/include/unitree/common/filesystem/filesystem.hpp
[0.115s] -- Up-to-date: /home/rml/ros2_ws/src/quad-sdk/install/unitree_sdk2/include/unitree/common/service
[0.115s] -- Up-to-date: /home/rml/ros2_ws/src/quad-sdk/install/unitree_sdk2/include/unitree/common/service/base
[0.115s] -- Up-to-date: /home/rml/ros2_ws/src/quad-sdk/install/unitree_sdk2/include/unitree/common/service/base/service_config.hpp
[0.115s] -- Up-to-date: /home/rml/ros2_ws/src/quad-sdk/install/unitree_sdk2/include/unitree/common/service/base/service_decl.hpp
[0.115s] -- Up-to-date: /home/rml/ros2_ws/src/quad-sdk/install/unitree_sdk2/include/unitree/common/service/base/service_base.hpp
[0.115s] -- Up-to-date: /home/rml/ros2_ws/src/quad-sdk/install/unitree_sdk2/include/unitree/common/service/base/service_application.hpp
[0.115s] -- Up-to-date: /home/rml/ros2_ws/src/quad-sdk/install/unitree_sdk2/include/unitree/common/service/dds_service.hpp
[0.115s] -- Up-to-date: /home/rml/ros2_ws/src/quad-sdk/install/unitree_sdk2/include/unitree/common/exception.hpp
[0.115s] -- Up-to-date: /home/rml/ros2_ws/src/quad-sdk/install/unitree_sdk2/include/unitree/common/thread
[0.115s] -- Up-to-date: /home/rml/ros2_ws/src/quad-sdk/install/unitree_sdk2/include/unitree/common/thread/thread_task.hpp
[0.115s] -- Up-to-date: /home/rml/ros2_ws/src/quad-sdk/install/unitree_sdk2/include/unitree/common/thread/recurrent_thread.hpp
[0.115s] -- Up-to-date: /home/rml/ros2_ws/src/quad-sdk/install/unitree_sdk2/include/unitree/common/thread/thread.hpp
[0.115s] -- Up-to-date: /home/rml/ros2_ws/src/quad-sdk/install/unitree_sdk2/include/unitree/common/thread/thread_decl.hpp
[0.115s] -- Up-to-date: /home/rml/ros2_ws/src/quad-sdk/install/unitree_sdk2/include/unitree/common/thread/future.hpp
[0.115s] -- Up-to-date: /home/rml/ros2_ws/src/quad-sdk/install/unitree_sdk2/include/unitree/common/thread/thread_pool.hpp
[0.115s] -- Up-to-date: /home/rml/ros2_ws/src/quad-sdk/install/unitree_sdk2/include/unitree/common/assert.hpp
[0.115s] -- Up-to-date: /home/rml/ros2_ws/src/quad-sdk/install/unitree_sdk2/include/unitree/common/os.hpp
[0.115s] -- Up-to-date: /home/rml/ros2_ws/src/quad-sdk/install/unitree_sdk2/include/unitree/common/block_queue.hpp
[0.115s] -- Up-to-date: /home/rml/ros2_ws/src/quad-sdk/install/unitree_sdk2/include/unitree/common/time
[0.115s] -- Up-to-date: /home/rml/ros2_ws/src/quad-sdk/install/unitree_sdk2/include/unitree/common/time/time_tool.hpp
[0.115s] -- Up-to-date: /home/rml/ros2_ws/src/quad-sdk/install/unitree_sdk2/include/unitree/common/time/sleep.hpp
[0.115s] -- Up-to-date: /home/rml/ros2_ws/src/quad-sdk/install/unitree_sdk2/include/unitree/common/string_tool.hpp
[0.115s] -- Up-to-date: /home/rml/ros2_ws/src/quad-sdk/install/unitree_sdk2/include/unitree/common/error.hpp
[0.115s] -- Up-to-date: /home/rml/ros2_ws/src/quad-sdk/install/unitree_sdk2/include/unitree/common/log
[0.115s] -- Up-to-date: /home/rml/ros2_ws/src/quad-sdk/install/unitree_sdk2/include/unitree/common/log/log_initor.hpp
[0.115s] -- Up-to-date: /home/rml/ros2_ws/src/quad-sdk/install/unitree_sdk2/include/unitree/common/log/log_decl.hpp
[0.115s] -- Up-to-date: /home/rml/ros2_ws/src/quad-sdk/install/unitree_sdk2/include/unitree/common/log/log_writer.hpp
[0.115s] -- Up-to-date: /home/rml/ros2_ws/src/quad-sdk/install/unitree_sdk2/include/unitree/common/log/log_policy.hpp
[0.115s] -- Up-to-date: /home/rml/ros2_ws/src/quad-sdk/install/unitree_sdk2/include/unitree/common/log/log_keeper.hpp
[0.115s] -- Up-to-date: /home/rml/ros2_ws/src/quad-sdk/install/unitree_sdk2/include/unitree/common/log/log.hpp
[0.115s] -- Up-to-date: /home/rml/ros2_ws/src/quad-sdk/install/unitree_sdk2/include/unitree/common/log/log_buffer.hpp
[0.115s] -- Up-to-date: /home/rml/ros2_ws/src/quad-sdk/install/unitree_sdk2/include/unitree/common/log/log_logger.hpp
[0.115s] -- Up-to-date: /home/rml/ros2_ws/src/quad-sdk/install/unitree_sdk2/include/unitree/common/log/log_store.hpp
[0.116s] -- Up-to-date: /home/rml/ros2_ws/src/quad-sdk/install/unitree_sdk2/include/unitree/robot
[0.116s] -- Up-to-date: /home/rml/ros2_ws/src/quad-sdk/install/unitree_sdk2/include/unitree/robot/h1
[0.116s] -- Up-to-date: /home/rml/ros2_ws/src/quad-sdk/install/unitree_sdk2/include/unitree/robot/h1/loco
[0.116s] -- Up-to-date: /home/rml/ros2_ws/src/quad-sdk/install/unitree_sdk2/include/unitree/robot/h1/loco/h1_loco_api.hpp
[0.116s] -- Up-to-date: /home/rml/ros2_ws/src/quad-sdk/install/unitree_sdk2/include/unitree/robot/h1/loco/h1_loco_client.hpp
[0.116s] -- Up-to-date: /home/rml/ros2_ws/src/quad-sdk/install/unitree_sdk2/include/unitree/robot/h1/loco/h1_loco_error.hpp
[0.116s] -- Up-to-date: /home/rml/ros2_ws/src/quad-sdk/install/unitree_sdk2/include/unitree/robot/client
[0.116s] -- Up-to-date: /home/rml/ros2_ws/src/quad-sdk/install/unitree_sdk2/include/unitree/robot/client/client.hpp
[0.116s] -- Up-to-date: /home/rml/ros2_ws/src/quad-sdk/install/unitree_sdk2/include/unitree/robot/client/lease_client.hpp
[0.116s] -- Up-to-date: /home/rml/ros2_ws/src/quad-sdk/install/unitree_sdk2/include/unitree/robot/client/client_stub.hpp
[0.116s] -- Up-to-date: /home/rml/ros2_ws/src/quad-sdk/install/unitree_sdk2/include/unitree/robot/client/client_base.hpp
[0.116s] -- Up-to-date: /home/rml/ros2_ws/src/quad-sdk/install/unitree_sdk2/include/unitree/robot/channel
[0.116s] -- Up-to-date: /home/rml/ros2_ws/src/quad-sdk/install/unitree_sdk2/include/unitree/robot/channel/channel_labor.hpp
[0.116s] -- Up-to-date: /home/rml/ros2_ws/src/quad-sdk/install/unitree_sdk2/include/unitree/robot/channel/channel_publisher.hpp
[0.116s] -- Up-to-date: /home/rml/ros2_ws/src/quad-sdk/install/unitree_sdk2/include/unitree/robot/channel/channel_subscriber.hpp
[0.116s] -- Up-to-date: /home/rml/ros2_ws/src/quad-sdk/install/unitree_sdk2/include/unitree/robot/channel/channel_factory.hpp
[0.116s] -- Up-to-date: /home/rml/ros2_ws/src/quad-sdk/install/unitree_sdk2/include/unitree/robot/channel/channel_namer.hpp
[0.116s] -- Up-to-date: /home/rml/ros2_ws/src/quad-sdk/install/unitree_sdk2/include/unitree/robot/future
[0.116s] -- Up-to-date: /home/rml/ros2_ws/src/quad-sdk/install/unitree_sdk2/include/unitree/robot/future/request_future.hpp
[0.116s] -- Up-to-date: /home/rml/ros2_ws/src/quad-sdk/install/unitree_sdk2/include/unitree/robot/serialize
[0.116s] -- Up-to-date: /home/rml/ros2_ws/src/quad-sdk/install/unitree_sdk2/include/unitree/robot/serialize/serialize.hpp
[0.116s] -- Up-to-date: /home/rml/ros2_ws/src/quad-sdk/install/unitree_sdk2/include/unitree/robot/g1
[0.116s] -- Up-to-date: /home/rml/ros2_ws/src/quad-sdk/install/unitree_sdk2/include/unitree/robot/g1/common
[0.116s] -- Up-to-date: /home/rml/ros2_ws/src/quad-sdk/install/unitree_sdk2/include/unitree/robot/g1/common/terminations.hpp
[0.116s] -- Up-to-date: /home/rml/ros2_ws/src/quad-sdk/install/unitree_sdk2/include/unitree/robot/g1/loco
[0.116s] -- Up-to-date: /home/rml/ros2_ws/src/quad-sdk/install/unitree_sdk2/include/unitree/robot/g1/loco/g1_loco_error.hpp
[0.116s] -- Up-to-date: /home/rml/ros2_ws/src/quad-sdk/install/unitree_sdk2/include/unitree/robot/g1/loco/g1_loco_api.hpp
[0.116s] -- Up-to-date: /home/rml/ros2_ws/src/quad-sdk/install/unitree_sdk2/include/unitree/robot/g1/loco/g1_loco_client.hpp
[0.116s] -- Up-to-date: /home/rml/ros2_ws/src/quad-sdk/install/unitree_sdk2/include/unitree/robot/g1/audio
[0.116s] -- Up-to-date: /home/rml/ros2_ws/src/quad-sdk/install/unitree_sdk2/include/unitree/robot/g1/audio/g1_audio_client.hpp
[0.116s] -- Up-to-date: /home/rml/ros2_ws/src/quad-sdk/install/unitree_sdk2/include/unitree/robot/g1/audio/g1_audio_error.hpp
[0.116s] -- Up-to-date: /home/rml/ros2_ws/src/quad-sdk/install/unitree_sdk2/include/unitree/robot/g1/audio/g1_audio_api.hpp
[0.116s] -- Up-to-date: /home/rml/ros2_ws/src/quad-sdk/install/unitree_sdk2/include/unitree/robot/g1/arm
[0.116s] -- Up-to-date: /home/rml/ros2_ws/src/quad-sdk/install/unitree_sdk2/include/unitree/robot/g1/arm/g1_arm_action_client.hpp
[0.116s] -- Up-to-date: /home/rml/ros2_ws/src/quad-sdk/install/unitree_sdk2/include/unitree/robot/g1/arm/g1_arm_action_error.hpp
[0.116s] -- Up-to-date: /home/rml/ros2_ws/src/quad-sdk/install/unitree_sdk2/include/unitree/robot/g1/arm/g1_arm_action_api.hpp
[0.116s] -- Up-to-date: /home/rml/ros2_ws/src/quad-sdk/install/unitree_sdk2/include/unitree/robot/internal
[0.116s] -- Up-to-date: /home/rml/ros2_ws/src/quad-sdk/install/unitree_sdk2/include/unitree/robot/internal/internal_api.hpp
[0.116s] -- Up-to-date: /home/rml/ros2_ws/src/quad-sdk/install/unitree_sdk2/include/unitree/robot/internal/internal_idl_decl
[0.116s] -- Up-to-date: /home/rml/ros2_ws/src/quad-sdk/install/unitree_sdk2/include/unitree/robot/internal/internal_idl_decl/ResponseStatus_.hpp
[0.116s] -- Up-to-date: /home/rml/ros2_ws/src/quad-sdk/install/unitree_sdk2/include/unitree/robot/internal/internal_idl_decl/RequestPolicy_.hpp
[0.116s] -- Up-to-date: /home/rml/ros2_ws/src/quad-sdk/install/unitree_sdk2/include/unitree/robot/internal/internal_idl_decl/RequestLease_.hpp
[0.116s] -- Up-to-date: /home/rml/ros2_ws/src/quad-sdk/install/unitree_sdk2/include/unitree/robot/internal/internal_idl_decl/Request_.hpp
[0.116s] -- Up-to-date: /home/rml/ros2_ws/src/quad-sdk/install/unitree_sdk2/include/unitree/robot/internal/internal_idl_decl/ResponseHeader_.hpp
[0.116s] -- Up-to-date: /home/rml/ros2_ws/src/quad-sdk/install/unitree_sdk2/include/unitree/robot/internal/internal_idl_decl/Response_.hpp
[0.116s] -- Up-to-date: /home/rml/ros2_ws/src/quad-sdk/install/unitree_sdk2/include/unitree/robot/internal/internal_idl_decl/RequestHeader_.hpp
[0.116s] -- Up-to-date: /home/rml/ros2_ws/src/quad-sdk/install/unitree_sdk2/include/unitree/robot/internal/internal_idl_decl/RequestIdentity_.hpp
[0.116s] -- Up-to-date: /home/rml/ros2_ws/src/quad-sdk/install/unitree_sdk2/include/unitree/robot/internal/internal_error.hpp
[0.116s] -- Up-to-date: /home/rml/ros2_ws/src/quad-sdk/install/unitree_sdk2/include/unitree/robot/internal/internal_request_response.hpp
[0.116s] -- Up-to-date: /home/rml/ros2_ws/src/quad-sdk/install/unitree_sdk2/include/unitree/robot/internal/internal.hpp
[0.117s] -- Up-to-date: /home/rml/ros2_ws/src/quad-sdk/install/unitree_sdk2/include/unitree/robot/b2
[0.117s] -- Up-to-date: /home/rml/ros2_ws/src/quad-sdk/install/unitree_sdk2/include/unitree/robot/b2/sport
[0.117s] -- Up-to-date: /home/rml/ros2_ws/src/quad-sdk/install/unitree_sdk2/include/unitree/robot/b2/sport/sport_client.hpp
[0.117s] -- Up-to-date: /home/rml/ros2_ws/src/quad-sdk/install/unitree_sdk2/include/unitree/robot/b2/sport/sport_api.hpp
[0.117s] -- Up-to-date: /home/rml/ros2_ws/src/quad-sdk/install/unitree_sdk2/include/unitree/robot/b2/sport/sport_error.hpp
[0.117s] -- Up-to-date: /home/rml/ros2_ws/src/quad-sdk/install/unitree_sdk2/include/unitree/robot/b2/motion_switcher
[0.117s] -- Up-to-date: /home/rml/ros2_ws/src/quad-sdk/install/unitree_sdk2/include/unitree/robot/b2/motion_switcher/motion_switcher_error.hpp
[0.117s] -- Up-to-date: /home/rml/ros2_ws/src/quad-sdk/install/unitree_sdk2/include/unitree/robot/b2/motion_switcher/motion_switcher_client.hpp
[0.117s] -- Up-to-date: /home/rml/ros2_ws/src/quad-sdk/install/unitree_sdk2/include/unitree/robot/b2/motion_switcher/motion_switcher_api.hpp
[0.117s] -- Up-to-date: /home/rml/ros2_ws/src/quad-sdk/install/unitree_sdk2/include/unitree/robot/b2/front_video
[0.117s] -- Up-to-date: /home/rml/ros2_ws/src/quad-sdk/install/unitree_sdk2/include/unitree/robot/b2/front_video/front_video_api.hpp
[0.117s] -- Up-to-date: /home/rml/ros2_ws/src/quad-sdk/install/unitree_sdk2/include/unitree/robot/b2/front_video/front_video_client.hpp
[0.117s] -- Up-to-date: /home/rml/ros2_ws/src/quad-sdk/install/unitree_sdk2/include/unitree/robot/b2/front_video/front_video_error.hpp
[0.117s] -- Up-to-date: /home/rml/ros2_ws/src/quad-sdk/install/unitree_sdk2/include/unitree/robot/b2/config
[0.117s] -- Up-to-date: /home/rml/ros2_ws/src/quad-sdk/install/unitree_sdk2/include/unitree/robot/b2/config/config_client.hpp
[0.117s] -- Up-to-date: /home/rml/ros2_ws/src/quad-sdk/install/unitree_sdk2/include/unitree/robot/b2/config/config_api.hpp
[0.117s] -- Up-to-date: /home/rml/ros2_ws/src/quad-sdk/install/unitree_sdk2/include/unitree/robot/b2/config/config_error.hpp
[0.117s] -- Up-to-date: /home/rml/ros2_ws/src/quad-sdk/install/unitree_sdk2/include/unitree/robot/b2/robot_state
[0.117s] -- Up-to-date: /home/rml/ros2_ws/src/quad-sdk/install/unitree_sdk2/include/unitree/robot/b2/robot_state/robot_state_api.hpp
[0.117s] -- Up-to-date: /home/rml/ros2_ws/src/quad-sdk/install/unitree_sdk2/include/unitree/robot/b2/robot_state/robot_state_client.hpp
[0.117s] -- Up-to-date: /home/rml/ros2_ws/src/quad-sdk/install/unitree_sdk2/include/unitree/robot/b2/robot_state/robot_state_error.hpp
[0.117s] -- Up-to-date: /home/rml/ros2_ws/src/quad-sdk/install/unitree_sdk2/include/unitree/robot/b2/back_video
[0.117s] -- Up-to-date: /home/rml/ros2_ws/src/quad-sdk/install/unitree_sdk2/include/unitree/robot/b2/back_video/back_video_error.hpp
[0.117s] -- Up-to-date: /home/rml/ros2_ws/src/quad-sdk/install/unitree_sdk2/include/unitree/robot/b2/back_video/back_video_client.hpp
[0.117s] -- Up-to-date: /home/rml/ros2_ws/src/quad-sdk/install/unitree_sdk2/include/unitree/robot/b2/back_video/back_video_api.hpp
[0.117s] -- Up-to-date: /home/rml/ros2_ws/src/quad-sdk/install/unitree_sdk2/include/unitree/robot/server
[0.117s] -- Up-to-date: /home/rml/ros2_ws/src/quad-sdk/install/unitree_sdk2/include/unitree/robot/server/lease_server.hpp
[0.117s] -- Up-to-date: /home/rml/ros2_ws/src/quad-sdk/install/unitree_sdk2/include/unitree/robot/server/server_stub.hpp
[0.117s] -- Up-to-date: /home/rml/ros2_ws/src/quad-sdk/install/unitree_sdk2/include/unitree/robot/server/server_base.hpp
[0.117s] -- Up-to-date: /home/rml/ros2_ws/src/quad-sdk/install/unitree_sdk2/include/unitree/robot/server/server.hpp
[0.117s] -- Up-to-date: /home/rml/ros2_ws/src/quad-sdk/install/unitree_sdk2/include/unitree/robot/go2
[0.117s] -- Up-to-date: /home/rml/ros2_ws/src/quad-sdk/install/unitree_sdk2/include/unitree/robot/go2/public
[0.117s] -- Up-to-date: /home/rml/ros2_ws/src/quad-sdk/install/unitree_sdk2/include/unitree/robot/go2/public/jsonize_type.hpp
[0.117s] -- Up-to-date: /home/rml/ros2_ws/src/quad-sdk/install/unitree_sdk2/include/unitree/robot/go2/vui
[0.117s] -- Up-to-date: /home/rml/ros2_ws/src/quad-sdk/install/unitree_sdk2/include/unitree/robot/go2/vui/vui_error.hpp
[0.117s] -- Up-to-date: /home/rml/ros2_ws/src/quad-sdk/install/unitree_sdk2/include/unitree/robot/go2/vui/vui_client.hpp
[0.117s] -- Up-to-date: /home/rml/ros2_ws/src/quad-sdk/install/unitree_sdk2/include/unitree/robot/go2/vui/vui_api.hpp
[0.117s] -- Up-to-date: /home/rml/ros2_ws/src/quad-sdk/install/unitree_sdk2/include/unitree/robot/go2/sport
[0.117s] -- Up-to-date: /home/rml/ros2_ws/src/quad-sdk/install/unitree_sdk2/include/unitree/robot/go2/sport/sport_client.hpp
[0.117s] -- Up-to-date: /home/rml/ros2_ws/src/quad-sdk/install/unitree_sdk2/include/unitree/robot/go2/sport/sport_api.hpp
[0.117s] -- Up-to-date: /home/rml/ros2_ws/src/quad-sdk/install/unitree_sdk2/include/unitree/robot/go2/sport/sport_error.hpp
[0.117s] -- Up-to-date: /home/rml/ros2_ws/src/quad-sdk/install/unitree_sdk2/include/unitree/robot/go2/utrack
[0.117s] -- Up-to-date: /home/rml/ros2_ws/src/quad-sdk/install/unitree_sdk2/include/unitree/robot/go2/utrack/utrack_client.hpp
[0.117s] -- Up-to-date: /home/rml/ros2_ws/src/quad-sdk/install/unitree_sdk2/include/unitree/robot/go2/utrack/utrack_api.hpp
[0.117s] -- Up-to-date: /home/rml/ros2_ws/src/quad-sdk/install/unitree_sdk2/include/unitree/robot/go2/config
[0.117s] -- Up-to-date: /home/rml/ros2_ws/src/quad-sdk/install/unitree_sdk2/include/unitree/robot/go2/config/config_client.hpp
[0.117s] -- Up-to-date: /home/rml/ros2_ws/src/quad-sdk/install/unitree_sdk2/include/unitree/robot/go2/config/config_api.hpp
[0.117s] -- Up-to-date: /home/rml/ros2_ws/src/quad-sdk/install/unitree_sdk2/include/unitree/robot/go2/config/config_error.hpp
[0.118s] -- Up-to-date: /home/rml/ros2_ws/src/quad-sdk/install/unitree_sdk2/include/unitree/robot/go2/obstacles_avoid
[0.118s] -- Up-to-date: /home/rml/ros2_ws/src/quad-sdk/install/unitree_sdk2/include/unitree/robot/go2/obstacles_avoid/obstacles_avoid_api.hpp
[0.118s] -- Up-to-date: /home/rml/ros2_ws/src/quad-sdk/install/unitree_sdk2/include/unitree/robot/go2/obstacles_avoid/obstacles_avoid_client.hpp
[0.118s] -- Up-to-date: /home/rml/ros2_ws/src/quad-sdk/install/unitree_sdk2/include/unitree/robot/go2/robot_state
[0.118s] -- Up-to-date: /home/rml/ros2_ws/src/quad-sdk/install/unitree_sdk2/include/unitree/robot/go2/robot_state/robot_state_api.hpp
[0.118s] -- Up-to-date: /home/rml/ros2_ws/src/quad-sdk/install/unitree_sdk2/include/unitree/robot/go2/robot_state/robot_state_client.hpp
[0.118s] -- Up-to-date: /home/rml/ros2_ws/src/quad-sdk/install/unitree_sdk2/include/unitree/robot/go2/robot_state/robot_state_error.hpp
[0.118s] -- Up-to-date: /home/rml/ros2_ws/src/quad-sdk/install/unitree_sdk2/include/unitree/robot/go2/video
[0.118s] -- Up-to-date: /home/rml/ros2_ws/src/quad-sdk/install/unitree_sdk2/include/unitree/robot/go2/video/video_client.hpp
[0.118s] -- Up-to-date: /home/rml/ros2_ws/src/quad-sdk/install/unitree_sdk2/include/unitree/robot/go2/video/video_api.hpp
[0.118s] -- Up-to-date: /home/rml/ros2_ws/src/quad-sdk/install/unitree_sdk2/include/unitree/robot/go2/video/video_error.hpp
[0.118s] -- Up-to-date: /home/rml/ros2_ws/src/quad-sdk/install/unitree_sdk2/include/unitree/idl
[0.118s] -- Up-to-date: /home/rml/ros2_ws/src/quad-sdk/install/unitree_sdk2/include/unitree/idl/hg
[0.118s] -- Up-to-date: /home/rml/ros2_ws/src/quad-sdk/install/unitree_sdk2/include/unitree/idl/hg/MainBoardState_.hpp
[0.118s] -- Up-to-date: /home/rml/ros2_ws/src/quad-sdk/install/unitree_sdk2/include/unitree/idl/hg/IMUState_.hpp
[0.118s] -- Up-to-date: /home/rml/ros2_ws/src/quad-sdk/install/unitree_sdk2/include/unitree/idl/hg/LowState_.hpp
[0.118s] -- Up-to-date: /home/rml/ros2_ws/src/quad-sdk/install/unitree_sdk2/include/unitree/idl/hg/SportModeState_.hpp
[0.118s] -- Up-to-date: /home/rml/ros2_ws/src/quad-sdk/install/unitree_sdk2/include/unitree/idl/hg/MotorCmd_.hpp
[0.118s] -- Up-to-date: /home/rml/ros2_ws/src/quad-sdk/install/unitree_sdk2/include/unitree/idl/hg/HandCmd_.hpp
[0.118s] -- Up-to-date: /home/rml/ros2_ws/src/quad-sdk/install/unitree_sdk2/include/unitree/idl/hg/HandState_.hpp
[0.118s] -- Up-to-date: /home/rml/ros2_ws/src/quad-sdk/install/unitree_sdk2/include/unitree/idl/hg/BmsCmd_.hpp
[0.118s] -- Up-to-date: /home/rml/ros2_ws/src/quad-sdk/install/unitree_sdk2/include/unitree/idl/hg/LowCmd_.hpp
[0.118s] -- Up-to-date: /home/rml/ros2_ws/src/quad-sdk/install/unitree_sdk2/include/unitree/idl/hg/PressSensorState_.hpp
[0.118s] -- Up-to-date: /home/rml/ros2_ws/src/quad-sdk/install/unitree_sdk2/include/unitree/idl/hg/BmsState_.hpp
[0.118s] -- Up-to-date: /home/rml/ros2_ws/src/quad-sdk/install/unitree_sdk2/include/unitree/idl/hg/MotorState_.hpp
[0.118s] -- Up-to-date: /home/rml/ros2_ws/src/quad-sdk/install/unitree_sdk2/include/unitree/idl/ros2
[0.118s] -- Up-to-date: /home/rml/ros2_ws/src/quad-sdk/install/unitree_sdk2/include/unitree/idl/ros2/Pose_.hpp
[0.118s] -- Up-to-date: /home/rml/ros2_ws/src/quad-sdk/install/unitree_sdk2/include/unitree/idl/ros2/Point_.hpp
[0.118s] -- Up-to-date: /home/rml/ros2_ws/src/quad-sdk/install/unitree_sdk2/include/unitree/idl/ros2/TwistWithCovarianceStamped_.hpp
[0.118s] -- Up-to-date: /home/rml/ros2_ws/src/quad-sdk/install/unitree_sdk2/include/unitree/idl/ros2/PoseWithCovariance_.hpp
[0.118s] -- Up-to-date: /home/rml/ros2_ws/src/quad-sdk/install/unitree_sdk2/include/unitree/idl/ros2/Twist_.hpp
[0.118s] -- Up-to-date: /home/rml/ros2_ws/src/quad-sdk/install/unitree_sdk2/include/unitree/idl/ros2/Pose2D_.hpp
[0.118s] -- Up-to-date: /home/rml/ros2_ws/src/quad-sdk/install/unitree_sdk2/include/unitree/idl/ros2/OccupancyGrid_.hpp
[0.118s] -- Up-to-date: /home/rml/ros2_ws/src/quad-sdk/install/unitree_sdk2/include/unitree/idl/ros2/PointStamped_.hpp
[0.118s] -- Up-to-date: /home/rml/ros2_ws/src/quad-sdk/install/unitree_sdk2/include/unitree/idl/ros2/PoseStamped_.hpp
[0.118s] -- Up-to-date: /home/rml/ros2_ws/src/quad-sdk/install/unitree_sdk2/include/unitree/idl/ros2/Point32_.hpp
[0.118s] -- Up-to-date: /home/rml/ros2_ws/src/quad-sdk/install/unitree_sdk2/include/unitree/idl/ros2/String_.hpp
[0.118s] -- Up-to-date: /home/rml/ros2_ws/src/quad-sdk/install/unitree_sdk2/include/unitree/idl/ros2/PointField_.hpp
[0.118s] -- Up-to-date: /home/rml/ros2_ws/src/quad-sdk/install/unitree_sdk2/include/unitree/idl/ros2/Vector3_.hpp
[0.118s] -- Up-to-date: /home/rml/ros2_ws/src/quad-sdk/install/unitree_sdk2/include/unitree/idl/ros2/Odometry_.hpp
[0.119s] -- Up-to-date: /home/rml/ros2_ws/src/quad-sdk/install/unitree_sdk2/include/unitree/idl/ros2/TwistWithCovariance_.hpp
[0.119s] -- Up-to-date: /home/rml/ros2_ws/src/quad-sdk/install/unitree_sdk2/include/unitree/idl/ros2/QuaternionStamped_.hpp
[0.119s] -- Up-to-date: /home/rml/ros2_ws/src/quad-sdk/install/unitree_sdk2/include/unitree/idl/ros2/Header_.hpp
[0.119s] -- Up-to-date: /home/rml/ros2_ws/src/quad-sdk/install/unitree_sdk2/include/unitree/idl/ros2/MapMetaData_.hpp
[0.119s] -- Up-to-date: /home/rml/ros2_ws/src/quad-sdk/install/unitree_sdk2/include/unitree/idl/ros2/PointCloud2_.hpp
[0.119s] -- Up-to-date: /home/rml/ros2_ws/src/quad-sdk/install/unitree_sdk2/include/unitree/idl/ros2/TwistStamped_.hpp
[0.119s] -- Up-to-date: /home/rml/ros2_ws/src/quad-sdk/install/unitree_sdk2/include/unitree/idl/ros2/Time_.hpp
[0.119s] -- Up-to-date: /home/rml/ros2_ws/src/quad-sdk/install/unitree_sdk2/include/unitree/idl/ros2/PoseWithCovarianceStamped_.hpp
[0.119s] -- Up-to-date: /home/rml/ros2_ws/src/quad-sdk/install/unitree_sdk2/include/unitree/idl/ros2/Imu_.hpp
[0.119s] -- Up-to-date: /home/rml/ros2_ws/src/quad-sdk/install/unitree_sdk2/include/unitree/idl/ros2/Quaternion_.hpp
[0.119s] -- Up-to-date: /home/rml/ros2_ws/src/quad-sdk/install/unitree_sdk2/include/unitree/idl/hg_doubleimu
[0.119s] -- Up-to-date: /home/rml/ros2_ws/src/quad-sdk/install/unitree_sdk2/include/unitree/idl/hg_doubleimu/doubleIMUState_.hpp
[0.119s] -- Up-to-date: /home/rml/ros2_ws/src/quad-sdk/install/unitree_sdk2/include/unitree/idl/go2
[0.119s] -- Up-to-date: /home/rml/ros2_ws/src/quad-sdk/install/unitree_sdk2/include/unitree/idl/go2/UwbState_.hpp
[0.119s] -- Up-to-date: /home/rml/ros2_ws/src/quad-sdk/install/unitree_sdk2/include/unitree/idl/go2/IMUState_.hpp
[0.119s] -- Up-to-date: /home/rml/ros2_ws/src/quad-sdk/install/unitree_sdk2/include/unitree/idl/go2/LowState_.hpp
[0.119s] -- Up-to-date: /home/rml/ros2_ws/src/quad-sdk/install/unitree_sdk2/include/unitree/idl/go2/InterfaceConfig_.hpp
[0.119s] -- Up-to-date: /home/rml/ros2_ws/src/quad-sdk/install/unitree_sdk2/include/unitree/idl/go2/SportModeState_.hpp
[0.119s] -- Up-to-date: /home/rml/ros2_ws/src/quad-sdk/install/unitree_sdk2/include/unitree/idl/go2/MotorCmd_.hpp
[0.119s] -- Up-to-date: /home/rml/ros2_ws/src/quad-sdk/install/unitree_sdk2/include/unitree/idl/go2/ConfigChangeStatus_.hpp
[0.119s] -- Up-to-date: /home/rml/ros2_ws/src/quad-sdk/install/unitree_sdk2/include/unitree/idl/go2/BmsCmd_.hpp
[0.119s] -- Up-to-date: /home/rml/ros2_ws/src/quad-sdk/install/unitree_sdk2/include/unitree/idl/go2/PathPoint_.hpp
[0.119s] -- Up-to-date: /home/rml/ros2_ws/src/quad-sdk/install/unitree_sdk2/include/unitree/idl/go2/TimeSpec_.hpp
[0.119s] -- Up-to-date: /home/rml/ros2_ws/src/quad-sdk/install/unitree_sdk2/include/unitree/idl/go2/AudioData_.hpp
[0.119s] -- Up-to-date: /home/rml/ros2_ws/src/quad-sdk/install/unitree_sdk2/include/unitree/idl/go2/MotorStates_.hpp
[0.119s] -- Up-to-date: /home/rml/ros2_ws/src/quad-sdk/install/unitree_sdk2/include/unitree/idl/go2/Error_.hpp
[0.119s] -- Up-to-date: /home/rml/ros2_ws/src/quad-sdk/install/unitree_sdk2/include/unitree/idl/go2/LowCmd_.hpp
[0.119s] -- Up-to-date: /home/rml/ros2_ws/src/quad-sdk/install/unitree_sdk2/include/unitree/idl/go2/BmsState_.hpp
[0.119s] -- Up-to-date: /home/rml/ros2_ws/src/quad-sdk/install/unitree_sdk2/include/unitree/idl/go2/VoxelMapCompressed_.hpp
[0.119s] -- Up-to-date: /home/rml/ros2_ws/src/quad-sdk/install/unitree_sdk2/include/unitree/idl/go2/Res_.hpp
[0.119s] -- Up-to-date: /home/rml/ros2_ws/src/quad-sdk/install/unitree_sdk2/include/unitree/idl/go2/Req_.hpp
[0.119s] -- Up-to-date: /home/rml/ros2_ws/src/quad-sdk/install/unitree_sdk2/include/unitree/idl/go2/LidarState_.hpp
[0.119s] -- Up-to-date: /home/rml/ros2_ws/src/quad-sdk/install/unitree_sdk2/include/unitree/idl/go2/SportModeCmd_.hpp
[0.119s] -- Up-to-date: /home/rml/ros2_ws/src/quad-sdk/install/unitree_sdk2/include/unitree/idl/go2/HeightMap_.hpp
[0.119s] -- Up-to-date: /home/rml/ros2_ws/src/quad-sdk/install/unitree_sdk2/include/unitree/idl/go2/MotorState_.hpp
[0.119s] -- Up-to-date: /home/rml/ros2_ws/src/quad-sdk/install/unitree_sdk2/include/unitree/idl/go2/MotorCmds_.hpp
[0.119s] -- Up-to-date: /home/rml/ros2_ws/src/quad-sdk/install/unitree_sdk2/include/unitree/idl/go2/Go2FrontVideoData_.hpp
[0.119s] -- Up-to-date: /home/rml/ros2_ws/src/quad-sdk/install/unitree_sdk2/include/unitree/idl/go2/UwbSwitch_.hpp
[0.119s] -- Up-to-date: /home/rml/ros2_ws/src/quad-sdk/install/unitree_sdk2/include/unitree/idl/go2/WirelessController_.hpp
[0.119s] -- Up-to-date: /home/rml/ros2_ws/src/quad-sdk/install/unitree_sdk2/include/unitree/dds_wrapper
[0.119s] -- Up-to-date: /home/rml/ros2_ws/src/quad-sdk/install/unitree_sdk2/include/unitree/dds_wrapper/common
[0.119s] -- Up-to-date: /home/rml/ros2_ws/src/quad-sdk/install/unitree_sdk2/include/unitree/dds_wrapper/common/Publisher.h
[0.119s] -- Up-to-date: /home/rml/ros2_ws/src/quad-sdk/install/unitree_sdk2/include/unitree/dds_wrapper/common/Subscription.h
[0.119s] -- Up-to-date: /home/rml/ros2_ws/src/quad-sdk/install/unitree_sdk2/include/unitree/dds_wrapper/common/unitree_joystick.hpp
[0.120s] -- Up-to-date: /home/rml/ros2_ws/src/quad-sdk/install/unitree_sdk2/include/unitree/dds_wrapper/common/crc.h
[0.120s] -- Up-to-date: /home/rml/ros2_ws/src/quad-sdk/install/unitree_sdk2/include/unitree/dds_wrapper/robots
[0.120s] -- Up-to-date: /home/rml/ros2_ws/src/quad-sdk/install/unitree_sdk2/include/unitree/dds_wrapper/robots/g1
[0.120s] -- Up-to-date: /home/rml/ros2_ws/src/quad-sdk/install/unitree_sdk2/include/unitree/dds_wrapper/robots/g1/defines.h
[0.120s] -- Up-to-date: /home/rml/ros2_ws/src/quad-sdk/install/unitree_sdk2/include/unitree/dds_wrapper/robots/g1/g1.h
[0.120s] -- Up-to-date: /home/rml/ros2_ws/src/quad-sdk/install/unitree_sdk2/include/unitree/dds_wrapper/robots/g1/g1_pub.h
[0.120s] -- Up-to-date: /home/rml/ros2_ws/src/quad-sdk/install/unitree_sdk2/include/unitree/dds_wrapper/robots/g1/g1_sub.h
[0.120s] -- Up-to-date: /home/rml/ros2_ws/src/quad-sdk/install/unitree_sdk2/include/unitree/dds_wrapper/robots/go2
[0.120s] -- Up-to-date: /home/rml/ros2_ws/src/quad-sdk/install/unitree_sdk2/include/unitree/dds_wrapper/robots/go2/defines.h
[0.120s] -- Up-to-date: /home/rml/ros2_ws/src/quad-sdk/install/unitree_sdk2/include/unitree/dds_wrapper/robots/go2/go2.h
[0.120s] -- Up-to-date: /home/rml/ros2_ws/src/quad-sdk/install/unitree_sdk2/include/unitree/dds_wrapper/robots/go2/go2_pub.h
[0.120s] -- Up-to-date: /home/rml/ros2_ws/src/quad-sdk/install/unitree_sdk2/include/unitree/dds_wrapper/robots/go2/go2_sub.h
[0.120s] -- Up-to-date: /home/rml/ros2_ws/src/quad-sdk/install/unitree_sdk2/lib/libunitree_sdk2.a
[0.120s] -- Up-to-date: /home/rml/ros2_ws/src/quad-sdk/install/unitree_sdk2/lib/cmake/unitree_sdk2/unitree_sdk2Targets.cmake
[0.120s] -- Up-to-date: /home/rml/ros2_ws/src/quad-sdk/install/unitree_sdk2/lib/cmake/unitree_sdk2/unitree_sdk2Config.cmake
[0.120s] -- Up-to-date: /home/rml/ros2_ws/src/quad-sdk/install/unitree_sdk2/lib/cmake/unitree_sdk2/unitree_sdk2ConfigVersion.cmake
[0.120s] -- Up-to-date: /home/rml/ros2_ws/src/quad-sdk/install/unitree_sdk2/lib/libddsc.so
[0.120s] -- Up-to-date: /home/rml/ros2_ws/src/quad-sdk/install/unitree_sdk2/lib/libddsc.so.0
[0.120s] -- Up-to-date: /home/rml/ros2_ws/src/quad-sdk/install/unitree_sdk2/lib/libddscxx.so
[0.120s] -- Up-to-date: /home/rml/ros2_ws/src/quad-sdk/install/unitree_sdk2/lib/libddscxx.so.0
[0.120s] -- Up-to-date: /home/rml/ros2_ws/src/quad-sdk/install/unitree_sdk2/include
[0.120s] -- Up-to-date: /home/rml/ros2_ws/src/quad-sdk/install/unitree_sdk2/include/dds
[0.120s] -- Up-to-date: /home/rml/ros2_ws/src/quad-sdk/install/unitree_sdk2/include/dds/ddsi
[0.120s] -- Up-to-date: /home/rml/ros2_ws/src/quad-sdk/install/unitree_sdk2/include/dds/ddsi/ddsi_statistics.h
[0.120s] -- Up-to-date: /home/rml/ros2_ws/src/quad-sdk/install/unitree_sdk2/include/dds/ddsi/ddsi_tcp.h
[0.120s] -- Up-to-date: /home/rml/ros2_ws/src/quad-sdk/install/unitree_sdk2/include/dds/ddsi/ddsi_entity_index.h
[0.120s] -- Up-to-date: /home/rml/ros2_ws/src/quad-sdk/install/unitree_sdk2/include/dds/ddsi/ddsi_time.h
[0.120s] -- Up-to-date: /home/rml/ros2_ws/src/quad-sdk/install/unitree_sdk2/include/dds/ddsi/q_freelist.h
[0.120s] -- Up-to-date: /home/rml/ros2_ws/src/quad-sdk/install/unitree_sdk2/include/dds/ddsi/ddsi_config_impl.h
[0.120s] -- Up-to-date: /home/rml/ros2_ws/src/quad-sdk/install/unitree_sdk2/include/dds/ddsi/ddsi_xt_typeinfo.h
[0.120s] -- Up-to-date: /home/rml/ros2_ws/src/quad-sdk/install/unitree_sdk2/include/dds/ddsi/ddsi_deadline.h
[0.120s] -- Up-to-date: /home/rml/ros2_ws/src/quad-sdk/install/unitree_sdk2/include/dds/ddsi/ddsi_tkmap.h
[0.120s] -- Up-to-date: /home/rml/ros2_ws/src/quad-sdk/install/unitree_sdk2/include/dds/ddsi/ddsi_serdata_default.h
[0.120s] -- Up-to-date: /home/rml/ros2_ws/src/quad-sdk/install/unitree_sdk2/include/dds/ddsi/q_log.h
[0.120s] -- Up-to-date: /home/rml/ros2_ws/src/quad-sdk/install/unitree_sdk2/include/dds/ddsi/ddsi_sertype.h
[0.120s] -- Up-to-date: /home/rml/ros2_ws/src/quad-sdk/install/unitree_sdk2/include/dds/ddsi/ddsi_udp.h
[0.120s] -- Up-to-date: /home/rml/ros2_ws/src/quad-sdk/install/unitree_sdk2/include/dds/ddsi/q_unused.h
[0.121s] -- Up-to-date: /home/rml/ros2_ws/src/quad-sdk/install/unitree_sdk2/include/dds/ddsi/q_lease.h
[0.121s] -- Up-to-date: /home/rml/ros2_ws/src/quad-sdk/install/unitree_sdk2/include/dds/ddsi/ddsi_cfgelems.h
[0.121s] -- Up-to-date: /home/rml/ros2_ws/src/quad-sdk/install/unitree_sdk2/include/dds/ddsi/ddsi_xt_typeinfo.idl
[0.121s] -- Up-to-date: /home/rml/ros2_ws/src/quad-sdk/install/unitree_sdk2/include/dds/ddsi/ddsi_ownip.h
[0.121s] -- Up-to-date: /home/rml/ros2_ws/src/quad-sdk/install/unitree_sdk2/include/dds/ddsi/ddsi_domaingv.h
[0.121s] -- Up-to-date: /home/rml/ros2_ws/src/quad-sdk/install/unitree_sdk2/include/dds/ddsi/q_receive.h
[0.121s] -- Up-to-date: /home/rml/ros2_ws/src/quad-sdk/install/unitree_sdk2/include/dds/ddsi/q_hbcontrol.h
[0.121s] -- Up-to-date: /home/rml/ros2_ws/src/quad-sdk/install/unitree_sdk2/include/dds/ddsi/q_transmit.h
[0.121s] -- Up-to-date: /home/rml/ros2_ws/src/quad-sdk/install/unitree_sdk2/include/dds/ddsi/ddsi_serdata_pserop.h
[0.121s] -- Up-to-date: /home/rml/ros2_ws/src/quad-sdk/install/unitree_sdk2/include/dds/ddsi/q_ddsi_discovery.h
[0.121s] -- Up-to-date: /home/rml/ros2_ws/src/quad-sdk/install/unitree_sdk2/include/dds/ddsi/ddsi_endpoint.h
[0.121s] -- Up-to-date: /home/rml/ros2_ws/src/quad-sdk/install/unitree_sdk2/include/dds/ddsi/ddsi_handshake.h
[0.121s] -- Up-to-date: /home/rml/ros2_ws/src/quad-sdk/install/unitree_sdk2/include/dds/ddsi/ddsi_ssl.h
[0.121s] -- Up-to-date: /home/rml/ros2_ws/src/quad-sdk/install/unitree_sdk2/include/dds/ddsi/ddsi_typelookup.h
[0.121s] -- Up-to-date: /home/rml/ros2_ws/src/quad-sdk/install/unitree_sdk2/include/dds/ddsi/ddsi_entity_match.h
[0.121s] -- Up-to-date: /home/rml/ros2_ws/src/quad-sdk/install/unitree_sdk2/include/dds/ddsi/q_inverse_uint32_set.h
[0.121s] -- Up-to-date: /home/rml/ros2_ws/src/quad-sdk/install/unitree_sdk2/include/dds/ddsi/ddsi_proxy_participant.h
[0.121s] -- Up-to-date: /home/rml/ros2_ws/src/quad-sdk/install/unitree_sdk2/include/dds/ddsi/ddsi_security_msg.h
[0.121s] -- Up-to-date: /home/rml/ros2_ws/src/quad-sdk/install/unitree_sdk2/include/dds/ddsi/ddsi_shm_transport.h
[0.121s] -- Up-to-date: /home/rml/ros2_ws/src/quad-sdk/install/unitree_sdk2/include/dds/ddsi/ddsi_security_exchange.h
[0.121s] -- Up-to-date: /home/rml/ros2_ws/src/quad-sdk/install/unitree_sdk2/include/dds/ddsi/ddsi_lifespan.h
[0.121s] -- Up-to-date: /home/rml/ros2_ws/src/quad-sdk/install/unitree_sdk2/include/dds/ddsi/ddsi_list_tmpl.h
[0.121s] -- Up-to-date: /home/rml/ros2_ws/src/quad-sdk/install/unitree_sdk2/include/dds/ddsi/ddsi_serdata.h
[0.121s] -- Up-to-date: /home/rml/ros2_ws/src/quad-sdk/install/unitree_sdk2/include/dds/ddsi/ddsi_plist.h
[0.121s] -- Up-to-date: /home/rml/ros2_ws/src/quad-sdk/install/unitree_sdk2/include/dds/ddsi/ddsi_xt_typelookup.h
[0.121s] -- Up-to-date: /home/rml/ros2_ws/src/quad-sdk/install/unitree_sdk2/include/dds/ddsi/ddsi_raweth.h
[0.121s] -- Up-to-date: /home/rml/ros2_ws/src/quad-sdk/install/unitree_sdk2/include/dds/ddsi/ddsi_pmd.h
[0.121s] -- Up-to-date: /home/rml/ros2_ws/src/quad-sdk/install/unitree_sdk2/include/dds/ddsi/q_addrset.h
[0.121s] -- Up-to-date: /home/rml/ros2_ws/src/quad-sdk/install/unitree_sdk2/include/dds/ddsi/ddsi_sertopic.h
[0.121s] -- Up-to-date: /home/rml/ros2_ws/src/quad-sdk/install/unitree_sdk2/include/dds/ddsi/q_feature_check.h
[0.121s] -- Up-to-date: /home/rml/ros2_ws/src/quad-sdk/install/unitree_sdk2/include/dds/ddsi/ddsi_xqos.h
[0.121s] -- Up-to-date: /home/rml/ros2_ws/src/quad-sdk/install/unitree_sdk2/include/dds/ddsi/q_protocol.h
[0.121s] -- Up-to-date: /home/rml/ros2_ws/src/quad-sdk/install/unitree_sdk2/include/dds/ddsi/ddsi_wraddrset.h
[0.121s] -- Up-to-date: /home/rml/ros2_ws/src/quad-sdk/install/unitree_sdk2/include/dds/ddsi/ddsi_security_omg.h
[0.121s] -- Up-to-date: /home/rml/ros2_ws/src/quad-sdk/install/unitree_sdk2/include/dds/ddsi/ddsi_xt_typelookup.idl
[0.121s] -- Up-to-date: /home/rml/ros2_ws/src/quad-sdk/install/unitree_sdk2/include/dds/ddsi/q_bitset.h
[0.121s] -- Up-to-date: /home/rml/ros2_ws/src/quad-sdk/install/unitree_sdk2/include/dds/ddsi/q_qosmatch.h
[0.121s] -- Up-to-date: /home/rml/ros2_ws/src/quad-sdk/install/unitree_sdk2/include/dds/ddsi/ddsi_threadmon.h
[0.121s] -- Up-to-date: /home/rml/ros2_ws/src/quad-sdk/install/unitree_sdk2/include/dds/ddsi/ddsi_xt_typemap.h
[0.121s] -- Up-to-date: /home/rml/ros2_ws/src/quad-sdk/install/unitree_sdk2/include/dds/ddsi/ddsi_guid.h
[0.121s] -- Up-to-date: /home/rml/ros2_ws/src/quad-sdk/install/unitree_sdk2/include/dds/ddsi/ddsi_deliver_locally.h
[0.121s] -- Up-to-date: /home/rml/ros2_ws/src/quad-sdk/install/unitree_sdk2/include/dds/ddsi/ddsi_tran.h
[0.121s] -- Up-to-date: /home/rml/ros2_ws/src/quad-sdk/install/unitree_sdk2/include/dds/ddsi/ddsi_rhc.h
[0.121s] -- Up-to-date: /home/rml/ros2_ws/src/quad-sdk/install/unitree_sdk2/include/dds/ddsi/q_lat_estim.h
[0.121s] -- Up-to-date: /home/rml/ros2_ws/src/quad-sdk/install/unitree_sdk2/include/dds/ddsi/q_rtps.h
[0.121s] -- Up-to-date: /home/rml/ros2_ws/src/quad-sdk/install/unitree_sdk2/include/dds/ddsi/q_gc.h
[0.121s] -- Up-to-date: /home/rml/ros2_ws/src/quad-sdk/install/unitree_sdk2/include/dds/ddsi/ddsi_topic.h
[0.121s] -- Up-to-date: /home/rml/ros2_ws/src/quad-sdk/install/unitree_sdk2/include/dds/ddsi/ddsi_mcgroup.h
[0.121s] -- Up-to-date: /home/rml/ros2_ws/src/quad-sdk/install/unitree_sdk2/include/dds/ddsi/q_init.h
[0.121s] -- Up-to-date: /home/rml/ros2_ws/src/quad-sdk/install/unitree_sdk2/include/dds/ddsi/ddsi_proxy_endpoint.h
[0.121s] -- Up-to-date: /home/rml/ros2_ws/src/quad-sdk/install/unitree_sdk2/include/dds/ddsi/ddsi_vnet.h
[0.121s] -- Up-to-date: /home/rml/ros2_ws/src/quad-sdk/install/unitree_sdk2/include/dds/ddsi/ddsi_typelib.h
[0.121s] -- Up-to-date: /home/rml/ros2_ws/src/quad-sdk/install/unitree_sdk2/include/dds/ddsi/q_bswap.h
[0.122s] -- Up-to-date: /home/rml/ros2_ws/src/quad-sdk/install/unitree_sdk2/include/dds/ddsi/ddsi_locator.h
[0.122s] -- Up-to-date: /home/rml/ros2_ws/src/quad-sdk/install/unitree_sdk2/include/dds/ddsi/ddsi_config.h
[0.122s] -- Up-to-date: /home/rml/ros2_ws/src/quad-sdk/install/unitree_sdk2/include/dds/ddsi/ddsi_participant.h
[0.122s] -- Up-to-date: /home/rml/ros2_ws/src/quad-sdk/install/unitree_sdk2/include/dds/ddsi/ddsi_list_genptr.h
[0.122s] -- Up-to-date: /home/rml/ros2_ws/src/quad-sdk/install/unitree_sdk2/include/dds/ddsi/q_thread.h
[0.122s] -- Up-to-date: /home/rml/ros2_ws/src/quad-sdk/install/unitree_sdk2/include/dds/ddsi/ddsi_typebuilder.h
[0.122s] -- Up-to-date: /home/rml/ros2_ws/src/quad-sdk/install/unitree_sdk2/include/dds/ddsi/ddsi_serdata_plist.h
[0.122s] -- Up-to-date: /home/rml/ros2_ws/src/quad-sdk/install/unitree_sdk2/include/dds/ddsi/q_debmon.h
[0.122s] -- Up-to-date: /home/rml/ros2_ws/src/quad-sdk/install/unitree_sdk2/include/dds/ddsi/ddsi_vendor.h
[0.122s] -- Up-to-date: /home/rml/ros2_ws/src/quad-sdk/install/unitree_sdk2/include/dds/ddsi/ddsi_acknack.h
[0.122s] -- Up-to-date: /home/rml/ros2_ws/src/quad-sdk/install/unitree_sdk2/include/dds/ddsi/ddsi_entity.h
[0.122s] -- Up-to-date: /home/rml/ros2_ws/src/quad-sdk/install/unitree_sdk2/include/dds/ddsi/q_pcap.h
[0.122s] -- Up-to-date: /home/rml/ros2_ws/src/quad-sdk/install/unitree_sdk2/include/dds/ddsi/q_sockwaitset.h
[0.122s] -- Up-to-date: /home/rml/ros2_ws/src/quad-sdk/install/unitree_sdk2/include/dds/ddsi/q_misc.h
[0.122s] -- Up-to-date: /home/rml/ros2_ws/src/quad-sdk/install/unitree_sdk2/include/dds/ddsi/ddsi_iid.h
[0.122s] -- Up-to-date: /home/rml/ros2_ws/src/quad-sdk/install/unitree_sdk2/include/dds/ddsi/ddsi_xt_impl.h
[0.122s] -- Up-to-date: /home/rml/ros2_ws/src/quad-sdk/install/unitree_sdk2/include/dds/ddsi/ddsi_ipaddr.h
[0.122s] -- Up-to-date: /home/rml/ros2_ws/src/quad-sdk/install/unitree_sdk2/include/dds/ddsi/ddsi_keyhash.h
[0.122s] -- Up-to-date: /home/rml/ros2_ws/src/quad-sdk/install/unitree_sdk2/include/dds/ddsi/ddsi_cdrstream.h
[0.122s] -- Up-to-date: /home/rml/ros2_ws/src/quad-sdk/install/unitree_sdk2/include/dds/ddsi/q_whc.h
[0.122s] -- Up-to-date: /home/rml/ros2_ws/src/quad-sdk/install/unitree_sdk2/include/dds/ddsi/q_xmsg.h
[0.122s] -- Up-to-date: /home/rml/ros2_ws/src/quad-sdk/install/unitree_sdk2/include/dds/ddsi/q_radmin.h
[0.122s] -- Up-to-date: /home/rml/ros2_ws/src/quad-sdk/install/unitree_sdk2/include/dds/ddsi/ddsi_plist_generic.h
[0.122s] -- Up-to-date: /home/rml/ros2_ws/src/quad-sdk/install/unitree_sdk2/include/dds/ddsi/ddsi_builtin_topic_if.h
[0.122s] -- Up-to-date: /home/rml/ros2_ws/src/quad-sdk/install/unitree_sdk2/include/dds/ddsi/ddsi_security_util.h
[0.122s] -- Up-to-date: /home/rml/ros2_ws/src/quad-sdk/install/unitree_sdk2/include/dds/ddsi/sysdeps.h
[0.122s] -- Up-to-date: /home/rml/ros2_ws/src/quad-sdk/install/unitree_sdk2/include/dds/ddsi/ddsi_xt_typemap.idl
[0.122s] -- Up-to-date: /home/rml/ros2_ws/src/quad-sdk/install/unitree_sdk2/include/dds/ddsi/ddsi_cfgunits.h
[0.122s] -- Up-to-date: /home/rml/ros2_ws/src/quad-sdk/install/unitree_sdk2/include/dds/ddsi/ddsi_portmapping.h
[0.122s] -- Up-to-date: /home/rml/ros2_ws/src/quad-sdk/install/unitree_sdk2/include/dds/ddsi/q_xevent.h
[0.122s] -- Up-to-date: /home/rml/ros2_ws/src/quad-sdk/install/unitree_sdk2/include/dds/ddsi/ddsi_typewrap.h
[0.122s] -- Up-to-date: /home/rml/ros2_ws/src/quad-sdk/install/unitree_sdk2/include/dds/dds.h
[0.122s] -- Up-to-date: /home/rml/ros2_ws/src/quad-sdk/install/unitree_sdk2/include/dds/config.h
[0.122s] -- Up-to-date: /home/rml/ros2_ws/src/quad-sdk/install/unitree_sdk2/include/dds/export.h
[0.122s] -- Up-to-date: /home/rml/ros2_ws/src/quad-sdk/install/unitree_sdk2/include/dds/ddsc
[0.122s] -- Up-to-date: /home/rml/ros2_ws/src/quad-sdk/install/unitree_sdk2/include/dds/ddsc/dds_public_qosdefs.h
[0.122s] -- Up-to-date: /home/rml/ros2_ws/src/quad-sdk/install/unitree_sdk2/include/dds/ddsc/dds_internal_api.h
[0.122s] -- Up-to-date: /home/rml/ros2_ws/src/quad-sdk/install/unitree_sdk2/include/dds/ddsc/dds_loan_api.h
[0.122s] -- Up-to-date: /home/rml/ros2_ws/src/quad-sdk/install/unitree_sdk2/include/dds/ddsc/dds_statistics.h
[0.122s] -- Up-to-date: /home/rml/ros2_ws/src/quad-sdk/install/unitree_sdk2/include/dds/ddsc/dds_public_status.h
[0.122s] -- Up-to-date: /home/rml/ros2_ws/src/quad-sdk/install/unitree_sdk2/include/dds/ddsc/dds_opcodes.h
[0.122s] -- Up-to-date: /home/rml/ros2_ws/src/quad-sdk/install/unitree_sdk2/include/dds/ddsc/dds_public_listener.h
[0.122s] -- Up-to-date: /home/rml/ros2_ws/src/quad-sdk/install/unitree_sdk2/include/dds/ddsc/dds_data_allocator.h
[0.122s] -- Up-to-date: /home/rml/ros2_ws/src/quad-sdk/install/unitree_sdk2/include/dds/ddsc/dds_rhc.h
[0.122s] -- Up-to-date: /home/rml/ros2_ws/src/quad-sdk/install/unitree_sdk2/include/dds/ddsc/dds_public_qos.h
[0.122s] -- Up-to-date: /home/rml/ros2_ws/src/quad-sdk/install/unitree_sdk2/include/dds/ddsc/dds_public_error.h
[0.122s] -- Up-to-date: /home/rml/ros2_ws/src/quad-sdk/install/unitree_sdk2/include/dds/ddsc/dds_public_alloc.h
[0.122s] -- Up-to-date: /home/rml/ros2_ws/src/quad-sdk/install/unitree_sdk2/include/dds/ddsc/dds_basic_types.h
[0.122s] -- Up-to-date: /home/rml/ros2_ws/src/quad-sdk/install/unitree_sdk2/include/dds/ddsc/dds_public_impl.h
[0.122s] -- Up-to-date: /home/rml/ros2_ws/src/quad-sdk/install/unitree_sdk2/include/dds/version.h
[0.122s] -- Up-to-date: /home/rml/ros2_ws/src/quad-sdk/install/unitree_sdk2/include/dds/features.h
[0.122s] -- Up-to-date: /home/rml/ros2_ws/src/quad-sdk/install/unitree_sdk2/include/dds/ddsrt
[0.122s] -- Up-to-date: /home/rml/ros2_ws/src/quad-sdk/install/unitree_sdk2/include/dds/ddsrt/sync
[0.122s] -- Up-to-date: /home/rml/ros2_ws/src/quad-sdk/install/unitree_sdk2/include/dds/ddsrt/sync/posix.h
[0.123s] -- Up-to-date: /home/rml/ros2_ws/src/quad-sdk/install/unitree_sdk2/include/dds/ddsrt/sync/freertos.h
[0.123s] -- Up-to-date: /home/rml/ros2_ws/src/quad-sdk/install/unitree_sdk2/include/dds/ddsrt/sync/windows.h
[0.123s] -- Up-to-date: /home/rml/ros2_ws/src/quad-sdk/install/unitree_sdk2/include/dds/ddsrt/align.h
[0.123s] -- Up-to-date: /home/rml/ros2_ws/src/quad-sdk/install/unitree_sdk2/include/dds/ddsrt/heap.h
[0.123s] -- Up-to-date: /home/rml/ros2_ws/src/quad-sdk/install/unitree_sdk2/include/dds/ddsrt/expand_vars.h
[0.123s] -- Up-to-date: /home/rml/ros2_ws/src/quad-sdk/install/unitree_sdk2/include/dds/ddsrt/attributes.h
[0.123s] -- Up-to-date: /home/rml/ros2_ws/src/quad-sdk/install/unitree_sdk2/include/dds/ddsrt/misc.h
[0.123s] -- Up-to-date: /home/rml/ros2_ws/src/quad-sdk/install/unitree_sdk2/include/dds/ddsrt/iovec.h
[0.123s] -- Up-to-date: /home/rml/ros2_ws/src/quad-sdk/install/unitree_sdk2/include/dds/ddsrt/types
[0.123s] -- Up-to-date: /home/rml/ros2_ws/src/quad-sdk/install/unitree_sdk2/include/dds/ddsrt/types/posix.h
[0.123s] -- Up-to-date: /home/rml/ros2_ws/src/quad-sdk/install/unitree_sdk2/include/dds/ddsrt/types/vxworks.h
[0.123s] -- Up-to-date: /home/rml/ros2_ws/src/quad-sdk/install/unitree_sdk2/include/dds/ddsrt/types/windows.h
[0.123s] -- Up-to-date: /home/rml/ros2_ws/src/quad-sdk/install/unitree_sdk2/include/dds/ddsrt/arch.h
[0.123s] -- Up-to-date: /home/rml/ros2_ws/src/quad-sdk/install/unitree_sdk2/include/dds/ddsrt/atomics.h
[0.123s] -- Up-to-date: /home/rml/ros2_ws/src/quad-sdk/install/unitree_sdk2/include/dds/ddsrt/filesystem
[0.123s] -- Up-to-date: /home/rml/ros2_ws/src/quad-sdk/install/unitree_sdk2/include/dds/ddsrt/filesystem/posix.h
[0.123s] -- Up-to-date: /home/rml/ros2_ws/src/quad-sdk/install/unitree_sdk2/include/dds/ddsrt/filesystem/windows.h
[0.123s] -- Up-to-date: /home/rml/ros2_ws/src/quad-sdk/install/unitree_sdk2/include/dds/ddsrt/countargs.h
[0.123s] -- Up-to-date: /home/rml/ros2_ws/src/quad-sdk/install/unitree_sdk2/include/dds/ddsrt/retcode.h
[0.123s] -- Up-to-date: /home/rml/ros2_ws/src/quad-sdk/install/unitree_sdk2/include/dds/ddsrt/dynlib.h
[0.123s] -- Up-to-date: /home/rml/ros2_ws/src/quad-sdk/install/unitree_sdk2/include/dds/ddsrt/filesystem.h
[0.123s] -- Up-to-date: /home/rml/ros2_ws/src/quad-sdk/install/unitree_sdk2/include/dds/ddsrt/types.h
[0.123s] -- Up-to-date: /home/rml/ros2_ws/src/quad-sdk/install/unitree_sdk2/include/dds/ddsrt/strtod.h
[0.123s] -- Up-to-date: /home/rml/ros2_ws/src/quad-sdk/install/unitree_sdk2/include/dds/ddsrt/io.h
[0.123s] -- Up-to-date: /home/rml/ros2_ws/src/quad-sdk/install/unitree_sdk2/include/dds/ddsrt/process.h
[0.123s] -- Up-to-date: /home/rml/ros2_ws/src/quad-sdk/install/unitree_sdk2/include/dds/ddsrt/threads.h
[0.123s] -- Up-to-date: /home/rml/ros2_ws/src/quad-sdk/install/unitree_sdk2/include/dds/ddsrt/hopscotch.h
[0.123s] -- Up-to-date: /home/rml/ros2_ws/src/quad-sdk/install/unitree_sdk2/include/dds/ddsrt/random.h
[0.123s] -- Up-to-date: /home/rml/ros2_ws/src/quad-sdk/install/unitree_sdk2/include/dds/ddsrt/fibheap.h
[0.123s] -- Up-to-date: /home/rml/ros2_ws/src/quad-sdk/install/unitree_sdk2/include/dds/ddsrt/time.h
[0.123s] -- Up-to-date: /home/rml/ros2_ws/src/quad-sdk/install/unitree_sdk2/include/dds/ddsrt/xmlparser.h
[0.123s] -- Up-to-date: /home/rml/ros2_ws/src/quad-sdk/install/unitree_sdk2/include/dds/ddsrt/environ.h
[0.123s] -- Up-to-date: /home/rml/ros2_ws/src/quad-sdk/install/unitree_sdk2/include/dds/ddsrt/rusage.h
[0.123s] -- Up-to-date: /home/rml/ros2_ws/src/quad-sdk/install/unitree_sdk2/include/dds/ddsrt/circlist.h
[0.123s] -- Up-to-date: /home/rml/ros2_ws/src/quad-sdk/install/unitree_sdk2/include/dds/ddsrt/time
[0.123s] -- Up-to-date: /home/rml/ros2_ws/src/quad-sdk/install/unitree_sdk2/include/dds/ddsrt/time/freertos.h
[0.123s] -- Up-to-date: /home/rml/ros2_ws/src/quad-sdk/install/unitree_sdk2/include/dds/ddsrt/cdtors.h
[0.123s] -- Up-to-date: /home/rml/ros2_ws/src/quad-sdk/install/unitree_sdk2/include/dds/ddsrt/endian.h
[0.123s] -- Up-to-date: /home/rml/ros2_ws/src/quad-sdk/install/unitree_sdk2/include/dds/ddsrt/string.h
[0.124s] -- Up-to-date: /home/rml/ros2_ws/src/quad-sdk/install/unitree_sdk2/include/dds/ddsrt/sockets
[0.124s] -- Up-to-date: /home/rml/ros2_ws/src/quad-sdk/install/unitree_sdk2/include/dds/ddsrt/sockets/posix.h
[0.124s] -- Up-to-date: /home/rml/ros2_ws/src/quad-sdk/install/unitree_sdk2/include/dds/ddsrt/sockets/windows.h
[0.124s] -- Up-to-date: /home/rml/ros2_ws/src/quad-sdk/install/unitree_sdk2/include/dds/ddsrt/avl.h
[0.124s] -- Up-to-date: /home/rml/ros2_ws/src/quad-sdk/install/unitree_sdk2/include/dds/ddsrt/static_assert.h
[0.124s] -- Up-to-date: /home/rml/ros2_ws/src/quad-sdk/install/unitree_sdk2/include/dds/ddsrt/sched.h
[0.124s] -- Up-to-date: /home/rml/ros2_ws/src/quad-sdk/install/unitree_sdk2/include/dds/ddsrt/md5.h
[0.124s] -- Up-to-date: /home/rml/ros2_ws/src/quad-sdk/install/unitree_sdk2/include/dds/ddsrt/netstat.h
[0.124s] -- Up-to-date: /home/rml/ros2_ws/src/quad-sdk/install/unitree_sdk2/include/dds/ddsrt/sockets.h
[0.124s] -- Up-to-date: /home/rml/ros2_ws/src/quad-sdk/install/unitree_sdk2/include/dds/ddsrt/log.h
[0.124s] -- Up-to-date: /home/rml/ros2_ws/src/quad-sdk/install/unitree_sdk2/include/dds/ddsrt/threads
[0.124s] -- Up-to-date: /home/rml/ros2_ws/src/quad-sdk/install/unitree_sdk2/include/dds/ddsrt/threads/posix.h
[0.124s] -- Up-to-date: /home/rml/ros2_ws/src/quad-sdk/install/unitree_sdk2/include/dds/ddsrt/threads/freertos.h
[0.124s] -- Up-to-date: /home/rml/ros2_ws/src/quad-sdk/install/unitree_sdk2/include/dds/ddsrt/threads/windows.h
[0.124s] -- Up-to-date: /home/rml/ros2_ws/src/quad-sdk/install/unitree_sdk2/include/dds/ddsrt/ifaddrs.h
[0.124s] -- Up-to-date: /home/rml/ros2_ws/src/quad-sdk/install/unitree_sdk2/include/dds/ddsrt/bswap.h
[0.124s] -- Up-to-date: /home/rml/ros2_ws/src/quad-sdk/install/unitree_sdk2/include/dds/ddsrt/sync.h
[0.124s] -- Up-to-date: /home/rml/ros2_ws/src/quad-sdk/install/unitree_sdk2/include/dds/ddsrt/mh3.h
[0.124s] -- Up-to-date: /home/rml/ros2_ws/src/quad-sdk/install/unitree_sdk2/include/dds/ddsrt/strtol.h
[0.124s] -- Up-to-date: /home/rml/ros2_ws/src/quad-sdk/install/unitree_sdk2/include/dds/ddsrt/atomics
[0.124s] -- Up-to-date: /home/rml/ros2_ws/src/quad-sdk/install/unitree_sdk2/include/dds/ddsrt/atomics/sun.h
[0.124s] -- Up-to-date: /home/rml/ros2_ws/src/quad-sdk/install/unitree_sdk2/include/dds/ddsrt/atomics/arm.h
[0.124s] -- Up-to-date: /home/rml/ros2_ws/src/quad-sdk/install/unitree_sdk2/include/dds/ddsrt/atomics/msvc.h
[0.124s] -- Up-to-date: /home/rml/ros2_ws/src/quad-sdk/install/unitree_sdk2/include/dds/ddsrt/atomics/gcc.h
[0.124s] -- Up-to-date: /home/rml/ros2_ws/src/quad-sdk/install/unitree_sdk2/include/ddsc
[0.124s] -- Up-to-date: /home/rml/ros2_ws/src/quad-sdk/install/unitree_sdk2/include/ddsc/dds.h
[0.124s] -- Up-to-date: /home/rml/ros2_ws/src/quad-sdk/install/unitree_sdk2/include/ddscxx
[0.124s] -- Up-to-date: /home/rml/ros2_ws/src/quad-sdk/install/unitree_sdk2/include/ddscxx/dds
[0.124s] -- Up-to-date: /home/rml/ros2_ws/src/quad-sdk/install/unitree_sdk2/include/ddscxx/dds/topic
[0.124s] -- Up-to-date: /home/rml/ros2_ws/src/quad-sdk/install/unitree_sdk2/include/ddscxx/dds/topic/MultiTopic.hpp
[0.124s] -- Up-to-date: /home/rml/ros2_ws/src/quad-sdk/install/unitree_sdk2/include/ddscxx/dds/topic/TopicListener.hpp
[0.124s] -- Up-to-date: /home/rml/ros2_ws/src/quad-sdk/install/unitree_sdk2/include/ddscxx/dds/topic/find.hpp
[0.124s] -- Up-to-date: /home/rml/ros2_ws/src/quad-sdk/install/unitree_sdk2/include/ddscxx/dds/topic/TMultiTopic.hpp
[0.124s] -- Up-to-date: /home/rml/ros2_ws/src/quad-sdk/install/unitree_sdk2/include/ddscxx/dds/topic/TTopic.hpp
[0.124s] -- Up-to-date: /home/rml/ros2_ws/src/quad-sdk/install/unitree_sdk2/include/ddscxx/dds/topic/TBuiltinTopicKey.hpp
[0.124s] -- Up-to-date: /home/rml/ros2_ws/src/quad-sdk/install/unitree_sdk2/include/ddscxx/dds/topic/ContentFilteredTopic.hpp
[0.124s] -- Up-to-date: /home/rml/ros2_ws/src/quad-sdk/install/unitree_sdk2/include/ddscxx/dds/topic/Topic.hpp
[0.124s] -- Up-to-date: /home/rml/ros2_ws/src/quad-sdk/install/unitree_sdk2/include/ddscxx/dds/topic/discovery.hpp
[0.124s] -- Up-to-date: /home/rml/ros2_ws/src/quad-sdk/install/unitree_sdk2/include/ddscxx/dds/topic/TBuiltinTopic.hpp
[0.124s] -- Up-to-date: /home/rml/ros2_ws/src/quad-sdk/install/unitree_sdk2/include/ddscxx/dds/topic/ddstopic.hpp
[0.124s] -- Up-to-date: /home/rml/ros2_ws/src/quad-sdk/install/unitree_sdk2/include/ddscxx/dds/topic/BuiltinTopic.hpp
[0.124s] -- Up-to-date: /home/rml/ros2_ws/src/quad-sdk/install/unitree_sdk2/include/ddscxx/dds/topic/Filter.hpp
[0.125s] -- Up-to-date: /home/rml/ros2_ws/src/quad-sdk/install/unitree_sdk2/include/ddscxx/dds/topic/TopicTraits.hpp
[0.125s] -- Up-to-date: /home/rml/ros2_ws/src/quad-sdk/install/unitree_sdk2/include/ddscxx/dds/topic/TopicInstance.hpp
[0.125s] -- Up-to-date: /home/rml/ros2_ws/src/quad-sdk/install/unitree_sdk2/include/ddscxx/dds/topic/qos
[0.125s] -- Up-to-date: /home/rml/ros2_ws/src/quad-sdk/install/unitree_sdk2/include/ddscxx/dds/topic/qos/detail
[0.125s] -- Up-to-date: /home/rml/ros2_ws/src/quad-sdk/install/unitree_sdk2/include/ddscxx/dds/topic/qos/detail/TopicQos.hpp
[0.125s] -- Up-to-date: /home/rml/ros2_ws/src/quad-sdk/install/unitree_sdk2/include/ddscxx/dds/topic/qos/TopicQos.hpp
[0.125s] -- Up-to-date: /home/rml/ros2_ws/src/quad-sdk/install/unitree_sdk2/include/ddscxx/dds/topic/AnyTopic.hpp
[0.125s] -- Up-to-date: /home/rml/ros2_ws/src/quad-sdk/install/unitree_sdk2/include/ddscxx/dds/topic/TContentFilteredTopic.hpp
[0.125s] -- Up-to-date: /home/rml/ros2_ws/src/quad-sdk/install/unitree_sdk2/include/ddscxx/dds/topic/TopicDescription.hpp
[0.125s] -- Up-to-date: /home/rml/ros2_ws/src/quad-sdk/install/unitree_sdk2/include/ddscxx/dds/topic/TFilter.hpp
[0.125s] -- Up-to-date: /home/rml/ros2_ws/src/quad-sdk/install/unitree_sdk2/include/ddscxx/dds/topic/AnyTopicListener.hpp
[0.125s] -- Up-to-date: /home/rml/ros2_ws/src/quad-sdk/install/unitree_sdk2/include/ddscxx/dds/topic/BuiltinTopicKey.hpp
[0.125s] -- Up-to-date: /home/rml/ros2_ws/src/quad-sdk/install/unitree_sdk2/include/ddscxx/dds/topic/detail
[0.125s] -- Up-to-date: /home/rml/ros2_ws/src/quad-sdk/install/unitree_sdk2/include/ddscxx/dds/topic/detail/TTopicDescriptionImpl.hpp
[0.125s] -- Up-to-date: /home/rml/ros2_ws/src/quad-sdk/install/unitree_sdk2/include/ddscxx/dds/topic/detail/MultiTopic.hpp
[0.125s] -- Up-to-date: /home/rml/ros2_ws/src/quad-sdk/install/unitree_sdk2/include/ddscxx/dds/topic/detail/TBuiltinTopicKeyImpl.hpp
[0.125s] -- Up-to-date: /home/rml/ros2_ws/src/quad-sdk/install/unitree_sdk2/include/ddscxx/dds/topic/detail/find.hpp
[0.125s] -- Up-to-date: /home/rml/ros2_ws/src/quad-sdk/install/unitree_sdk2/include/ddscxx/dds/topic/detail/TFilterImpl.hpp
[0.125s] -- Up-to-date: /home/rml/ros2_ws/src/quad-sdk/install/unitree_sdk2/include/ddscxx/dds/topic/detail/ContentFilteredTopic.hpp
[0.125s] -- Up-to-date: /home/rml/ros2_ws/src/quad-sdk/install/unitree_sdk2/include/ddscxx/dds/topic/detail/Topic.hpp
[0.125s] -- Up-to-date: /home/rml/ros2_ws/src/quad-sdk/install/unitree_sdk2/include/ddscxx/dds/topic/detail/discovery.hpp
[0.125s] -- Up-to-date: /home/rml/ros2_ws/src/quad-sdk/install/unitree_sdk2/include/ddscxx/dds/topic/detail/TopicInstanceImpl.hpp
[0.125s] -- Up-to-date: /home/rml/ros2_ws/src/quad-sdk/install/unitree_sdk2/include/ddscxx/dds/topic/detail/ddstopic.hpp
[0.125s] -- Up-to-date: /home/rml/ros2_ws/src/quad-sdk/install/unitree_sdk2/include/ddscxx/dds/topic/detail/BuiltinTopic.hpp
[0.125s] -- Up-to-date: /home/rml/ros2_ws/src/quad-sdk/install/unitree_sdk2/include/ddscxx/dds/topic/detail/Filter.hpp
[0.125s] -- Up-to-date: /home/rml/ros2_ws/src/quad-sdk/install/unitree_sdk2/include/ddscxx/dds/topic/detail/TTopicImpl.hpp
[0.125s] -- Up-to-date: /home/rml/ros2_ws/src/quad-sdk/install/unitree_sdk2/include/ddscxx/dds/topic/detail/AnyTopic.hpp
[0.125s] -- Up-to-date: /home/rml/ros2_ws/src/quad-sdk/install/unitree_sdk2/include/ddscxx/dds/topic/detail/TContentFilteredTopicImpl.hpp
[0.125s] -- Up-to-date: /home/rml/ros2_ws/src/quad-sdk/install/unitree_sdk2/include/ddscxx/dds/topic/detail/TBuiltinTopicImpl.hpp
[0.125s] -- Up-to-date: /home/rml/ros2_ws/src/quad-sdk/install/unitree_sdk2/include/ddscxx/dds/topic/detail/TopicDescription.hpp
[0.125s] -- Up-to-date: /home/rml/ros2_ws/src/quad-sdk/install/unitree_sdk2/include/ddscxx/dds/topic/detail/TAnyTopicImpl.hpp
[0.125s] -- Up-to-date: /home/rml/ros2_ws/src/quad-sdk/install/unitree_sdk2/include/ddscxx/dds/topic/detail/BuiltinTopicKey.hpp
[0.125s] -- Up-to-date: /home/rml/ros2_ws/src/quad-sdk/install/unitree_sdk2/include/ddscxx/dds/topic/TTopicDescription.hpp
[0.125s] -- Up-to-date: /home/rml/ros2_ws/src/quad-sdk/install/unitree_sdk2/include/ddscxx/dds/topic/TAnyTopic.hpp
[0.125s] -- Up-to-date: /home/rml/ros2_ws/src/quad-sdk/install/unitree_sdk2/include/ddscxx/dds/sub
[0.125s] -- Up-to-date: /home/rml/ros2_ws/src/quad-sdk/install/unitree_sdk2/include/ddscxx/dds/sub/TAnyDataReader.hpp
[0.125s] -- Up-to-date: /home/rml/ros2_ws/src/quad-sdk/install/unitree_sdk2/include/ddscxx/dds/sub/AnyDataReader.hpp
[0.125s] -- Up-to-date: /home/rml/ros2_ws/src/quad-sdk/install/unitree_sdk2/include/ddscxx/dds/sub/Query.hpp
[0.125s] -- Up-to-date: /home/rml/ros2_ws/src/quad-sdk/install/unitree_sdk2/include/ddscxx/dds/sub/Subscriber.hpp
[0.125s] -- Up-to-date: /home/rml/ros2_ws/src/quad-sdk/install/unitree_sdk2/include/ddscxx/dds/sub/TGenerationCount.hpp
[0.125s] -- Up-to-date: /home/rml/ros2_ws/src/quad-sdk/install/unitree_sdk2/include/ddscxx/dds/sub/cond
[0.125s] -- Up-to-date: /home/rml/ros2_ws/src/quad-sdk/install/unitree_sdk2/include/ddscxx/dds/sub/cond/QueryCondition.hpp
[0.126s] -- Up-to-date: /home/rml/ros2_ws/src/quad-sdk/install/unitree_sdk2/include/ddscxx/dds/sub/cond/TReadCondition.hpp
[0.126s] -- Up-to-date: /home/rml/ros2_ws/src/quad-sdk/install/unitree_sdk2/include/ddscxx/dds/sub/cond/ReadCondition.hpp
[0.126s] -- Up-to-date: /home/rml/ros2_ws/src/quad-sdk/install/unitree_sdk2/include/ddscxx/dds/sub/cond/TQueryCondition.hpp
[0.126s] -- Up-to-date: /home/rml/ros2_ws/src/quad-sdk/install/unitree_sdk2/include/ddscxx/dds/sub/cond/detail
[0.126s] -- Up-to-date: /home/rml/ros2_ws/src/quad-sdk/install/unitree_sdk2/include/ddscxx/dds/sub/cond/detail/TQueryConditionImpl.hpp
[0.126s] -- Up-to-date: /home/rml/ros2_ws/src/quad-sdk/install/unitree_sdk2/include/ddscxx/dds/sub/cond/detail/QueryCondition.hpp
[0.126s] -- Up-to-date: /home/rml/ros2_ws/src/quad-sdk/install/unitree_sdk2/include/ddscxx/dds/sub/cond/detail/ReadCondition.hpp
[0.126s] -- Up-to-date: /home/rml/ros2_ws/src/quad-sdk/install/unitree_sdk2/include/ddscxx/dds/sub/cond/detail/TReadConditionImpl.hpp
[0.126s] -- Up-to-date: /home/rml/ros2_ws/src/quad-sdk/install/unitree_sdk2/include/ddscxx/dds/sub/SampleInfo.hpp
[0.126s] -- Up-to-date: /home/rml/ros2_ws/src/quad-sdk/install/unitree_sdk2/include/ddscxx/dds/sub/TSubscriber.hpp
[0.126s] -- Up-to-date: /home/rml/ros2_ws/src/quad-sdk/install/unitree_sdk2/include/ddscxx/dds/sub/find.hpp
[0.126s] -- Up-to-date: /home/rml/ros2_ws/src/quad-sdk/install/unitree_sdk2/include/ddscxx/dds/sub/TSampleInfo.hpp
[0.126s] -- Up-to-date: /home/rml/ros2_ws/src/quad-sdk/install/unitree_sdk2/include/ddscxx/dds/sub/DataReader.hpp
[0.126s] -- Up-to-date: /home/rml/ros2_ws/src/quad-sdk/install/unitree_sdk2/include/ddscxx/dds/sub/Rank.hpp
[0.126s] -- Up-to-date: /home/rml/ros2_ws/src/quad-sdk/install/unitree_sdk2/include/ddscxx/dds/sub/Sample.hpp
[0.126s] -- Up-to-date: /home/rml/ros2_ws/src/quad-sdk/install/unitree_sdk2/include/ddscxx/dds/sub/DataReaderListener.hpp
[0.126s] -- Up-to-date: /home/rml/ros2_ws/src/quad-sdk/install/unitree_sdk2/include/ddscxx/dds/sub/discovery.hpp
[0.126s] -- Up-to-date: /home/rml/ros2_ws/src/quad-sdk/install/unitree_sdk2/include/ddscxx/dds/sub/SubscriberListener.hpp
[0.126s] -- Up-to-date: /home/rml/ros2_ws/src/quad-sdk/install/unitree_sdk2/include/ddscxx/dds/sub/TDataReader.hpp
[0.126s] -- Up-to-date: /home/rml/ros2_ws/src/quad-sdk/install/unitree_sdk2/include/ddscxx/dds/sub/TQuery.hpp
[0.126s] -- Up-to-date: /home/rml/ros2_ws/src/quad-sdk/install/unitree_sdk2/include/ddscxx/dds/sub/SharedSamples.hpp
[0.126s] -- Up-to-date: /home/rml/ros2_ws/src/quad-sdk/install/unitree_sdk2/include/ddscxx/dds/sub/qos
[0.126s] -- Up-to-date: /home/rml/ros2_ws/src/quad-sdk/install/unitree_sdk2/include/ddscxx/dds/sub/qos/detail
[0.126s] -- Up-to-date: /home/rml/ros2_ws/src/quad-sdk/install/unitree_sdk2/include/ddscxx/dds/sub/qos/detail/SubscriberQos.hpp
[0.126s] -- Up-to-date: /home/rml/ros2_ws/src/quad-sdk/install/unitree_sdk2/include/ddscxx/dds/sub/qos/detail/DataReaderQos.hpp
[0.126s] -- Up-to-date: /home/rml/ros2_ws/src/quad-sdk/install/unitree_sdk2/include/ddscxx/dds/sub/qos/SubscriberQos.hpp
[0.126s] -- Up-to-date: /home/rml/ros2_ws/src/quad-sdk/install/unitree_sdk2/include/ddscxx/dds/sub/qos/DataReaderQos.hpp
[0.126s] -- Up-to-date: /home/rml/ros2_ws/src/quad-sdk/install/unitree_sdk2/include/ddscxx/dds/sub/TRank.hpp
[0.127s] -- Up-to-date: /home/rml/ros2_ws/src/quad-sdk/install/unitree_sdk2/include/ddscxx/dds/sub/ddssub.hpp
[0.127s] -- Up-to-date: /home/rml/ros2_ws/src/quad-sdk/install/unitree_sdk2/include/ddscxx/dds/sub/TCoherentAccess.hpp
[0.127s] -- Up-to-date: /home/rml/ros2_ws/src/quad-sdk/install/unitree_sdk2/include/ddscxx/dds/sub/SampleRef.hpp
[0.127s] -- Up-to-date: /home/rml/ros2_ws/src/quad-sdk/install/unitree_sdk2/include/ddscxx/dds/sub/TSampleRef.hpp
[0.127s] -- Up-to-date: /home/rml/ros2_ws/src/quad-sdk/install/unitree_sdk2/include/ddscxx/dds/sub/AnyDataReaderListener.hpp
[0.127s] -- Up-to-date: /home/rml/ros2_ws/src/quad-sdk/install/unitree_sdk2/include/ddscxx/dds/sub/LoanedSamples.hpp
[0.127s] -- Up-to-date: /home/rml/ros2_ws/src/quad-sdk/install/unitree_sdk2/include/ddscxx/dds/sub/detail
[0.127s] -- Up-to-date: /home/rml/ros2_ws/src/quad-sdk/install/unitree_sdk2/include/ddscxx/dds/sub/detail/AnyDataReader.hpp
[0.127s] -- Up-to-date: /home/rml/ros2_ws/src/quad-sdk/install/unitree_sdk2/include/ddscxx/dds/sub/detail/Query.hpp
[0.127s] -- Up-to-date: /home/rml/ros2_ws/src/quad-sdk/install/unitree_sdk2/include/ddscxx/dds/sub/detail/Subscriber.hpp
[0.127s] -- Up-to-date: /home/rml/ros2_ws/src/quad-sdk/install/unitree_sdk2/include/ddscxx/dds/sub/detail/TGenerationCountImpl.hpp
[0.127s] -- Up-to-date: /home/rml/ros2_ws/src/quad-sdk/install/unitree_sdk2/include/ddscxx/dds/sub/detail/SampleInfo.hpp
[0.127s] -- Up-to-date: /home/rml/ros2_ws/src/quad-sdk/install/unitree_sdk2/include/ddscxx/dds/sub/detail/TSampleImpl.hpp
[0.127s] -- Up-to-date: /home/rml/ros2_ws/src/quad-sdk/install/unitree_sdk2/include/ddscxx/dds/sub/detail/TQueryImpl.hpp
[0.127s] -- Up-to-date: /home/rml/ros2_ws/src/quad-sdk/install/unitree_sdk2/include/ddscxx/dds/sub/detail/find.hpp
[0.127s] -- Up-to-date: /home/rml/ros2_ws/src/quad-sdk/install/unitree_sdk2/include/ddscxx/dds/sub/detail/DataReader.hpp
[0.127s] -- Up-to-date: /home/rml/ros2_ws/src/quad-sdk/install/unitree_sdk2/include/ddscxx/dds/sub/detail/Rank.hpp
[0.127s] -- Up-to-date: /home/rml/ros2_ws/src/quad-sdk/install/unitree_sdk2/include/ddscxx/dds/sub/detail/SamplesHolder.hpp
[0.127s] -- Up-to-date: /home/rml/ros2_ws/src/quad-sdk/install/unitree_sdk2/include/ddscxx/dds/sub/detail/TDataReaderImpl.hpp
[0.127s] -- Up-to-date: /home/rml/ros2_ws/src/quad-sdk/install/unitree_sdk2/include/ddscxx/dds/sub/detail/TAnyDataReaderImpl.hpp
[0.127s] -- Up-to-date: /home/rml/ros2_ws/src/quad-sdk/install/unitree_sdk2/include/ddscxx/dds/sub/detail/Manipulators.hpp
[0.127s] -- Up-to-date: /home/rml/ros2_ws/src/quad-sdk/install/unitree_sdk2/include/ddscxx/dds/sub/detail/Sample.hpp
[0.127s] -- Up-to-date: /home/rml/ros2_ws/src/quad-sdk/install/unitree_sdk2/include/ddscxx/dds/sub/detail/TCoherentAccessImpl.hpp
[0.127s] -- Up-to-date: /home/rml/ros2_ws/src/quad-sdk/install/unitree_sdk2/include/ddscxx/dds/sub/detail/discovery.hpp
[0.127s] -- Up-to-date: /home/rml/ros2_ws/src/quad-sdk/install/unitree_sdk2/include/ddscxx/dds/sub/detail/TSampleRefImpl.hpp
[0.127s] -- Up-to-date: /home/rml/ros2_ws/src/quad-sdk/install/unitree_sdk2/include/ddscxx/dds/sub/detail/SharedSamplesImpl.hpp
[0.127s] -- Up-to-date: /home/rml/ros2_ws/src/quad-sdk/install/unitree_sdk2/include/ddscxx/dds/sub/detail/SharedSamples.hpp
[0.127s] -- Up-to-date: /home/rml/ros2_ws/src/quad-sdk/install/unitree_sdk2/include/ddscxx/dds/sub/detail/ddssub.hpp
[0.127s] -- Up-to-date: /home/rml/ros2_ws/src/quad-sdk/install/unitree_sdk2/include/ddscxx/dds/sub/detail/SampleRef.hpp
[0.127s] -- Up-to-date: /home/rml/ros2_ws/src/quad-sdk/install/unitree_sdk2/include/ddscxx/dds/sub/detail/TSampleInfoImpl.hpp
[0.127s] -- Up-to-date: /home/rml/ros2_ws/src/quad-sdk/install/unitree_sdk2/include/ddscxx/dds/sub/detail/LoanedSamplesImpl.hpp
[0.127s] -- Up-to-date: /home/rml/ros2_ws/src/quad-sdk/install/unitree_sdk2/include/ddscxx/dds/sub/detail/TSubscriberImpl.hpp
[0.127s] -- Up-to-date: /home/rml/ros2_ws/src/quad-sdk/install/unitree_sdk2/include/ddscxx/dds/sub/detail/LoanedSamples.hpp
[0.127s] -- Up-to-date: /home/rml/ros2_ws/src/quad-sdk/install/unitree_sdk2/include/ddscxx/dds/sub/detail/GenerationCount.hpp
[0.127s] -- Up-to-date: /home/rml/ros2_ws/src/quad-sdk/install/unitree_sdk2/include/ddscxx/dds/sub/detail/CoherentAccess.hpp
[0.127s] -- Up-to-date: /home/rml/ros2_ws/src/quad-sdk/install/unitree_sdk2/include/ddscxx/dds/sub/detail/TRankImpl.hpp
[0.127s] -- Up-to-date: /home/rml/ros2_ws/src/quad-sdk/install/unitree_sdk2/include/ddscxx/dds/sub/GenerationCount.hpp
[0.127s] -- Up-to-date: /home/rml/ros2_ws/src/quad-sdk/install/unitree_sdk2/include/ddscxx/dds/sub/TSample.hpp
[0.127s] -- Up-to-date: /home/rml/ros2_ws/src/quad-sdk/install/unitree_sdk2/include/ddscxx/dds/sub/CoherentAccess.hpp
[0.127s] -- Up-to-date: /home/rml/ros2_ws/src/quad-sdk/install/unitree_sdk2/include/ddscxx/dds/sub/status
[0.127s] -- Up-to-date: /home/rml/ros2_ws/src/quad-sdk/install/unitree_sdk2/include/ddscxx/dds/sub/status/DataState.hpp
[0.127s] -- Up-to-date: /home/rml/ros2_ws/src/quad-sdk/install/unitree_sdk2/include/ddscxx/dds/sub/status/detail
[0.127s] -- Up-to-date: /home/rml/ros2_ws/src/quad-sdk/install/unitree_sdk2/include/ddscxx/dds/sub/status/detail/DataStateImpl.hpp
[0.127s] -- Up-to-date: /home/rml/ros2_ws/src/quad-sdk/install/unitree_sdk2/include/ddscxx/dds/pub
[0.127s] -- Up-to-date: /home/rml/ros2_ws/src/quad-sdk/install/unitree_sdk2/include/ddscxx/dds/pub/ddspub.hpp
[0.127s] -- Up-to-date: /home/rml/ros2_ws/src/quad-sdk/install/unitree_sdk2/include/ddscxx/dds/pub/AnyDataWriter.hpp
[0.127s] -- Up-to-date: /home/rml/ros2_ws/src/quad-sdk/install/unitree_sdk2/include/ddscxx/dds/pub/AnyDataWriterListener.hpp
[0.128s] -- Up-to-date: /home/rml/ros2_ws/src/quad-sdk/install/unitree_sdk2/include/ddscxx/dds/pub/DataWriter.hpp
[0.128s] -- Up-to-date: /home/rml/ros2_ws/src/quad-sdk/install/unitree_sdk2/include/ddscxx/dds/pub/TCoherentSet.hpp
[0.128s] -- Up-to-date: /home/rml/ros2_ws/src/quad-sdk/install/unitree_sdk2/include/ddscxx/dds/pub/find.hpp
[0.128s] -- Up-to-date: /home/rml/ros2_ws/src/quad-sdk/install/unitree_sdk2/include/ddscxx/dds/pub/Publisher.hpp
[0.128s] -- Up-to-date: /home/rml/ros2_ws/src/quad-sdk/install/unitree_sdk2/include/ddscxx/dds/pub/discovery.hpp
[0.128s] -- Up-to-date: /home/rml/ros2_ws/src/quad-sdk/install/unitree_sdk2/include/ddscxx/dds/pub/TSuspendedPublication.hpp
[0.128s] -- Up-to-date: /home/rml/ros2_ws/src/quad-sdk/install/unitree_sdk2/include/ddscxx/dds/pub/qos
[0.128s] -- Up-to-date: /home/rml/ros2_ws/src/quad-sdk/install/unitree_sdk2/include/ddscxx/dds/pub/qos/detail
[0.128s] -- Up-to-date: /home/rml/ros2_ws/src/quad-sdk/install/unitree_sdk2/include/ddscxx/dds/pub/qos/detail/PublisherQos.hpp
[0.128s] -- Up-to-date: /home/rml/ros2_ws/src/quad-sdk/install/unitree_sdk2/include/ddscxx/dds/pub/qos/detail/DataWriterQos.hpp
[0.128s] -- Up-to-date: /home/rml/ros2_ws/src/quad-sdk/install/unitree_sdk2/include/ddscxx/dds/pub/qos/PublisherQos.hpp
[0.128s] -- Up-to-date: /home/rml/ros2_ws/src/quad-sdk/install/unitree_sdk2/include/ddscxx/dds/pub/qos/DataWriterQos.hpp
[0.128s] -- Up-to-date: /home/rml/ros2_ws/src/quad-sdk/install/unitree_sdk2/include/ddscxx/dds/pub/CoherentSet.hpp
[0.128s] -- Up-to-date: /home/rml/ros2_ws/src/quad-sdk/install/unitree_sdk2/include/ddscxx/dds/pub/TAnyDataWriter.hpp
[0.128s] -- Up-to-date: /home/rml/ros2_ws/src/quad-sdk/install/unitree_sdk2/include/ddscxx/dds/pub/TPublisher.hpp
[0.128s] -- Up-to-date: /home/rml/ros2_ws/src/quad-sdk/install/unitree_sdk2/include/ddscxx/dds/pub/DataWriterListener.hpp
[0.128s] -- Up-to-date: /home/rml/ros2_ws/src/quad-sdk/install/unitree_sdk2/include/ddscxx/dds/pub/detail
[0.128s] -- Up-to-date: /home/rml/ros2_ws/src/quad-sdk/install/unitree_sdk2/include/ddscxx/dds/pub/detail/ddspub.hpp
[0.128s] -- Up-to-date: /home/rml/ros2_ws/src/quad-sdk/install/unitree_sdk2/include/ddscxx/dds/pub/detail/AnyDataWriter.hpp
[0.128s] -- Up-to-date: /home/rml/ros2_ws/src/quad-sdk/install/unitree_sdk2/include/ddscxx/dds/pub/detail/DataWriter.hpp
[0.128s] -- Up-to-date: /home/rml/ros2_ws/src/quad-sdk/install/unitree_sdk2/include/ddscxx/dds/pub/detail/find.hpp
[0.128s] -- Up-to-date: /home/rml/ros2_ws/src/quad-sdk/install/unitree_sdk2/include/ddscxx/dds/pub/detail/Publisher.hpp
[0.128s] -- Up-to-date: /home/rml/ros2_ws/src/quad-sdk/install/unitree_sdk2/include/ddscxx/dds/pub/detail/discovery.hpp
[0.128s] -- Up-to-date: /home/rml/ros2_ws/src/quad-sdk/install/unitree_sdk2/include/ddscxx/dds/pub/detail/TCoherentSetImpl.hpp
[0.128s] -- Up-to-date: /home/rml/ros2_ws/src/quad-sdk/install/unitree_sdk2/include/ddscxx/dds/pub/detail/TSuspendedPublicationImpl.hpp
[0.128s] -- Up-to-date: /home/rml/ros2_ws/src/quad-sdk/install/unitree_sdk2/include/ddscxx/dds/pub/detail/TPublisherImpl.hpp
[0.128s] -- Up-to-date: /home/rml/ros2_ws/src/quad-sdk/install/unitree_sdk2/include/ddscxx/dds/pub/detail/DataWriterImpl.hpp
[0.128s] -- Up-to-date: /home/rml/ros2_ws/src/quad-sdk/install/unitree_sdk2/include/ddscxx/dds/pub/detail/CoherentSet.hpp
[0.128s] -- Up-to-date: /home/rml/ros2_ws/src/quad-sdk/install/unitree_sdk2/include/ddscxx/dds/pub/detail/TAnyDataWriterImpl.hpp
[0.128s] -- Up-to-date: /home/rml/ros2_ws/src/quad-sdk/install/unitree_sdk2/include/ddscxx/dds/pub/detail/SuspendedPublication.hpp
[0.128s] -- Up-to-date: /home/rml/ros2_ws/src/quad-sdk/install/unitree_sdk2/include/ddscxx/dds/pub/PublisherListener.hpp
[0.128s] -- Up-to-date: /home/rml/ros2_ws/src/quad-sdk/install/unitree_sdk2/include/ddscxx/dds/pub/SuspendedPublication.hpp
[0.128s] -- Up-to-date: /home/rml/ros2_ws/src/quad-sdk/install/unitree_sdk2/include/ddscxx/dds/domain
[0.128s] -- Up-to-date: /home/rml/ros2_ws/src/quad-sdk/install/unitree_sdk2/include/ddscxx/dds/domain/find.hpp
[0.128s] -- Up-to-date: /home/rml/ros2_ws/src/quad-sdk/install/unitree_sdk2/include/ddscxx/dds/domain/ddsdomain.hpp
[0.128s] -- Up-to-date: /home/rml/ros2_ws/src/quad-sdk/install/unitree_sdk2/include/ddscxx/dds/domain/DomainParticipantListener.hpp
[0.128s] -- Up-to-date: /home/rml/ros2_ws/src/quad-sdk/install/unitree_sdk2/include/ddscxx/dds/domain/discovery.hpp
[0.128s] -- Up-to-date: /home/rml/ros2_ws/src/quad-sdk/install/unitree_sdk2/include/ddscxx/dds/domain/TDomainParticipant.hpp
[0.128s] -- Up-to-date: /home/rml/ros2_ws/src/quad-sdk/install/unitree_sdk2/include/ddscxx/dds/domain/qos
[0.128s] -- Up-to-date: /home/rml/ros2_ws/src/quad-sdk/install/unitree_sdk2/include/ddscxx/dds/domain/qos/DomainParticipantQos.hpp
[0.128s] -- Up-to-date: /home/rml/ros2_ws/src/quad-sdk/install/unitree_sdk2/include/ddscxx/dds/domain/qos/detail
[0.128s] -- Up-to-date: /home/rml/ros2_ws/src/quad-sdk/install/unitree_sdk2/include/ddscxx/dds/domain/qos/detail/DomainParticipantQos.hpp
[0.128s] -- Up-to-date: /home/rml/ros2_ws/src/quad-sdk/install/unitree_sdk2/include/ddscxx/dds/domain/DomainParticipant.hpp
[0.128s] -- Up-to-date: /home/rml/ros2_ws/src/quad-sdk/install/unitree_sdk2/include/ddscxx/dds/domain/detail
[0.128s] -- Up-to-date: /home/rml/ros2_ws/src/quad-sdk/install/unitree_sdk2/include/ddscxx/dds/domain/detail/ddsdomain.hpp
[0.128s] -- Up-to-date: /home/rml/ros2_ws/src/quad-sdk/install/unitree_sdk2/include/ddscxx/dds/domain/detail/DomainParticipant.hpp
[0.128s] -- Up-to-date: /home/rml/ros2_ws/src/quad-sdk/install/unitree_sdk2/include/ddscxx/dds/domain/detail/TDomainParticipantImpl.hpp
[0.129s] -- Up-to-date: /home/rml/ros2_ws/src/quad-sdk/install/unitree_sdk2/include/ddscxx/dds/features.hpp
[0.129s] -- Up-to-date: /home/rml/ros2_ws/src/quad-sdk/install/unitree_sdk2/include/ddscxx/dds/dds.hpp
[0.129s] -- Up-to-date: /home/rml/ros2_ws/src/quad-sdk/install/unitree_sdk2/include/ddscxx/dds/core
[0.129s] -- Up-to-date: /home/rml/ros2_ws/src/quad-sdk/install/unitree_sdk2/include/ddscxx/dds/core/InstanceHandle.hpp
[0.129s] -- Up-to-date: /home/rml/ros2_ws/src/quad-sdk/install/unitree_sdk2/include/ddscxx/dds/core/ref_traits.hpp
[0.129s] -- Up-to-date: /home/rml/ros2_ws/src/quad-sdk/install/unitree_sdk2/include/ddscxx/dds/core/TEntityQos.hpp
[0.129s] -- Up-to-date: /home/rml/ros2_ws/src/quad-sdk/install/unitree_sdk2/include/ddscxx/dds/core/cond
[0.129s] -- Up-to-date: /home/rml/ros2_ws/src/quad-sdk/install/unitree_sdk2/include/ddscxx/dds/core/cond/WaitSet.hpp
[0.129s] -- Up-to-date: /home/rml/ros2_ws/src/quad-sdk/install/unitree_sdk2/include/ddscxx/dds/core/cond/StatusCondition.hpp
[0.129s] -- Up-to-date: /home/rml/ros2_ws/src/quad-sdk/install/unitree_sdk2/include/ddscxx/dds/core/cond/TWaitSet.hpp
[0.129s] -- Up-to-date: /home/rml/ros2_ws/src/quad-sdk/install/unitree_sdk2/include/ddscxx/dds/core/cond/TStatusCondition.hpp
[0.129s] -- Up-to-date: /home/rml/ros2_ws/src/quad-sdk/install/unitree_sdk2/include/ddscxx/dds/core/cond/TGuardCondition.hpp
[0.129s] -- Up-to-date: /home/rml/ros2_ws/src/quad-sdk/install/unitree_sdk2/include/ddscxx/dds/core/cond/detail
[0.129s] -- Up-to-date: /home/rml/ros2_ws/src/quad-sdk/install/unitree_sdk2/include/ddscxx/dds/core/cond/detail/WaitSet.hpp
[0.129s] -- Up-to-date: /home/rml/ros2_ws/src/quad-sdk/install/unitree_sdk2/include/ddscxx/dds/core/cond/detail/StatusCondition.hpp
[0.129s] -- Up-to-date: /home/rml/ros2_ws/src/quad-sdk/install/unitree_sdk2/include/ddscxx/dds/core/cond/detail/TWaitSetImpl.hpp
[0.129s] -- Up-to-date: /home/rml/ros2_ws/src/quad-sdk/install/unitree_sdk2/include/ddscxx/dds/core/cond/detail/TConditionImpl.hpp
[0.129s] -- Up-to-date: /home/rml/ros2_ws/src/quad-sdk/install/unitree_sdk2/include/ddscxx/dds/core/cond/detail/TStatusConditionImpl.hpp
[0.129s] -- Up-to-date: /home/rml/ros2_ws/src/quad-sdk/install/unitree_sdk2/include/ddscxx/dds/core/cond/detail/TGuardConditionImpl.hpp
[0.129s] -- Up-to-date: /home/rml/ros2_ws/src/quad-sdk/install/unitree_sdk2/include/ddscxx/dds/core/cond/detail/GuardCondition.hpp
[0.129s] -- Up-to-date: /home/rml/ros2_ws/src/quad-sdk/install/unitree_sdk2/include/ddscxx/dds/core/cond/detail/Condition.hpp
[0.129s] -- Up-to-date: /home/rml/ros2_ws/src/quad-sdk/install/unitree_sdk2/include/ddscxx/dds/core/cond/GuardCondition.hpp
[0.129s] -- Up-to-date: /home/rml/ros2_ws/src/quad-sdk/install/unitree_sdk2/include/ddscxx/dds/core/cond/Condition.hpp
[0.129s] -- Up-to-date: /home/rml/ros2_ws/src/quad-sdk/install/unitree_sdk2/include/ddscxx/dds/core/cond/TCondition.hpp
[0.129s] -- Up-to-date: /home/rml/ros2_ws/src/quad-sdk/install/unitree_sdk2/include/ddscxx/dds/core/QosProvider.hpp
[0.129s] -- Up-to-date: /home/rml/ros2_ws/src/quad-sdk/install/unitree_sdk2/include/ddscxx/dds/core/Exception.hpp
[0.129s] -- Up-to-date: /home/rml/ros2_ws/src/quad-sdk/install/unitree_sdk2/include/ddscxx/dds/core/Optional.hpp
[0.129s] -- Up-to-date: /home/rml/ros2_ws/src/quad-sdk/install/unitree_sdk2/include/ddscxx/dds/core/LengthUnlimited.hpp
[0.129s] -- Up-to-date: /home/rml/ros2_ws/src/quad-sdk/install/unitree_sdk2/include/ddscxx/dds/core/xtypes
[0.129s] -- Up-to-date: /home/rml/ros2_ws/src/quad-sdk/install/unitree_sdk2/include/ddscxx/dds/core/xtypes/StructType.hpp
[0.129s] -- Up-to-date: /home/rml/ros2_ws/src/quad-sdk/install/unitree_sdk2/include/ddscxx/dds/core/xtypes/MemberType.hpp
[0.129s] -- Up-to-date: /home/rml/ros2_ws/src/quad-sdk/install/unitree_sdk2/include/ddscxx/dds/core/xtypes/TTypeProvider.hpp
[0.129s] -- Up-to-date: /home/rml/ros2_ws/src/quad-sdk/install/unitree_sdk2/include/ddscxx/dds/core/xtypes/PrimitiveTypes.hpp
[0.129s] -- Up-to-date: /home/rml/ros2_ws/src/quad-sdk/install/unitree_sdk2/include/ddscxx/dds/core/xtypes/TStructType.hpp
[0.129s] -- Up-to-date: /home/rml/ros2_ws/src/quad-sdk/install/unitree_sdk2/include/ddscxx/dds/core/xtypes/TMemberType.hpp
[0.129s] -- Up-to-date: /home/rml/ros2_ws/src/quad-sdk/install/unitree_sdk2/include/ddscxx/dds/core/xtypes/Annotations.hpp
[0.129s] -- Up-to-date: /home/rml/ros2_ws/src/quad-sdk/install/unitree_sdk2/include/ddscxx/dds/core/xtypes/TDynamicData.hpp
[0.129s] -- Up-to-date: /home/rml/ros2_ws/src/quad-sdk/install/unitree_sdk2/include/ddscxx/dds/core/xtypes/TAnnotation.hpp
[0.129s] -- Up-to-date: /home/rml/ros2_ws/src/quad-sdk/install/unitree_sdk2/include/ddscxx/dds/core/xtypes/CollectionTypes.hpp
[0.129s] -- Up-to-date: /home/rml/ros2_ws/src/quad-sdk/install/unitree_sdk2/include/ddscxx/dds/core/xtypes/TypeKind.hpp
[0.129s] -- Up-to-date: /home/rml/ros2_ws/src/quad-sdk/install/unitree_sdk2/include/ddscxx/dds/core/xtypes/UnionType.hpp
[0.129s] -- Up-to-date: /home/rml/ros2_ws/src/quad-sdk/install/unitree_sdk2/include/ddscxx/dds/core/xtypes/UnionCase.hpp
[0.129s] -- Up-to-date: /home/rml/ros2_ws/src/quad-sdk/install/unitree_sdk2/include/ddscxx/dds/core/xtypes/TypeProvider.hpp
[0.129s] -- Up-to-date: /home/rml/ros2_ws/src/quad-sdk/install/unitree_sdk2/include/ddscxx/dds/core/xtypes/TCollectionTypes.hpp
[0.129s] -- Up-to-date: /home/rml/ros2_ws/src/quad-sdk/install/unitree_sdk2/include/ddscxx/dds/core/xtypes/DynamicType.hpp
[0.129s] -- Up-to-date: /home/rml/ros2_ws/src/quad-sdk/install/unitree_sdk2/include/ddscxx/dds/core/xtypes/TDynamicType.hpp
[0.129s] -- Up-to-date: /home/rml/ros2_ws/src/quad-sdk/install/unitree_sdk2/include/ddscxx/dds/core/xtypes/DynamicData.hpp
[0.129s] -- Up-to-date: /home/rml/ros2_ws/src/quad-sdk/install/unitree_sdk2/include/ddscxx/dds/core/xtypes/detail
[0.129s] -- Up-to-date: /home/rml/ros2_ws/src/quad-sdk/install/unitree_sdk2/include/ddscxx/dds/core/xtypes/detail/Annotation.hpp
[0.130s] -- Up-to-date: /home/rml/ros2_ws/src/quad-sdk/install/unitree_sdk2/include/ddscxx/dds/core/xtypes/detail/StructType.hpp
[0.130s] -- Up-to-date: /home/rml/ros2_ws/src/quad-sdk/install/unitree_sdk2/include/ddscxx/dds/core/xtypes/detail/MemberType.hpp
[0.130s] -- Up-to-date: /home/rml/ros2_ws/src/quad-sdk/install/unitree_sdk2/include/ddscxx/dds/core/xtypes/detail/PrimitiveTypes.hpp
[0.130s] -- Up-to-date: /home/rml/ros2_ws/src/quad-sdk/install/unitree_sdk2/include/ddscxx/dds/core/xtypes/detail/CollectionTypes.hpp
[0.130s] -- Up-to-date: /home/rml/ros2_ws/src/quad-sdk/install/unitree_sdk2/include/ddscxx/dds/core/xtypes/detail/UnionType.hpp
[0.130s] -- Up-to-date: /home/rml/ros2_ws/src/quad-sdk/install/unitree_sdk2/include/ddscxx/dds/core/xtypes/detail/UnionCase.hpp
[0.130s] -- Up-to-date: /home/rml/ros2_ws/src/quad-sdk/install/unitree_sdk2/include/ddscxx/dds/core/xtypes/detail/TypeProvider.hpp
[0.130s] -- Up-to-date: /home/rml/ros2_ws/src/quad-sdk/install/unitree_sdk2/include/ddscxx/dds/core/xtypes/detail/DynamicType.hpp
[0.130s] -- Up-to-date: /home/rml/ros2_ws/src/quad-sdk/install/unitree_sdk2/include/ddscxx/dds/core/xtypes/detail/DynamicData.hpp
[0.130s] -- Up-to-date: /home/rml/ros2_ws/src/quad-sdk/install/unitree_sdk2/include/ddscxx/dds/core/policy
[0.130s] -- Up-to-date: /home/rml/ros2_ws/src/quad-sdk/install/unitree_sdk2/include/ddscxx/dds/core/policy/PolicyKind.hpp
[0.130s] -- Up-to-date: /home/rml/ros2_ws/src/quad-sdk/install/unitree_sdk2/include/ddscxx/dds/core/policy/CorePolicy.hpp
[0.130s] -- Up-to-date: /home/rml/ros2_ws/src/quad-sdk/install/unitree_sdk2/include/ddscxx/dds/core/policy/TQosPolicyCount.hpp
[0.130s] -- Up-to-date: /home/rml/ros2_ws/src/quad-sdk/install/unitree_sdk2/include/ddscxx/dds/core/policy/QosPolicyCount.hpp
[0.130s] -- Up-to-date: /home/rml/ros2_ws/src/quad-sdk/install/unitree_sdk2/include/ddscxx/dds/core/policy/TCorePolicy.hpp
[0.130s] -- Up-to-date: /home/rml/ros2_ws/src/quad-sdk/install/unitree_sdk2/include/ddscxx/dds/core/policy/detail
[0.130s] -- Up-to-date: /home/rml/ros2_ws/src/quad-sdk/install/unitree_sdk2/include/ddscxx/dds/core/policy/detail/CorePolicy.hpp
[0.130s] -- Up-to-date: /home/rml/ros2_ws/src/quad-sdk/install/unitree_sdk2/include/ddscxx/dds/core/policy/detail/QosPolicyCount.hpp
[0.130s] -- Up-to-date: /home/rml/ros2_ws/src/quad-sdk/install/unitree_sdk2/include/ddscxx/dds/core/policy/detail/TQosPolicyCountImpl.hpp
[0.130s] -- Up-to-date: /home/rml/ros2_ws/src/quad-sdk/install/unitree_sdk2/include/ddscxx/dds/core/policy/detail/TCorePolicyImpl.hpp
[0.130s] -- Up-to-date: /home/rml/ros2_ws/src/quad-sdk/install/unitree_sdk2/include/ddscxx/dds/core/Duration.hpp
[0.130s] -- Up-to-date: /home/rml/ros2_ws/src/quad-sdk/install/unitree_sdk2/include/ddscxx/dds/core/Reference.hpp
[0.130s] -- Up-to-date: /home/rml/ros2_ws/src/quad-sdk/install/unitree_sdk2/include/ddscxx/dds/core/Value.hpp
[0.130s] -- Up-to-date: /home/rml/ros2_ws/src/quad-sdk/install/unitree_sdk2/include/ddscxx/dds/core/TEntity.hpp
[0.130s] -- Up-to-date: /home/rml/ros2_ws/src/quad-sdk/install/unitree_sdk2/include/ddscxx/dds/core/array.hpp
[0.130s] -- Up-to-date: /home/rml/ros2_ws/src/quad-sdk/install/unitree_sdk2/include/ddscxx/dds/core/refmacros.hpp
[0.130s] -- Up-to-date: /home/rml/ros2_ws/src/quad-sdk/install/unitree_sdk2/include/ddscxx/dds/core/ddscore.hpp
[0.130s] -- Up-to-date: /home/rml/ros2_ws/src/quad-sdk/install/unitree_sdk2/include/ddscxx/dds/core/TQosProvider.hpp
[0.130s] -- Up-to-date: /home/rml/ros2_ws/src/quad-sdk/install/unitree_sdk2/include/ddscxx/dds/core/types.hpp
[0.130s] -- Up-to-date: /home/rml/ros2_ws/src/quad-sdk/install/unitree_sdk2/include/ddscxx/dds/core/TInstanceHandle.hpp
[0.130s] -- Up-to-date: /home/rml/ros2_ws/src/quad-sdk/install/unitree_sdk2/include/ddscxx/dds/core/BuiltinTopicTypes.hpp
[0.130s] -- Up-to-date: /home/rml/ros2_ws/src/quad-sdk/install/unitree_sdk2/include/ddscxx/dds/core/macros.hpp
[0.130s] -- Up-to-date: /home/rml/ros2_ws/src/quad-sdk/install/unitree_sdk2/include/ddscxx/dds/core/WeakReference.hpp
[0.130s] -- Up-to-date: /home/rml/ros2_ws/src/quad-sdk/install/unitree_sdk2/include/ddscxx/dds/core/detail
[0.130s] -- Up-to-date: /home/rml/ros2_ws/src/quad-sdk/install/unitree_sdk2/include/ddscxx/dds/core/detail/InstanceHandle.hpp
[0.130s] -- Up-to-date: /home/rml/ros2_ws/src/quad-sdk/install/unitree_sdk2/include/ddscxx/dds/core/detail/ref_traits.hpp
[0.130s] -- Up-to-date: /home/rml/ros2_ws/src/quad-sdk/install/unitree_sdk2/include/ddscxx/dds/core/detail/QosProvider.hpp
[0.130s] -- Up-to-date: /home/rml/ros2_ws/src/quad-sdk/install/unitree_sdk2/include/ddscxx/dds/core/detail/TInstanceHandleImpl.hpp
[0.130s] -- Up-to-date: /home/rml/ros2_ws/src/quad-sdk/install/unitree_sdk2/include/ddscxx/dds/core/detail/TQosProviderImpl.hpp
[0.130s] -- Up-to-date: /home/rml/ros2_ws/src/quad-sdk/install/unitree_sdk2/include/ddscxx/dds/core/detail/Value.hpp
[0.130s] -- Up-to-date: /home/rml/ros2_ws/src/quad-sdk/install/unitree_sdk2/include/ddscxx/dds/core/detail/array.hpp
[0.130s] -- Up-to-date: /home/rml/ros2_ws/src/quad-sdk/install/unitree_sdk2/include/ddscxx/dds/core/detail/TEntityQosImpl.hpp
[0.130s] -- Up-to-date: /home/rml/ros2_ws/src/quad-sdk/install/unitree_sdk2/include/ddscxx/dds/core/detail/ddscore.hpp
[0.130s] -- Up-to-date: /home/rml/ros2_ws/src/quad-sdk/install/unitree_sdk2/include/ddscxx/dds/core/detail/WeakReferenceImpl.hpp
[0.130s] -- Up-to-date: /home/rml/ros2_ws/src/quad-sdk/install/unitree_sdk2/include/ddscxx/dds/core/detail/export.hpp
[0.130s] -- Up-to-date: /home/rml/ros2_ws/src/quad-sdk/install/unitree_sdk2/include/ddscxx/dds/core/detail/old_win_stdint.h
[0.131s] -- Up-to-date: /home/rml/ros2_ws/src/quad-sdk/install/unitree_sdk2/include/ddscxx/dds/core/detail/inttypes.hpp
[0.131s] -- Up-to-date: /home/rml/ros2_ws/src/quad-sdk/install/unitree_sdk2/include/ddscxx/dds/core/detail/BuiltinTopicTypes.hpp
[0.131s] -- Up-to-date: /home/rml/ros2_ws/src/quad-sdk/install/unitree_sdk2/include/ddscxx/dds/core/detail/macros.hpp
[0.131s] -- Up-to-date: /home/rml/ros2_ws/src/quad-sdk/install/unitree_sdk2/include/ddscxx/dds/core/detail/ReferenceImpl.hpp
[0.131s] -- Up-to-date: /home/rml/ros2_ws/src/quad-sdk/install/unitree_sdk2/include/ddscxx/dds/core/detail/TEntityImpl.hpp
[0.131s] -- Up-to-date: /home/rml/ros2_ws/src/quad-sdk/install/unitree_sdk2/include/ddscxx/dds/core/detail/module_docs.hpp
[0.131s] -- Up-to-date: /home/rml/ros2_ws/src/quad-sdk/install/unitree_sdk2/include/ddscxx/dds/core/detail/conformance.hpp
[0.131s] -- Up-to-date: /home/rml/ros2_ws/src/quad-sdk/install/unitree_sdk2/include/ddscxx/dds/core/detail/Entity.hpp
[0.131s] -- Up-to-date: /home/rml/ros2_ws/src/quad-sdk/install/unitree_sdk2/include/ddscxx/dds/core/External.hpp
[0.131s] -- Up-to-date: /home/rml/ros2_ws/src/quad-sdk/install/unitree_sdk2/include/ddscxx/dds/core/status
[0.131s] -- Up-to-date: /home/rml/ros2_ws/src/quad-sdk/install/unitree_sdk2/include/ddscxx/dds/core/status/Status.hpp
[0.131s] -- Up-to-date: /home/rml/ros2_ws/src/quad-sdk/install/unitree_sdk2/include/ddscxx/dds/core/status/TStatus.hpp
[0.131s] -- Up-to-date: /home/rml/ros2_ws/src/quad-sdk/install/unitree_sdk2/include/ddscxx/dds/core/status/State.hpp
[0.131s] -- Up-to-date: /home/rml/ros2_ws/src/quad-sdk/install/unitree_sdk2/include/ddscxx/dds/core/status/detail
[0.131s] -- Up-to-date: /home/rml/ros2_ws/src/quad-sdk/install/unitree_sdk2/include/ddscxx/dds/core/status/detail/Status.hpp
[0.131s] -- Up-to-date: /home/rml/ros2_ws/src/quad-sdk/install/unitree_sdk2/include/ddscxx/dds/core/status/detail/TStatusImpl.hpp
[0.131s] -- Up-to-date: /home/rml/ros2_ws/src/quad-sdk/install/unitree_sdk2/include/ddscxx/dds/core/SafeEnumeration.hpp
[0.131s] -- Up-to-date: /home/rml/ros2_ws/src/quad-sdk/install/unitree_sdk2/include/ddscxx/dds/core/conformance.hpp
[0.131s] -- Up-to-date: /home/rml/ros2_ws/src/quad-sdk/install/unitree_sdk2/include/ddscxx/dds/core/TBuiltinTopicTypes.hpp
[0.131s] -- Up-to-date: /home/rml/ros2_ws/src/quad-sdk/install/unitree_sdk2/include/ddscxx/dds/core/Entity.hpp
[0.131s] -- Up-to-date: /home/rml/ros2_ws/src/quad-sdk/install/unitree_sdk2/include/ddscxx/dds/core/Time.hpp
[0.131s] -- Up-to-date: /home/rml/ros2_ws/src/quad-sdk/install/unitree_sdk2/include/ddscxx/dds/LICENSE
[0.131s] -- Up-to-date: /home/rml/ros2_ws/src/quad-sdk/install/unitree_sdk2/include/ddscxx/org
[0.131s] -- Up-to-date: /home/rml/ros2_ws/src/quad-sdk/install/unitree_sdk2/include/ddscxx/org/eclipse
[0.131s] -- Up-to-date: /home/rml/ros2_ws/src/quad-sdk/install/unitree_sdk2/include/ddscxx/org/eclipse/cyclonedds
[0.131s] -- Up-to-date: /home/rml/ros2_ws/src/quad-sdk/install/unitree_sdk2/include/ddscxx/org/eclipse/cyclonedds/topic
[0.131s] -- Up-to-date: /home/rml/ros2_ws/src/quad-sdk/install/unitree_sdk2/include/ddscxx/org/eclipse/cyclonedds/topic/TopicDescriptionDelegate.hpp
[0.131s] -- Up-to-date: /home/rml/ros2_ws/src/quad-sdk/install/unitree_sdk2/include/ddscxx/org/eclipse/cyclonedds/topic/TopicListener.hpp
[0.131s] -- Up-to-date: /home/rml/ros2_ws/src/quad-sdk/install/unitree_sdk2/include/ddscxx/org/eclipse/cyclonedds/topic/find.hpp
[0.131s] -- Up-to-date: /home/rml/ros2_ws/src/quad-sdk/install/unitree_sdk2/include/ddscxx/org/eclipse/cyclonedds/topic/CDRBlob.hpp
[0.131s] -- Up-to-date: /home/rml/ros2_ws/src/quad-sdk/install/unitree_sdk2/include/ddscxx/org/eclipse/cyclonedds/topic/discovery.hpp
[0.131s] -- Up-to-date: /home/rml/ros2_ws/src/quad-sdk/install/unitree_sdk2/include/ddscxx/org/eclipse/cyclonedds/topic/TBuiltinTopic.hpp
[0.131s] -- Up-to-date: /home/rml/ros2_ws/src/quad-sdk/install/unitree_sdk2/include/ddscxx/org/eclipse/cyclonedds/topic/BuiltinTopic.hpp
[0.131s] -- Up-to-date: /home/rml/ros2_ws/src/quad-sdk/install/unitree_sdk2/include/ddscxx/org/eclipse/cyclonedds/topic/TopicTraits.hpp
[0.131s] -- Up-to-date: /home/rml/ros2_ws/src/quad-sdk/install/unitree_sdk2/include/ddscxx/org/eclipse/cyclonedds/topic/datatopic.hpp
[0.131s] -- Up-to-date: /home/rml/ros2_ws/src/quad-sdk/install/unitree_sdk2/include/ddscxx/org/eclipse/cyclonedds/topic/qos
[0.131s] -- Up-to-date: /home/rml/ros2_ws/src/quad-sdk/install/unitree_sdk2/include/ddscxx/org/eclipse/cyclonedds/topic/qos/TopicQosDelegate.hpp
[0.131s] -- Up-to-date: /home/rml/ros2_ws/src/quad-sdk/install/unitree_sdk2/include/ddscxx/org/eclipse/cyclonedds/topic/AnyTopicDelegate.hpp
[0.131s] -- Up-to-date: /home/rml/ros2_ws/src/quad-sdk/install/unitree_sdk2/include/ddscxx/org/eclipse/cyclonedds/topic/AnyTopicListener.hpp
[0.131s] -- Up-to-date: /home/rml/ros2_ws/src/quad-sdk/install/unitree_sdk2/include/ddscxx/org/eclipse/cyclonedds/topic/BuiltinTopicCopy.hpp
[0.131s] -- Up-to-date: /home/rml/ros2_ws/src/quad-sdk/install/unitree_sdk2/include/ddscxx/org/eclipse/cyclonedds/topic/BuiltinTopicKeyDelegate.hpp
[0.131s] -- Up-to-date: /home/rml/ros2_ws/src/quad-sdk/install/unitree_sdk2/include/ddscxx/org/eclipse/cyclonedds/topic/hash.hpp
[0.131s] -- Up-to-date: /home/rml/ros2_ws/src/quad-sdk/install/unitree_sdk2/include/ddscxx/org/eclipse/cyclonedds/topic/FilterDelegate.hpp
[0.131s] -- Up-to-date: /home/rml/ros2_ws/src/quad-sdk/install/unitree_sdk2/include/ddscxx/org/eclipse/cyclonedds/topic/BuiltinTopicDelegate.hpp
[0.131s] -- Up-to-date: /home/rml/ros2_ws/src/quad-sdk/install/unitree_sdk2/include/ddscxx/org/eclipse/cyclonedds/topic/BuiltinTopicTraits.hpp
[0.131s] -- Up-to-date: /home/rml/ros2_ws/src/quad-sdk/install/unitree_sdk2/include/ddscxx/org/eclipse/cyclonedds/sub
[0.131s] -- Up-to-date: /home/rml/ros2_ws/src/quad-sdk/install/unitree_sdk2/include/ddscxx/org/eclipse/cyclonedds/sub/BuiltinSubscriberDelegate.hpp
[0.131s] -- Up-to-date: /home/rml/ros2_ws/src/quad-sdk/install/unitree_sdk2/include/ddscxx/org/eclipse/cyclonedds/sub/cond
[0.132s] -- Up-to-date: /home/rml/ros2_ws/src/quad-sdk/install/unitree_sdk2/include/ddscxx/org/eclipse/cyclonedds/sub/cond/QueryConditionDelegate.hpp
[0.132s] -- Up-to-date: /home/rml/ros2_ws/src/quad-sdk/install/unitree_sdk2/include/ddscxx/org/eclipse/cyclonedds/sub/cond/ReadConditionDelegate.hpp
[0.132s] -- Up-to-date: /home/rml/ros2_ws/src/quad-sdk/install/unitree_sdk2/include/ddscxx/org/eclipse/cyclonedds/sub/QueryDelegate.hpp
[0.132s] -- Up-to-date: /home/rml/ros2_ws/src/quad-sdk/install/unitree_sdk2/include/ddscxx/org/eclipse/cyclonedds/sub/RankImpl.hpp
[0.132s] -- Up-to-date: /home/rml/ros2_ws/src/quad-sdk/install/unitree_sdk2/include/ddscxx/org/eclipse/cyclonedds/sub/qos
[0.132s] -- Up-to-date: /home/rml/ros2_ws/src/quad-sdk/install/unitree_sdk2/include/ddscxx/org/eclipse/cyclonedds/sub/qos/DataReaderQosDelegate.hpp
[0.132s] -- Up-to-date: /home/rml/ros2_ws/src/quad-sdk/install/unitree_sdk2/include/ddscxx/org/eclipse/cyclonedds/sub/qos/SubscriberQosDelegate.hpp
[0.132s] -- Up-to-date: /home/rml/ros2_ws/src/quad-sdk/install/unitree_sdk2/include/ddscxx/org/eclipse/cyclonedds/sub/AnyDataReaderDelegate.hpp
[0.132s] -- Up-to-date: /home/rml/ros2_ws/src/quad-sdk/install/unitree_sdk2/include/ddscxx/org/eclipse/cyclonedds/sub/CoherentAccessDelegate.hpp
[0.132s] -- Up-to-date: /home/rml/ros2_ws/src/quad-sdk/install/unitree_sdk2/include/ddscxx/org/eclipse/cyclonedds/sub/GenerationCountImpl.hpp
[0.132s] -- Up-to-date: /home/rml/ros2_ws/src/quad-sdk/install/unitree_sdk2/include/ddscxx/org/eclipse/cyclonedds/sub/SampleInfoImpl.hpp
[0.132s] -- Up-to-date: /home/rml/ros2_ws/src/quad-sdk/install/unitree_sdk2/include/ddscxx/org/eclipse/cyclonedds/sub/SubscriberDelegate.hpp
[0.132s] -- Up-to-date: /home/rml/ros2_ws/src/quad-sdk/install/unitree_sdk2/include/ddscxx/org/eclipse/cyclonedds/pub
[0.132s] -- Up-to-date: /home/rml/ros2_ws/src/quad-sdk/install/unitree_sdk2/include/ddscxx/org/eclipse/cyclonedds/pub/PublisherDelegate.hpp
[0.132s] -- Up-to-date: /home/rml/ros2_ws/src/quad-sdk/install/unitree_sdk2/include/ddscxx/org/eclipse/cyclonedds/pub/SuspendedPublicationDelegate.hpp
[0.132s] -- Up-to-date: /home/rml/ros2_ws/src/quad-sdk/install/unitree_sdk2/include/ddscxx/org/eclipse/cyclonedds/pub/AnyDataWriterDelegate.hpp
[0.132s] -- Up-to-date: /home/rml/ros2_ws/src/quad-sdk/install/unitree_sdk2/include/ddscxx/org/eclipse/cyclonedds/pub/qos
[0.132s] -- Up-to-date: /home/rml/ros2_ws/src/quad-sdk/install/unitree_sdk2/include/ddscxx/org/eclipse/cyclonedds/pub/qos/PublisherQosDelegate.hpp
[0.132s] -- Up-to-date: /home/rml/ros2_ws/src/quad-sdk/install/unitree_sdk2/include/ddscxx/org/eclipse/cyclonedds/pub/qos/DataWriterQosDelegate.hpp
[0.132s] -- Up-to-date: /home/rml/ros2_ws/src/quad-sdk/install/unitree_sdk2/include/ddscxx/org/eclipse/cyclonedds/pub/CoherentSetDelegate.hpp
[0.132s] -- Up-to-date: /home/rml/ros2_ws/src/quad-sdk/install/unitree_sdk2/include/ddscxx/org/eclipse/cyclonedds/domain
[0.132s] -- Up-to-date: /home/rml/ros2_ws/src/quad-sdk/install/unitree_sdk2/include/ddscxx/org/eclipse/cyclonedds/domain/DomainParticipantListener.hpp
[0.132s] -- Up-to-date: /home/rml/ros2_ws/src/quad-sdk/install/unitree_sdk2/include/ddscxx/org/eclipse/cyclonedds/domain/DomainWrap.hpp
[0.132s] -- Up-to-date: /home/rml/ros2_ws/src/quad-sdk/install/unitree_sdk2/include/ddscxx/org/eclipse/cyclonedds/domain/DomainParticipantRegistry.hpp
[0.132s] -- Up-to-date: /home/rml/ros2_ws/src/quad-sdk/install/unitree_sdk2/include/ddscxx/org/eclipse/cyclonedds/domain/qos
[0.132s] -- Up-to-date: /home/rml/ros2_ws/src/quad-sdk/install/unitree_sdk2/include/ddscxx/org/eclipse/cyclonedds/domain/qos/DomainParticipantQosDelegate.hpp
[0.132s] -- Up-to-date: /home/rml/ros2_ws/src/quad-sdk/install/unitree_sdk2/include/ddscxx/org/eclipse/cyclonedds/domain/Domain.hpp
[0.132s] -- Up-to-date: /home/rml/ros2_ws/src/quad-sdk/install/unitree_sdk2/include/ddscxx/org/eclipse/cyclonedds/domain/DomainParticipantDelegate.hpp
[0.132s] -- Up-to-date: /home/rml/ros2_ws/src/quad-sdk/install/unitree_sdk2/include/ddscxx/org/eclipse/cyclonedds/ForwardDeclarations.hpp
[0.132s] -- Up-to-date: /home/rml/ros2_ws/src/quad-sdk/install/unitree_sdk2/include/ddscxx/org/eclipse/cyclonedds/core
[0.132s] -- Up-to-date: /home/rml/ros2_ws/src/quad-sdk/install/unitree_sdk2/include/ddscxx/org/eclipse/cyclonedds/core/cond
[0.132s] -- Up-to-date: /home/rml/ros2_ws/src/quad-sdk/install/unitree_sdk2/include/ddscxx/org/eclipse/cyclonedds/core/cond/ConditionDelegate.hpp
[0.132s] -- Up-to-date: /home/rml/ros2_ws/src/quad-sdk/install/unitree_sdk2/include/ddscxx/org/eclipse/cyclonedds/core/cond/FunctorHolder.hpp
[0.132s] -- Up-to-date: /home/rml/ros2_ws/src/quad-sdk/install/unitree_sdk2/include/ddscxx/org/eclipse/cyclonedds/core/cond/StatusConditionDelegate.hpp
[0.132s] -- Up-to-date: /home/rml/ros2_ws/src/quad-sdk/install/unitree_sdk2/include/ddscxx/org/eclipse/cyclonedds/core/cond/ShadowParticipant.hpp
[0.132s] -- Up-to-date: /home/rml/ros2_ws/src/quad-sdk/install/unitree_sdk2/include/ddscxx/org/eclipse/cyclonedds/core/cond/WaitSetDelegate.hpp
[0.132s] -- Up-to-date: /home/rml/ros2_ws/src/quad-sdk/install/unitree_sdk2/include/ddscxx/org/eclipse/cyclonedds/core/cond/GuardConditionDelegate.hpp
[0.132s] -- Up-to-date: /home/rml/ros2_ws/src/quad-sdk/install/unitree_sdk2/include/ddscxx/org/eclipse/cyclonedds/core/ReportUtils.hpp
[0.132s] -- Up-to-date: /home/rml/ros2_ws/src/quad-sdk/install/unitree_sdk2/include/ddscxx/org/eclipse/cyclonedds/core/config.hpp
[0.132s] -- Up-to-date: /home/rml/ros2_ws/src/quad-sdk/install/unitree_sdk2/include/ddscxx/org/eclipse/cyclonedds/core/policy
[0.132s] -- Up-to-date: /home/rml/ros2_ws/src/quad-sdk/install/unitree_sdk2/include/ddscxx/org/eclipse/cyclonedds/core/policy/QosPolicyCountDelegate.hpp
[0.132s] -- Up-to-date: /home/rml/ros2_ws/src/quad-sdk/install/unitree_sdk2/include/ddscxx/org/eclipse/cyclonedds/core/policy/Policy.hpp
[0.132s] -- Up-to-date: /home/rml/ros2_ws/src/quad-sdk/install/unitree_sdk2/include/ddscxx/org/eclipse/cyclonedds/core/policy/TPolicy.hpp
[0.132s] -- Up-to-date: /home/rml/ros2_ws/src/quad-sdk/install/unitree_sdk2/include/ddscxx/org/eclipse/cyclonedds/core/policy/PolicyDelegate.hpp
[0.132s] -- Up-to-date: /home/rml/ros2_ws/src/quad-sdk/install/unitree_sdk2/include/ddscxx/org/eclipse/cyclonedds/core/policy/ProprietaryPolicyKind.hpp
[0.132s] -- Up-to-date: /home/rml/ros2_ws/src/quad-sdk/install/unitree_sdk2/include/ddscxx/org/eclipse/cyclonedds/core/WeakReferenceSet.hpp
[0.132s] -- Up-to-date: /home/rml/ros2_ws/src/quad-sdk/install/unitree_sdk2/include/ddscxx/org/eclipse/cyclonedds/core/TimeHelper.hpp
[0.132s] -- Up-to-date: /home/rml/ros2_ws/src/quad-sdk/install/unitree_sdk2/include/ddscxx/org/eclipse/cyclonedds/core/EntitySet.hpp
[0.133s] -- Up-to-date: /home/rml/ros2_ws/src/quad-sdk/install/unitree_sdk2/include/ddscxx/org/eclipse/cyclonedds/core/ObjectSet.hpp
[0.133s] -- Up-to-date: /home/rml/ros2_ws/src/quad-sdk/install/unitree_sdk2/include/ddscxx/org/eclipse/cyclonedds/core/cdr
[0.133s] -- Up-to-date: /home/rml/ros2_ws/src/quad-sdk/install/unitree_sdk2/include/ddscxx/org/eclipse/cyclonedds/core/cdr/entity_properties.hpp
[0.133s] -- Up-to-date: /home/rml/ros2_ws/src/quad-sdk/install/unitree_sdk2/include/ddscxx/org/eclipse/cyclonedds/core/cdr/cdr_stream.hpp
[0.133s] -- Up-to-date: /home/rml/ros2_ws/src/quad-sdk/install/unitree_sdk2/include/ddscxx/org/eclipse/cyclonedds/core/cdr/extended_cdr_v2_ser.hpp
[0.133s] -- Up-to-date: /home/rml/ros2_ws/src/quad-sdk/install/unitree_sdk2/include/ddscxx/org/eclipse/cyclonedds/core/cdr/extended_cdr_v1_ser.hpp
[0.133s] -- Up-to-date: /home/rml/ros2_ws/src/quad-sdk/install/unitree_sdk2/include/ddscxx/org/eclipse/cyclonedds/core/cdr/fragchain.hpp
[0.133s] -- Up-to-date: /home/rml/ros2_ws/src/quad-sdk/install/unitree_sdk2/include/ddscxx/org/eclipse/cyclonedds/core/cdr/basic_cdr_ser.hpp
[0.133s] -- Up-to-date: /home/rml/ros2_ws/src/quad-sdk/install/unitree_sdk2/include/ddscxx/org/eclipse/cyclonedds/core/cdr/cdr_enums.hpp
[0.133s] -- Up-to-date: /home/rml/ros2_ws/src/quad-sdk/install/unitree_sdk2/include/ddscxx/org/eclipse/cyclonedds/core/QosProviderDelegate.hpp
[0.133s] -- Up-to-date: /home/rml/ros2_ws/src/quad-sdk/install/unitree_sdk2/include/ddscxx/org/eclipse/cyclonedds/core/EntityRegistry.hpp
[0.133s] -- Up-to-date: /home/rml/ros2_ws/src/quad-sdk/install/unitree_sdk2/include/ddscxx/org/eclipse/cyclonedds/core/Missing.hpp
[0.133s] -- Up-to-date: /home/rml/ros2_ws/src/quad-sdk/install/unitree_sdk2/include/ddscxx/org/eclipse/cyclonedds/core/ListenerDispatcher.hpp
[0.133s] -- Up-to-date: /home/rml/ros2_ws/src/quad-sdk/install/unitree_sdk2/include/ddscxx/org/eclipse/cyclonedds/core/MiscUtils.hpp
[0.133s] -- Up-to-date: /home/rml/ros2_ws/src/quad-sdk/install/unitree_sdk2/include/ddscxx/org/eclipse/cyclonedds/core/ObjectDelegate.hpp
[0.133s] -- Up-to-date: /home/rml/ros2_ws/src/quad-sdk/install/unitree_sdk2/include/ddscxx/org/eclipse/cyclonedds/core/type_helpers.hpp
[0.133s] -- Up-to-date: /home/rml/ros2_ws/src/quad-sdk/install/unitree_sdk2/include/ddscxx/org/eclipse/cyclonedds/core/DDScObjectDelegate.hpp
[0.133s] -- Up-to-date: /home/rml/ros2_ws/src/quad-sdk/install/unitree_sdk2/include/ddscxx/org/eclipse/cyclonedds/core/InstanceHandleDelegate.hpp
[0.133s] -- Up-to-date: /home/rml/ros2_ws/src/quad-sdk/install/unitree_sdk2/include/ddscxx/org/eclipse/cyclonedds/core/Mutex.hpp
[0.133s] -- Up-to-date: /home/rml/ros2_ws/src/quad-sdk/install/unitree_sdk2/include/ddscxx/org/eclipse/cyclonedds/core/status
[0.133s] -- Up-to-date: /home/rml/ros2_ws/src/quad-sdk/install/unitree_sdk2/include/ddscxx/org/eclipse/cyclonedds/core/status/StatusDelegate.hpp
[0.133s] -- Up-to-date: /home/rml/ros2_ws/src/quad-sdk/install/unitree_sdk2/include/ddscxx/org/eclipse/cyclonedds/core/EntityDelegate.hpp
[0.133s] -- Up-to-date: /home/rml/ros2_ws/src/quad-sdk/install/unitree_sdk2/include/ddscxx/org/eclipse/cyclonedds/core/ScopedLock.hpp
[0.133s] Invoked command in '/home/rml/ros2_ws/src/quad-sdk/build/unitree_sdk2' returned '0': DEBUGINFOD_URLS=https://debuginfod.ubuntu.com /usr/bin/cmake --install /home/rml/ros2_ws/src/quad-sdk/build/unitree_sdk2
