[0.000000] (-) TimerEvent: {}
[0.000405] (quad_msgs) JobQueued: {'identifier': 'quad_msgs', 'dependencies': OrderedDict()}
[0.000430] (quad_msgs) JobStarted: {'identifier': 'quad_msgs'}
[0.018694] (quad_msgs) JobProgress: {'identifier': 'quad_msgs', 'progress': 'cmake'}
[0.018774] (quad_msgs) Command: {'cmd': ['/usr/local/MATLAB/R2024a/bin/glnxa64/cmake/bin/cmake', '/home/rml/ros2_ws/src/quad-sdk/matlab_msg_gen/glnxa64/src/quad_msgs', '-DCMAKE_BUILD_TYPE=Release', '-DCMAKE_SHARED_LINKER_FLAGS=-Wl,-no-as-needed', '-DBUILD_TESTING=OFF', '-DALIAS_ROS2_TF2=1', '-DCMAKE_CXX_FLAGS_RELEASE=-O0', '-G', 'Ninja', '-DCMAKE_C_COMPILER=/usr/bin/gcc-10', '-DCMAKE_CXX_COMPILER=/usr/bin/g++-10', '-DCMAKE_INSTALL_PREFIX=/home/rml/ros2_ws/src/quad-sdk/matlab_msg_gen/glnxa64/install'], 'cwd': '/home/rml/ros2_ws/src/quad-sdk/matlab_msg_gen/glnxa64/build/quad_msgs', 'env': OrderedDict([('GZ_SIM_SYSTEM_PLUGIN_PATH', '/home/rml/ros2_ws/install/gazebo_plugins/lib:/opt/ros/jazzy/lib:/opt/ros/jazzy/lib'), ('LESSOPEN', '| /usr/bin/lesspipe %s'), ('ARCH', 'glnxa64'), ('GZ_SIM_RESOURCE_PATH', '\x13_RESOURCE_PATH:/home/rml/ros2_ws/install/gazebo_scripts/share/gazebo_scripts/models:/home/rml/ros2_ws/install/gazebo_scripts/share/gazebo_scripts/worlds:/home/rml/ros2_ws/install/spirit_description/share/spirit_description/models:/home/rml/ros2_ws/install/sensor_description/share/sensor_description/models:/home/rml/ros2_ws/install/objects_description/share/objects_description/models:/home/rml/ros2_ws/install/go2_description/share/go2_description/models:/home/rml/ros2_ws/install/go2w_description/share/go2w_description/models:/home/rml/ros2_ws/install/a1_description/share/a1_description/models:/home/rml/ros2_ws/install/b2_description/share/b2_description/models:/home/rml/ros2_ws/install/gazebo_scripts/share/gazebo_scripts/models:/home/rml/ros2_ws/install/gazebo_scripts/share/gazebo_scripts/worlds:/home/rml/ros2_ws/install/spirit_description/share/spirit_description/models:/home/rml/ros2_ws/install/a1_description/share/a1_description/models:/home/rml/ros2_ws/install/go2_description/share/go2_description/models:/home/rml/ros2_ws/install/go2w_description/share/go2w_description/models:/home/rml/ros2_ws/install/sensor_description/share/sensor_description/models:/home/rml/ros2_ws/install/objects_description/share/objects_description/models:/home/rml/ros2_ws/install/underbrush_description/share/underbrush_description/models'), ('CUSTOM_LD_LIBRARY_PATH', ''), ('USER', 'rml'), ('LOCAL_PYTHON_VENV_PATH', '/home/rml/.matlab/R2024a/ros2/glnxa64/venv'), ('MEMKIND_HEAP_MANAGER', 'TBB'), ('GZ_CONFIG_PATH', '/opt/ros/jazzy/opt/gz_sim_vendor/share/gz:/opt/ros/jazzy/opt/sdformat_vendor/share/gz:/opt/ros/jazzy/opt/gz_gui_vendor/share/gz:/opt/ros/jazzy/opt/gz_transport_vendor/share/gz:/opt/ros/jazzy/opt/gz_rendering_vendor/share/gz:/opt/ros/jazzy/opt/gz_plugin_vendor/share/gz:/opt/ros/jazzy/opt/gz_fuel_tools_vendor/share/gz:/opt/ros/jazzy/opt/gz_msgs_vendor/share/gz:/opt/ros/jazzy/opt/gz_common_vendor/share/gz'), ('CUSTOM_AMENT_PREFIX_PATH', '/usr/local/MATLAB/R2024a/sys/ros2/glnxa64/ros2'), ('XDG_SESSION_TYPE', 'x11'), ('CLUTTER_DISABLE_MIPMAPPED_TEXT', '1'), ('KMP_HANDLE_SIGNALS', '0'), ('SHLVL', '2'), ('ICU_TIMEZONE_FILES_DIR', '/usr/local/MATLAB/R2024a/bin/icutzdata'), ('LD_LIBRARY_PATH', ':/usr/local/MATLAB/R2024a/sys/ros2/glnxa64/ros2/lib:/usr/local/MATLAB/R2024a/sys/os/glnxa64:/usr/local/MATLAB/R2024a/bin/glnxa64:/home/rml/.MathWorks/sjIU_JBHMpDfD2I6PVGUzD1UvwcpVSfTWaVgy57sVOE/bin/glnxa64:/usr/local/MATLAB/R2024a/extern/lib/glnxa64:/usr/local/MATLAB/R2024a/cefclient/sys/os/glnxa64:/usr/local/MATLAB/R2024a/runtime/glnxa64:/usr/local/MATLAB/R2024a/sys/java/jre/glnxa64/jre/lib/amd64/native_threads:/usr/local/MATLAB/R2024a/sys/java/jre/glnxa64/jre/lib/amd64/server:/usr/local/cuda-12.8/lib64:/usr/local/lib:/opt/ros/jazzy/opt/gz_sim_vendor/lib:/opt/ros/jazzy/opt/gz_sensors_vendor/lib:/opt/ros/jazzy/opt/gz_physics_vendor/lib:/opt/ros/jazzy/opt/sdformat_vendor/lib:/opt/ros/jazzy/opt/rviz_ogre_vendor/lib:/opt/ros/jazzy/lib/x86_64-linux-gnu:/opt/ros/jazzy/opt/gz_gui_vendor/lib:/opt/ros/jazzy/opt/gz_transport_vendor/lib:/opt/ros/jazzy/opt/gz_rendering_vendor/lib:/opt/ros/jazzy/opt/gz_plugin_vendor/lib:/opt/ros/jazzy/opt/gz_fuel_tools_vendor/lib:/opt/ros/jazzy/opt/gz_msgs_vendor/lib:/opt/ros/jazzy/opt/gz_common_vendor/lib:/opt/ros/jazzy/opt/gz_math_vendor/lib:/opt/ros/jazzy/opt/gz_utils_vendor/lib:/opt/ros/jazzy/opt/gz_tools_vendor/lib:/opt/ros/jazzy/opt/gz_ogre_next_vendor/lib:/opt/ros/jazzy/opt/gz_dartsim_vendor/lib:/opt/ros/jazzy/opt/gz_cmake_vendor/lib:/opt/ros/jazzy/lib'), ('BASEMATLABPATH', ''), ('HOME', '/home/rml'), ('CONDA_SHLVL', '0'), ('AUTOMOUNT_MAP', ''), ('OLDPWD', '/usr/local/MATLAB/R2024a'), ('DESKTOP_SESSION', 'ubuntu'), ('QUAD_LOGGER_SRC', '/home/rml/ros2_ws/src/quad-sdk/quad_logger'), ('ROS_PYTHON_VERSION', '3'), ('GNOME_SHELL_SESSION_MODE', 'ubuntu'), ('GTK_MODULES', ''), ('KMP_BLOCKTIME', '1'), ('PS1', '(venv)'), ('LIBVA_MESSAGING_LEVEL', '0'), ('SYSTEMD_EXEC_PID', '4378'), ('GSM_SKIP_SSH_AGENT_WORKAROUND', 'true'), ('DBUS_SESSION_BUS_ADDRESS', 'unix:path=/run/user/1000/bus'), ('COLORTERM', 'truecolor'), ('_CE_M', ''), ('DEBUGINFOD_URLS', 'https://debuginfod.ubuntu.com'), ('CUSTOM_SITE_PACKAGES_PATH', ''), ('COLCON_PREFIX_PATH', '/usr/local/MATLAB/R2024a/sys/ros2/glnxa64/ros2:/usr/local/MATLAB/R2024a/sys/ros2/glnxa64/ros2'), ('ROS_DISTRO', 'humble'), ('LOGNAME', 'rml'), ('MATLAB_MEM_MGR_VALUE', ''), ('_', '/home/rml/.matlab/R2024a/ros2/glnxa64/venv/bin/colcon'), ('ROS_VERSION', '2'), ('PKG_CONFIG_PATH', '/usr/local/MATLAB/R2024a/sys/ros2/glnxa64/ros2/lib/pkgconfig'), ('MEMORY_PRESSURE_WATCH', '/sys/fs/cgroup/user.slice/user-1000.slice/user@1000.service/session.slice/org.gnome.Shell@x11.service/memory.pressure'), ('XDG_SESSION_CLASS', 'user'), ('USERNAME', 'rml'), ('TERM', 'dumb'), ('GNOME_DESKTOP_SESSION_ID', 'this-is-deprecated'), ('_CE_CONDA', ''), ('WINDOWPATH', '2'), ('PATH', '/usr/local/MATLAB/R2024a/bin/glnxa64/cmake/bin::/usr/local/MATLAB/R2024a/sys/ros2/glnxa64/ros2/bin:/home/rml/.matlab/R2024a/ros2/glnxa64/venv/bin:/home/rml/.matlab/R2024a/ros2/glnxa64/venv/bin:/usr/local/MATLAB/R2024a/toolbox/shared/coder/ninja/glnxa64:/usr/local/MATLAB/R2024a/bin:/usr/local/cuda-12.8/bin:/usr/local/MATLAB/R2024a/bin:/home/rml/anaconda3/condabin:/opt/ros/jazzy/opt/gz_msgs_vendor/bin:/opt/ros/jazzy/opt/gz_tools_vendor/bin:/opt/ros/jazzy/opt/gz_ogre_next_vendor/bin:/opt/ros/jazzy/bin:/usr/local/sbin:/usr/local/bin:/usr/sbin:/usr/bin:/sbin:/bin:/usr/games:/usr/local/games:/snap/bin:/snap/bin'), ('SESSION_MANAGER', 'local/rml:@/tmp/.ICE-unix/4325,unix/rml:/tmp/.ICE-unix/4325'), ('XDG_MENU_PREFIX', 'gnome-'), ('GNOME_TERMINAL_SCREEN', '/org/gnome/Terminal/screen/f4dc2f38_ccae_4341_bcf1_524a98b0c0d5'), ('XDG_RUNTIME_DIR', '/run/user/1000'), ('TOOLBOX', '/usr/local/MATLAB/R2024a/toolbox'), ('MKL_DOMAIN_NUM_THREADS', ''), ('KMP_INIT_AT_FORK', 'false'), ('DISPLAY', ':1'), ('LD_PRELOAD', '/usr/lib/x86_64-linux-gnu/libstdc++.so.6.0.33'), ('LANG', 'en_US.UTF-8'), ('XDG_CURRENT_DESKTOP', 'ubuntu:GNOME'), ('PRE_LD_PRELOAD', '/usr/lib/x86_64-linux-gnu/libstdc++.so.6.0.33'), ('VIRTUAL_ENV_PROMPT', '(venv)'), ('XMODIFIERS', '@im=ibus'), ('XDG_SESSION_DESKTOP', 'ubuntu'), ('XAUTHORITY', '/run/user/1000/gdm/Xauthority'), ('LS_COLORS', 'rs=0:di=01;34:ln=01;36:mh=00:pi=40;33:so=01;35:do=01;35:bd=40;33;01:cd=40;33;01:or=40;31;01:mi=00:su=37;41:sg=30;43:ca=00:tw=30;42:ow=34;42:st=37;44:ex=01;32:*.tar=01;31:*.tgz=01;31:*.arc=01;31:*.arj=01;31:*.taz=01;31:*.lha=01;31:*.lz4=01;31:*.lzh=01;31:*.lzma=01;31:*.tlz=01;31:*.txz=01;31:*.tzo=01;31:*.t7z=01;31:*.zip=01;31:*.z=01;31:*.dz=01;31:*.gz=01;31:*.lrz=01;31:*.lz=01;31:*.lzo=01;31:*.xz=01;31:*.zst=01;31:*.tzst=01;31:*.bz2=01;31:*.bz=01;31:*.tbz=01;31:*.tbz2=01;31:*.tz=01;31:*.deb=01;31:*.rpm=01;31:*.jar=01;31:*.war=01;31:*.ear=01;31:*.sar=01;31:*.rar=01;31:*.alz=01;31:*.ace=01;31:*.zoo=01;31:*.cpio=01;31:*.7z=01;31:*.rz=01;31:*.cab=01;31:*.wim=01;31:*.swm=01;31:*.dwm=01;31:*.esd=01;31:*.avif=01;35:*.jpg=01;35:*.jpeg=01;35:*.mjpg=01;35:*.mjpeg=01;35:*.gif=01;35:*.bmp=01;35:*.pbm=01;35:*.pgm=01;35:*.ppm=01;35:*.tga=01;35:*.xbm=01;35:*.xpm=01;35:*.tif=01;35:*.tiff=01;35:*.png=01;35:*.svg=01;35:*.svgz=01;35:*.mng=01;35:*.pcx=01;35:*.mov=01;35:*.mpg=01;35:*.mpeg=01;35:*.m2v=01;35:*.mkv=01;35:*.webm=01;35:*.webp=01;35:*.ogm=01;35:*.mp4=01;35:*.m4v=01;35:*.mp4v=01;35:*.vob=01;35:*.qt=01;35:*.nuv=01;35:*.wmv=01;35:*.asf=01;35:*.rm=01;35:*.rmvb=01;35:*.flc=01;35:*.avi=01;35:*.fli=01;35:*.flv=01;35:*.gl=01;35:*.dl=01;35:*.xcf=01;35:*.xwd=01;35:*.yuv=01;35:*.cgm=01;35:*.emf=01;35:*.ogv=01;35:*.ogx=01;35:*.aac=00;36:*.au=00;36:*.flac=00;36:*.m4a=00;36:*.mid=00;36:*.midi=00;36:*.mka=00;36:*.mp3=00;36:*.mpc=00;36:*.ogg=00;36:*.ra=00;36:*.wav=00;36:*.oga=00;36:*.opus=00;36:*.spx=00;36:*.xspf=00;36:*~=00;90:*#=00;90:*.bak=00;90:*.crdownload=00;90:*.dpkg-dist=00;90:*.dpkg-new=00;90:*.dpkg-old=00;90:*.dpkg-tmp=00;90:*.old=00;90:*.orig=00;90:*.part=00;90:*.rej=00;90:*.rpmnew=00;90:*.rpmorig=00;90:*.rpmsave=00;90:*.swp=00;90:*.tmp=00;90:*.ucf-dist=00;90:*.ucf-new=00;90:*.ucf-old=00;90:'), ('GNOME_TERMINAL_SERVICE', ':1.125'), ('SSH_AUTH_SOCK', '/run/user/1000/keyring/ssh'), ('AMENT_PREFIX_PATH', '/usr/local/MATLAB/R2024a/sys/ros2/glnxa64/ros2:/usr/local/MATLAB/R2024a/sys/ros2/glnxa64/ros2'), ('CONDA_PYTHON_EXE', '/home/rml/anaconda3/bin/python'), ('SHELL', '/bin/bash'), ('CMAKE_PATH', '/usr/local/MATLAB/R2024a/bin/glnxa64/cmake/bin'), ('XFILESEARCHPATH', '/usr/local/MATLAB/R2024a/sys/java/jre/glnxa64/jre/lib/locale/%L/%T/%N%S:'), ('QT_ACCESSIBILITY', '1'), ('GDMSESSION', 'ubuntu'), ('LESSCLOSE', '/usr/bin/lesspipe %s %s'), ('IGN_GAZEBO_RESOURCE_PATH', '/opt/ros/jazzy/share'), ('OSG_LD_LIBRARY_PATH', '/usr/local/MATLAB/R2024a/sys/openscenegraph/lib/glnxa64'), ('GPG_AGENT_INFO', '/run/user/1000/gnupg/S.gpg-agent:0:1'), ('VIRTUAL_ENV', '/home/rml/.matlab/R2024a/ros2/glnxa64/venv'), ('ROS_AUTOMATIC_DISCOVERY_RANGE', 'SUBNET'), ('CUSTOM_PATH', ''), ('KMP_STACKSIZE', '512k'), ('QT_IM_MODULE', 'ibus'), ('PWD', '/home/rml/ros2_ws/src/quad-sdk/matlab_msg_gen/glnxa64/build/quad_msgs'), ('XDG_CONFIG_DIRS', '/etc/xdg/xdg-ubuntu:/etc/xdg'), ('CONDA_EXE', '/home/rml/anaconda3/bin/conda'), ('DYLD_LIBRARY_PATH', ':/usr/local/MATLAB/R2024a/sys/ros2/glnxa64/ros2/lib:'), ('XDG_DATA_DIRS', '/usr/share/ubuntu:/usr/share/gnome:/usr/local/share/:/usr/share/:/var/lib/snapd/desktop'), ('MKL_NUM_THREADS', ''), ('PYTHONPATH', ':/usr/local/MATLAB/R2024a/sys/ros2/glnxa64/ros2/lib/python3.9/site-packages:/home/rml/.matlab/R2024a/ros2/glnxa64/venv/lib/python3.10/site-packages:/opt/ros/jazzy/lib/python3.12/site-packages'), ('LC_NUMERIC', 'C'), ('COLCON', '1'), ('MEMORY_PRESSURE_WRITE', 'c29tZSAyMDAwMDAgMjAwMDAwMAA='), ('VTE_VERSION', '7600'), ('CMAKE_PREFIX_PATH', '/usr/local/MATLAB/R2024a/sys/ros2/glnxa64/ros2:/usr/local/MATLAB/R2024a/sys/ros2/glnxa64/ros2')]), 'shell': False}
[0.055872] (quad_msgs) StdoutLine: {'line': b'-- The C compiler identification is GNU 10.5.0\n'}
[0.081887] (quad_msgs) StdoutLine: {'line': b'-- The CXX compiler identification is GNU 10.5.0\n'}
[0.088523] (quad_msgs) StdoutLine: {'line': b'-- Detecting C compiler ABI info\n'}
[0.099814] (-) TimerEvent: {}
[0.113197] (quad_msgs) StdoutLine: {'line': b'-- Detecting C compiler ABI info - done\n'}
[0.116712] (quad_msgs) StdoutLine: {'line': b'-- Check for working C compiler: /usr/bin/gcc-10 - skipped\n'}
[0.116965] (quad_msgs) StdoutLine: {'line': b'-- Detecting C compile features\n'}
[0.117226] (quad_msgs) StdoutLine: {'line': b'-- Detecting C compile features - done\n'}
[0.118981] (quad_msgs) StdoutLine: {'line': b'-- Detecting CXX compiler ABI info\n'}
[0.147147] (quad_msgs) StdoutLine: {'line': b'-- Detecting CXX compiler ABI info - done\n'}
[0.150689] (quad_msgs) StdoutLine: {'line': b'-- Check for working CXX compiler: /usr/bin/g++-10 - skipped\n'}
[0.150840] (quad_msgs) StdoutLine: {'line': b'-- Detecting CXX compile features\n'}
[0.151040] (quad_msgs) StdoutLine: {'line': b'-- Detecting CXX compile features - done\n'}
[0.157292] (quad_msgs) StdoutLine: {'line': b'-- Found ament_cmake: 1.3.3 (/usr/local/MATLAB/R2024a/sys/ros2/glnxa64/ros2/share/ament_cmake/cmake)\n'}
[0.199886] (-) TimerEvent: {}
[0.300075] (-) TimerEvent: {}
[0.396462] (quad_msgs) StdoutLine: {'line': b'-- Found Python3: /usr/bin/python3.12 (found version "3.12.3") found components: Interpreter \n'}
[0.400145] (-) TimerEvent: {}
[0.446306] (quad_msgs) StdoutLine: {'line': b'-- Found ament_cmake_ros: 0.10.0 (/usr/local/MATLAB/R2024a/sys/ros2/glnxa64/ros2/share/ament_cmake_ros/cmake)\n'}
[0.451854] (quad_msgs) StdoutLine: {'line': b'-- Found rosidl_typesupport_c: 2.0.0 (/usr/local/MATLAB/R2024a/sys/ros2/glnxa64/ros2/share/rosidl_typesupport_c/cmake)\n'}
[0.452294] (quad_msgs) StdoutLine: {'line': b'-- Using all available rosidl_typesupport_c: rosidl_typesupport_fastrtps_c;rosidl_typesupport_introspection_c\n'}
[0.456195] (quad_msgs) StdoutLine: {'line': b'-- Found rosidl_adapter: 3.1.4 (/usr/local/MATLAB/R2024a/sys/ros2/glnxa64/ros2/share/rosidl_adapter/cmake)\n'}
[0.480962] (quad_msgs) StdoutLine: {'line': b'-- Found rosidl_typesupport_cpp: 2.0.0 (/usr/local/MATLAB/R2024a/sys/ros2/glnxa64/ros2/share/rosidl_typesupport_cpp/cmake)\n'}
[0.481365] (quad_msgs) StdoutLine: {'line': b'-- Using all available rosidl_typesupport_cpp: rosidl_typesupport_fastrtps_cpp;rosidl_typesupport_introspection_cpp\n'}
[0.500223] (-) TimerEvent: {}
[0.500661] (quad_msgs) StdoutLine: {'line': b'-- Found rosidl_default_generators: 1.2.0 (/usr/local/MATLAB/R2024a/sys/ros2/glnxa64/ros2/share/rosidl_default_generators/cmake)\n'}
[0.502566] (quad_msgs) StdoutLine: {'line': b'-- Found builtin_interfaces: 1.2.1 (/usr/local/MATLAB/R2024a/sys/ros2/glnxa64/ros2/share/builtin_interfaces/cmake)\n'}
[0.513651] (quad_msgs) StdoutLine: {'line': b'-- Found class_loader: 2.2.0 (/usr/local/MATLAB/R2024a/sys/ros2/glnxa64/ros2/share/class_loader/cmake)\n'}
[0.516275] (quad_msgs) StdoutLine: {'line': b'-- Found geometry_msgs: 4.2.3 (/usr/local/MATLAB/R2024a/sys/ros2/glnxa64/ros2/share/geometry_msgs/cmake)\n'}
[0.558900] (quad_msgs) StdoutLine: {'line': b'-- Found nav_msgs: 4.2.3 (/usr/local/MATLAB/R2024a/sys/ros2/glnxa64/ros2/share/nav_msgs/cmake)\n'}
[0.593447] (quad_msgs) StdoutLine: {'line': b'-- Found rclcpp: 16.0.5 (/usr/local/MATLAB/R2024a/sys/ros2/glnxa64/ros2/share/rclcpp/cmake)\n'}
[0.600297] (-) TimerEvent: {}
[0.624514] (quad_msgs) StdoutLine: {'line': b'-- Found rmw_implementation_cmake: 6.1.1 (/usr/local/MATLAB/R2024a/sys/ros2/glnxa64/ros2/share/rmw_implementation_cmake/cmake)\n'}
[0.626047] (quad_msgs) StdoutLine: {'line': b'-- Found rmw_fastrtps_cpp: 6.2.2 (/usr/local/MATLAB/R2024a/sys/ros2/glnxa64/ros2/share/rmw_fastrtps_cpp/cmake)\n'}
[0.655828] (quad_msgs) StdoutLine: {'line': b'-- Found FastRTPS: /usr/local/MATLAB/R2024a/sys/ros2/glnxa64/ros2/include  \n'}
[0.662461] (quad_msgs) StdoutLine: {'line': b"-- Using RMW implementation 'rmw_fastrtps_cpp' as default\n"}
[0.666656] (quad_msgs) StdoutLine: {'line': b'-- Performing Test CMAKE_HAVE_LIBC_PTHREAD\n'}
[0.699209] (quad_msgs) StdoutLine: {'line': b'-- Performing Test CMAKE_HAVE_LIBC_PTHREAD - Success\n'}
[0.699764] (quad_msgs) StdoutLine: {'line': b'-- Found Threads: TRUE  \n'}
[0.700353] (-) TimerEvent: {}
[0.751552] (quad_msgs) StdoutLine: {'line': b'-- Found sensor_msgs: 4.2.3 (/usr/local/MATLAB/R2024a/sys/ros2/glnxa64/ros2/share/sensor_msgs/cmake)\n'}
[0.800398] (-) TimerEvent: {}
[0.900551] (-) TimerEvent: {}
[1.000758] (-) TimerEvent: {}
[1.100992] (-) TimerEvent: {}
[1.113493] (quad_msgs) StdoutLine: {'line': b'-- Using all available rosidl_typesupport_c: rosidl_typesupport_fastrtps_c;rosidl_typesupport_introspection_c\n'}
[1.201064] (-) TimerEvent: {}
[1.279069] (quad_msgs) StdoutLine: {'line': b'-- Using all available rosidl_typesupport_cpp: rosidl_typesupport_fastrtps_cpp;rosidl_typesupport_introspection_cpp\n'}
[1.285215] (quad_msgs) StdoutLine: {'line': b'-- Configuring done\n'}
[1.301136] (-) TimerEvent: {}
[1.304579] (quad_msgs) StdoutLine: {'line': b'-- Generating done\n'}
[1.310921] (quad_msgs) StdoutLine: {'line': b'-- Build files have been written to: /home/rml/ros2_ws/src/quad-sdk/matlab_msg_gen/glnxa64/build/quad_msgs\n'}
[1.317346] (quad_msgs) CommandEnded: {'returncode': 0}
[1.318610] (quad_msgs) JobProgress: {'identifier': 'quad_msgs', 'progress': 'build'}
[1.318665] (quad_msgs) Command: {'cmd': ['/usr/local/MATLAB/R2024a/bin/glnxa64/cmake/bin/cmake', '--build', '/home/rml/ros2_ws/src/quad-sdk/matlab_msg_gen/glnxa64/build/quad_msgs', '--', '-j32', '-l32'], 'cwd': '/home/rml/ros2_ws/src/quad-sdk/matlab_msg_gen/glnxa64/build/quad_msgs', 'env': OrderedDict([('GZ_SIM_SYSTEM_PLUGIN_PATH', '/home/rml/ros2_ws/install/gazebo_plugins/lib:/opt/ros/jazzy/lib:/opt/ros/jazzy/lib'), ('LESSOPEN', '| /usr/bin/lesspipe %s'), ('ARCH', 'glnxa64'), ('GZ_SIM_RESOURCE_PATH', '\x13_RESOURCE_PATH:/home/rml/ros2_ws/install/gazebo_scripts/share/gazebo_scripts/models:/home/rml/ros2_ws/install/gazebo_scripts/share/gazebo_scripts/worlds:/home/rml/ros2_ws/install/spirit_description/share/spirit_description/models:/home/rml/ros2_ws/install/sensor_description/share/sensor_description/models:/home/rml/ros2_ws/install/objects_description/share/objects_description/models:/home/rml/ros2_ws/install/go2_description/share/go2_description/models:/home/rml/ros2_ws/install/go2w_description/share/go2w_description/models:/home/rml/ros2_ws/install/a1_description/share/a1_description/models:/home/rml/ros2_ws/install/b2_description/share/b2_description/models:/home/rml/ros2_ws/install/gazebo_scripts/share/gazebo_scripts/models:/home/rml/ros2_ws/install/gazebo_scripts/share/gazebo_scripts/worlds:/home/rml/ros2_ws/install/spirit_description/share/spirit_description/models:/home/rml/ros2_ws/install/a1_description/share/a1_description/models:/home/rml/ros2_ws/install/go2_description/share/go2_description/models:/home/rml/ros2_ws/install/go2w_description/share/go2w_description/models:/home/rml/ros2_ws/install/sensor_description/share/sensor_description/models:/home/rml/ros2_ws/install/objects_description/share/objects_description/models:/home/rml/ros2_ws/install/underbrush_description/share/underbrush_description/models'), ('CUSTOM_LD_LIBRARY_PATH', ''), ('USER', 'rml'), ('LOCAL_PYTHON_VENV_PATH', '/home/rml/.matlab/R2024a/ros2/glnxa64/venv'), ('MEMKIND_HEAP_MANAGER', 'TBB'), ('GZ_CONFIG_PATH', '/opt/ros/jazzy/opt/gz_sim_vendor/share/gz:/opt/ros/jazzy/opt/sdformat_vendor/share/gz:/opt/ros/jazzy/opt/gz_gui_vendor/share/gz:/opt/ros/jazzy/opt/gz_transport_vendor/share/gz:/opt/ros/jazzy/opt/gz_rendering_vendor/share/gz:/opt/ros/jazzy/opt/gz_plugin_vendor/share/gz:/opt/ros/jazzy/opt/gz_fuel_tools_vendor/share/gz:/opt/ros/jazzy/opt/gz_msgs_vendor/share/gz:/opt/ros/jazzy/opt/gz_common_vendor/share/gz'), ('CUSTOM_AMENT_PREFIX_PATH', '/usr/local/MATLAB/R2024a/sys/ros2/glnxa64/ros2'), ('XDG_SESSION_TYPE', 'x11'), ('CLUTTER_DISABLE_MIPMAPPED_TEXT', '1'), ('KMP_HANDLE_SIGNALS', '0'), ('SHLVL', '2'), ('ICU_TIMEZONE_FILES_DIR', '/usr/local/MATLAB/R2024a/bin/icutzdata'), ('LD_LIBRARY_PATH', ':/usr/local/MATLAB/R2024a/sys/ros2/glnxa64/ros2/lib:/usr/local/MATLAB/R2024a/sys/os/glnxa64:/usr/local/MATLAB/R2024a/bin/glnxa64:/home/rml/.MathWorks/sjIU_JBHMpDfD2I6PVGUzD1UvwcpVSfTWaVgy57sVOE/bin/glnxa64:/usr/local/MATLAB/R2024a/extern/lib/glnxa64:/usr/local/MATLAB/R2024a/cefclient/sys/os/glnxa64:/usr/local/MATLAB/R2024a/runtime/glnxa64:/usr/local/MATLAB/R2024a/sys/java/jre/glnxa64/jre/lib/amd64/native_threads:/usr/local/MATLAB/R2024a/sys/java/jre/glnxa64/jre/lib/amd64/server:/usr/local/cuda-12.8/lib64:/usr/local/lib:/opt/ros/jazzy/opt/gz_sim_vendor/lib:/opt/ros/jazzy/opt/gz_sensors_vendor/lib:/opt/ros/jazzy/opt/gz_physics_vendor/lib:/opt/ros/jazzy/opt/sdformat_vendor/lib:/opt/ros/jazzy/opt/rviz_ogre_vendor/lib:/opt/ros/jazzy/lib/x86_64-linux-gnu:/opt/ros/jazzy/opt/gz_gui_vendor/lib:/opt/ros/jazzy/opt/gz_transport_vendor/lib:/opt/ros/jazzy/opt/gz_rendering_vendor/lib:/opt/ros/jazzy/opt/gz_plugin_vendor/lib:/opt/ros/jazzy/opt/gz_fuel_tools_vendor/lib:/opt/ros/jazzy/opt/gz_msgs_vendor/lib:/opt/ros/jazzy/opt/gz_common_vendor/lib:/opt/ros/jazzy/opt/gz_math_vendor/lib:/opt/ros/jazzy/opt/gz_utils_vendor/lib:/opt/ros/jazzy/opt/gz_tools_vendor/lib:/opt/ros/jazzy/opt/gz_ogre_next_vendor/lib:/opt/ros/jazzy/opt/gz_dartsim_vendor/lib:/opt/ros/jazzy/opt/gz_cmake_vendor/lib:/opt/ros/jazzy/lib'), ('BASEMATLABPATH', ''), ('HOME', '/home/rml'), ('CONDA_SHLVL', '0'), ('AUTOMOUNT_MAP', ''), ('OLDPWD', '/usr/local/MATLAB/R2024a'), ('DESKTOP_SESSION', 'ubuntu'), ('QUAD_LOGGER_SRC', '/home/rml/ros2_ws/src/quad-sdk/quad_logger'), ('ROS_PYTHON_VERSION', '3'), ('GNOME_SHELL_SESSION_MODE', 'ubuntu'), ('GTK_MODULES', ''), ('KMP_BLOCKTIME', '1'), ('PS1', '(venv)'), ('LIBVA_MESSAGING_LEVEL', '0'), ('SYSTEMD_EXEC_PID', '4378'), ('GSM_SKIP_SSH_AGENT_WORKAROUND', 'true'), ('DBUS_SESSION_BUS_ADDRESS', 'unix:path=/run/user/1000/bus'), ('COLORTERM', 'truecolor'), ('_CE_M', ''), ('DEBUGINFOD_URLS', 'https://debuginfod.ubuntu.com'), ('CUSTOM_SITE_PACKAGES_PATH', ''), ('COLCON_PREFIX_PATH', '/usr/local/MATLAB/R2024a/sys/ros2/glnxa64/ros2:/usr/local/MATLAB/R2024a/sys/ros2/glnxa64/ros2'), ('ROS_DISTRO', 'humble'), ('LOGNAME', 'rml'), ('MATLAB_MEM_MGR_VALUE', ''), ('_', '/home/rml/.matlab/R2024a/ros2/glnxa64/venv/bin/colcon'), ('ROS_VERSION', '2'), ('PKG_CONFIG_PATH', '/usr/local/MATLAB/R2024a/sys/ros2/glnxa64/ros2/lib/pkgconfig'), ('MEMORY_PRESSURE_WATCH', '/sys/fs/cgroup/user.slice/user-1000.slice/user@1000.service/session.slice/org.gnome.Shell@x11.service/memory.pressure'), ('XDG_SESSION_CLASS', 'user'), ('USERNAME', 'rml'), ('TERM', 'dumb'), ('GNOME_DESKTOP_SESSION_ID', 'this-is-deprecated'), ('_CE_CONDA', ''), ('WINDOWPATH', '2'), ('PATH', '/usr/local/MATLAB/R2024a/bin/glnxa64/cmake/bin::/usr/local/MATLAB/R2024a/sys/ros2/glnxa64/ros2/bin:/home/rml/.matlab/R2024a/ros2/glnxa64/venv/bin:/home/rml/.matlab/R2024a/ros2/glnxa64/venv/bin:/usr/local/MATLAB/R2024a/toolbox/shared/coder/ninja/glnxa64:/usr/local/MATLAB/R2024a/bin:/usr/local/cuda-12.8/bin:/usr/local/MATLAB/R2024a/bin:/home/rml/anaconda3/condabin:/opt/ros/jazzy/opt/gz_msgs_vendor/bin:/opt/ros/jazzy/opt/gz_tools_vendor/bin:/opt/ros/jazzy/opt/gz_ogre_next_vendor/bin:/opt/ros/jazzy/bin:/usr/local/sbin:/usr/local/bin:/usr/sbin:/usr/bin:/sbin:/bin:/usr/games:/usr/local/games:/snap/bin:/snap/bin'), ('SESSION_MANAGER', 'local/rml:@/tmp/.ICE-unix/4325,unix/rml:/tmp/.ICE-unix/4325'), ('XDG_MENU_PREFIX', 'gnome-'), ('GNOME_TERMINAL_SCREEN', '/org/gnome/Terminal/screen/f4dc2f38_ccae_4341_bcf1_524a98b0c0d5'), ('XDG_RUNTIME_DIR', '/run/user/1000'), ('TOOLBOX', '/usr/local/MATLAB/R2024a/toolbox'), ('MKL_DOMAIN_NUM_THREADS', ''), ('KMP_INIT_AT_FORK', 'false'), ('DISPLAY', ':1'), ('LD_PRELOAD', '/usr/lib/x86_64-linux-gnu/libstdc++.so.6.0.33'), ('LANG', 'en_US.UTF-8'), ('XDG_CURRENT_DESKTOP', 'ubuntu:GNOME'), ('PRE_LD_PRELOAD', '/usr/lib/x86_64-linux-gnu/libstdc++.so.6.0.33'), ('VIRTUAL_ENV_PROMPT', '(venv)'), ('XMODIFIERS', '@im=ibus'), ('XDG_SESSION_DESKTOP', 'ubuntu'), ('XAUTHORITY', '/run/user/1000/gdm/Xauthority'), ('LS_COLORS', 'rs=0:di=01;34:ln=01;36:mh=00:pi=40;33:so=01;35:do=01;35:bd=40;33;01:cd=40;33;01:or=40;31;01:mi=00:su=37;41:sg=30;43:ca=00:tw=30;42:ow=34;42:st=37;44:ex=01;32:*.tar=01;31:*.tgz=01;31:*.arc=01;31:*.arj=01;31:*.taz=01;31:*.lha=01;31:*.lz4=01;31:*.lzh=01;31:*.lzma=01;31:*.tlz=01;31:*.txz=01;31:*.tzo=01;31:*.t7z=01;31:*.zip=01;31:*.z=01;31:*.dz=01;31:*.gz=01;31:*.lrz=01;31:*.lz=01;31:*.lzo=01;31:*.xz=01;31:*.zst=01;31:*.tzst=01;31:*.bz2=01;31:*.bz=01;31:*.tbz=01;31:*.tbz2=01;31:*.tz=01;31:*.deb=01;31:*.rpm=01;31:*.jar=01;31:*.war=01;31:*.ear=01;31:*.sar=01;31:*.rar=01;31:*.alz=01;31:*.ace=01;31:*.zoo=01;31:*.cpio=01;31:*.7z=01;31:*.rz=01;31:*.cab=01;31:*.wim=01;31:*.swm=01;31:*.dwm=01;31:*.esd=01;31:*.avif=01;35:*.jpg=01;35:*.jpeg=01;35:*.mjpg=01;35:*.mjpeg=01;35:*.gif=01;35:*.bmp=01;35:*.pbm=01;35:*.pgm=01;35:*.ppm=01;35:*.tga=01;35:*.xbm=01;35:*.xpm=01;35:*.tif=01;35:*.tiff=01;35:*.png=01;35:*.svg=01;35:*.svgz=01;35:*.mng=01;35:*.pcx=01;35:*.mov=01;35:*.mpg=01;35:*.mpeg=01;35:*.m2v=01;35:*.mkv=01;35:*.webm=01;35:*.webp=01;35:*.ogm=01;35:*.mp4=01;35:*.m4v=01;35:*.mp4v=01;35:*.vob=01;35:*.qt=01;35:*.nuv=01;35:*.wmv=01;35:*.asf=01;35:*.rm=01;35:*.rmvb=01;35:*.flc=01;35:*.avi=01;35:*.fli=01;35:*.flv=01;35:*.gl=01;35:*.dl=01;35:*.xcf=01;35:*.xwd=01;35:*.yuv=01;35:*.cgm=01;35:*.emf=01;35:*.ogv=01;35:*.ogx=01;35:*.aac=00;36:*.au=00;36:*.flac=00;36:*.m4a=00;36:*.mid=00;36:*.midi=00;36:*.mka=00;36:*.mp3=00;36:*.mpc=00;36:*.ogg=00;36:*.ra=00;36:*.wav=00;36:*.oga=00;36:*.opus=00;36:*.spx=00;36:*.xspf=00;36:*~=00;90:*#=00;90:*.bak=00;90:*.crdownload=00;90:*.dpkg-dist=00;90:*.dpkg-new=00;90:*.dpkg-old=00;90:*.dpkg-tmp=00;90:*.old=00;90:*.orig=00;90:*.part=00;90:*.rej=00;90:*.rpmnew=00;90:*.rpmorig=00;90:*.rpmsave=00;90:*.swp=00;90:*.tmp=00;90:*.ucf-dist=00;90:*.ucf-new=00;90:*.ucf-old=00;90:'), ('GNOME_TERMINAL_SERVICE', ':1.125'), ('SSH_AUTH_SOCK', '/run/user/1000/keyring/ssh'), ('AMENT_PREFIX_PATH', '/usr/local/MATLAB/R2024a/sys/ros2/glnxa64/ros2:/usr/local/MATLAB/R2024a/sys/ros2/glnxa64/ros2'), ('CONDA_PYTHON_EXE', '/home/rml/anaconda3/bin/python'), ('SHELL', '/bin/bash'), ('CMAKE_PATH', '/usr/local/MATLAB/R2024a/bin/glnxa64/cmake/bin'), ('XFILESEARCHPATH', '/usr/local/MATLAB/R2024a/sys/java/jre/glnxa64/jre/lib/locale/%L/%T/%N%S:'), ('QT_ACCESSIBILITY', '1'), ('GDMSESSION', 'ubuntu'), ('LESSCLOSE', '/usr/bin/lesspipe %s %s'), ('IGN_GAZEBO_RESOURCE_PATH', '/opt/ros/jazzy/share'), ('OSG_LD_LIBRARY_PATH', '/usr/local/MATLAB/R2024a/sys/openscenegraph/lib/glnxa64'), ('GPG_AGENT_INFO', '/run/user/1000/gnupg/S.gpg-agent:0:1'), ('VIRTUAL_ENV', '/home/rml/.matlab/R2024a/ros2/glnxa64/venv'), ('ROS_AUTOMATIC_DISCOVERY_RANGE', 'SUBNET'), ('CUSTOM_PATH', ''), ('KMP_STACKSIZE', '512k'), ('QT_IM_MODULE', 'ibus'), ('PWD', '/home/rml/ros2_ws/src/quad-sdk/matlab_msg_gen/glnxa64/build/quad_msgs'), ('XDG_CONFIG_DIRS', '/etc/xdg/xdg-ubuntu:/etc/xdg'), ('CONDA_EXE', '/home/rml/anaconda3/bin/conda'), ('DYLD_LIBRARY_PATH', ':/usr/local/MATLAB/R2024a/sys/ros2/glnxa64/ros2/lib:'), ('XDG_DATA_DIRS', '/usr/share/ubuntu:/usr/share/gnome:/usr/local/share/:/usr/share/:/var/lib/snapd/desktop'), ('MKL_NUM_THREADS', ''), ('PYTHONPATH', ':/usr/local/MATLAB/R2024a/sys/ros2/glnxa64/ros2/lib/python3.9/site-packages:/home/rml/.matlab/R2024a/ros2/glnxa64/venv/lib/python3.10/site-packages:/opt/ros/jazzy/lib/python3.12/site-packages'), ('LC_NUMERIC', 'C'), ('COLCON', '1'), ('MEMORY_PRESSURE_WRITE', 'c29tZSAyMDAwMDAgMjAwMDAwMAA='), ('VTE_VERSION', '7600'), ('CMAKE_PREFIX_PATH', '/usr/local/MATLAB/R2024a/sys/ros2/glnxa64/ros2:/usr/local/MATLAB/R2024a/sys/ros2/glnxa64/ros2')]), 'shell': False}
[1.401247] (-) TimerEvent: {}
[1.501493] (-) TimerEvent: {}
[1.601678] (-) TimerEvent: {}
[1.701837] (-) TimerEvent: {}
[1.734111] (quad_msgs) StdoutLine: {'line': b'[1/160] Generating C++ code for ROS interfaces\n'}
[1.750187] (quad_msgs) StdoutLine: {'line': b'[2/160] Generating C code for ROS interfaces\n'}
[1.795607] (quad_msgs) StdoutLine: {'line': b'[3/160] Building C object CMakeFiles/quad_msgs__rosidl_generator_c.dir/rosidl_generator_c/quad_msgs/msg/detail/multi_foot_plan_continuous__functions.c.o\n'}
[1.795760] (quad_msgs) StdoutLine: {'line': b'[4/160] Building C object CMakeFiles/quad_msgs__rosidl_generator_c.dir/rosidl_generator_c/quad_msgs/msg/detail/leg_command_array__functions.c.o\n'}
[1.795786] (quad_msgs) StdoutLine: {'line': b'[5/160] Building C object CMakeFiles/quad_msgs__rosidl_generator_c.dir/rosidl_generator_c/quad_msgs/msg/detail/multi_foot_plan_discrete__functions.c.o\n'}
[1.795808] (quad_msgs) StdoutLine: {'line': b'[6/160] Building C object CMakeFiles/quad_msgs__rosidl_generator_c.dir/rosidl_generator_c/quad_msgs/msg/detail/leg_command__functions.c.o\n'}
[1.795827] (quad_msgs) StdoutLine: {'line': b'[7/160] Building C object CMakeFiles/quad_msgs__rosidl_generator_c.dir/rosidl_generator_c/quad_msgs/msg/detail/leg_contact_mode__functions.c.o\n'}
[1.795860] (quad_msgs) StdoutLine: {'line': b'[8/160] Building C object CMakeFiles/quad_msgs__rosidl_generator_c.dir/rosidl_generator_c/quad_msgs/msg/detail/robot_plan_diagnostics__functions.c.o\n'}
[1.795904] (quad_msgs) StdoutLine: {'line': b'[9/160] Building C object CMakeFiles/quad_msgs__rosidl_generator_c.dir/rosidl_generator_c/quad_msgs/msg/detail/body_force_estimate__functions.c.o\n'}
[1.796811] (quad_msgs) StdoutLine: {'line': b'[10/160] Building C object CMakeFiles/quad_msgs__rosidl_generator_c.dir/rosidl_generator_c/quad_msgs/msg/detail/motor_command__functions.c.o\n'}
[1.797152] (quad_msgs) StdoutLine: {'line': b'[11/160] Building C object CMakeFiles/quad_msgs__rosidl_generator_c.dir/rosidl_generator_c/quad_msgs/msg/detail/grf_array__functions.c.o\n'}
[1.801600] (quad_msgs) StdoutLine: {'line': b'[12/160] Building C object CMakeFiles/quad_msgs__rosidl_generator_c.dir/rosidl_generator_c/quad_msgs/msg/detail/multi_foot_state__functions.c.o\n'}
[1.801891] (-) TimerEvent: {}
[1.802221] (quad_msgs) StdoutLine: {'line': b'[13/160] Building C object CMakeFiles/quad_msgs__rosidl_generator_c.dir/rosidl_generator_c/quad_msgs/msg/detail/foot_plan_discrete__functions.c.o\n'}
[1.803137] (quad_msgs) StdoutLine: {'line': b'[14/160] Building C object CMakeFiles/quad_msgs__rosidl_generator_c.dir/rosidl_generator_c/quad_msgs/msg/detail/body_plan__functions.c.o\n'}
[1.803383] (quad_msgs) StdoutLine: {'line': b'[15/160] Building C object CMakeFiles/quad_msgs__rosidl_generator_c.dir/rosidl_generator_c/quad_msgs/msg/detail/foot_state__functions.c.o\n'}
[1.803589] (quad_msgs) StdoutLine: {'line': b'[16/160] Building C object CMakeFiles/quad_msgs__rosidl_generator_c.dir/rosidl_generator_c/quad_msgs/msg/detail/contact_mode__functions.c.o\n'}
[1.803671] (quad_msgs) StdoutLine: {'line': b'[17/160] Building C object CMakeFiles/quad_msgs__rosidl_generator_c.dir/rosidl_generator_c/quad_msgs/msg/detail/body_state__functions.c.o\n'}
[1.804287] (quad_msgs) StdoutLine: {'line': b'[18/160] Building C object CMakeFiles/quad_msgs__rosidl_generator_c.dir/rosidl_generator_c/quad_msgs/msg/detail/robot_state__functions.c.o\n'}
[1.805287] (quad_msgs) StdoutLine: {'line': b'[19/160] Building C object CMakeFiles/quad_msgs__rosidl_generator_c.dir/rosidl_generator_c/quad_msgs/msg/detail/local_plan__functions.c.o\n'}
[1.809533] (quad_msgs) StdoutLine: {'line': b'[20/160] Building C object CMakeFiles/quad_msgs__rosidl_generator_c.dir/rosidl_generator_c/quad_msgs/msg/detail/robot_plan__functions.c.o\n'}
[1.824056] (quad_msgs) StdoutLine: {'line': b'[21/160] Linking C shared library libquad_msgs__rosidl_generator_c.so\n'}
[1.901968] (-) TimerEvent: {}
[2.002105] (-) TimerEvent: {}
[2.020753] (quad_msgs) StdoutLine: {'line': b'[22/160] Generating C++ type support dispatch for ROS interfaces\n'}
[2.102253] (-) TimerEvent: {}
[2.112537] (quad_msgs) StdoutLine: {'line': b'[23/160] Generating C++ introspection for ROS interfaces\n'}
[2.171174] (quad_msgs) StdoutLine: {'line': b'[24/160] Building CXX object CMakeFiles/quad_msgs__rosidl_typesupport_cpp.dir/rosidl_typesupport_cpp/quad_msgs/msg/robot_plan_diagnostics__type_support.cpp.o\n'}
[2.173389] (quad_msgs) StdoutLine: {'line': b'[25/160] Building CXX object CMakeFiles/quad_msgs__rosidl_typesupport_cpp.dir/rosidl_typesupport_cpp/quad_msgs/msg/leg_contact_mode__type_support.cpp.o\n'}
[2.174424] (quad_msgs) StdoutLine: {'line': b'[26/160] Building CXX object CMakeFiles/quad_msgs__rosidl_typesupport_cpp.dir/rosidl_typesupport_cpp/quad_msgs/msg/body_state__type_support.cpp.o\n'}
[2.174634] (quad_msgs) StdoutLine: {'line': b'[27/160] Building CXX object CMakeFiles/quad_msgs__rosidl_typesupport_cpp.dir/rosidl_typesupport_cpp/quad_msgs/msg/multi_foot_plan_continuous__type_support.cpp.o\n'}
[2.175088] (quad_msgs) StdoutLine: {'line': b'[28/160] Building CXX object CMakeFiles/quad_msgs__rosidl_typesupport_cpp.dir/rosidl_typesupport_cpp/quad_msgs/msg/grf_array__type_support.cpp.o\n'}
[2.176347] (quad_msgs) StdoutLine: {'line': b'[29/160] Building CXX object CMakeFiles/quad_msgs__rosidl_typesupport_cpp.dir/rosidl_typesupport_cpp/quad_msgs/msg/foot_state__type_support.cpp.o\n'}
[2.177365] (quad_msgs) StdoutLine: {'line': b'[30/160] Building CXX object CMakeFiles/quad_msgs__rosidl_typesupport_cpp.dir/rosidl_typesupport_cpp/quad_msgs/msg/local_plan__type_support.cpp.o\n'}
[2.177993] (quad_msgs) StdoutLine: {'line': b'[31/160] Building CXX object CMakeFiles/quad_msgs__rosidl_typesupport_cpp.dir/rosidl_typesupport_cpp/quad_msgs/msg/contact_mode__type_support.cpp.o\n'}
[2.178144] (quad_msgs) StdoutLine: {'line': b'[32/160] Building CXX object CMakeFiles/quad_msgs__rosidl_typesupport_cpp.dir/rosidl_typesupport_cpp/quad_msgs/msg/motor_command__type_support.cpp.o\n'}
[2.178287] (quad_msgs) StdoutLine: {'line': b'[33/160] Generating C type support dispatch for ROS interfaces\n'}
[2.179448] (quad_msgs) StdoutLine: {'line': b'[34/160] Building CXX object CMakeFiles/quad_msgs__rosidl_typesupport_cpp.dir/rosidl_typesupport_cpp/quad_msgs/msg/robot_state__type_support.cpp.o\n'}
[2.180016] (quad_msgs) StdoutLine: {'line': b'[35/160] Building CXX object CMakeFiles/quad_msgs__rosidl_typesupport_cpp.dir/rosidl_typesupport_cpp/quad_msgs/msg/body_force_estimate__type_support.cpp.o\n'}
[2.180421] (quad_msgs) StdoutLine: {'line': b'[36/160] Building CXX object CMakeFiles/quad_msgs__rosidl_typesupport_cpp.dir/rosidl_typesupport_cpp/quad_msgs/msg/multi_foot_plan_discrete__type_support.cpp.o\n'}
[2.180723] (quad_msgs) StdoutLine: {'line': b'[37/160] Building CXX object CMakeFiles/quad_msgs__rosidl_typesupport_cpp.dir/rosidl_typesupport_cpp/quad_msgs/msg/leg_command__type_support.cpp.o\n'}
[2.181436] (quad_msgs) StdoutLine: {'line': b'[38/160] Generating C++ type support for eProsima Fast-RTPS\n'}
[2.183436] (quad_msgs) StdoutLine: {'line': b'[39/160] Building CXX object CMakeFiles/quad_msgs__rosidl_typesupport_cpp.dir/rosidl_typesupport_cpp/quad_msgs/msg/multi_foot_state__type_support.cpp.o\n'}
[2.183848] (quad_msgs) StdoutLine: {'line': b'[40/160] Building CXX object CMakeFiles/quad_msgs__rosidl_typesupport_cpp.dir/rosidl_typesupport_cpp/quad_msgs/msg/foot_plan_discrete__type_support.cpp.o\n'}
[2.184504] (quad_msgs) StdoutLine: {'line': b'[41/160] Building CXX object CMakeFiles/quad_msgs__rosidl_typesupport_cpp.dir/rosidl_typesupport_cpp/quad_msgs/msg/leg_command_array__type_support.cpp.o\n'}
[2.185143] (quad_msgs) StdoutLine: {'line': b'[42/160] Building CXX object CMakeFiles/quad_msgs__rosidl_typesupport_cpp.dir/rosidl_typesupport_cpp/quad_msgs/msg/robot_plan__type_support.cpp.o\n'}
[2.189184] (quad_msgs) StdoutLine: {'line': b'[43/160] Building CXX object CMakeFiles/quad_msgs__rosidl_typesupport_cpp.dir/rosidl_typesupport_cpp/quad_msgs/msg/body_plan__type_support.cpp.o\n'}
[2.194207] (quad_msgs) StdoutLine: {'line': b'[44/160] Building CXX object CMakeFiles/quad_msgs__rosidl_typesupport_c.dir/rosidl_typesupport_c/quad_msgs/msg/body_force_estimate__type_support.cpp.o\n'}
[2.194912] (quad_msgs) StdoutLine: {'line': b'[45/160] Building CXX object CMakeFiles/quad_msgs__rosidl_typesupport_c.dir/rosidl_typesupport_c/quad_msgs/msg/body_state__type_support.cpp.o\n'}
[2.195793] (quad_msgs) StdoutLine: {'line': b'[46/160] Building CXX object CMakeFiles/quad_msgs__rosidl_typesupport_c.dir/rosidl_typesupport_c/quad_msgs/msg/contact_mode__type_support.cpp.o\n'}
[2.196616] (quad_msgs) StdoutLine: {'line': b'[47/160] Building CXX object CMakeFiles/quad_msgs__rosidl_typesupport_c.dir/rosidl_typesupport_c/quad_msgs/msg/body_plan__type_support.cpp.o\n'}
[2.196931] (quad_msgs) StdoutLine: {'line': b'[48/160] Building CXX object CMakeFiles/quad_msgs__rosidl_typesupport_c.dir/rosidl_typesupport_c/quad_msgs/msg/foot_plan_discrete__type_support.cpp.o\n'}
[2.199462] (quad_msgs) StdoutLine: {'line': b'[49/160] Building CXX object CMakeFiles/quad_msgs__rosidl_typesupport_c.dir/rosidl_typesupport_c/quad_msgs/msg/foot_state__type_support.cpp.o\n'}
[2.201007] (quad_msgs) StdoutLine: {'line': b'[50/160] Building CXX object CMakeFiles/quad_msgs__rosidl_typesupport_c.dir/rosidl_typesupport_c/quad_msgs/msg/grf_array__type_support.cpp.o\n'}
[2.201055] (quad_msgs) StdoutLine: {'line': b'[51/160] Building CXX object CMakeFiles/quad_msgs__rosidl_typesupport_c.dir/rosidl_typesupport_c/quad_msgs/msg/leg_command__type_support.cpp.o\n'}
[2.203016] (quad_msgs) StdoutLine: {'line': b'[52/160] Building CXX object CMakeFiles/quad_msgs__rosidl_typesupport_c.dir/rosidl_typesupport_c/quad_msgs/msg/leg_command_array__type_support.cpp.o\n'}
[2.203086] (-) TimerEvent: {}
[2.203219] (quad_msgs) StdoutLine: {'line': b'[53/160] Building CXX object CMakeFiles/quad_msgs__rosidl_typesupport_c.dir/rosidl_typesupport_c/quad_msgs/msg/leg_contact_mode__type_support.cpp.o\n'}
[2.206223] (quad_msgs) StdoutLine: {'line': b'[54/160] Building CXX object CMakeFiles/quad_msgs__rosidl_typesupport_c.dir/rosidl_typesupport_c/quad_msgs/msg/local_plan__type_support.cpp.o\n'}
[2.212364] (quad_msgs) StdoutLine: {'line': b'[55/160] Building CXX object CMakeFiles/quad_msgs__rosidl_typesupport_c.dir/rosidl_typesupport_c/quad_msgs/msg/multi_foot_plan_continuous__type_support.cpp.o\n'}
[2.215307] (quad_msgs) StdoutLine: {'line': b'[56/160] Building CXX object CMakeFiles/quad_msgs__rosidl_typesupport_c.dir/rosidl_typesupport_c/quad_msgs/msg/multi_foot_state__type_support.cpp.o\n'}
[2.217171] (quad_msgs) StdoutLine: {'line': b'[57/160] Building CXX object CMakeFiles/quad_msgs__rosidl_typesupport_c.dir/rosidl_typesupport_c/quad_msgs/msg/motor_command__type_support.cpp.o\n'}
[2.217362] (quad_msgs) StdoutLine: {'line': b'[58/160] Building CXX object CMakeFiles/quad_msgs__rosidl_typesupport_c.dir/rosidl_typesupport_c/quad_msgs/msg/multi_foot_plan_discrete__type_support.cpp.o\n'}
[2.217453] (quad_msgs) StdoutLine: {'line': b'[59/160] Building CXX object CMakeFiles/quad_msgs__rosidl_typesupport_c.dir/rosidl_typesupport_c/quad_msgs/msg/robot_plan__type_support.cpp.o\n'}
[2.218193] (quad_msgs) StdoutLine: {'line': b'[60/160] Building CXX object CMakeFiles/quad_msgs__rosidl_typesupport_c.dir/rosidl_typesupport_c/quad_msgs/msg/robot_plan_diagnostics__type_support.cpp.o\n'}
[2.218374] (quad_msgs) StdoutLine: {'line': b'[61/160] Building CXX object CMakeFiles/quad_msgs__rosidl_typesupport_c.dir/rosidl_typesupport_c/quad_msgs/msg/robot_state__type_support.cpp.o\n'}
[2.263117] (quad_msgs) StdoutLine: {'line': b'[62/160] Linking CXX shared library libquad_msgs__rosidl_typesupport_c.so\n'}
[2.277398] (quad_msgs) StdoutLine: {'line': b'[63/160] Generating C introspection for ROS interfaces\n'}
[2.303226] (-) TimerEvent: {}
[2.309653] (quad_msgs) StdoutLine: {'line': b'[64/160] Building C object CMakeFiles/quad_msgs__rosidl_typesupport_introspection_c.dir/rosidl_typesupport_introspection_c/quad_msgs/msg/detail/body_force_estimate__type_support.c.o\n'}
[2.318538] (quad_msgs) StdoutLine: {'line': b'[65/160] Generating C type support for eProsima Fast-RTPS\n'}
[2.361486] (quad_msgs) StdoutLine: {'line': b'[66/160] Building C object CMakeFiles/quad_msgs__rosidl_typesupport_introspection_c.dir/rosidl_typesupport_introspection_c/quad_msgs/msg/detail/body_plan__type_support.c.o\n'}
[2.403350] (-) TimerEvent: {}
[2.404475] (quad_msgs) StdoutLine: {'line': b'[67/160] Building CXX object CMakeFiles/quad_msgs__rosidl_typesupport_introspection_cpp.dir/rosidl_typesupport_introspection_cpp/quad_msgs/msg/detail/foot_state__type_support.cpp.o\n'}
[2.406062] (quad_msgs) StdoutLine: {'line': b'[68/160] Building CXX object CMakeFiles/quad_msgs__rosidl_typesupport_introspection_cpp.dir/rosidl_typesupport_introspection_cpp/quad_msgs/msg/detail/body_state__type_support.cpp.o\n'}
[2.421594] (quad_msgs) StdoutLine: {'line': b'[69/160] Building CXX object CMakeFiles/quad_msgs__rosidl_typesupport_introspection_cpp.dir/rosidl_typesupport_introspection_cpp/quad_msgs/msg/detail/body_force_estimate__type_support.cpp.o\n'}
[2.422980] (quad_msgs) StdoutLine: {'line': b'[70/160] Building CXX object CMakeFiles/quad_msgs__rosidl_typesupport_introspection_cpp.dir/rosidl_typesupport_introspection_cpp/quad_msgs/msg/detail/contact_mode__type_support.cpp.o\n'}
[2.424046] (quad_msgs) StdoutLine: {'line': b'[71/160] Building CXX object CMakeFiles/quad_msgs__rosidl_typesupport_introspection_cpp.dir/rosidl_typesupport_introspection_cpp/quad_msgs/msg/detail/robot_state__type_support.cpp.o\n'}
[2.433009] (quad_msgs) StdoutLine: {'line': b'[72/160] Building CXX object CMakeFiles/quad_msgs__rosidl_typesupport_fastrtps_cpp.dir/rosidl_typesupport_fastrtps_cpp/quad_msgs/msg/detail/dds_fastrtps/body_state__type_support.cpp.o\n'}
[2.444801] (quad_msgs) StdoutLine: {'line': b'[73/160] Building CXX object CMakeFiles/quad_msgs__rosidl_typesupport_fastrtps_cpp.dir/rosidl_typesupport_fastrtps_cpp/quad_msgs/msg/detail/dds_fastrtps/foot_state__type_support.cpp.o\n'}
[2.456782] (quad_msgs) StdoutLine: {'line': b'[74/160] Building CXX object CMakeFiles/quad_msgs__rosidl_typesupport_introspection_cpp.dir/rosidl_typesupport_introspection_cpp/quad_msgs/msg/detail/foot_plan_discrete__type_support.cpp.o\n'}
[2.458698] (quad_msgs) StdoutLine: {'line': b'[75/160] Building CXX object CMakeFiles/quad_msgs__rosidl_typesupport_fastrtps_cpp.dir/rosidl_typesupport_fastrtps_cpp/quad_msgs/msg/detail/dds_fastrtps/body_force_estimate__type_support.cpp.o\n'}
[2.460422] (quad_msgs) StdoutLine: {'line': b'[76/160] Building CXX object CMakeFiles/quad_msgs__rosidl_typesupport_introspection_cpp.dir/rosidl_typesupport_introspection_cpp/quad_msgs/msg/detail/leg_command__type_support.cpp.o\n'}
[2.465126] (quad_msgs) StdoutLine: {'line': b'[77/160] Building CXX object CMakeFiles/quad_msgs__rosidl_typesupport_fastrtps_cpp.dir/rosidl_typesupport_fastrtps_cpp/quad_msgs/msg/detail/dds_fastrtps/robot_state__type_support.cpp.o\n'}
[2.490282] (quad_msgs) StdoutLine: {'line': b'[78/160] Building CXX object CMakeFiles/quad_msgs__rosidl_typesupport_fastrtps_cpp.dir/rosidl_typesupport_fastrtps_cpp/quad_msgs/msg/detail/dds_fastrtps/leg_command__type_support.cpp.o\n'}
[2.494540] (quad_msgs) StdoutLine: {'line': b'[79/160] Building CXX object CMakeFiles/quad_msgs__rosidl_typesupport_introspection_cpp.dir/rosidl_typesupport_introspection_cpp/quad_msgs/msg/detail/leg_command_array__type_support.cpp.o\n'}
[2.494750] (quad_msgs) StdoutLine: {'line': b'[80/160] Building CXX object CMakeFiles/quad_msgs__rosidl_typesupport_fastrtps_cpp.dir/rosidl_typesupport_fastrtps_cpp/quad_msgs/msg/detail/dds_fastrtps/foot_plan_discrete__type_support.cpp.o\n'}
[2.495195] (quad_msgs) StdoutLine: {'line': b'[81/160] Building CXX object CMakeFiles/quad_msgs__rosidl_typesupport_fastrtps_cpp.dir/rosidl_typesupport_fastrtps_cpp/quad_msgs/msg/detail/dds_fastrtps/contact_mode__type_support.cpp.o\n'}
[2.498681] (quad_msgs) StdoutLine: {'line': b'[82/160] Building CXX object CMakeFiles/quad_msgs__rosidl_typesupport_fastrtps_cpp.dir/rosidl_typesupport_fastrtps_cpp/quad_msgs/msg/detail/dds_fastrtps/grf_array__type_support.cpp.o\n'}
[2.503451] (-) TimerEvent: {}
[2.508113] (quad_msgs) StdoutLine: {'line': b'[83/160] Building CXX object CMakeFiles/quad_msgs__rosidl_typesupport_fastrtps_cpp.dir/rosidl_typesupport_fastrtps_cpp/quad_msgs/msg/detail/dds_fastrtps/leg_command_array__type_support.cpp.o\n'}
[2.508777] (quad_msgs) StdoutLine: {'line': b'[84/160] Building CXX object CMakeFiles/quad_msgs__rosidl_typesupport_fastrtps_cpp.dir/rosidl_typesupport_fastrtps_cpp/quad_msgs/msg/detail/dds_fastrtps/leg_contact_mode__type_support.cpp.o\n'}
[2.518777] (quad_msgs) StdoutLine: {'line': b'[85/160] Building CXX object CMakeFiles/quad_msgs__rosidl_typesupport_introspection_cpp.dir/rosidl_typesupport_introspection_cpp/quad_msgs/msg/detail/grf_array__type_support.cpp.o\n'}
[2.535505] (quad_msgs) StdoutLine: {'line': b'[86/160] Building CXX object CMakeFiles/quad_msgs__rosidl_typesupport_fastrtps_c.dir/rosidl_typesupport_fastrtps_c/quad_msgs/msg/detail/body_force_estimate__type_support_c.cpp.o\n'}
[2.536403] (quad_msgs) StdoutLine: {'line': b'[87/160] Building CXX object CMakeFiles/quad_msgs__rosidl_typesupport_introspection_cpp.dir/rosidl_typesupport_introspection_cpp/quad_msgs/msg/detail/body_plan__type_support.cpp.o\n'}
[2.538170] (quad_msgs) StdoutLine: {'line': b'[88/160] Building C object CMakeFiles/quad_msgs__rosidl_typesupport_introspection_c.dir/rosidl_typesupport_introspection_c/quad_msgs/msg/detail/body_state__type_support.c.o\n'}
[2.540617] (quad_msgs) StdoutLine: {'line': b'[89/160] Building C object CMakeFiles/quad_msgs__rosidl_typesupport_introspection_c.dir/rosidl_typesupport_introspection_c/quad_msgs/msg/detail/contact_mode__type_support.c.o\n'}
[2.547864] (quad_msgs) StdoutLine: {'line': b'[90/160] Building CXX object CMakeFiles/quad_msgs__rosidl_typesupport_fastrtps_cpp.dir/rosidl_typesupport_fastrtps_cpp/quad_msgs/msg/detail/dds_fastrtps/body_plan__type_support.cpp.o\n'}
[2.552279] (quad_msgs) StdoutLine: {'line': b'[91/160] Building C object CMakeFiles/quad_msgs__rosidl_typesupport_introspection_c.dir/rosidl_typesupport_introspection_c/quad_msgs/msg/detail/foot_plan_discrete__type_support.c.o\n'}
[2.563620] (quad_msgs) StdoutLine: {'line': b'[92/160] Building C object CMakeFiles/quad_msgs__rosidl_typesupport_introspection_c.dir/rosidl_typesupport_introspection_c/quad_msgs/msg/detail/foot_state__type_support.c.o\n'}
[2.569937] (quad_msgs) StdoutLine: {'line': b'[93/160] Building C object CMakeFiles/quad_msgs__rosidl_typesupport_introspection_c.dir/rosidl_typesupport_introspection_c/quad_msgs/msg/detail/leg_command__type_support.c.o\n'}
[2.572348] (quad_msgs) StdoutLine: {'line': b'[94/160] Building C object CMakeFiles/quad_msgs__rosidl_typesupport_introspection_c.dir/rosidl_typesupport_introspection_c/quad_msgs/msg/detail/leg_command_array__type_support.c.o\n'}
[2.572581] (quad_msgs) StdoutLine: {'line': b'[95/160] Building C object CMakeFiles/quad_msgs__rosidl_typesupport_introspection_c.dir/rosidl_typesupport_introspection_c/quad_msgs/msg/detail/leg_contact_mode__type_support.c.o\n'}
[2.580864] (quad_msgs) StdoutLine: {'line': b'[96/160] Building C object CMakeFiles/quad_msgs__rosidl_typesupport_introspection_c.dir/rosidl_typesupport_introspection_c/quad_msgs/msg/detail/grf_array__type_support.c.o\n'}
[2.588062] (quad_msgs) StdoutLine: {'line': b'[97/160] Building CXX object CMakeFiles/quad_msgs__rosidl_typesupport_fastrtps_c.dir/rosidl_typesupport_fastrtps_c/quad_msgs/msg/detail/body_plan__type_support_c.cpp.o\n'}
[2.594552] (quad_msgs) StdoutLine: {'line': b'[98/160] Building C object CMakeFiles/quad_msgs__rosidl_typesupport_introspection_c.dir/rosidl_typesupport_introspection_c/quad_msgs/msg/detail/motor_command__type_support.c.o\n'}
[2.597112] (quad_msgs) StdoutLine: {'line': b'[99/160] Building C object CMakeFiles/quad_msgs__rosidl_typesupport_introspection_c.dir/rosidl_typesupport_introspection_c/quad_msgs/msg/detail/local_plan__type_support.c.o\n'}
[2.600557] (quad_msgs) StdoutLine: {'line': b'[100/160] Building CXX object CMakeFiles/quad_msgs__rosidl_typesupport_fastrtps_c.dir/rosidl_typesupport_fastrtps_c/quad_msgs/msg/detail/leg_contact_mode__type_support_c.cpp.o\n'}
[2.602498] (quad_msgs) StdoutLine: {'line': b'[101/160] Building C object CMakeFiles/quad_msgs__rosidl_typesupport_introspection_c.dir/rosidl_typesupport_introspection_c/quad_msgs/msg/detail/multi_foot_plan_continuous__type_support.c.o\n'}
[2.602913] (quad_msgs) StdoutLine: {'line': b'[102/160] Building C object CMakeFiles/quad_msgs__rosidl_typesupport_introspection_c.dir/rosidl_typesupport_introspection_c/quad_msgs/msg/detail/multi_foot_plan_discrete__type_support.c.o\n'}
[2.603518] (-) TimerEvent: {}
[2.603910] (quad_msgs) StdoutLine: {'line': b'[103/160] Building C object CMakeFiles/quad_msgs__rosidl_typesupport_introspection_c.dir/rosidl_typesupport_introspection_c/quad_msgs/msg/detail/multi_foot_state__type_support.c.o\n'}
[2.611580] (quad_msgs) StdoutLine: {'line': b'[104/160] Building CXX object CMakeFiles/quad_msgs__rosidl_typesupport_fastrtps_c.dir/rosidl_typesupport_fastrtps_c/quad_msgs/msg/detail/foot_plan_discrete__type_support_c.cpp.o\n'}
[2.612894] (quad_msgs) StdoutLine: {'line': b'[105/160] Building CXX object CMakeFiles/quad_msgs__rosidl_typesupport_fastrtps_c.dir/rosidl_typesupport_fastrtps_c/quad_msgs/msg/detail/foot_state__type_support_c.cpp.o\n'}
[2.614673] (quad_msgs) StdoutLine: {'line': b'[106/160] Building CXX object CMakeFiles/quad_msgs__rosidl_typesupport_fastrtps_c.dir/rosidl_typesupport_fastrtps_c/quad_msgs/msg/detail/body_state__type_support_c.cpp.o\n'}
[2.618544] (quad_msgs) StdoutLine: {'line': b'[107/160] Building CXX object CMakeFiles/quad_msgs__rosidl_typesupport_fastrtps_c.dir/rosidl_typesupport_fastrtps_c/quad_msgs/msg/detail/contact_mode__type_support_c.cpp.o\n'}
[2.620481] (quad_msgs) StdoutLine: {'line': b'[108/160] Building C object CMakeFiles/quad_msgs__rosidl_typesupport_introspection_c.dir/rosidl_typesupport_introspection_c/quad_msgs/msg/detail/robot_state__type_support.c.o\n'}
[2.622972] (quad_msgs) StdoutLine: {'line': b'[109/160] Building C object CMakeFiles/quad_msgs__rosidl_typesupport_introspection_c.dir/rosidl_typesupport_introspection_c/quad_msgs/msg/detail/robot_plan_diagnostics__type_support.c.o\n'}
[2.627774] (quad_msgs) StdoutLine: {'line': b'[110/160] Building C object CMakeFiles/quad_msgs__rosidl_typesupport_introspection_c.dir/rosidl_typesupport_introspection_c/quad_msgs/msg/detail/robot_plan__type_support.c.o\n'}
[2.637458] (quad_msgs) StdoutLine: {'line': b'[111/160] Building CXX object CMakeFiles/quad_msgs__rosidl_typesupport_fastrtps_c.dir/rosidl_typesupport_fastrtps_c/quad_msgs/msg/detail/grf_array__type_support_c.cpp.o\n'}
[2.640737] (quad_msgs) StdoutLine: {'line': b'[112/160] Building CXX object CMakeFiles/quad_msgs__rosidl_typesupport_fastrtps_c.dir/rosidl_typesupport_fastrtps_c/quad_msgs/msg/detail/leg_command__type_support_c.cpp.o\n'}
[2.654754] (quad_msgs) StdoutLine: {'line': b'[113/160] Linking C shared library libquad_msgs__rosidl_typesupport_introspection_c.so\n'}
[2.666597] (quad_msgs) StdoutLine: {'line': b'[114/160] Building CXX object CMakeFiles/quad_msgs__rosidl_typesupport_fastrtps_c.dir/rosidl_typesupport_fastrtps_c/quad_msgs/msg/detail/multi_foot_plan_continuous__type_support_c.cpp.o\n'}
[2.672527] (quad_msgs) StdoutLine: {'line': b'[115/160] Building CXX object CMakeFiles/quad_msgs__rosidl_typesupport_fastrtps_c.dir/rosidl_typesupport_fastrtps_c/quad_msgs/msg/detail/leg_command_array__type_support_c.cpp.o\n'}
[2.673545] (quad_msgs) StdoutLine: {'line': b'[116/160] Building CXX object CMakeFiles/quad_msgs__rosidl_typesupport_fastrtps_c.dir/rosidl_typesupport_fastrtps_c/quad_msgs/msg/detail/motor_command__type_support_c.cpp.o\n'}
[2.677734] (quad_msgs) StdoutLine: {'line': b'[117/160] Building CXX object CMakeFiles/quad_msgs__rosidl_typesupport_fastrtps_c.dir/rosidl_typesupport_fastrtps_c/quad_msgs/msg/detail/local_plan__type_support_c.cpp.o\n'}
[2.691407] (quad_msgs) StdoutLine: {'line': b'[118/160] Building CXX object CMakeFiles/quad_msgs__rosidl_typesupport_fastrtps_c.dir/rosidl_typesupport_fastrtps_c/quad_msgs/msg/detail/multi_foot_state__type_support_c.cpp.o\n'}
[2.700757] (quad_msgs) StdoutLine: {'line': b'[119/160] Building CXX object CMakeFiles/quad_msgs__rosidl_typesupport_fastrtps_c.dir/rosidl_typesupport_fastrtps_c/quad_msgs/msg/detail/robot_state__type_support_c.cpp.o\n'}
[2.703601] (-) TimerEvent: {}
[2.704906] (quad_msgs) StdoutLine: {'line': b'[120/160] Building CXX object CMakeFiles/quad_msgs__rosidl_typesupport_fastrtps_c.dir/rosidl_typesupport_fastrtps_c/quad_msgs/msg/detail/multi_foot_plan_discrete__type_support_c.cpp.o\n'}
[2.705394] (quad_msgs) StdoutLine: {'line': b'[121/160] Building CXX object CMakeFiles/quad_msgs__rosidl_typesupport_fastrtps_c.dir/rosidl_typesupport_fastrtps_c/quad_msgs/msg/detail/robot_plan_diagnostics__type_support_c.cpp.o\n'}
[2.729273] (quad_msgs) StdoutLine: {'line': b'[122/160] Linking CXX shared library libquad_msgs__rosidl_typesupport_cpp.so\n'}
[2.733544] (quad_msgs) StdoutLine: {'line': b'[123/160] Building CXX object CMakeFiles/quad_msgs__rosidl_typesupport_fastrtps_c.dir/rosidl_typesupport_fastrtps_c/quad_msgs/msg/detail/robot_plan__type_support_c.cpp.o\n'}
[2.803827] (-) TimerEvent: {}
[2.804453] (quad_msgs) StdoutLine: {'line': b'[124/160] Linking CXX shared library libquad_msgs__rosidl_typesupport_fastrtps_c.so\n'}
[2.831913] (quad_msgs) StdoutLine: {'line': b'[125/160] Building CXX object CMakeFiles/quad_msgs__rosidl_typesupport_fastrtps_cpp.dir/rosidl_typesupport_fastrtps_cpp/quad_msgs/msg/detail/dds_fastrtps/motor_command__type_support.cpp.o\n'}
[2.847555] (quad_msgs) StdoutLine: {'line': b'[126/160] Building CXX object CMakeFiles/quad_msgs__rosidl_typesupport_introspection_cpp.dir/rosidl_typesupport_introspection_cpp/quad_msgs/msg/detail/leg_contact_mode__type_support.cpp.o\n'}
[2.854147] (quad_msgs) StdoutLine: {'line': b'[127/160] Building CXX object CMakeFiles/quad_msgs__rosidl_typesupport_introspection_cpp.dir/rosidl_typesupport_introspection_cpp/quad_msgs/msg/detail/motor_command__type_support.cpp.o\n'}
[2.881764] (quad_msgs) StdoutLine: {'line': b'[128/160] Building CXX object CMakeFiles/quad_msgs__rosidl_typesupport_fastrtps_cpp.dir/rosidl_typesupport_fastrtps_cpp/quad_msgs/msg/detail/dds_fastrtps/robot_plan_diagnostics__type_support.cpp.o\n'}
[2.885499] (quad_msgs) StdoutLine: {'line': b'[129/160] Building CXX object CMakeFiles/quad_msgs__rosidl_typesupport_fastrtps_cpp.dir/rosidl_typesupport_fastrtps_cpp/quad_msgs/msg/detail/dds_fastrtps/multi_foot_state__type_support.cpp.o\n'}
[2.894322] (quad_msgs) StdoutLine: {'line': b'[130/160] Building CXX object CMakeFiles/quad_msgs__rosidl_typesupport_fastrtps_cpp.dir/rosidl_typesupport_fastrtps_cpp/quad_msgs/msg/detail/dds_fastrtps/multi_foot_plan_continuous__type_support.cpp.o\n'}
[2.896489] (quad_msgs) StdoutLine: {'line': b'[131/160] Building CXX object CMakeFiles/quad_msgs__rosidl_typesupport_introspection_cpp.dir/rosidl_typesupport_introspection_cpp/quad_msgs/msg/detail/multi_foot_state__type_support.cpp.o\n'}
[2.903890] (-) TimerEvent: {}
[2.909552] (quad_msgs) StdoutLine: {'line': b'[132/160] Building CXX object CMakeFiles/quad_msgs__rosidl_typesupport_fastrtps_cpp.dir/rosidl_typesupport_fastrtps_cpp/quad_msgs/msg/detail/dds_fastrtps/multi_foot_plan_discrete__type_support.cpp.o\n'}
[2.922860] (quad_msgs) StdoutLine: {'line': b'[133/160] Building CXX object CMakeFiles/quad_msgs__rosidl_typesupport_introspection_cpp.dir/rosidl_typesupport_introspection_cpp/quad_msgs/msg/detail/multi_foot_plan_discrete__type_support.cpp.o\n'}
[2.939827] (quad_msgs) StdoutLine: {'line': b'[134/160] Building CXX object CMakeFiles/quad_msgs__rosidl_typesupport_introspection_cpp.dir/rosidl_typesupport_introspection_cpp/quad_msgs/msg/detail/robot_plan_diagnostics__type_support.cpp.o\n'}
[2.941347] (quad_msgs) StdoutLine: {'line': b'[135/160] Building CXX object CMakeFiles/quad_msgs__rosidl_typesupport_introspection_cpp.dir/rosidl_typesupport_introspection_cpp/quad_msgs/msg/detail/multi_foot_plan_continuous__type_support.cpp.o\n'}
[2.977552] (quad_msgs) StdoutLine: {'line': b'[136/160] Building CXX object CMakeFiles/quad_msgs__rosidl_typesupport_fastrtps_cpp.dir/rosidl_typesupport_fastrtps_cpp/quad_msgs/msg/detail/dds_fastrtps/local_plan__type_support.cpp.o\n'}
[2.979432] (quad_msgs) StdoutLine: {'line': b'[137/160] Building CXX object CMakeFiles/quad_msgs__rosidl_typesupport_fastrtps_cpp.dir/rosidl_typesupport_fastrtps_cpp/quad_msgs/msg/detail/dds_fastrtps/robot_plan__type_support.cpp.o\n'}
[3.004019] (-) TimerEvent: {}
[3.031598] (quad_msgs) StdoutLine: {'line': b'[138/160] Linking CXX shared library libquad_msgs__rosidl_typesupport_fastrtps_cpp.so\n'}
[3.104133] (-) TimerEvent: {}
[3.115670] (quad_msgs) StdoutLine: {'line': b'[139/160] Building CXX object CMakeFiles/quad_msgs__rosidl_typesupport_introspection_cpp.dir/rosidl_typesupport_introspection_cpp/quad_msgs/msg/detail/local_plan__type_support.cpp.o\n'}
[3.183503] (quad_msgs) StdoutLine: {'line': b'[140/160] Building CXX object CMakeFiles/quad_msgs__rosidl_typesupport_introspection_cpp.dir/rosidl_typesupport_introspection_cpp/quad_msgs/msg/detail/robot_plan__type_support.cpp.o\n'}
[3.204236] (-) TimerEvent: {}
[3.240136] (quad_msgs) StdoutLine: {'line': b'[141/160] Linking CXX shared library libquad_msgs__rosidl_typesupport_introspection_cpp.so\n'}
[3.304340] (-) TimerEvent: {}
[3.404604] (-) TimerEvent: {}
[3.504883] (-) TimerEvent: {}
[3.605184] (-) TimerEvent: {}
[3.705504] (-) TimerEvent: {}
[3.805793] (-) TimerEvent: {}
[3.906105] (-) TimerEvent: {}
[4.006412] (-) TimerEvent: {}
[4.106703] (-) TimerEvent: {}
[4.206995] (-) TimerEvent: {}
[4.307298] (-) TimerEvent: {}
[4.407751] (-) TimerEvent: {}
[4.508011] (-) TimerEvent: {}
[4.608266] (-) TimerEvent: {}
[4.708550] (-) TimerEvent: {}
[4.808840] (-) TimerEvent: {}
[4.909146] (-) TimerEvent: {}
[5.009446] (-) TimerEvent: {}
[5.109744] (-) TimerEvent: {}
[5.210027] (-) TimerEvent: {}
[5.310361] (-) TimerEvent: {}
[5.410667] (-) TimerEvent: {}
[5.510969] (-) TimerEvent: {}
[5.611238] (-) TimerEvent: {}
[5.711541] (-) TimerEvent: {}
[5.811818] (-) TimerEvent: {}
[5.912105] (-) TimerEvent: {}
[6.012414] (-) TimerEvent: {}
[6.112693] (-) TimerEvent: {}
[6.212955] (-) TimerEvent: {}
[6.313234] (-) TimerEvent: {}
[6.413532] (-) TimerEvent: {}
[6.513808] (-) TimerEvent: {}
[6.614069] (-) TimerEvent: {}
[6.714350] (-) TimerEvent: {}
[6.814645] (-) TimerEvent: {}
[6.914936] (-) TimerEvent: {}
[7.015219] (-) TimerEvent: {}
[7.114075] (quad_msgs) StdoutLine: {'line': b'[142/160] Building CXX object CMakeFiles/quad_msgs_matlab.dir/src/quad_msgs_FootState_message.cpp.o\n'}
[7.115275] (-) TimerEvent: {}
[7.165566] (quad_msgs) StdoutLine: {'line': b'[143/160] Building CXX object CMakeFiles/quad_msgs_matlab.dir/src/quad_msgs_FootPlanDiscrete_message.cpp.o\n'}
[7.182501] (quad_msgs) StdoutLine: {'line': b'[144/160] Building CXX object CMakeFiles/quad_msgs_matlab.dir/src/quad_msgs_LegCommand_message.cpp.o\n'}
[7.215393] (-) TimerEvent: {}
[7.315686] (-) TimerEvent: {}
[7.324089] (quad_msgs) StdoutLine: {'line': b'[145/160] Building CXX object CMakeFiles/quad_msgs_matlab.dir/src/quad_msgs_BodyPlan_message.cpp.o\n'}
[7.339077] (quad_msgs) StdoutLine: {'line': b'[146/160] Building CXX object CMakeFiles/quad_msgs_matlab.dir/src/quad_msgs_GRFArray_message.cpp.o\n'}
[7.415792] (-) TimerEvent: {}
[7.448149] (quad_msgs) StdoutLine: {'line': b'[147/160] Building CXX object CMakeFiles/quad_msgs_matlab.dir/src/quad_msgs_MultiFootState_message.cpp.o\n'}
[7.485661] (quad_msgs) StdoutLine: {'line': b'[148/160] Building CXX object CMakeFiles/quad_msgs_matlab.dir/src/quad_msgs_MultiFootPlanContinuous_message.cpp.o\n'}
[7.495085] (quad_msgs) StdoutLine: {'line': b'[149/160] Building CXX object CMakeFiles/quad_msgs_matlab.dir/src/quad_msgs_LegCommandArray_message.cpp.o\n'}
[7.515853] (-) TimerEvent: {}
[7.552107] (quad_msgs) StdoutLine: {'line': b'[150/160] Building CXX object CMakeFiles/quad_msgs_matlab.dir/src/quad_msgs_ContactMode_message.cpp.o\n'}
[7.606427] (quad_msgs) StdoutLine: {'line': b'[151/160] Building CXX object CMakeFiles/quad_msgs_matlab.dir/src/quad_msgs_BodyState_message.cpp.o\n'}
[7.615927] (-) TimerEvent: {}
[7.716078] (-) TimerEvent: {}
[7.816219] (-) TimerEvent: {}
[7.873020] (quad_msgs) StdoutLine: {'line': b'[152/160] Building CXX object CMakeFiles/quad_msgs_matlab.dir/src/quad_msgs_LegContactMode_message.cpp.o\n'}
[7.916291] (-) TimerEvent: {}
[8.016422] (-) TimerEvent: {}
[8.024201] (quad_msgs) StdoutLine: {'line': b'[153/160] Building CXX object CMakeFiles/quad_msgs_matlab.dir/src/quad_msgs_RobotPlanDiagnostics_message.cpp.o\n'}
[8.116490] (-) TimerEvent: {}
[8.152377] (quad_msgs) StdoutLine: {'line': b'[154/160] Building CXX object CMakeFiles/quad_msgs_matlab.dir/src/quad_msgs_LocalPlan_message.cpp.o\n'}
[8.216572] (-) TimerEvent: {}
[8.271885] (quad_msgs) StdoutLine: {'line': b'[155/160] Building CXX object CMakeFiles/quad_msgs_matlab.dir/src/quad_msgs_RobotPlan_message.cpp.o\n'}
[8.316637] (-) TimerEvent: {}
[8.416762] (-) TimerEvent: {}
[8.474976] (quad_msgs) StdoutLine: {'line': b'[156/160] Building CXX object CMakeFiles/quad_msgs_matlab.dir/src/quad_msgs_RobotState_message.cpp.o\n'}
[8.482291] (quad_msgs) StdoutLine: {'line': b'[157/160] Building CXX object CMakeFiles/quad_msgs_matlab.dir/src/quad_msgs_MultiFootPlanDiscrete_message.cpp.o\n'}
[8.516829] (-) TimerEvent: {}
[8.592083] (quad_msgs) StdoutLine: {'line': b'[158/160] Building CXX object CMakeFiles/quad_msgs_matlab.dir/src/quad_msgs_BodyForceEstimate_message.cpp.o\n'}
[8.616900] (-) TimerEvent: {}
[8.717028] (-) TimerEvent: {}
[8.817136] (-) TimerEvent: {}
[8.830762] (quad_msgs) StdoutLine: {'line': b'[159/160] Building CXX object CMakeFiles/quad_msgs_matlab.dir/src/quad_msgs_MotorCommand_message.cpp.o\n'}
[8.917204] (-) TimerEvent: {}
[9.017337] (-) TimerEvent: {}
[9.117493] (-) TimerEvent: {}
[9.217622] (-) TimerEvent: {}
[9.317702] (-) TimerEvent: {}
[9.417784] (-) TimerEvent: {}
[9.517881] (-) TimerEvent: {}
[9.617961] (-) TimerEvent: {}
[9.718042] (-) TimerEvent: {}
[9.732907] (quad_msgs) StdoutLine: {'line': b'[160/160] Linking CXX shared library libquad_msgs_matlab.so\n'}
[9.734260] (quad_msgs) CommandEnded: {'returncode': 0}
[9.744006] (quad_msgs) JobProgress: {'identifier': 'quad_msgs', 'progress': 'install'}
[9.745757] (quad_msgs) Command: {'cmd': ['/usr/local/MATLAB/R2024a/bin/glnxa64/cmake/bin/cmake', '--install', '/home/rml/ros2_ws/src/quad-sdk/matlab_msg_gen/glnxa64/build/quad_msgs'], 'cwd': '/home/rml/ros2_ws/src/quad-sdk/matlab_msg_gen/glnxa64/build/quad_msgs', 'env': OrderedDict([('GZ_SIM_SYSTEM_PLUGIN_PATH', '/home/rml/ros2_ws/install/gazebo_plugins/lib:/opt/ros/jazzy/lib:/opt/ros/jazzy/lib'), ('LESSOPEN', '| /usr/bin/lesspipe %s'), ('ARCH', 'glnxa64'), ('GZ_SIM_RESOURCE_PATH', '\x13_RESOURCE_PATH:/home/rml/ros2_ws/install/gazebo_scripts/share/gazebo_scripts/models:/home/rml/ros2_ws/install/gazebo_scripts/share/gazebo_scripts/worlds:/home/rml/ros2_ws/install/spirit_description/share/spirit_description/models:/home/rml/ros2_ws/install/sensor_description/share/sensor_description/models:/home/rml/ros2_ws/install/objects_description/share/objects_description/models:/home/rml/ros2_ws/install/go2_description/share/go2_description/models:/home/rml/ros2_ws/install/go2w_description/share/go2w_description/models:/home/rml/ros2_ws/install/a1_description/share/a1_description/models:/home/rml/ros2_ws/install/b2_description/share/b2_description/models:/home/rml/ros2_ws/install/gazebo_scripts/share/gazebo_scripts/models:/home/rml/ros2_ws/install/gazebo_scripts/share/gazebo_scripts/worlds:/home/rml/ros2_ws/install/spirit_description/share/spirit_description/models:/home/rml/ros2_ws/install/a1_description/share/a1_description/models:/home/rml/ros2_ws/install/go2_description/share/go2_description/models:/home/rml/ros2_ws/install/go2w_description/share/go2w_description/models:/home/rml/ros2_ws/install/sensor_description/share/sensor_description/models:/home/rml/ros2_ws/install/objects_description/share/objects_description/models:/home/rml/ros2_ws/install/underbrush_description/share/underbrush_description/models'), ('CUSTOM_LD_LIBRARY_PATH', ''), ('USER', 'rml'), ('LOCAL_PYTHON_VENV_PATH', '/home/rml/.matlab/R2024a/ros2/glnxa64/venv'), ('MEMKIND_HEAP_MANAGER', 'TBB'), ('GZ_CONFIG_PATH', '/opt/ros/jazzy/opt/gz_sim_vendor/share/gz:/opt/ros/jazzy/opt/sdformat_vendor/share/gz:/opt/ros/jazzy/opt/gz_gui_vendor/share/gz:/opt/ros/jazzy/opt/gz_transport_vendor/share/gz:/opt/ros/jazzy/opt/gz_rendering_vendor/share/gz:/opt/ros/jazzy/opt/gz_plugin_vendor/share/gz:/opt/ros/jazzy/opt/gz_fuel_tools_vendor/share/gz:/opt/ros/jazzy/opt/gz_msgs_vendor/share/gz:/opt/ros/jazzy/opt/gz_common_vendor/share/gz'), ('CUSTOM_AMENT_PREFIX_PATH', '/usr/local/MATLAB/R2024a/sys/ros2/glnxa64/ros2'), ('XDG_SESSION_TYPE', 'x11'), ('CLUTTER_DISABLE_MIPMAPPED_TEXT', '1'), ('KMP_HANDLE_SIGNALS', '0'), ('SHLVL', '2'), ('ICU_TIMEZONE_FILES_DIR', '/usr/local/MATLAB/R2024a/bin/icutzdata'), ('LD_LIBRARY_PATH', ':/usr/local/MATLAB/R2024a/sys/ros2/glnxa64/ros2/lib:/usr/local/MATLAB/R2024a/sys/os/glnxa64:/usr/local/MATLAB/R2024a/bin/glnxa64:/home/rml/.MathWorks/sjIU_JBHMpDfD2I6PVGUzD1UvwcpVSfTWaVgy57sVOE/bin/glnxa64:/usr/local/MATLAB/R2024a/extern/lib/glnxa64:/usr/local/MATLAB/R2024a/cefclient/sys/os/glnxa64:/usr/local/MATLAB/R2024a/runtime/glnxa64:/usr/local/MATLAB/R2024a/sys/java/jre/glnxa64/jre/lib/amd64/native_threads:/usr/local/MATLAB/R2024a/sys/java/jre/glnxa64/jre/lib/amd64/server:/usr/local/cuda-12.8/lib64:/usr/local/lib:/opt/ros/jazzy/opt/gz_sim_vendor/lib:/opt/ros/jazzy/opt/gz_sensors_vendor/lib:/opt/ros/jazzy/opt/gz_physics_vendor/lib:/opt/ros/jazzy/opt/sdformat_vendor/lib:/opt/ros/jazzy/opt/rviz_ogre_vendor/lib:/opt/ros/jazzy/lib/x86_64-linux-gnu:/opt/ros/jazzy/opt/gz_gui_vendor/lib:/opt/ros/jazzy/opt/gz_transport_vendor/lib:/opt/ros/jazzy/opt/gz_rendering_vendor/lib:/opt/ros/jazzy/opt/gz_plugin_vendor/lib:/opt/ros/jazzy/opt/gz_fuel_tools_vendor/lib:/opt/ros/jazzy/opt/gz_msgs_vendor/lib:/opt/ros/jazzy/opt/gz_common_vendor/lib:/opt/ros/jazzy/opt/gz_math_vendor/lib:/opt/ros/jazzy/opt/gz_utils_vendor/lib:/opt/ros/jazzy/opt/gz_tools_vendor/lib:/opt/ros/jazzy/opt/gz_ogre_next_vendor/lib:/opt/ros/jazzy/opt/gz_dartsim_vendor/lib:/opt/ros/jazzy/opt/gz_cmake_vendor/lib:/opt/ros/jazzy/lib'), ('BASEMATLABPATH', ''), ('HOME', '/home/rml'), ('CONDA_SHLVL', '0'), ('AUTOMOUNT_MAP', ''), ('OLDPWD', '/usr/local/MATLAB/R2024a'), ('DESKTOP_SESSION', 'ubuntu'), ('QUAD_LOGGER_SRC', '/home/rml/ros2_ws/src/quad-sdk/quad_logger'), ('ROS_PYTHON_VERSION', '3'), ('GNOME_SHELL_SESSION_MODE', 'ubuntu'), ('GTK_MODULES', ''), ('KMP_BLOCKTIME', '1'), ('PS1', '(venv)'), ('LIBVA_MESSAGING_LEVEL', '0'), ('SYSTEMD_EXEC_PID', '4378'), ('GSM_SKIP_SSH_AGENT_WORKAROUND', 'true'), ('DBUS_SESSION_BUS_ADDRESS', 'unix:path=/run/user/1000/bus'), ('COLORTERM', 'truecolor'), ('_CE_M', ''), ('DEBUGINFOD_URLS', 'https://debuginfod.ubuntu.com'), ('CUSTOM_SITE_PACKAGES_PATH', ''), ('COLCON_PREFIX_PATH', '/usr/local/MATLAB/R2024a/sys/ros2/glnxa64/ros2:/usr/local/MATLAB/R2024a/sys/ros2/glnxa64/ros2'), ('ROS_DISTRO', 'humble'), ('LOGNAME', 'rml'), ('MATLAB_MEM_MGR_VALUE', ''), ('_', '/home/rml/.matlab/R2024a/ros2/glnxa64/venv/bin/colcon'), ('ROS_VERSION', '2'), ('PKG_CONFIG_PATH', '/usr/local/MATLAB/R2024a/sys/ros2/glnxa64/ros2/lib/pkgconfig'), ('MEMORY_PRESSURE_WATCH', '/sys/fs/cgroup/user.slice/user-1000.slice/user@1000.service/session.slice/org.gnome.Shell@x11.service/memory.pressure'), ('XDG_SESSION_CLASS', 'user'), ('USERNAME', 'rml'), ('TERM', 'dumb'), ('GNOME_DESKTOP_SESSION_ID', 'this-is-deprecated'), ('_CE_CONDA', ''), ('WINDOWPATH', '2'), ('PATH', '/usr/local/MATLAB/R2024a/bin/glnxa64/cmake/bin::/usr/local/MATLAB/R2024a/sys/ros2/glnxa64/ros2/bin:/home/rml/.matlab/R2024a/ros2/glnxa64/venv/bin:/home/rml/.matlab/R2024a/ros2/glnxa64/venv/bin:/usr/local/MATLAB/R2024a/toolbox/shared/coder/ninja/glnxa64:/usr/local/MATLAB/R2024a/bin:/usr/local/cuda-12.8/bin:/usr/local/MATLAB/R2024a/bin:/home/rml/anaconda3/condabin:/opt/ros/jazzy/opt/gz_msgs_vendor/bin:/opt/ros/jazzy/opt/gz_tools_vendor/bin:/opt/ros/jazzy/opt/gz_ogre_next_vendor/bin:/opt/ros/jazzy/bin:/usr/local/sbin:/usr/local/bin:/usr/sbin:/usr/bin:/sbin:/bin:/usr/games:/usr/local/games:/snap/bin:/snap/bin'), ('SESSION_MANAGER', 'local/rml:@/tmp/.ICE-unix/4325,unix/rml:/tmp/.ICE-unix/4325'), ('XDG_MENU_PREFIX', 'gnome-'), ('GNOME_TERMINAL_SCREEN', '/org/gnome/Terminal/screen/f4dc2f38_ccae_4341_bcf1_524a98b0c0d5'), ('XDG_RUNTIME_DIR', '/run/user/1000'), ('TOOLBOX', '/usr/local/MATLAB/R2024a/toolbox'), ('MKL_DOMAIN_NUM_THREADS', ''), ('KMP_INIT_AT_FORK', 'false'), ('DISPLAY', ':1'), ('LD_PRELOAD', '/usr/lib/x86_64-linux-gnu/libstdc++.so.6.0.33'), ('LANG', 'en_US.UTF-8'), ('XDG_CURRENT_DESKTOP', 'ubuntu:GNOME'), ('PRE_LD_PRELOAD', '/usr/lib/x86_64-linux-gnu/libstdc++.so.6.0.33'), ('VIRTUAL_ENV_PROMPT', '(venv)'), ('XMODIFIERS', '@im=ibus'), ('XDG_SESSION_DESKTOP', 'ubuntu'), ('XAUTHORITY', '/run/user/1000/gdm/Xauthority'), ('LS_COLORS', 'rs=0:di=01;34:ln=01;36:mh=00:pi=40;33:so=01;35:do=01;35:bd=40;33;01:cd=40;33;01:or=40;31;01:mi=00:su=37;41:sg=30;43:ca=00:tw=30;42:ow=34;42:st=37;44:ex=01;32:*.tar=01;31:*.tgz=01;31:*.arc=01;31:*.arj=01;31:*.taz=01;31:*.lha=01;31:*.lz4=01;31:*.lzh=01;31:*.lzma=01;31:*.tlz=01;31:*.txz=01;31:*.tzo=01;31:*.t7z=01;31:*.zip=01;31:*.z=01;31:*.dz=01;31:*.gz=01;31:*.lrz=01;31:*.lz=01;31:*.lzo=01;31:*.xz=01;31:*.zst=01;31:*.tzst=01;31:*.bz2=01;31:*.bz=01;31:*.tbz=01;31:*.tbz2=01;31:*.tz=01;31:*.deb=01;31:*.rpm=01;31:*.jar=01;31:*.war=01;31:*.ear=01;31:*.sar=01;31:*.rar=01;31:*.alz=01;31:*.ace=01;31:*.zoo=01;31:*.cpio=01;31:*.7z=01;31:*.rz=01;31:*.cab=01;31:*.wim=01;31:*.swm=01;31:*.dwm=01;31:*.esd=01;31:*.avif=01;35:*.jpg=01;35:*.jpeg=01;35:*.mjpg=01;35:*.mjpeg=01;35:*.gif=01;35:*.bmp=01;35:*.pbm=01;35:*.pgm=01;35:*.ppm=01;35:*.tga=01;35:*.xbm=01;35:*.xpm=01;35:*.tif=01;35:*.tiff=01;35:*.png=01;35:*.svg=01;35:*.svgz=01;35:*.mng=01;35:*.pcx=01;35:*.mov=01;35:*.mpg=01;35:*.mpeg=01;35:*.m2v=01;35:*.mkv=01;35:*.webm=01;35:*.webp=01;35:*.ogm=01;35:*.mp4=01;35:*.m4v=01;35:*.mp4v=01;35:*.vob=01;35:*.qt=01;35:*.nuv=01;35:*.wmv=01;35:*.asf=01;35:*.rm=01;35:*.rmvb=01;35:*.flc=01;35:*.avi=01;35:*.fli=01;35:*.flv=01;35:*.gl=01;35:*.dl=01;35:*.xcf=01;35:*.xwd=01;35:*.yuv=01;35:*.cgm=01;35:*.emf=01;35:*.ogv=01;35:*.ogx=01;35:*.aac=00;36:*.au=00;36:*.flac=00;36:*.m4a=00;36:*.mid=00;36:*.midi=00;36:*.mka=00;36:*.mp3=00;36:*.mpc=00;36:*.ogg=00;36:*.ra=00;36:*.wav=00;36:*.oga=00;36:*.opus=00;36:*.spx=00;36:*.xspf=00;36:*~=00;90:*#=00;90:*.bak=00;90:*.crdownload=00;90:*.dpkg-dist=00;90:*.dpkg-new=00;90:*.dpkg-old=00;90:*.dpkg-tmp=00;90:*.old=00;90:*.orig=00;90:*.part=00;90:*.rej=00;90:*.rpmnew=00;90:*.rpmorig=00;90:*.rpmsave=00;90:*.swp=00;90:*.tmp=00;90:*.ucf-dist=00;90:*.ucf-new=00;90:*.ucf-old=00;90:'), ('GNOME_TERMINAL_SERVICE', ':1.125'), ('SSH_AUTH_SOCK', '/run/user/1000/keyring/ssh'), ('AMENT_PREFIX_PATH', '/usr/local/MATLAB/R2024a/sys/ros2/glnxa64/ros2:/usr/local/MATLAB/R2024a/sys/ros2/glnxa64/ros2'), ('CONDA_PYTHON_EXE', '/home/rml/anaconda3/bin/python'), ('SHELL', '/bin/bash'), ('CMAKE_PATH', '/usr/local/MATLAB/R2024a/bin/glnxa64/cmake/bin'), ('XFILESEARCHPATH', '/usr/local/MATLAB/R2024a/sys/java/jre/glnxa64/jre/lib/locale/%L/%T/%N%S:'), ('QT_ACCESSIBILITY', '1'), ('GDMSESSION', 'ubuntu'), ('LESSCLOSE', '/usr/bin/lesspipe %s %s'), ('IGN_GAZEBO_RESOURCE_PATH', '/opt/ros/jazzy/share'), ('OSG_LD_LIBRARY_PATH', '/usr/local/MATLAB/R2024a/sys/openscenegraph/lib/glnxa64'), ('GPG_AGENT_INFO', '/run/user/1000/gnupg/S.gpg-agent:0:1'), ('VIRTUAL_ENV', '/home/rml/.matlab/R2024a/ros2/glnxa64/venv'), ('ROS_AUTOMATIC_DISCOVERY_RANGE', 'SUBNET'), ('CUSTOM_PATH', ''), ('KMP_STACKSIZE', '512k'), ('QT_IM_MODULE', 'ibus'), ('PWD', '/home/rml/ros2_ws/src/quad-sdk/matlab_msg_gen/glnxa64/build/quad_msgs'), ('XDG_CONFIG_DIRS', '/etc/xdg/xdg-ubuntu:/etc/xdg'), ('CONDA_EXE', '/home/rml/anaconda3/bin/conda'), ('DYLD_LIBRARY_PATH', ':/usr/local/MATLAB/R2024a/sys/ros2/glnxa64/ros2/lib:'), ('XDG_DATA_DIRS', '/usr/share/ubuntu:/usr/share/gnome:/usr/local/share/:/usr/share/:/var/lib/snapd/desktop'), ('MKL_NUM_THREADS', ''), ('PYTHONPATH', ':/usr/local/MATLAB/R2024a/sys/ros2/glnxa64/ros2/lib/python3.9/site-packages:/home/rml/.matlab/R2024a/ros2/glnxa64/venv/lib/python3.10/site-packages:/opt/ros/jazzy/lib/python3.12/site-packages'), ('LC_NUMERIC', 'C'), ('COLCON', '1'), ('MEMORY_PRESSURE_WRITE', 'c29tZSAyMDAwMDAgMjAwMDAwMAA='), ('VTE_VERSION', '7600'), ('CMAKE_PREFIX_PATH', '/usr/local/MATLAB/R2024a/sys/ros2/glnxa64/ros2:/usr/local/MATLAB/R2024a/sys/ros2/glnxa64/ros2')]), 'shell': False}
[9.747587] (quad_msgs) StdoutLine: {'line': b'-- Install configuration: "Release"\n'}
[9.747679] (quad_msgs) StdoutLine: {'line': b'-- Installing: /home/rml/ros2_ws/src/quad-sdk/matlab_msg_gen/glnxa64/install/share/ament_index/resource_index/rosidl_interfaces/quad_msgs\n'}
[9.747733] (quad_msgs) StdoutLine: {'line': b'-- Installing: /home/rml/ros2_ws/src/quad-sdk/matlab_msg_gen/glnxa64/install/include/quad_msgs/quad_msgs\n'}
[9.747768] (quad_msgs) StdoutLine: {'line': b'-- Installing: /home/rml/ros2_ws/src/quad-sdk/matlab_msg_gen/glnxa64/install/include/quad_msgs/quad_msgs/msg\n'}
[9.747794] (quad_msgs) StdoutLine: {'line': b'-- Installing: /home/rml/ros2_ws/src/quad-sdk/matlab_msg_gen/glnxa64/install/include/quad_msgs/quad_msgs/msg/body_force_estimate.h\n'}
[9.747819] (quad_msgs) StdoutLine: {'line': b'-- Installing: /home/rml/ros2_ws/src/quad-sdk/matlab_msg_gen/glnxa64/install/include/quad_msgs/quad_msgs/msg/leg_command.h\n'}
[9.747845] (quad_msgs) StdoutLine: {'line': b'-- Installing: /home/rml/ros2_ws/src/quad-sdk/matlab_msg_gen/glnxa64/install/include/quad_msgs/quad_msgs/msg/rosidl_generator_c__visibility_control.h\n'}
[9.747873] (quad_msgs) StdoutLine: {'line': b'-- Installing: /home/rml/ros2_ws/src/quad-sdk/matlab_msg_gen/glnxa64/install/include/quad_msgs/quad_msgs/msg/foot_plan_discrete.h\n'}
[9.747892] (quad_msgs) StdoutLine: {'line': b'-- Installing: /home/rml/ros2_ws/src/quad-sdk/matlab_msg_gen/glnxa64/install/include/quad_msgs/quad_msgs/msg/robot_state.h\n'}
[9.747919] (quad_msgs) StdoutLine: {'line': b'-- Installing: /home/rml/ros2_ws/src/quad-sdk/matlab_msg_gen/glnxa64/install/include/quad_msgs/quad_msgs/msg/local_plan.h\n'}
[9.747937] (quad_msgs) StdoutLine: {'line': b'-- Installing: /home/rml/ros2_ws/src/quad-sdk/matlab_msg_gen/glnxa64/install/include/quad_msgs/quad_msgs/msg/robot_plan.h\n'}
[9.747965] (quad_msgs) StdoutLine: {'line': b'-- Installing: /home/rml/ros2_ws/src/quad-sdk/matlab_msg_gen/glnxa64/install/include/quad_msgs/quad_msgs/msg/multi_foot_plan_continuous.h\n'}
[9.747982] (quad_msgs) StdoutLine: {'line': b'-- Installing: /home/rml/ros2_ws/src/quad-sdk/matlab_msg_gen/glnxa64/install/include/quad_msgs/quad_msgs/msg/multi_foot_state.h\n'}
[9.748005] (quad_msgs) StdoutLine: {'line': b'-- Installing: /home/rml/ros2_ws/src/quad-sdk/matlab_msg_gen/glnxa64/install/include/quad_msgs/quad_msgs/msg/leg_contact_mode.h\n'}
[9.748029] (quad_msgs) StdoutLine: {'line': b'-- Installing: /home/rml/ros2_ws/src/quad-sdk/matlab_msg_gen/glnxa64/install/include/quad_msgs/quad_msgs/msg/leg_command_array.h\n'}
[9.748054] (quad_msgs) StdoutLine: {'line': b'-- Installing: /home/rml/ros2_ws/src/quad-sdk/matlab_msg_gen/glnxa64/install/include/quad_msgs/quad_msgs/msg/body_state.h\n'}
[9.748071] (quad_msgs) StdoutLine: {'line': b'-- Installing: /home/rml/ros2_ws/src/quad-sdk/matlab_msg_gen/glnxa64/install/include/quad_msgs/quad_msgs/msg/body_plan.h\n'}
[9.748088] (quad_msgs) StdoutLine: {'line': b'-- Installing: /home/rml/ros2_ws/src/quad-sdk/matlab_msg_gen/glnxa64/install/include/quad_msgs/quad_msgs/msg/contact_mode.h\n'}
[9.748115] (quad_msgs) StdoutLine: {'line': b'-- Installing: /home/rml/ros2_ws/src/quad-sdk/matlab_msg_gen/glnxa64/install/include/quad_msgs/quad_msgs/msg/robot_plan_diagnostics.h\n'}
[9.748131] (quad_msgs) StdoutLine: {'line': b'-- Installing: /home/rml/ros2_ws/src/quad-sdk/matlab_msg_gen/glnxa64/install/include/quad_msgs/quad_msgs/msg/multi_foot_plan_discrete.h\n'}
[9.748145] (quad_msgs) StdoutLine: {'line': b'-- Installing: /home/rml/ros2_ws/src/quad-sdk/matlab_msg_gen/glnxa64/install/include/quad_msgs/quad_msgs/msg/grf_array.h\n'}
[9.748162] (quad_msgs) StdoutLine: {'line': b'-- Installing: /home/rml/ros2_ws/src/quad-sdk/matlab_msg_gen/glnxa64/install/include/quad_msgs/quad_msgs/msg/detail\n'}
[9.748188] (quad_msgs) StdoutLine: {'line': b'-- Installing: /home/rml/ros2_ws/src/quad-sdk/matlab_msg_gen/glnxa64/install/include/quad_msgs/quad_msgs/msg/detail/body_force_estimate__functions.h\n'}
[9.748205] (quad_msgs) StdoutLine: {'line': b'-- Installing: /home/rml/ros2_ws/src/quad-sdk/matlab_msg_gen/glnxa64/install/include/quad_msgs/quad_msgs/msg/detail/robot_plan__struct.h\n'}
[9.748222] (quad_msgs) StdoutLine: {'line': b'-- Installing: /home/rml/ros2_ws/src/quad-sdk/matlab_msg_gen/glnxa64/install/include/quad_msgs/quad_msgs/msg/detail/multi_foot_plan_discrete__type_support.h\n'}
[9.748249] (quad_msgs) StdoutLine: {'line': b'-- Installing: /home/rml/ros2_ws/src/quad-sdk/matlab_msg_gen/glnxa64/install/include/quad_msgs/quad_msgs/msg/detail/body_state__type_support.h\n'}
[9.748266] (quad_msgs) StdoutLine: {'line': b'-- Installing: /home/rml/ros2_ws/src/quad-sdk/matlab_msg_gen/glnxa64/install/include/quad_msgs/quad_msgs/msg/detail/robot_plan_diagnostics__functions.c\n'}
[9.748283] (quad_msgs) StdoutLine: {'line': b'-- Installing: /home/rml/ros2_ws/src/quad-sdk/matlab_msg_gen/glnxa64/install/include/quad_msgs/quad_msgs/msg/detail/leg_command__struct.h\n'}
[9.748309] (quad_msgs) StdoutLine: {'line': b'-- Installing: /home/rml/ros2_ws/src/quad-sdk/matlab_msg_gen/glnxa64/install/include/quad_msgs/quad_msgs/msg/detail/motor_command__functions.c\n'}
[9.748326] (quad_msgs) StdoutLine: {'line': b'-- Installing: /home/rml/ros2_ws/src/quad-sdk/matlab_msg_gen/glnxa64/install/include/quad_msgs/quad_msgs/msg/detail/motor_command__type_support.h\n'}
[9.748342] (quad_msgs) StdoutLine: {'line': b'-- Installing: /home/rml/ros2_ws/src/quad-sdk/matlab_msg_gen/glnxa64/install/include/quad_msgs/quad_msgs/msg/detail/robot_state__functions.h\n'}
[9.748372] (quad_msgs) StdoutLine: {'line': b'-- Installing: /home/rml/ros2_ws/src/quad-sdk/matlab_msg_gen/glnxa64/install/include/quad_msgs/quad_msgs/msg/detail/contact_mode__type_support.h\n'}
[9.748389] (quad_msgs) StdoutLine: {'line': b'-- Installing: /home/rml/ros2_ws/src/quad-sdk/matlab_msg_gen/glnxa64/install/include/quad_msgs/quad_msgs/msg/detail/leg_command__functions.c\n'}
[9.748406] (quad_msgs) StdoutLine: {'line': b'-- Installing: /home/rml/ros2_ws/src/quad-sdk/matlab_msg_gen/glnxa64/install/include/quad_msgs/quad_msgs/msg/detail/foot_state__type_support.h\n'}
[9.748423] (quad_msgs) StdoutLine: {'line': b'-- Installing: /home/rml/ros2_ws/src/quad-sdk/matlab_msg_gen/glnxa64/install/include/quad_msgs/quad_msgs/msg/detail/contact_mode__functions.c\n'}
[9.748447] (quad_msgs) StdoutLine: {'line': b'-- Installing: /home/rml/ros2_ws/src/quad-sdk/matlab_msg_gen/glnxa64/install/include/quad_msgs/quad_msgs/msg/detail/grf_array__type_support.h\n'}
[9.748463] (quad_msgs) StdoutLine: {'line': b'-- Installing: /home/rml/ros2_ws/src/quad-sdk/matlab_msg_gen/glnxa64/install/include/quad_msgs/quad_msgs/msg/detail/multi_foot_plan_discrete__struct.h\n'}
[9.748480] (quad_msgs) StdoutLine: {'line': b'-- Installing: /home/rml/ros2_ws/src/quad-sdk/matlab_msg_gen/glnxa64/install/include/quad_msgs/quad_msgs/msg/detail/multi_foot_plan_discrete__functions.c\n'}
[9.748502] (quad_msgs) StdoutLine: {'line': b'-- Installing: /home/rml/ros2_ws/src/quad-sdk/matlab_msg_gen/glnxa64/install/include/quad_msgs/quad_msgs/msg/detail/robot_plan_diagnostics__type_support.h\n'}
[9.748529] (quad_msgs) StdoutLine: {'line': b'-- Installing: /home/rml/ros2_ws/src/quad-sdk/matlab_msg_gen/glnxa64/install/include/quad_msgs/quad_msgs/msg/detail/body_state__functions.c\n'}
[9.748545] (quad_msgs) StdoutLine: {'line': b'-- Installing: /home/rml/ros2_ws/src/quad-sdk/matlab_msg_gen/glnxa64/install/include/quad_msgs/quad_msgs/msg/detail/foot_plan_discrete__functions.c\n'}
[9.748561] (quad_msgs) StdoutLine: {'line': b'-- Installing: /home/rml/ros2_ws/src/quad-sdk/matlab_msg_gen/glnxa64/install/include/quad_msgs/quad_msgs/msg/detail/leg_command__functions.h\n'}
[9.748586] (quad_msgs) StdoutLine: {'line': b'-- Installing: /home/rml/ros2_ws/src/quad-sdk/matlab_msg_gen/glnxa64/install/include/quad_msgs/quad_msgs/msg/detail/body_plan__struct.h\n'}
[9.748601] (quad_msgs) StdoutLine: {'line': b'-- Installing: /home/rml/ros2_ws/src/quad-sdk/matlab_msg_gen/glnxa64/install/include/quad_msgs/quad_msgs/msg/detail/multi_foot_plan_continuous__functions.c\n'}
[9.748625] (quad_msgs) StdoutLine: {'line': b'-- Installing: /home/rml/ros2_ws/src/quad-sdk/matlab_msg_gen/glnxa64/install/include/quad_msgs/quad_msgs/msg/detail/leg_command_array__struct.h\n'}
[9.748644] (quad_msgs) StdoutLine: {'line': b'-- Installing: /home/rml/ros2_ws/src/quad-sdk/matlab_msg_gen/glnxa64/install/include/quad_msgs/quad_msgs/msg/detail/robot_state__struct.h\n'}
[9.748659] (quad_msgs) StdoutLine: {'line': b'-- Installing: /home/rml/ros2_ws/src/quad-sdk/matlab_msg_gen/glnxa64/install/include/quad_msgs/quad_msgs/msg/detail/multi_foot_state__functions.h\n'}
[9.748675] (quad_msgs) StdoutLine: {'line': b'-- Installing: /home/rml/ros2_ws/src/quad-sdk/matlab_msg_gen/glnxa64/install/include/quad_msgs/quad_msgs/msg/detail/leg_contact_mode__functions.c\n'}
[9.748691] (quad_msgs) StdoutLine: {'line': b'-- Installing: /home/rml/ros2_ws/src/quad-sdk/matlab_msg_gen/glnxa64/install/include/quad_msgs/quad_msgs/msg/detail/leg_contact_mode__struct.h\n'}
[9.748719] (quad_msgs) StdoutLine: {'line': b'-- Installing: /home/rml/ros2_ws/src/quad-sdk/matlab_msg_gen/glnxa64/install/include/quad_msgs/quad_msgs/msg/detail/leg_command_array__functions.c\n'}
[9.748735] (quad_msgs) StdoutLine: {'line': b'-- Installing: /home/rml/ros2_ws/src/quad-sdk/matlab_msg_gen/glnxa64/install/include/quad_msgs/quad_msgs/msg/detail/contact_mode__functions.h\n'}
[9.748751] (quad_msgs) StdoutLine: {'line': b'-- Installing: /home/rml/ros2_ws/src/quad-sdk/matlab_msg_gen/glnxa64/install/include/quad_msgs/quad_msgs/msg/detail/leg_command__type_support.h\n'}
[9.748767] (quad_msgs) StdoutLine: {'line': b'-- Installing: /home/rml/ros2_ws/src/quad-sdk/matlab_msg_gen/glnxa64/install/include/quad_msgs/quad_msgs/msg/detail/foot_state__struct.h\n'}
[9.748794] (quad_msgs) StdoutLine: {'line': b'-- Installing: /home/rml/ros2_ws/src/quad-sdk/matlab_msg_gen/glnxa64/install/include/quad_msgs/quad_msgs/msg/detail/foot_plan_discrete__struct.h\n'}
[9.748815] (quad_msgs) StdoutLine: {'line': b'-- Installing: /home/rml/ros2_ws/src/quad-sdk/matlab_msg_gen/glnxa64/install/include/quad_msgs/quad_msgs/msg/detail/contact_mode__struct.h\n'}
[9.748831] (quad_msgs) StdoutLine: {'line': b'-- Installing: /home/rml/ros2_ws/src/quad-sdk/matlab_msg_gen/glnxa64/install/include/quad_msgs/quad_msgs/msg/detail/motor_command__struct.h\n'}
[9.748853] (quad_msgs) StdoutLine: {'line': b'-- Installing: /home/rml/ros2_ws/src/quad-sdk/matlab_msg_gen/glnxa64/install/include/quad_msgs/quad_msgs/msg/detail/multi_foot_state__type_support.h\n'}
[9.748869] (quad_msgs) StdoutLine: {'line': b'-- Installing: /home/rml/ros2_ws/src/quad-sdk/matlab_msg_gen/glnxa64/install/include/quad_msgs/quad_msgs/msg/detail/leg_contact_mode__type_support.h\n'}
[9.748885] (quad_msgs) StdoutLine: {'line': b'-- Installing: /home/rml/ros2_ws/src/quad-sdk/matlab_msg_gen/glnxa64/install/include/quad_msgs/quad_msgs/msg/detail/robot_plan__type_support.h\n'}
[9.748913] (quad_msgs) StdoutLine: {'line': b'-- Installing: /home/rml/ros2_ws/src/quad-sdk/matlab_msg_gen/glnxa64/install/include/quad_msgs/quad_msgs/msg/detail/local_plan__functions.h\n'}
[9.748929] (quad_msgs) StdoutLine: {'line': b'-- Installing: /home/rml/ros2_ws/src/quad-sdk/matlab_msg_gen/glnxa64/install/include/quad_msgs/quad_msgs/msg/detail/robot_plan__functions.h\n'}
[9.748945] (quad_msgs) StdoutLine: {'line': b'-- Installing: /home/rml/ros2_ws/src/quad-sdk/matlab_msg_gen/glnxa64/install/include/quad_msgs/quad_msgs/msg/detail/local_plan__type_support.h\n'}
[9.748961] (quad_msgs) StdoutLine: {'line': b'-- Installing: /home/rml/ros2_ws/src/quad-sdk/matlab_msg_gen/glnxa64/install/include/quad_msgs/quad_msgs/msg/detail/grf_array__struct.h\n'}
[9.748989] (quad_msgs) StdoutLine: {'line': b'-- Installing: /home/rml/ros2_ws/src/quad-sdk/matlab_msg_gen/glnxa64/install/include/quad_msgs/quad_msgs/msg/detail/body_force_estimate__type_support.h\n'}
[9.749006] (quad_msgs) StdoutLine: {'line': b'-- Installing: /home/rml/ros2_ws/src/quad-sdk/matlab_msg_gen/glnxa64/install/include/quad_msgs/quad_msgs/msg/detail/foot_state__functions.c\n'}
[9.749022] (quad_msgs) StdoutLine: {'line': b'-- Installing: /home/rml/ros2_ws/src/quad-sdk/matlab_msg_gen/glnxa64/install/include/quad_msgs/quad_msgs/msg/detail/multi_foot_plan_discrete__functions.h\n'}
[9.749038] (quad_msgs) StdoutLine: {'line': b'-- Installing: /home/rml/ros2_ws/src/quad-sdk/matlab_msg_gen/glnxa64/install/include/quad_msgs/quad_msgs/msg/detail/multi_foot_plan_continuous__functions.h\n'}
[9.749066] (quad_msgs) StdoutLine: {'line': b'-- Installing: /home/rml/ros2_ws/src/quad-sdk/matlab_msg_gen/glnxa64/install/include/quad_msgs/quad_msgs/msg/detail/body_plan__functions.c\n'}
[9.749083] (quad_msgs) StdoutLine: {'line': b'-- Installing: /home/rml/ros2_ws/src/quad-sdk/matlab_msg_gen/glnxa64/install/include/quad_msgs/quad_msgs/msg/detail/multi_foot_plan_continuous__type_support.h\n'}
[9.749107] (quad_msgs) StdoutLine: {'line': b'-- Installing: /home/rml/ros2_ws/src/quad-sdk/matlab_msg_gen/glnxa64/install/include/quad_msgs/quad_msgs/msg/detail/body_plan__functions.h\n'}
[9.749123] (quad_msgs) StdoutLine: {'line': b'-- Installing: /home/rml/ros2_ws/src/quad-sdk/matlab_msg_gen/glnxa64/install/include/quad_msgs/quad_msgs/msg/detail/body_state__functions.h\n'}
[9.749139] (quad_msgs) StdoutLine: {'line': b'-- Installing: /home/rml/ros2_ws/src/quad-sdk/matlab_msg_gen/glnxa64/install/include/quad_msgs/quad_msgs/msg/detail/body_state__struct.h\n'}
[9.749164] (quad_msgs) StdoutLine: {'line': b'-- Installing: /home/rml/ros2_ws/src/quad-sdk/matlab_msg_gen/glnxa64/install/include/quad_msgs/quad_msgs/msg/detail/body_plan__type_support.h\n'}
[9.749180] (quad_msgs) StdoutLine: {'line': b'-- Installing: /home/rml/ros2_ws/src/quad-sdk/matlab_msg_gen/glnxa64/install/include/quad_msgs/quad_msgs/msg/detail/multi_foot_plan_continuous__struct.h\n'}
[9.749196] (quad_msgs) StdoutLine: {'line': b'-- Installing: /home/rml/ros2_ws/src/quad-sdk/matlab_msg_gen/glnxa64/install/include/quad_msgs/quad_msgs/msg/detail/multi_foot_state__struct.h\n'}
[9.749212] (quad_msgs) StdoutLine: {'line': b'-- Installing: /home/rml/ros2_ws/src/quad-sdk/matlab_msg_gen/glnxa64/install/include/quad_msgs/quad_msgs/msg/detail/robot_plan_diagnostics__struct.h\n'}
[9.749240] (quad_msgs) StdoutLine: {'line': b'-- Installing: /home/rml/ros2_ws/src/quad-sdk/matlab_msg_gen/glnxa64/install/include/quad_msgs/quad_msgs/msg/detail/leg_contact_mode__functions.h\n'}
[9.749258] (quad_msgs) StdoutLine: {'line': b'-- Installing: /home/rml/ros2_ws/src/quad-sdk/matlab_msg_gen/glnxa64/install/include/quad_msgs/quad_msgs/msg/detail/body_force_estimate__functions.c\n'}
[9.749274] (quad_msgs) StdoutLine: {'line': b'-- Installing: /home/rml/ros2_ws/src/quad-sdk/matlab_msg_gen/glnxa64/install/include/quad_msgs/quad_msgs/msg/detail/robot_state__type_support.h\n'}
[9.749290] (quad_msgs) StdoutLine: {'line': b'-- Installing: /home/rml/ros2_ws/src/quad-sdk/matlab_msg_gen/glnxa64/install/include/quad_msgs/quad_msgs/msg/detail/local_plan__struct.h\n'}
[9.749318] (quad_msgs) StdoutLine: {'line': b'-- Installing: /home/rml/ros2_ws/src/quad-sdk/matlab_msg_gen/glnxa64/install/include/quad_msgs/quad_msgs/msg/detail/robot_plan__functions.c\n'}
[9.749335] (quad_msgs) StdoutLine: {'line': b'-- Installing: /home/rml/ros2_ws/src/quad-sdk/matlab_msg_gen/glnxa64/install/include/quad_msgs/quad_msgs/msg/detail/foot_state__functions.h\n'}
[9.749352] (quad_msgs) StdoutLine: {'line': b'-- Installing: /home/rml/ros2_ws/src/quad-sdk/matlab_msg_gen/glnxa64/install/include/quad_msgs/quad_msgs/msg/detail/foot_plan_discrete__functions.h\n'}
[9.749373] (quad_msgs) StdoutLine: {'line': b'-- Installing: /home/rml/ros2_ws/src/quad-sdk/matlab_msg_gen/glnxa64/install/include/quad_msgs/quad_msgs/msg/detail/motor_command__functions.h\n'}
[9.749404] (quad_msgs) StdoutLine: {'line': b'-- Installing: /home/rml/ros2_ws/src/quad-sdk/matlab_msg_gen/glnxa64/install/include/quad_msgs/quad_msgs/msg/detail/grf_array__functions.c\n'}
[9.749421] (quad_msgs) StdoutLine: {'line': b'-- Installing: /home/rml/ros2_ws/src/quad-sdk/matlab_msg_gen/glnxa64/install/include/quad_msgs/quad_msgs/msg/detail/local_plan__functions.c\n'}
[9.749437] (quad_msgs) StdoutLine: {'line': b'-- Installing: /home/rml/ros2_ws/src/quad-sdk/matlab_msg_gen/glnxa64/install/include/quad_msgs/quad_msgs/msg/detail/leg_command_array__type_support.h\n'}
[9.749454] (quad_msgs) StdoutLine: {'line': b'-- Installing: /home/rml/ros2_ws/src/quad-sdk/matlab_msg_gen/glnxa64/install/include/quad_msgs/quad_msgs/msg/detail/foot_plan_discrete__type_support.h\n'}
[9.749481] (quad_msgs) StdoutLine: {'line': b'-- Installing: /home/rml/ros2_ws/src/quad-sdk/matlab_msg_gen/glnxa64/install/include/quad_msgs/quad_msgs/msg/detail/leg_command_array__functions.h\n'}
[9.749499] (quad_msgs) StdoutLine: {'line': b'-- Installing: /home/rml/ros2_ws/src/quad-sdk/matlab_msg_gen/glnxa64/install/include/quad_msgs/quad_msgs/msg/detail/grf_array__functions.h\n'}
[9.749515] (quad_msgs) StdoutLine: {'line': b'-- Installing: /home/rml/ros2_ws/src/quad-sdk/matlab_msg_gen/glnxa64/install/include/quad_msgs/quad_msgs/msg/detail/multi_foot_state__functions.c\n'}
[9.749531] (quad_msgs) StdoutLine: {'line': b'-- Installing: /home/rml/ros2_ws/src/quad-sdk/matlab_msg_gen/glnxa64/install/include/quad_msgs/quad_msgs/msg/detail/body_force_estimate__struct.h\n'}
[9.749559] (quad_msgs) StdoutLine: {'line': b'-- Installing: /home/rml/ros2_ws/src/quad-sdk/matlab_msg_gen/glnxa64/install/include/quad_msgs/quad_msgs/msg/detail/robot_state__functions.c\n'}
[9.749575] (quad_msgs) StdoutLine: {'line': b'-- Installing: /home/rml/ros2_ws/src/quad-sdk/matlab_msg_gen/glnxa64/install/include/quad_msgs/quad_msgs/msg/detail/robot_plan_diagnostics__functions.h\n'}
[9.749588] (quad_msgs) StdoutLine: {'line': b'-- Installing: /home/rml/ros2_ws/src/quad-sdk/matlab_msg_gen/glnxa64/install/include/quad_msgs/quad_msgs/msg/foot_state.h\n'}
[9.749602] (quad_msgs) StdoutLine: {'line': b'-- Installing: /home/rml/ros2_ws/src/quad-sdk/matlab_msg_gen/glnxa64/install/include/quad_msgs/quad_msgs/msg/motor_command.h\n'}
[9.749766] (quad_msgs) StdoutLine: {'line': b'-- Installing: /home/rml/ros2_ws/src/quad-sdk/matlab_msg_gen/glnxa64/install/share/quad_msgs/environment/library_path.sh\n'}
[9.749796] (quad_msgs) StdoutLine: {'line': b'-- Installing: /home/rml/ros2_ws/src/quad-sdk/matlab_msg_gen/glnxa64/install/share/quad_msgs/environment/library_path.dsv\n'}
[9.749831] (quad_msgs) StdoutLine: {'line': b'-- Installing: /home/rml/ros2_ws/src/quad-sdk/matlab_msg_gen/glnxa64/install/lib/libquad_msgs__rosidl_generator_c.so\n'}
[9.749900] (quad_msgs) StdoutLine: {'line': b'-- Up-to-date: /home/rml/ros2_ws/src/quad-sdk/matlab_msg_gen/glnxa64/install/include/quad_msgs/quad_msgs\n'}
[9.749927] (quad_msgs) StdoutLine: {'line': b'-- Up-to-date: /home/rml/ros2_ws/src/quad-sdk/matlab_msg_gen/glnxa64/install/include/quad_msgs/quad_msgs/msg\n'}
[9.749948] (quad_msgs) StdoutLine: {'line': b'-- Installing: /home/rml/ros2_ws/src/quad-sdk/matlab_msg_gen/glnxa64/install/include/quad_msgs/quad_msgs/msg/rosidl_typesupport_fastrtps_c__visibility_control.h\n'}
[9.749964] (quad_msgs) StdoutLine: {'line': b'-- Up-to-date: /home/rml/ros2_ws/src/quad-sdk/matlab_msg_gen/glnxa64/install/include/quad_msgs/quad_msgs/msg/detail\n'}
[9.749990] (quad_msgs) StdoutLine: {'line': b'-- Installing: /home/rml/ros2_ws/src/quad-sdk/matlab_msg_gen/glnxa64/install/include/quad_msgs/quad_msgs/msg/detail/robot_plan__rosidl_typesupport_fastrtps_c.h\n'}
[9.750007] (quad_msgs) StdoutLine: {'line': b'-- Installing: /home/rml/ros2_ws/src/quad-sdk/matlab_msg_gen/glnxa64/install/include/quad_msgs/quad_msgs/msg/detail/robot_state__rosidl_typesupport_fastrtps_c.h\n'}
[9.750032] (quad_msgs) StdoutLine: {'line': b'-- Installing: /home/rml/ros2_ws/src/quad-sdk/matlab_msg_gen/glnxa64/install/include/quad_msgs/quad_msgs/msg/detail/leg_command__rosidl_typesupport_fastrtps_c.h\n'}
[9.750049] (quad_msgs) StdoutLine: {'line': b'-- Installing: /home/rml/ros2_ws/src/quad-sdk/matlab_msg_gen/glnxa64/install/include/quad_msgs/quad_msgs/msg/detail/robot_plan_diagnostics__rosidl_typesupport_fastrtps_c.h\n'}
[9.750074] (quad_msgs) StdoutLine: {'line': b'-- Installing: /home/rml/ros2_ws/src/quad-sdk/matlab_msg_gen/glnxa64/install/include/quad_msgs/quad_msgs/msg/detail/foot_state__rosidl_typesupport_fastrtps_c.h\n'}
[9.750090] (quad_msgs) StdoutLine: {'line': b'-- Installing: /home/rml/ros2_ws/src/quad-sdk/matlab_msg_gen/glnxa64/install/include/quad_msgs/quad_msgs/msg/detail/leg_contact_mode__rosidl_typesupport_fastrtps_c.h\n'}
[9.750117] (quad_msgs) StdoutLine: {'line': b'-- Installing: /home/rml/ros2_ws/src/quad-sdk/matlab_msg_gen/glnxa64/install/include/quad_msgs/quad_msgs/msg/detail/multi_foot_plan_continuous__rosidl_typesupport_fastrtps_c.h\n'}
[9.750133] (quad_msgs) StdoutLine: {'line': b'-- Installing: /home/rml/ros2_ws/src/quad-sdk/matlab_msg_gen/glnxa64/install/include/quad_msgs/quad_msgs/msg/detail/local_plan__rosidl_typesupport_fastrtps_c.h\n'}
[9.750150] (quad_msgs) StdoutLine: {'line': b'-- Installing: /home/rml/ros2_ws/src/quad-sdk/matlab_msg_gen/glnxa64/install/include/quad_msgs/quad_msgs/msg/detail/body_plan__rosidl_typesupport_fastrtps_c.h\n'}
[9.750176] (quad_msgs) StdoutLine: {'line': b'-- Installing: /home/rml/ros2_ws/src/quad-sdk/matlab_msg_gen/glnxa64/install/include/quad_msgs/quad_msgs/msg/detail/contact_mode__rosidl_typesupport_fastrtps_c.h\n'}
[9.750192] (quad_msgs) StdoutLine: {'line': b'-- Installing: /home/rml/ros2_ws/src/quad-sdk/matlab_msg_gen/glnxa64/install/include/quad_msgs/quad_msgs/msg/detail/multi_foot_state__rosidl_typesupport_fastrtps_c.h\n'}
[9.750208] (quad_msgs) StdoutLine: {'line': b'-- Installing: /home/rml/ros2_ws/src/quad-sdk/matlab_msg_gen/glnxa64/install/include/quad_msgs/quad_msgs/msg/detail/motor_command__rosidl_typesupport_fastrtps_c.h\n'}
[9.750230] (quad_msgs) StdoutLine: {'line': b'-- Installing: /home/rml/ros2_ws/src/quad-sdk/matlab_msg_gen/glnxa64/install/include/quad_msgs/quad_msgs/msg/detail/grf_array__rosidl_typesupport_fastrtps_c.h\n'}
[9.750257] (quad_msgs) StdoutLine: {'line': b'-- Installing: /home/rml/ros2_ws/src/quad-sdk/matlab_msg_gen/glnxa64/install/include/quad_msgs/quad_msgs/msg/detail/multi_foot_plan_discrete__rosidl_typesupport_fastrtps_c.h\n'}
[9.750273] (quad_msgs) StdoutLine: {'line': b'-- Installing: /home/rml/ros2_ws/src/quad-sdk/matlab_msg_gen/glnxa64/install/include/quad_msgs/quad_msgs/msg/detail/leg_command_array__rosidl_typesupport_fastrtps_c.h\n'}
[9.750295] (quad_msgs) StdoutLine: {'line': b'-- Installing: /home/rml/ros2_ws/src/quad-sdk/matlab_msg_gen/glnxa64/install/include/quad_msgs/quad_msgs/msg/detail/body_state__rosidl_typesupport_fastrtps_c.h\n'}
[9.750312] (quad_msgs) StdoutLine: {'line': b'-- Installing: /home/rml/ros2_ws/src/quad-sdk/matlab_msg_gen/glnxa64/install/include/quad_msgs/quad_msgs/msg/detail/body_force_estimate__rosidl_typesupport_fastrtps_c.h\n'}
[9.750336] (quad_msgs) StdoutLine: {'line': b'-- Installing: /home/rml/ros2_ws/src/quad-sdk/matlab_msg_gen/glnxa64/install/include/quad_msgs/quad_msgs/msg/detail/foot_plan_discrete__rosidl_typesupport_fastrtps_c.h\n'}
[9.750351] (quad_msgs) StdoutLine: {'line': b'-- Installing: /home/rml/ros2_ws/src/quad-sdk/matlab_msg_gen/glnxa64/install/lib/libquad_msgs__rosidl_typesupport_fastrtps_c.so\n'}
[9.750388] (quad_msgs) StdoutLine: {'line': b'-- Up-to-date: /home/rml/ros2_ws/src/quad-sdk/matlab_msg_gen/glnxa64/install/include/quad_msgs/quad_msgs\n'}
[9.750413] (quad_msgs) StdoutLine: {'line': b'-- Up-to-date: /home/rml/ros2_ws/src/quad-sdk/matlab_msg_gen/glnxa64/install/include/quad_msgs/quad_msgs/msg\n'}
[9.750434] (quad_msgs) StdoutLine: {'line': b'-- Installing: /home/rml/ros2_ws/src/quad-sdk/matlab_msg_gen/glnxa64/install/include/quad_msgs/quad_msgs/msg/rosidl_typesupport_introspection_c__visibility_control.h\n'}
[9.750451] (quad_msgs) StdoutLine: {'line': b'-- Up-to-date: /home/rml/ros2_ws/src/quad-sdk/matlab_msg_gen/glnxa64/install/include/quad_msgs/quad_msgs/msg/detail\n'}
[9.750477] (quad_msgs) StdoutLine: {'line': b'-- Installing: /home/rml/ros2_ws/src/quad-sdk/matlab_msg_gen/glnxa64/install/include/quad_msgs/quad_msgs/msg/detail/local_plan__rosidl_typesupport_introspection_c.h\n'}
[9.750495] (quad_msgs) StdoutLine: {'line': b'-- Installing: /home/rml/ros2_ws/src/quad-sdk/matlab_msg_gen/glnxa64/install/include/quad_msgs/quad_msgs/msg/detail/multi_foot_plan_discrete__type_support.c\n'}
[9.750520] (quad_msgs) StdoutLine: {'line': b'-- Installing: /home/rml/ros2_ws/src/quad-sdk/matlab_msg_gen/glnxa64/install/include/quad_msgs/quad_msgs/msg/detail/robot_state__type_support.c\n'}
[9.750537] (quad_msgs) StdoutLine: {'line': b'-- Installing: /home/rml/ros2_ws/src/quad-sdk/matlab_msg_gen/glnxa64/install/include/quad_msgs/quad_msgs/msg/detail/foot_plan_discrete__type_support.c\n'}
[9.750563] (quad_msgs) StdoutLine: {'line': b'-- Installing: /home/rml/ros2_ws/src/quad-sdk/matlab_msg_gen/glnxa64/install/include/quad_msgs/quad_msgs/msg/detail/foot_state__type_support.c\n'}
[9.750580] (quad_msgs) StdoutLine: {'line': b'-- Installing: /home/rml/ros2_ws/src/quad-sdk/matlab_msg_gen/glnxa64/install/include/quad_msgs/quad_msgs/msg/detail/robot_plan_diagnostics__type_support.c\n'}
[9.750604] (quad_msgs) StdoutLine: {'line': b'-- Installing: /home/rml/ros2_ws/src/quad-sdk/matlab_msg_gen/glnxa64/install/include/quad_msgs/quad_msgs/msg/detail/leg_command_array__type_support.c\n'}
[9.750622] (quad_msgs) StdoutLine: {'line': b'-- Installing: /home/rml/ros2_ws/src/quad-sdk/matlab_msg_gen/glnxa64/install/include/quad_msgs/quad_msgs/msg/detail/leg_contact_mode__type_support.c\n'}
[9.750642] (quad_msgs) StdoutLine: {'line': b'-- Installing: /home/rml/ros2_ws/src/quad-sdk/matlab_msg_gen/glnxa64/install/include/quad_msgs/quad_msgs/msg/detail/grf_array__type_support.c\n'}
[9.750664] (quad_msgs) StdoutLine: {'line': b'-- Installing: /home/rml/ros2_ws/src/quad-sdk/matlab_msg_gen/glnxa64/install/include/quad_msgs/quad_msgs/msg/detail/leg_contact_mode__rosidl_typesupport_introspection_c.h\n'}
[9.750686] (quad_msgs) StdoutLine: {'line': b'-- Installing: /home/rml/ros2_ws/src/quad-sdk/matlab_msg_gen/glnxa64/install/include/quad_msgs/quad_msgs/msg/detail/body_force_estimate__type_support.c\n'}
[9.750709] (quad_msgs) StdoutLine: {'line': b'-- Installing: /home/rml/ros2_ws/src/quad-sdk/matlab_msg_gen/glnxa64/install/include/quad_msgs/quad_msgs/msg/detail/leg_command__rosidl_typesupport_introspection_c.h\n'}
[9.750736] (quad_msgs) StdoutLine: {'line': b'-- Installing: /home/rml/ros2_ws/src/quad-sdk/matlab_msg_gen/glnxa64/install/include/quad_msgs/quad_msgs/msg/detail/robot_plan_diagnostics__rosidl_typesupport_introspection_c.h\n'}
[9.750752] (quad_msgs) StdoutLine: {'line': b'-- Installing: /home/rml/ros2_ws/src/quad-sdk/matlab_msg_gen/glnxa64/install/include/quad_msgs/quad_msgs/msg/detail/body_plan__rosidl_typesupport_introspection_c.h\n'}
[9.750778] (quad_msgs) StdoutLine: {'line': b'-- Installing: /home/rml/ros2_ws/src/quad-sdk/matlab_msg_gen/glnxa64/install/include/quad_msgs/quad_msgs/msg/detail/motor_command__type_support.c\n'}
[9.750793] (quad_msgs) StdoutLine: {'line': b'-- Installing: /home/rml/ros2_ws/src/quad-sdk/matlab_msg_gen/glnxa64/install/include/quad_msgs/quad_msgs/msg/detail/contact_mode__rosidl_typesupport_introspection_c.h\n'}
[9.750819] (quad_msgs) StdoutLine: {'line': b'-- Installing: /home/rml/ros2_ws/src/quad-sdk/matlab_msg_gen/glnxa64/install/include/quad_msgs/quad_msgs/msg/detail/multi_foot_state__rosidl_typesupport_introspection_c.h\n'}
[9.750835] (quad_msgs) StdoutLine: {'line': b'-- Installing: /home/rml/ros2_ws/src/quad-sdk/matlab_msg_gen/glnxa64/install/include/quad_msgs/quad_msgs/msg/detail/foot_plan_discrete__rosidl_typesupport_introspection_c.h\n'}
[9.750861] (quad_msgs) StdoutLine: {'line': b'-- Installing: /home/rml/ros2_ws/src/quad-sdk/matlab_msg_gen/glnxa64/install/include/quad_msgs/quad_msgs/msg/detail/motor_command__rosidl_typesupport_introspection_c.h\n'}
[9.750880] (quad_msgs) StdoutLine: {'line': b'-- Installing: /home/rml/ros2_ws/src/quad-sdk/matlab_msg_gen/glnxa64/install/include/quad_msgs/quad_msgs/msg/detail/multi_foot_plan_continuous__rosidl_typesupport_introspection_c.h\n'}
[9.750900] (quad_msgs) StdoutLine: {'line': b'-- Installing: /home/rml/ros2_ws/src/quad-sdk/matlab_msg_gen/glnxa64/install/include/quad_msgs/quad_msgs/msg/detail/leg_command__type_support.c\n'}
[9.750915] (quad_msgs) StdoutLine: {'line': b'-- Installing: /home/rml/ros2_ws/src/quad-sdk/matlab_msg_gen/glnxa64/install/include/quad_msgs/quad_msgs/msg/detail/multi_foot_state__type_support.c\n'}
[9.750939] (quad_msgs) StdoutLine: {'line': b'-- Installing: /home/rml/ros2_ws/src/quad-sdk/matlab_msg_gen/glnxa64/install/include/quad_msgs/quad_msgs/msg/detail/local_plan__type_support.c\n'}
[9.750954] (quad_msgs) StdoutLine: {'line': b'-- Installing: /home/rml/ros2_ws/src/quad-sdk/matlab_msg_gen/glnxa64/install/include/quad_msgs/quad_msgs/msg/detail/robot_plan__type_support.c\n'}
[9.750973] (quad_msgs) StdoutLine: {'line': b'-- Installing: /home/rml/ros2_ws/src/quad-sdk/matlab_msg_gen/glnxa64/install/include/quad_msgs/quad_msgs/msg/detail/grf_array__rosidl_typesupport_introspection_c.h\n'}
[9.750992] (quad_msgs) StdoutLine: {'line': b'-- Installing: /home/rml/ros2_ws/src/quad-sdk/matlab_msg_gen/glnxa64/install/include/quad_msgs/quad_msgs/msg/detail/robot_plan__rosidl_typesupport_introspection_c.h\n'}
[9.751014] (quad_msgs) StdoutLine: {'line': b'-- Installing: /home/rml/ros2_ws/src/quad-sdk/matlab_msg_gen/glnxa64/install/include/quad_msgs/quad_msgs/msg/detail/body_state__type_support.c\n'}
[9.751038] (quad_msgs) StdoutLine: {'line': b'-- Installing: /home/rml/ros2_ws/src/quad-sdk/matlab_msg_gen/glnxa64/install/include/quad_msgs/quad_msgs/msg/detail/body_force_estimate__rosidl_typesupport_introspection_c.h\n'}
[9.751059] (quad_msgs) StdoutLine: {'line': b'-- Installing: /home/rml/ros2_ws/src/quad-sdk/matlab_msg_gen/glnxa64/install/include/quad_msgs/quad_msgs/msg/detail/leg_command_array__rosidl_typesupport_introspection_c.h\n'}
[9.751085] (quad_msgs) StdoutLine: {'line': b'-- Installing: /home/rml/ros2_ws/src/quad-sdk/matlab_msg_gen/glnxa64/install/include/quad_msgs/quad_msgs/msg/detail/multi_foot_plan_continuous__type_support.c\n'}
[9.751100] (quad_msgs) StdoutLine: {'line': b'-- Installing: /home/rml/ros2_ws/src/quad-sdk/matlab_msg_gen/glnxa64/install/include/quad_msgs/quad_msgs/msg/detail/contact_mode__type_support.c\n'}
[9.751126] (quad_msgs) StdoutLine: {'line': b'-- Installing: /home/rml/ros2_ws/src/quad-sdk/matlab_msg_gen/glnxa64/install/include/quad_msgs/quad_msgs/msg/detail/multi_foot_plan_discrete__rosidl_typesupport_introspection_c.h\n'}
[9.751142] (quad_msgs) StdoutLine: {'line': b'-- Installing: /home/rml/ros2_ws/src/quad-sdk/matlab_msg_gen/glnxa64/install/include/quad_msgs/quad_msgs/msg/detail/body_plan__type_support.c\n'}
[9.751167] (quad_msgs) StdoutLine: {'line': b'-- Installing: /home/rml/ros2_ws/src/quad-sdk/matlab_msg_gen/glnxa64/install/include/quad_msgs/quad_msgs/msg/detail/foot_state__rosidl_typesupport_introspection_c.h\n'}
[9.751182] (quad_msgs) StdoutLine: {'line': b'-- Installing: /home/rml/ros2_ws/src/quad-sdk/matlab_msg_gen/glnxa64/install/include/quad_msgs/quad_msgs/msg/detail/robot_state__rosidl_typesupport_introspection_c.h\n'}
[9.751206] (quad_msgs) StdoutLine: {'line': b'-- Installing: /home/rml/ros2_ws/src/quad-sdk/matlab_msg_gen/glnxa64/install/include/quad_msgs/quad_msgs/msg/detail/body_state__rosidl_typesupport_introspection_c.h\n'}
[9.751226] (quad_msgs) StdoutLine: {'line': b'-- Installing: /home/rml/ros2_ws/src/quad-sdk/matlab_msg_gen/glnxa64/install/lib/libquad_msgs__rosidl_typesupport_introspection_c.so\n'}
[9.751296] (quad_msgs) StdoutLine: {'line': b'-- Installing: /home/rml/ros2_ws/src/quad-sdk/matlab_msg_gen/glnxa64/install/lib/libquad_msgs__rosidl_typesupport_c.so\n'}
[9.751342] (quad_msgs) StdoutLine: {'line': b'-- Up-to-date: /home/rml/ros2_ws/src/quad-sdk/matlab_msg_gen/glnxa64/install/include/quad_msgs/quad_msgs\n'}
[9.751371] (quad_msgs) StdoutLine: {'line': b'-- Up-to-date: /home/rml/ros2_ws/src/quad-sdk/matlab_msg_gen/glnxa64/install/include/quad_msgs/quad_msgs/msg\n'}
[9.751397] (quad_msgs) StdoutLine: {'line': b'-- Installing: /home/rml/ros2_ws/src/quad-sdk/matlab_msg_gen/glnxa64/install/include/quad_msgs/quad_msgs/msg/foot_state.hpp\n'}
[9.751416] (quad_msgs) StdoutLine: {'line': b'-- Installing: /home/rml/ros2_ws/src/quad-sdk/matlab_msg_gen/glnxa64/install/include/quad_msgs/quad_msgs/msg/body_plan.hpp\n'}
[9.751443] (quad_msgs) StdoutLine: {'line': b'-- Installing: /home/rml/ros2_ws/src/quad-sdk/matlab_msg_gen/glnxa64/install/include/quad_msgs/quad_msgs/msg/grf_array.hpp\n'}
[9.751459] (quad_msgs) StdoutLine: {'line': b'-- Installing: /home/rml/ros2_ws/src/quad-sdk/matlab_msg_gen/glnxa64/install/include/quad_msgs/quad_msgs/msg/leg_command.hpp\n'}
[9.751475] (quad_msgs) StdoutLine: {'line': b'-- Installing: /home/rml/ros2_ws/src/quad-sdk/matlab_msg_gen/glnxa64/install/include/quad_msgs/quad_msgs/msg/leg_contact_mode.hpp\n'}
[9.751502] (quad_msgs) StdoutLine: {'line': b'-- Installing: /home/rml/ros2_ws/src/quad-sdk/matlab_msg_gen/glnxa64/install/include/quad_msgs/quad_msgs/msg/multi_foot_state.hpp\n'}
[9.751519] (quad_msgs) StdoutLine: {'line': b'-- Installing: /home/rml/ros2_ws/src/quad-sdk/matlab_msg_gen/glnxa64/install/include/quad_msgs/quad_msgs/msg/robot_plan.hpp\n'}
[9.751542] (quad_msgs) StdoutLine: {'line': b'-- Installing: /home/rml/ros2_ws/src/quad-sdk/matlab_msg_gen/glnxa64/install/include/quad_msgs/quad_msgs/msg/multi_foot_plan_continuous.hpp\n'}
[9.751559] (quad_msgs) StdoutLine: {'line': b'-- Installing: /home/rml/ros2_ws/src/quad-sdk/matlab_msg_gen/glnxa64/install/include/quad_msgs/quad_msgs/msg/body_state.hpp\n'}
[9.751575] (quad_msgs) StdoutLine: {'line': b'-- Installing: /home/rml/ros2_ws/src/quad-sdk/matlab_msg_gen/glnxa64/install/include/quad_msgs/quad_msgs/msg/contact_mode.hpp\n'}
[9.751597] (quad_msgs) StdoutLine: {'line': b'-- Installing: /home/rml/ros2_ws/src/quad-sdk/matlab_msg_gen/glnxa64/install/include/quad_msgs/quad_msgs/msg/robot_plan_diagnostics.hpp\n'}
[9.751623] (quad_msgs) StdoutLine: {'line': b'-- Installing: /home/rml/ros2_ws/src/quad-sdk/matlab_msg_gen/glnxa64/install/include/quad_msgs/quad_msgs/msg/body_force_estimate.hpp\n'}
[9.751640] (quad_msgs) StdoutLine: {'line': b'-- Installing: /home/rml/ros2_ws/src/quad-sdk/matlab_msg_gen/glnxa64/install/include/quad_msgs/quad_msgs/msg/local_plan.hpp\n'}
[9.751656] (quad_msgs) StdoutLine: {'line': b'-- Installing: /home/rml/ros2_ws/src/quad-sdk/matlab_msg_gen/glnxa64/install/include/quad_msgs/quad_msgs/msg/motor_command.hpp\n'}
[9.751672] (quad_msgs) StdoutLine: {'line': b'-- Installing: /home/rml/ros2_ws/src/quad-sdk/matlab_msg_gen/glnxa64/install/include/quad_msgs/quad_msgs/msg/multi_foot_plan_discrete.hpp\n'}
[9.751695] (quad_msgs) StdoutLine: {'line': b'-- Up-to-date: /home/rml/ros2_ws/src/quad-sdk/matlab_msg_gen/glnxa64/install/include/quad_msgs/quad_msgs/msg/detail\n'}
[9.751711] (quad_msgs) StdoutLine: {'line': b'-- Installing: /home/rml/ros2_ws/src/quad-sdk/matlab_msg_gen/glnxa64/install/include/quad_msgs/quad_msgs/msg/detail/leg_contact_mode__builder.hpp\n'}
[9.751728] (quad_msgs) StdoutLine: {'line': b'-- Installing: /home/rml/ros2_ws/src/quad-sdk/matlab_msg_gen/glnxa64/install/include/quad_msgs/quad_msgs/msg/detail/robot_plan__struct.hpp\n'}
[9.751750] (quad_msgs) StdoutLine: {'line': b'-- Installing: /home/rml/ros2_ws/src/quad-sdk/matlab_msg_gen/glnxa64/install/include/quad_msgs/quad_msgs/msg/detail/robot_state__builder.hpp\n'}
[9.751774] (quad_msgs) StdoutLine: {'line': b'-- Installing: /home/rml/ros2_ws/src/quad-sdk/matlab_msg_gen/glnxa64/install/include/quad_msgs/quad_msgs/msg/detail/multi_foot_state__builder.hpp\n'}
[9.751791] (quad_msgs) StdoutLine: {'line': b'-- Installing: /home/rml/ros2_ws/src/quad-sdk/matlab_msg_gen/glnxa64/install/include/quad_msgs/quad_msgs/msg/detail/motor_command__traits.hpp\n'}
[9.751807] (quad_msgs) StdoutLine: {'line': b'-- Installing: /home/rml/ros2_ws/src/quad-sdk/matlab_msg_gen/glnxa64/install/include/quad_msgs/quad_msgs/msg/detail/robot_plan_diagnostics__struct.hpp\n'}
[9.751833] (quad_msgs) StdoutLine: {'line': b'-- Installing: /home/rml/ros2_ws/src/quad-sdk/matlab_msg_gen/glnxa64/install/include/quad_msgs/quad_msgs/msg/detail/leg_command__struct.hpp\n'}
[9.751849] (quad_msgs) StdoutLine: {'line': b'-- Installing: /home/rml/ros2_ws/src/quad-sdk/matlab_msg_gen/glnxa64/install/include/quad_msgs/quad_msgs/msg/detail/multi_foot_plan_continuous__struct.hpp\n'}
[9.751865] (quad_msgs) StdoutLine: {'line': b'-- Installing: /home/rml/ros2_ws/src/quad-sdk/matlab_msg_gen/glnxa64/install/include/quad_msgs/quad_msgs/msg/detail/foot_plan_discrete__traits.hpp\n'}
[9.751887] (quad_msgs) StdoutLine: {'line': b'-- Installing: /home/rml/ros2_ws/src/quad-sdk/matlab_msg_gen/glnxa64/install/include/quad_msgs/quad_msgs/msg/detail/motor_command__builder.hpp\n'}
[9.751916] (quad_msgs) StdoutLine: {'line': b'-- Installing: /home/rml/ros2_ws/src/quad-sdk/matlab_msg_gen/glnxa64/install/include/quad_msgs/quad_msgs/msg/detail/foot_state__builder.hpp\n'}
[9.751931] (quad_msgs) StdoutLine: {'line': b'-- Installing: /home/rml/ros2_ws/src/quad-sdk/matlab_msg_gen/glnxa64/install/include/quad_msgs/quad_msgs/msg/detail/grf_array__builder.hpp\n'}
[9.751947] (quad_msgs) StdoutLine: {'line': b'-- Installing: /home/rml/ros2_ws/src/quad-sdk/matlab_msg_gen/glnxa64/install/include/quad_msgs/quad_msgs/msg/detail/foot_state__struct.hpp\n'}
[9.751962] (quad_msgs) StdoutLine: {'line': b'-- Installing: /home/rml/ros2_ws/src/quad-sdk/matlab_msg_gen/glnxa64/install/include/quad_msgs/quad_msgs/msg/detail/body_plan__struct.hpp\n'}
[9.751987] (quad_msgs) StdoutLine: {'line': b'-- Installing: /home/rml/ros2_ws/src/quad-sdk/matlab_msg_gen/glnxa64/install/include/quad_msgs/quad_msgs/msg/detail/multi_foot_plan_continuous__traits.hpp\n'}
[9.752004] (quad_msgs) StdoutLine: {'line': b'-- Installing: /home/rml/ros2_ws/src/quad-sdk/matlab_msg_gen/glnxa64/install/include/quad_msgs/quad_msgs/msg/detail/body_state__struct.hpp\n'}
[9.752026] (quad_msgs) StdoutLine: {'line': b'-- Installing: /home/rml/ros2_ws/src/quad-sdk/matlab_msg_gen/glnxa64/install/include/quad_msgs/quad_msgs/msg/detail/contact_mode__struct.hpp\n'}
[9.752053] (quad_msgs) StdoutLine: {'line': b'-- Installing: /home/rml/ros2_ws/src/quad-sdk/matlab_msg_gen/glnxa64/install/include/quad_msgs/quad_msgs/msg/detail/robot_plan__builder.hpp\n'}
[9.752069] (quad_msgs) StdoutLine: {'line': b'-- Installing: /home/rml/ros2_ws/src/quad-sdk/matlab_msg_gen/glnxa64/install/include/quad_msgs/quad_msgs/msg/detail/leg_command_array__builder.hpp\n'}
[9.752092] (quad_msgs) StdoutLine: {'line': b'-- Installing: /home/rml/ros2_ws/src/quad-sdk/matlab_msg_gen/glnxa64/install/include/quad_msgs/quad_msgs/msg/detail/robot_plan__traits.hpp\n'}
[9.752108] (quad_msgs) StdoutLine: {'line': b'-- Installing: /home/rml/ros2_ws/src/quad-sdk/matlab_msg_gen/glnxa64/install/include/quad_msgs/quad_msgs/msg/detail/body_state__traits.hpp\n'}
[9.752124] (quad_msgs) StdoutLine: {'line': b'-- Installing: /home/rml/ros2_ws/src/quad-sdk/matlab_msg_gen/glnxa64/install/include/quad_msgs/quad_msgs/msg/detail/body_plan__traits.hpp\n'}
[9.752146] (quad_msgs) StdoutLine: {'line': b'-- Installing: /home/rml/ros2_ws/src/quad-sdk/matlab_msg_gen/glnxa64/install/include/quad_msgs/quad_msgs/msg/detail/local_plan__builder.hpp\n'}
[9.752172] (quad_msgs) StdoutLine: {'line': b'-- Installing: /home/rml/ros2_ws/src/quad-sdk/matlab_msg_gen/glnxa64/install/include/quad_msgs/quad_msgs/msg/detail/local_plan__struct.hpp\n'}
[9.752188] (quad_msgs) StdoutLine: {'line': b'-- Installing: /home/rml/ros2_ws/src/quad-sdk/matlab_msg_gen/glnxa64/install/include/quad_msgs/quad_msgs/msg/detail/grf_array__struct.hpp\n'}
[9.752204] (quad_msgs) StdoutLine: {'line': b'-- Installing: /home/rml/ros2_ws/src/quad-sdk/matlab_msg_gen/glnxa64/install/include/quad_msgs/quad_msgs/msg/detail/body_force_estimate__traits.hpp\n'}
[9.752225] (quad_msgs) StdoutLine: {'line': b'-- Installing: /home/rml/ros2_ws/src/quad-sdk/matlab_msg_gen/glnxa64/install/include/quad_msgs/quad_msgs/msg/detail/multi_foot_plan_discrete__traits.hpp\n'}
[9.752253] (quad_msgs) StdoutLine: {'line': b'-- Installing: /home/rml/ros2_ws/src/quad-sdk/matlab_msg_gen/glnxa64/install/include/quad_msgs/quad_msgs/msg/detail/foot_plan_discrete__struct.hpp\n'}
[9.752268] (quad_msgs) StdoutLine: {'line': b'-- Installing: /home/rml/ros2_ws/src/quad-sdk/matlab_msg_gen/glnxa64/install/include/quad_msgs/quad_msgs/msg/detail/motor_command__struct.hpp\n'}
[9.752285] (quad_msgs) StdoutLine: {'line': b'-- Installing: /home/rml/ros2_ws/src/quad-sdk/matlab_msg_gen/glnxa64/install/include/quad_msgs/quad_msgs/msg/detail/body_plan__builder.hpp\n'}
[9.752301] (quad_msgs) StdoutLine: {'line': b'-- Installing: /home/rml/ros2_ws/src/quad-sdk/matlab_msg_gen/glnxa64/install/include/quad_msgs/quad_msgs/msg/detail/leg_command_array__traits.hpp\n'}
[9.752325] (quad_msgs) StdoutLine: {'line': b'-- Installing: /home/rml/ros2_ws/src/quad-sdk/matlab_msg_gen/glnxa64/install/include/quad_msgs/quad_msgs/msg/detail/leg_contact_mode__struct.hpp\n'}
[9.752341] (quad_msgs) StdoutLine: {'line': b'-- Installing: /home/rml/ros2_ws/src/quad-sdk/matlab_msg_gen/glnxa64/install/include/quad_msgs/quad_msgs/msg/detail/multi_foot_plan_discrete__builder.hpp\n'}
[9.752357] (quad_msgs) StdoutLine: {'line': b'-- Installing: /home/rml/ros2_ws/src/quad-sdk/matlab_msg_gen/glnxa64/install/include/quad_msgs/quad_msgs/msg/detail/robot_state__struct.hpp\n'}
[9.752386] (quad_msgs) StdoutLine: {'line': b'-- Installing: /home/rml/ros2_ws/src/quad-sdk/matlab_msg_gen/glnxa64/install/include/quad_msgs/quad_msgs/msg/detail/multi_foot_plan_discrete__struct.hpp\n'}
[9.752405] (quad_msgs) StdoutLine: {'line': b'-- Installing: /home/rml/ros2_ws/src/quad-sdk/matlab_msg_gen/glnxa64/install/include/quad_msgs/quad_msgs/msg/detail/leg_command__traits.hpp\n'}
[9.752421] (quad_msgs) StdoutLine: {'line': b'-- Installing: /home/rml/ros2_ws/src/quad-sdk/matlab_msg_gen/glnxa64/install/include/quad_msgs/quad_msgs/msg/detail/robot_plan_diagnostics__traits.hpp\n'}
[9.752437] (quad_msgs) StdoutLine: {'line': b'-- Installing: /home/rml/ros2_ws/src/quad-sdk/matlab_msg_gen/glnxa64/install/include/quad_msgs/quad_msgs/msg/detail/foot_plan_discrete__builder.hpp\n'}
[9.752459] (quad_msgs) StdoutLine: {'line': b'-- Installing: /home/rml/ros2_ws/src/quad-sdk/matlab_msg_gen/glnxa64/install/include/quad_msgs/quad_msgs/msg/detail/body_force_estimate__struct.hpp\n'}
[9.752484] (quad_msgs) StdoutLine: {'line': b'-- Installing: /home/rml/ros2_ws/src/quad-sdk/matlab_msg_gen/glnxa64/install/include/quad_msgs/quad_msgs/msg/detail/leg_contact_mode__traits.hpp\n'}
[9.752501] (quad_msgs) StdoutLine: {'line': b'-- Installing: /home/rml/ros2_ws/src/quad-sdk/matlab_msg_gen/glnxa64/install/include/quad_msgs/quad_msgs/msg/detail/leg_command__builder.hpp\n'}
[9.752526] (quad_msgs) StdoutLine: {'line': b'-- Installing: /home/rml/ros2_ws/src/quad-sdk/matlab_msg_gen/glnxa64/install/include/quad_msgs/quad_msgs/msg/detail/contact_mode__builder.hpp\n'}
[9.752541] (quad_msgs) StdoutLine: {'line': b'-- Installing: /home/rml/ros2_ws/src/quad-sdk/matlab_msg_gen/glnxa64/install/include/quad_msgs/quad_msgs/msg/detail/multi_foot_state__struct.hpp\n'}
[9.752558] (quad_msgs) StdoutLine: {'line': b'-- Installing: /home/rml/ros2_ws/src/quad-sdk/matlab_msg_gen/glnxa64/install/include/quad_msgs/quad_msgs/msg/detail/local_plan__traits.hpp\n'}
[9.752580] (quad_msgs) StdoutLine: {'line': b'-- Installing: /home/rml/ros2_ws/src/quad-sdk/matlab_msg_gen/glnxa64/install/include/quad_msgs/quad_msgs/msg/detail/robot_plan_diagnostics__builder.hpp\n'}
[9.752605] (quad_msgs) StdoutLine: {'line': b'-- Installing: /home/rml/ros2_ws/src/quad-sdk/matlab_msg_gen/glnxa64/install/include/quad_msgs/quad_msgs/msg/detail/foot_state__traits.hpp\n'}
[9.752627] (quad_msgs) StdoutLine: {'line': b'-- Installing: /home/rml/ros2_ws/src/quad-sdk/matlab_msg_gen/glnxa64/install/include/quad_msgs/quad_msgs/msg/detail/multi_foot_plan_continuous__builder.hpp\n'}
[9.752646] (quad_msgs) StdoutLine: {'line': b'-- Installing: /home/rml/ros2_ws/src/quad-sdk/matlab_msg_gen/glnxa64/install/include/quad_msgs/quad_msgs/msg/detail/body_force_estimate__builder.hpp\n'}
[9.752661] (quad_msgs) StdoutLine: {'line': b'-- Installing: /home/rml/ros2_ws/src/quad-sdk/matlab_msg_gen/glnxa64/install/include/quad_msgs/quad_msgs/msg/detail/grf_array__traits.hpp\n'}
[9.752677] (quad_msgs) StdoutLine: {'line': b'-- Installing: /home/rml/ros2_ws/src/quad-sdk/matlab_msg_gen/glnxa64/install/include/quad_msgs/quad_msgs/msg/detail/leg_command_array__struct.hpp\n'}
[9.752699] (quad_msgs) StdoutLine: {'line': b'-- Installing: /home/rml/ros2_ws/src/quad-sdk/matlab_msg_gen/glnxa64/install/include/quad_msgs/quad_msgs/msg/detail/multi_foot_state__traits.hpp\n'}
[9.752726] (quad_msgs) StdoutLine: {'line': b'-- Installing: /home/rml/ros2_ws/src/quad-sdk/matlab_msg_gen/glnxa64/install/include/quad_msgs/quad_msgs/msg/detail/body_state__builder.hpp\n'}
[9.752746] (quad_msgs) StdoutLine: {'line': b'-- Installing: /home/rml/ros2_ws/src/quad-sdk/matlab_msg_gen/glnxa64/install/include/quad_msgs/quad_msgs/msg/detail/robot_state__traits.hpp\n'}
[9.752762] (quad_msgs) StdoutLine: {'line': b'-- Installing: /home/rml/ros2_ws/src/quad-sdk/matlab_msg_gen/glnxa64/install/include/quad_msgs/quad_msgs/msg/detail/contact_mode__traits.hpp\n'}
[9.752778] (quad_msgs) StdoutLine: {'line': b'-- Installing: /home/rml/ros2_ws/src/quad-sdk/matlab_msg_gen/glnxa64/install/include/quad_msgs/quad_msgs/msg/leg_command_array.hpp\n'}
[9.752806] (quad_msgs) StdoutLine: {'line': b'-- Installing: /home/rml/ros2_ws/src/quad-sdk/matlab_msg_gen/glnxa64/install/include/quad_msgs/quad_msgs/msg/robot_state.hpp\n'}
[9.752825] (quad_msgs) StdoutLine: {'line': b'-- Installing: /home/rml/ros2_ws/src/quad-sdk/matlab_msg_gen/glnxa64/install/include/quad_msgs/quad_msgs/msg/foot_plan_discrete.hpp\n'}
[9.752842] (quad_msgs) StdoutLine: {'line': b'-- Up-to-date: /home/rml/ros2_ws/src/quad-sdk/matlab_msg_gen/glnxa64/install/include/quad_msgs/quad_msgs\n'}
[9.752858] (quad_msgs) StdoutLine: {'line': b'-- Up-to-date: /home/rml/ros2_ws/src/quad-sdk/matlab_msg_gen/glnxa64/install/include/quad_msgs/quad_msgs/msg\n'}
[9.752879] (quad_msgs) StdoutLine: {'line': b'-- Installing: /home/rml/ros2_ws/src/quad-sdk/matlab_msg_gen/glnxa64/install/include/quad_msgs/quad_msgs/msg/rosidl_typesupport_fastrtps_cpp__visibility_control.h\n'}
[9.752902] (quad_msgs) StdoutLine: {'line': b'-- Up-to-date: /home/rml/ros2_ws/src/quad-sdk/matlab_msg_gen/glnxa64/install/include/quad_msgs/quad_msgs/msg/detail\n'}
[9.752918] (quad_msgs) StdoutLine: {'line': b'-- Installing: /home/rml/ros2_ws/src/quad-sdk/matlab_msg_gen/glnxa64/install/include/quad_msgs/quad_msgs/msg/detail/grf_array__rosidl_typesupport_fastrtps_cpp.hpp\n'}
[9.752934] (quad_msgs) StdoutLine: {'line': b'-- Installing: /home/rml/ros2_ws/src/quad-sdk/matlab_msg_gen/glnxa64/install/include/quad_msgs/quad_msgs/msg/detail/leg_command__rosidl_typesupport_fastrtps_cpp.hpp\n'}
[9.752956] (quad_msgs) StdoutLine: {'line': b'-- Installing: /home/rml/ros2_ws/src/quad-sdk/matlab_msg_gen/glnxa64/install/include/quad_msgs/quad_msgs/msg/detail/leg_contact_mode__rosidl_typesupport_fastrtps_cpp.hpp\n'}
[9.752972] (quad_msgs) StdoutLine: {'line': b'-- Installing: /home/rml/ros2_ws/src/quad-sdk/matlab_msg_gen/glnxa64/install/include/quad_msgs/quad_msgs/msg/detail/robot_plan_diagnostics__rosidl_typesupport_fastrtps_cpp.hpp\n'}
[9.752989] (quad_msgs) StdoutLine: {'line': b'-- Installing: /home/rml/ros2_ws/src/quad-sdk/matlab_msg_gen/glnxa64/install/include/quad_msgs/quad_msgs/msg/detail/local_plan__rosidl_typesupport_fastrtps_cpp.hpp\n'}
[9.753011] (quad_msgs) StdoutLine: {'line': b'-- Installing: /home/rml/ros2_ws/src/quad-sdk/matlab_msg_gen/glnxa64/install/include/quad_msgs/quad_msgs/msg/detail/body_plan__rosidl_typesupport_fastrtps_cpp.hpp\n'}
[9.753034] (quad_msgs) StdoutLine: {'line': b'-- Installing: /home/rml/ros2_ws/src/quad-sdk/matlab_msg_gen/glnxa64/install/include/quad_msgs/quad_msgs/msg/detail/dds_fastrtps\n'}
[9.753061] (quad_msgs) StdoutLine: {'line': b'-- Installing: /home/rml/ros2_ws/src/quad-sdk/matlab_msg_gen/glnxa64/install/include/quad_msgs/quad_msgs/msg/detail/multi_foot_plan_discrete__rosidl_typesupport_fastrtps_cpp.hpp\n'}
[9.753076] (quad_msgs) StdoutLine: {'line': b'-- Installing: /home/rml/ros2_ws/src/quad-sdk/matlab_msg_gen/glnxa64/install/include/quad_msgs/quad_msgs/msg/detail/motor_command__rosidl_typesupport_fastrtps_cpp.hpp\n'}
[9.753092] (quad_msgs) StdoutLine: {'line': b'-- Installing: /home/rml/ros2_ws/src/quad-sdk/matlab_msg_gen/glnxa64/install/include/quad_msgs/quad_msgs/msg/detail/body_state__rosidl_typesupport_fastrtps_cpp.hpp\n'}
[9.753118] (quad_msgs) StdoutLine: {'line': b'-- Installing: /home/rml/ros2_ws/src/quad-sdk/matlab_msg_gen/glnxa64/install/include/quad_msgs/quad_msgs/msg/detail/robot_state__rosidl_typesupport_fastrtps_cpp.hpp\n'}
[9.753140] (quad_msgs) StdoutLine: {'line': b'-- Installing: /home/rml/ros2_ws/src/quad-sdk/matlab_msg_gen/glnxa64/install/include/quad_msgs/quad_msgs/msg/detail/foot_plan_discrete__rosidl_typesupport_fastrtps_cpp.hpp\n'}
[9.753156] (quad_msgs) StdoutLine: {'line': b'-- Installing: /home/rml/ros2_ws/src/quad-sdk/matlab_msg_gen/glnxa64/install/include/quad_msgs/quad_msgs/msg/detail/multi_foot_plan_continuous__rosidl_typesupport_fastrtps_cpp.hpp\n'}
[9.753183] (quad_msgs) StdoutLine: {'line': b'-- Installing: /home/rml/ros2_ws/src/quad-sdk/matlab_msg_gen/glnxa64/install/include/quad_msgs/quad_msgs/msg/detail/body_force_estimate__rosidl_typesupport_fastrtps_cpp.hpp\n'}
[9.753199] (quad_msgs) StdoutLine: {'line': b'-- Installing: /home/rml/ros2_ws/src/quad-sdk/matlab_msg_gen/glnxa64/install/include/quad_msgs/quad_msgs/msg/detail/robot_plan__rosidl_typesupport_fastrtps_cpp.hpp\n'}
[9.753215] (quad_msgs) StdoutLine: {'line': b'-- Installing: /home/rml/ros2_ws/src/quad-sdk/matlab_msg_gen/glnxa64/install/include/quad_msgs/quad_msgs/msg/detail/foot_state__rosidl_typesupport_fastrtps_cpp.hpp\n'}
[9.753237] (quad_msgs) StdoutLine: {'line': b'-- Installing: /home/rml/ros2_ws/src/quad-sdk/matlab_msg_gen/glnxa64/install/include/quad_msgs/quad_msgs/msg/detail/leg_command_array__rosidl_typesupport_fastrtps_cpp.hpp\n'}
[9.753260] (quad_msgs) StdoutLine: {'line': b'-- Installing: /home/rml/ros2_ws/src/quad-sdk/matlab_msg_gen/glnxa64/install/include/quad_msgs/quad_msgs/msg/detail/multi_foot_state__rosidl_typesupport_fastrtps_cpp.hpp\n'}
[9.753276] (quad_msgs) StdoutLine: {'line': b'-- Installing: /home/rml/ros2_ws/src/quad-sdk/matlab_msg_gen/glnxa64/install/include/quad_msgs/quad_msgs/msg/detail/contact_mode__rosidl_typesupport_fastrtps_cpp.hpp\n'}
[9.753298] (quad_msgs) StdoutLine: {'line': b'-- Installing: /home/rml/ros2_ws/src/quad-sdk/matlab_msg_gen/glnxa64/install/lib/libquad_msgs__rosidl_typesupport_fastrtps_cpp.so\n'}
[9.753506] (quad_msgs) StdoutLine: {'line': b'-- Up-to-date: /home/rml/ros2_ws/src/quad-sdk/matlab_msg_gen/glnxa64/install/include/quad_msgs/quad_msgs\n'}
[9.753534] (quad_msgs) StdoutLine: {'line': b'-- Up-to-date: /home/rml/ros2_ws/src/quad-sdk/matlab_msg_gen/glnxa64/install/include/quad_msgs/quad_msgs/msg\n'}
[9.753548] (quad_msgs) StdoutLine: {'line': b'-- Up-to-date: /home/rml/ros2_ws/src/quad-sdk/matlab_msg_gen/glnxa64/install/include/quad_msgs/quad_msgs/msg/detail\n'}
[9.753571] (quad_msgs) StdoutLine: {'line': b'-- Installing: /home/rml/ros2_ws/src/quad-sdk/matlab_msg_gen/glnxa64/install/include/quad_msgs/quad_msgs/msg/detail/body_state__type_support.cpp\n'}
[9.753607] (quad_msgs) StdoutLine: {'line': b'-- Installing: /home/rml/ros2_ws/src/quad-sdk/matlab_msg_gen/glnxa64/install/include/quad_msgs/quad_msgs/msg/detail/leg_command_array__type_support.cpp\n'}
[9.753630] (quad_msgs) StdoutLine: {'line': b'-- Installing: /home/rml/ros2_ws/src/quad-sdk/matlab_msg_gen/glnxa64/install/include/quad_msgs/quad_msgs/msg/detail/leg_command__rosidl_typesupport_introspection_cpp.hpp\n'}
[9.753653] (quad_msgs) StdoutLine: {'line': b'-- Installing: /home/rml/ros2_ws/src/quad-sdk/matlab_msg_gen/glnxa64/install/include/quad_msgs/quad_msgs/msg/detail/body_force_estimate__type_support.cpp\n'}
[9.753675] (quad_msgs) StdoutLine: {'line': b'-- Installing: /home/rml/ros2_ws/src/quad-sdk/matlab_msg_gen/glnxa64/install/include/quad_msgs/quad_msgs/msg/detail/body_plan__rosidl_typesupport_introspection_cpp.hpp\n'}
[9.753697] (quad_msgs) StdoutLine: {'line': b'-- Installing: /home/rml/ros2_ws/src/quad-sdk/matlab_msg_gen/glnxa64/install/include/quad_msgs/quad_msgs/msg/detail/contact_mode__rosidl_typesupport_introspection_cpp.hpp\n'}
[9.753720] (quad_msgs) StdoutLine: {'line': b'-- Installing: /home/rml/ros2_ws/src/quad-sdk/matlab_msg_gen/glnxa64/install/include/quad_msgs/quad_msgs/msg/detail/foot_state__rosidl_typesupport_introspection_cpp.hpp\n'}
[9.753742] (quad_msgs) StdoutLine: {'line': b'-- Installing: /home/rml/ros2_ws/src/quad-sdk/matlab_msg_gen/glnxa64/install/include/quad_msgs/quad_msgs/msg/detail/leg_contact_mode__rosidl_typesupport_introspection_cpp.hpp\n'}
[9.753764] (quad_msgs) StdoutLine: {'line': b'-- Installing: /home/rml/ros2_ws/src/quad-sdk/matlab_msg_gen/glnxa64/install/include/quad_msgs/quad_msgs/msg/detail/multi_foot_plan_continuous__type_support.cpp\n'}
[9.753786] (quad_msgs) StdoutLine: {'line': b'-- Installing: /home/rml/ros2_ws/src/quad-sdk/matlab_msg_gen/glnxa64/install/include/quad_msgs/quad_msgs/msg/detail/multi_foot_state__rosidl_typesupport_introspection_cpp.hpp\n'}
[9.753806] (quad_msgs) StdoutLine: {'line': b'-- Installing: /home/rml/ros2_ws/src/quad-sdk/matlab_msg_gen/glnxa64/install/include/quad_msgs/quad_msgs/msg/detail/body_plan__type_support.cpp\n'}
[9.753828] (quad_msgs) StdoutLine: {'line': b'-- Installing: /home/rml/ros2_ws/src/quad-sdk/matlab_msg_gen/glnxa64/install/include/quad_msgs/quad_msgs/msg/detail/foot_plan_discrete__rosidl_typesupport_introspection_cpp.hpp\n'}
[9.753850] (quad_msgs) StdoutLine: {'line': b'-- Installing: /home/rml/ros2_ws/src/quad-sdk/matlab_msg_gen/glnxa64/install/include/quad_msgs/quad_msgs/msg/detail/robot_plan__type_support.cpp\n'}
[9.753873] (quad_msgs) StdoutLine: {'line': b'-- Installing: /home/rml/ros2_ws/src/quad-sdk/matlab_msg_gen/glnxa64/install/include/quad_msgs/quad_msgs/msg/detail/multi_foot_plan_continuous__rosidl_typesupport_introspection_cpp.hpp\n'}
[9.753895] (quad_msgs) StdoutLine: {'line': b'-- Installing: /home/rml/ros2_ws/src/quad-sdk/matlab_msg_gen/glnxa64/install/include/quad_msgs/quad_msgs/msg/detail/foot_plan_discrete__type_support.cpp\n'}
[9.753917] (quad_msgs) StdoutLine: {'line': b'-- Installing: /home/rml/ros2_ws/src/quad-sdk/matlab_msg_gen/glnxa64/install/include/quad_msgs/quad_msgs/msg/detail/robot_state__type_support.cpp\n'}
[9.753940] (quad_msgs) StdoutLine: {'line': b'-- Installing: /home/rml/ros2_ws/src/quad-sdk/matlab_msg_gen/glnxa64/install/include/quad_msgs/quad_msgs/msg/detail/robot_plan_diagnostics__type_support.cpp\n'}
[9.753962] (quad_msgs) StdoutLine: {'line': b'-- Installing: /home/rml/ros2_ws/src/quad-sdk/matlab_msg_gen/glnxa64/install/include/quad_msgs/quad_msgs/msg/detail/grf_array__type_support.cpp\n'}
[9.753986] (quad_msgs) StdoutLine: {'line': b'-- Installing: /home/rml/ros2_ws/src/quad-sdk/matlab_msg_gen/glnxa64/install/include/quad_msgs/quad_msgs/msg/detail/local_plan__rosidl_typesupport_introspection_cpp.hpp\n'}
[9.754010] (quad_msgs) StdoutLine: {'line': b'-- Installing: /home/rml/ros2_ws/src/quad-sdk/matlab_msg_gen/glnxa64/install/include/quad_msgs/quad_msgs/msg/detail/local_plan__type_support.cpp\n'}
[9.754032] (quad_msgs) StdoutLine: {'line': b'-- Installing: /home/rml/ros2_ws/src/quad-sdk/matlab_msg_gen/glnxa64/install/include/quad_msgs/quad_msgs/msg/detail/robot_plan_diagnostics__rosidl_typesupport_introspection_cpp.hpp\n'}
[9.754055] (quad_msgs) StdoutLine: {'line': b'-- Installing: /home/rml/ros2_ws/src/quad-sdk/matlab_msg_gen/glnxa64/install/include/quad_msgs/quad_msgs/msg/detail/leg_contact_mode__type_support.cpp\n'}
[9.754075] (quad_msgs) StdoutLine: {'line': b'-- Installing: /home/rml/ros2_ws/src/quad-sdk/matlab_msg_gen/glnxa64/install/include/quad_msgs/quad_msgs/msg/detail/grf_array__rosidl_typesupport_introspection_cpp.hpp\n'}
[9.754096] (quad_msgs) StdoutLine: {'line': b'-- Installing: /home/rml/ros2_ws/src/quad-sdk/matlab_msg_gen/glnxa64/install/include/quad_msgs/quad_msgs/msg/detail/leg_command_array__rosidl_typesupport_introspection_cpp.hpp\n'}
[9.754121] (quad_msgs) StdoutLine: {'line': b'-- Installing: /home/rml/ros2_ws/src/quad-sdk/matlab_msg_gen/glnxa64/install/include/quad_msgs/quad_msgs/msg/detail/motor_command__type_support.cpp\n'}
[9.754136] (quad_msgs) StdoutLine: {'line': b'-- Installing: /home/rml/ros2_ws/src/quad-sdk/matlab_msg_gen/glnxa64/install/include/quad_msgs/quad_msgs/msg/detail/multi_foot_plan_discrete__rosidl_typesupport_introspection_cpp.hpp\n'}
[9.754159] (quad_msgs) StdoutLine: {'line': b'-- Installing: /home/rml/ros2_ws/src/quad-sdk/matlab_msg_gen/glnxa64/install/include/quad_msgs/quad_msgs/msg/detail/body_force_estimate__rosidl_typesupport_introspection_cpp.hpp\n'}
[9.754181] (quad_msgs) StdoutLine: {'line': b'-- Installing: /home/rml/ros2_ws/src/quad-sdk/matlab_msg_gen/glnxa64/install/include/quad_msgs/quad_msgs/msg/detail/multi_foot_plan_discrete__type_support.cpp\n'}
[9.754202] (quad_msgs) StdoutLine: {'line': b'-- Installing: /home/rml/ros2_ws/src/quad-sdk/matlab_msg_gen/glnxa64/install/include/quad_msgs/quad_msgs/msg/detail/leg_command__type_support.cpp\n'}
[9.754224] (quad_msgs) StdoutLine: {'line': b'-- Installing: /home/rml/ros2_ws/src/quad-sdk/matlab_msg_gen/glnxa64/install/include/quad_msgs/quad_msgs/msg/detail/motor_command__rosidl_typesupport_introspection_cpp.hpp\n'}
[9.754250] (quad_msgs) StdoutLine: {'line': b'-- Installing: /home/rml/ros2_ws/src/quad-sdk/matlab_msg_gen/glnxa64/install/include/quad_msgs/quad_msgs/msg/detail/foot_state__type_support.cpp\n'}
[9.754266] (quad_msgs) StdoutLine: {'line': b'-- Installing: /home/rml/ros2_ws/src/quad-sdk/matlab_msg_gen/glnxa64/install/include/quad_msgs/quad_msgs/msg/detail/contact_mode__type_support.cpp\n'}
[9.754291] (quad_msgs) StdoutLine: {'line': b'-- Installing: /home/rml/ros2_ws/src/quad-sdk/matlab_msg_gen/glnxa64/install/include/quad_msgs/quad_msgs/msg/detail/robot_state__rosidl_typesupport_introspection_cpp.hpp\n'}
[9.754308] (quad_msgs) StdoutLine: {'line': b'-- Installing: /home/rml/ros2_ws/src/quad-sdk/matlab_msg_gen/glnxa64/install/include/quad_msgs/quad_msgs/msg/detail/robot_plan__rosidl_typesupport_introspection_cpp.hpp\n'}
[9.754334] (quad_msgs) StdoutLine: {'line': b'-- Installing: /home/rml/ros2_ws/src/quad-sdk/matlab_msg_gen/glnxa64/install/include/quad_msgs/quad_msgs/msg/detail/body_state__rosidl_typesupport_introspection_cpp.hpp\n'}
[9.754349] (quad_msgs) StdoutLine: {'line': b'-- Installing: /home/rml/ros2_ws/src/quad-sdk/matlab_msg_gen/glnxa64/install/include/quad_msgs/quad_msgs/msg/detail/multi_foot_state__type_support.cpp\n'}
[9.754372] (quad_msgs) StdoutLine: {'line': b'-- Installing: /home/rml/ros2_ws/src/quad-sdk/matlab_msg_gen/glnxa64/install/lib/libquad_msgs__rosidl_typesupport_introspection_cpp.so\n'}
[9.754586] (quad_msgs) StdoutLine: {'line': b'-- Installing: /home/rml/ros2_ws/src/quad-sdk/matlab_msg_gen/glnxa64/install/lib/libquad_msgs__rosidl_typesupport_cpp.so\n'}
[9.754653] (quad_msgs) StdoutLine: {'line': b'-- Installing: /home/rml/ros2_ws/src/quad-sdk/matlab_msg_gen/glnxa64/install/share/quad_msgs/msg/BodyForceEstimate.idl\n'}
[9.754711] (quad_msgs) StdoutLine: {'line': b'-- Installing: /home/rml/ros2_ws/src/quad-sdk/matlab_msg_gen/glnxa64/install/share/quad_msgs/msg/BodyPlan.idl\n'}
[9.754751] (quad_msgs) StdoutLine: {'line': b'-- Installing: /home/rml/ros2_ws/src/quad-sdk/matlab_msg_gen/glnxa64/install/share/quad_msgs/msg/BodyState.idl\n'}
[9.754773] (quad_msgs) StdoutLine: {'line': b'-- Installing: /home/rml/ros2_ws/src/quad-sdk/matlab_msg_gen/glnxa64/install/share/quad_msgs/msg/ContactMode.idl\n'}
[9.754792] (quad_msgs) StdoutLine: {'line': b'-- Installing: /home/rml/ros2_ws/src/quad-sdk/matlab_msg_gen/glnxa64/install/share/quad_msgs/msg/FootPlanDiscrete.idl\n'}
[9.754822] (quad_msgs) StdoutLine: {'line': b'-- Installing: /home/rml/ros2_ws/src/quad-sdk/matlab_msg_gen/glnxa64/install/share/quad_msgs/msg/FootState.idl\n'}
[9.754841] (quad_msgs) StdoutLine: {'line': b'-- Installing: /home/rml/ros2_ws/src/quad-sdk/matlab_msg_gen/glnxa64/install/share/quad_msgs/msg/GRFArray.idl\n'}
[9.754858] (quad_msgs) StdoutLine: {'line': b'-- Installing: /home/rml/ros2_ws/src/quad-sdk/matlab_msg_gen/glnxa64/install/share/quad_msgs/msg/LegCommand.idl\n'}
[9.754887] (quad_msgs) StdoutLine: {'line': b'-- Installing: /home/rml/ros2_ws/src/quad-sdk/matlab_msg_gen/glnxa64/install/share/quad_msgs/msg/LegCommandArray.idl\n'}
[9.754906] (quad_msgs) StdoutLine: {'line': b'-- Installing: /home/rml/ros2_ws/src/quad-sdk/matlab_msg_gen/glnxa64/install/share/quad_msgs/msg/LegContactMode.idl\n'}
[9.754932] (quad_msgs) StdoutLine: {'line': b'-- Installing: /home/rml/ros2_ws/src/quad-sdk/matlab_msg_gen/glnxa64/install/share/quad_msgs/msg/LocalPlan.idl\n'}
[9.754950] (quad_msgs) StdoutLine: {'line': b'-- Installing: /home/rml/ros2_ws/src/quad-sdk/matlab_msg_gen/glnxa64/install/share/quad_msgs/msg/MotorCommand.idl\n'}
[9.754973] (quad_msgs) StdoutLine: {'line': b'-- Installing: /home/rml/ros2_ws/src/quad-sdk/matlab_msg_gen/glnxa64/install/share/quad_msgs/msg/MultiFootPlanContinuous.idl\n'}
[9.754994] (quad_msgs) StdoutLine: {'line': b'-- Installing: /home/rml/ros2_ws/src/quad-sdk/matlab_msg_gen/glnxa64/install/share/quad_msgs/msg/MultiFootPlanDiscrete.idl\n'}
[9.755016] (quad_msgs) StdoutLine: {'line': b'-- Installing: /home/rml/ros2_ws/src/quad-sdk/matlab_msg_gen/glnxa64/install/share/quad_msgs/msg/MultiFootState.idl\n'}
[9.755041] (quad_msgs) StdoutLine: {'line': b'-- Installing: /home/rml/ros2_ws/src/quad-sdk/matlab_msg_gen/glnxa64/install/share/quad_msgs/msg/RobotPlan.idl\n'}
[9.755062] (quad_msgs) StdoutLine: {'line': b'-- Installing: /home/rml/ros2_ws/src/quad-sdk/matlab_msg_gen/glnxa64/install/share/quad_msgs/msg/RobotPlanDiagnostics.idl\n'}
[9.755087] (quad_msgs) StdoutLine: {'line': b'-- Installing: /home/rml/ros2_ws/src/quad-sdk/matlab_msg_gen/glnxa64/install/share/quad_msgs/msg/RobotState.idl\n'}
[9.755114] (quad_msgs) StdoutLine: {'line': b'-- Installing: /home/rml/ros2_ws/src/quad-sdk/matlab_msg_gen/glnxa64/install/share/quad_msgs/msg/BodyForceEstimate.msg\n'}
[9.755141] (quad_msgs) StdoutLine: {'line': b'-- Installing: /home/rml/ros2_ws/src/quad-sdk/matlab_msg_gen/glnxa64/install/share/quad_msgs/msg/BodyPlan.msg\n'}
[9.755167] (quad_msgs) StdoutLine: {'line': b'-- Installing: /home/rml/ros2_ws/src/quad-sdk/matlab_msg_gen/glnxa64/install/share/quad_msgs/msg/BodyState.msg\n'}
[9.755192] (quad_msgs) StdoutLine: {'line': b'-- Installing: /home/rml/ros2_ws/src/quad-sdk/matlab_msg_gen/glnxa64/install/share/quad_msgs/msg/ContactMode.msg\n'}
[9.755218] (quad_msgs) StdoutLine: {'line': b'-- Installing: /home/rml/ros2_ws/src/quad-sdk/matlab_msg_gen/glnxa64/install/share/quad_msgs/msg/FootPlanDiscrete.msg\n'}
[9.755247] (quad_msgs) StdoutLine: {'line': b'-- Installing: /home/rml/ros2_ws/src/quad-sdk/matlab_msg_gen/glnxa64/install/share/quad_msgs/msg/FootState.msg\n'}
[9.755275] (quad_msgs) StdoutLine: {'line': b'-- Installing: /home/rml/ros2_ws/src/quad-sdk/matlab_msg_gen/glnxa64/install/share/quad_msgs/msg/GRFArray.msg\n'}
[9.755299] (quad_msgs) StdoutLine: {'line': b'-- Installing: /home/rml/ros2_ws/src/quad-sdk/matlab_msg_gen/glnxa64/install/share/quad_msgs/msg/LegCommand.msg\n'}
[9.755326] (quad_msgs) StdoutLine: {'line': b'-- Installing: /home/rml/ros2_ws/src/quad-sdk/matlab_msg_gen/glnxa64/install/share/quad_msgs/msg/LegCommandArray.msg\n'}
[9.755352] (quad_msgs) StdoutLine: {'line': b'-- Installing: /home/rml/ros2_ws/src/quad-sdk/matlab_msg_gen/glnxa64/install/share/quad_msgs/msg/LegContactMode.msg\n'}
[9.755387] (quad_msgs) StdoutLine: {'line': b'-- Installing: /home/rml/ros2_ws/src/quad-sdk/matlab_msg_gen/glnxa64/install/share/quad_msgs/msg/LocalPlan.msg\n'}
[9.755413] (quad_msgs) StdoutLine: {'line': b'-- Installing: /home/rml/ros2_ws/src/quad-sdk/matlab_msg_gen/glnxa64/install/share/quad_msgs/msg/MotorCommand.msg\n'}
[9.755437] (quad_msgs) StdoutLine: {'line': b'-- Installing: /home/rml/ros2_ws/src/quad-sdk/matlab_msg_gen/glnxa64/install/share/quad_msgs/msg/MultiFootPlanContinuous.msg\n'}
[9.755464] (quad_msgs) StdoutLine: {'line': b'-- Installing: /home/rml/ros2_ws/src/quad-sdk/matlab_msg_gen/glnxa64/install/share/quad_msgs/msg/MultiFootPlanDiscrete.msg\n'}
[9.755492] (quad_msgs) StdoutLine: {'line': b'-- Installing: /home/rml/ros2_ws/src/quad-sdk/matlab_msg_gen/glnxa64/install/share/quad_msgs/msg/MultiFootState.msg\n'}
[9.755517] (quad_msgs) StdoutLine: {'line': b'-- Installing: /home/rml/ros2_ws/src/quad-sdk/matlab_msg_gen/glnxa64/install/share/quad_msgs/msg/RobotPlan.msg\n'}
[9.755543] (quad_msgs) StdoutLine: {'line': b'-- Installing: /home/rml/ros2_ws/src/quad-sdk/matlab_msg_gen/glnxa64/install/share/quad_msgs/msg/RobotPlanDiagnostics.msg\n'}
[9.755570] (quad_msgs) StdoutLine: {'line': b'-- Installing: /home/rml/ros2_ws/src/quad-sdk/matlab_msg_gen/glnxa64/install/share/quad_msgs/msg/RobotState.msg\n'}
[9.755595] (quad_msgs) StdoutLine: {'line': b'-- Up-to-date: /home/rml/ros2_ws/src/quad-sdk/matlab_msg_gen/glnxa64/install/include\n'}
[9.755621] (quad_msgs) StdoutLine: {'line': b'-- Up-to-date: /home/rml/ros2_ws/src/quad-sdk/matlab_msg_gen/glnxa64/install/include/quad_msgs\n'}
[9.755636] (quad_msgs) StdoutLine: {'line': b'-- Installing: /home/rml/ros2_ws/src/quad-sdk/matlab_msg_gen/glnxa64/install/include/quad_msgs/visibility_control.h\n'}
[9.755659] (quad_msgs) StdoutLine: {'line': b'-- Installing: /home/rml/ros2_ws/src/quad-sdk/matlab_msg_gen/glnxa64/install/lib/libquad_msgs_matlab.so\n'}
[9.774355] (quad_msgs) StdoutLine: {'line': b'-- Installing: /home/rml/ros2_ws/src/quad-sdk/matlab_msg_gen/glnxa64/install/m/\n'}
[9.774439] (quad_msgs) StdoutLine: {'line': b'-- Installing: /home/rml/ros2_ws/src/quad-sdk/matlab_msg_gen/glnxa64/install/m//+ros\n'}
[9.774491] (quad_msgs) StdoutLine: {'line': b'-- Installing: /home/rml/ros2_ws/src/quad-sdk/matlab_msg_gen/glnxa64/install/m//+ros/+internal\n'}
[9.774525] (quad_msgs) StdoutLine: {'line': b'-- Installing: /home/rml/ros2_ws/src/quad-sdk/matlab_msg_gen/glnxa64/install/m//+ros/+internal/+ros2\n'}
[9.774556] (quad_msgs) StdoutLine: {'line': b'-- Installing: /home/rml/ros2_ws/src/quad-sdk/matlab_msg_gen/glnxa64/install/m//+ros/+internal/+ros2/+custommessages\n'}
[9.774588] (quad_msgs) StdoutLine: {'line': b'-- Installing: /home/rml/ros2_ws/src/quad-sdk/matlab_msg_gen/glnxa64/install/m//+ros/+internal/+ros2/+custommessages/+quad_msgs\n'}
[9.774634] (quad_msgs) StdoutLine: {'line': b'-- Installing: /home/rml/ros2_ws/src/quad-sdk/matlab_msg_gen/glnxa64/install/m//+ros/+internal/+ros2/+custommessages/+quad_msgs/bodyState.m\n'}
[9.774697] (quad_msgs) StdoutLine: {'line': b'-- Installing: /home/rml/ros2_ws/src/quad-sdk/matlab_msg_gen/glnxa64/install/m//+ros/+internal/+ros2/+custommessages/+quad_msgs/contactMode.m\n'}
[9.774739] (quad_msgs) StdoutLine: {'line': b'-- Installing: /home/rml/ros2_ws/src/quad-sdk/matlab_msg_gen/glnxa64/install/m//+ros/+internal/+ros2/+custommessages/+quad_msgs/multiFootPlanContinuous.m\n'}
[9.774777] (quad_msgs) StdoutLine: {'line': b'-- Installing: /home/rml/ros2_ws/src/quad-sdk/matlab_msg_gen/glnxa64/install/m//+ros/+internal/+ros2/+custommessages/+quad_msgs/robotPlanDiagnostics.m\n'}
[9.774819] (quad_msgs) StdoutLine: {'line': b'-- Installing: /home/rml/ros2_ws/src/quad-sdk/matlab_msg_gen/glnxa64/install/m//+ros/+internal/+ros2/+custommessages/+quad_msgs/multiFootPlanDiscrete.m\n'}
[9.774855] (quad_msgs) StdoutLine: {'line': b'-- Installing: /home/rml/ros2_ws/src/quad-sdk/matlab_msg_gen/glnxa64/install/m//+ros/+internal/+ros2/+custommessages/+quad_msgs/legCommandArray.m\n'}
[9.774891] (quad_msgs) StdoutLine: {'line': b'-- Installing: /home/rml/ros2_ws/src/quad-sdk/matlab_msg_gen/glnxa64/install/m//+ros/+internal/+ros2/+custommessages/+quad_msgs/footState.m\n'}
[9.774927] (quad_msgs) StdoutLine: {'line': b'-- Installing: /home/rml/ros2_ws/src/quad-sdk/matlab_msg_gen/glnxa64/install/m//+ros/+internal/+ros2/+custommessages/+quad_msgs/motorCommand.m\n'}
[9.774964] (quad_msgs) StdoutLine: {'line': b'-- Installing: /home/rml/ros2_ws/src/quad-sdk/matlab_msg_gen/glnxa64/install/m//+ros/+internal/+ros2/+custommessages/+quad_msgs/gRFArray.m\n'}
[9.775000] (quad_msgs) StdoutLine: {'line': b'-- Installing: /home/rml/ros2_ws/src/quad-sdk/matlab_msg_gen/glnxa64/install/m//+ros/+internal/+ros2/+custommessages/+quad_msgs/bodyPlan.m\n'}
[9.775035] (quad_msgs) StdoutLine: {'line': b'-- Installing: /home/rml/ros2_ws/src/quad-sdk/matlab_msg_gen/glnxa64/install/m//+ros/+internal/+ros2/+custommessages/+quad_msgs/robotState.m\n'}
[9.775071] (quad_msgs) StdoutLine: {'line': b'-- Installing: /home/rml/ros2_ws/src/quad-sdk/matlab_msg_gen/glnxa64/install/m//+ros/+internal/+ros2/+custommessages/+quad_msgs/localPlan.m\n'}
[9.775110] (quad_msgs) StdoutLine: {'line': b'-- Installing: /home/rml/ros2_ws/src/quad-sdk/matlab_msg_gen/glnxa64/install/m//+ros/+internal/+ros2/+custommessages/+quad_msgs/legContactMode.m\n'}
[9.775147] (quad_msgs) StdoutLine: {'line': b'-- Installing: /home/rml/ros2_ws/src/quad-sdk/matlab_msg_gen/glnxa64/install/m//+ros/+internal/+ros2/+custommessages/+quad_msgs/footPlanDiscrete.m\n'}
[9.775183] (quad_msgs) StdoutLine: {'line': b'-- Installing: /home/rml/ros2_ws/src/quad-sdk/matlab_msg_gen/glnxa64/install/m//+ros/+internal/+ros2/+custommessages/+quad_msgs/legCommand.m\n'}
[9.775218] (quad_msgs) StdoutLine: {'line': b'-- Installing: /home/rml/ros2_ws/src/quad-sdk/matlab_msg_gen/glnxa64/install/m//+ros/+internal/+ros2/+custommessages/+quad_msgs/bodyForceEstimate.m\n'}
[9.775256] (quad_msgs) StdoutLine: {'line': b'-- Installing: /home/rml/ros2_ws/src/quad-sdk/matlab_msg_gen/glnxa64/install/m//+ros/+internal/+ros2/+custommessages/+quad_msgs/multiFootState.m\n'}
[9.775292] (quad_msgs) StdoutLine: {'line': b'-- Installing: /home/rml/ros2_ws/src/quad-sdk/matlab_msg_gen/glnxa64/install/m//+ros/+internal/+ros2/+custommessages/+quad_msgs/robotPlan.m\n'}
[9.775437] (quad_msgs) StdoutLine: {'line': b'-- Installing: /home/rml/ros2_ws/src/quad-sdk/matlab_msg_gen/glnxa64/install/share/ament_index/resource_index/package_run_dependencies/quad_msgs\n'}
[9.775524] (quad_msgs) StdoutLine: {'line': b'-- Installing: /home/rml/ros2_ws/src/quad-sdk/matlab_msg_gen/glnxa64/install/share/ament_index/resource_index/parent_prefix_path/quad_msgs\n'}
[9.775590] (quad_msgs) StdoutLine: {'line': b'-- Installing: /home/rml/ros2_ws/src/quad-sdk/matlab_msg_gen/glnxa64/install/share/quad_msgs/environment/ament_prefix_path.sh\n'}
[9.775629] (quad_msgs) StdoutLine: {'line': b'-- Installing: /home/rml/ros2_ws/src/quad-sdk/matlab_msg_gen/glnxa64/install/share/quad_msgs/environment/ament_prefix_path.dsv\n'}
[9.775659] (quad_msgs) StdoutLine: {'line': b'-- Installing: /home/rml/ros2_ws/src/quad-sdk/matlab_msg_gen/glnxa64/install/share/quad_msgs/environment/path.sh\n'}
[9.775694] (quad_msgs) StdoutLine: {'line': b'-- Installing: /home/rml/ros2_ws/src/quad-sdk/matlab_msg_gen/glnxa64/install/share/quad_msgs/environment/path.dsv\n'}
[9.775718] (quad_msgs) StdoutLine: {'line': b'-- Installing: /home/rml/ros2_ws/src/quad-sdk/matlab_msg_gen/glnxa64/install/share/quad_msgs/local_setup.bash\n'}
[9.775747] (quad_msgs) StdoutLine: {'line': b'-- Installing: /home/rml/ros2_ws/src/quad-sdk/matlab_msg_gen/glnxa64/install/share/quad_msgs/local_setup.sh\n'}
[9.775776] (quad_msgs) StdoutLine: {'line': b'-- Installing: /home/rml/ros2_ws/src/quad-sdk/matlab_msg_gen/glnxa64/install/share/quad_msgs/local_setup.zsh\n'}
[9.775806] (quad_msgs) StdoutLine: {'line': b'-- Installing: /home/rml/ros2_ws/src/quad-sdk/matlab_msg_gen/glnxa64/install/share/quad_msgs/local_setup.dsv\n'}
[9.775830] (quad_msgs) StdoutLine: {'line': b'-- Installing: /home/rml/ros2_ws/src/quad-sdk/matlab_msg_gen/glnxa64/install/share/quad_msgs/package.dsv\n'}
[9.775869] (quad_msgs) StdoutLine: {'line': b'-- Installing: /home/rml/ros2_ws/src/quad-sdk/matlab_msg_gen/glnxa64/install/share/ament_index/resource_index/packages/quad_msgs\n'}
[9.775917] (quad_msgs) StdoutLine: {'line': b'-- Installing: /home/rml/ros2_ws/src/quad-sdk/matlab_msg_gen/glnxa64/install/share/quad_msgs/cmake/export_quad_msgs__rosidl_generator_cExport.cmake\n'}
[9.775955] (quad_msgs) StdoutLine: {'line': b'-- Installing: /home/rml/ros2_ws/src/quad-sdk/matlab_msg_gen/glnxa64/install/share/quad_msgs/cmake/export_quad_msgs__rosidl_generator_cExport-release.cmake\n'}
[9.775989] (quad_msgs) StdoutLine: {'line': b'-- Installing: /home/rml/ros2_ws/src/quad-sdk/matlab_msg_gen/glnxa64/install/share/quad_msgs/cmake/export_quad_msgs__rosidl_typesupport_fastrtps_cExport.cmake\n'}
[9.776022] (quad_msgs) StdoutLine: {'line': b'-- Installing: /home/rml/ros2_ws/src/quad-sdk/matlab_msg_gen/glnxa64/install/share/quad_msgs/cmake/export_quad_msgs__rosidl_typesupport_fastrtps_cExport-release.cmake\n'}
[9.776093] (quad_msgs) StdoutLine: {'line': b'-- Installing: /home/rml/ros2_ws/src/quad-sdk/matlab_msg_gen/glnxa64/install/share/quad_msgs/cmake/quad_msgs__rosidl_typesupport_introspection_cExport.cmake\n'}
[9.776198] (quad_msgs) StdoutLine: {'line': b'-- Installing: /home/rml/ros2_ws/src/quad-sdk/matlab_msg_gen/glnxa64/install/share/quad_msgs/cmake/quad_msgs__rosidl_typesupport_introspection_cExport-release.cmake\n'}
[9.776253] (quad_msgs) StdoutLine: {'line': b'-- Installing: /home/rml/ros2_ws/src/quad-sdk/matlab_msg_gen/glnxa64/install/share/quad_msgs/cmake/quad_msgs__rosidl_typesupport_cExport.cmake\n'}
[9.776306] (quad_msgs) StdoutLine: {'line': b'-- Installing: /home/rml/ros2_ws/src/quad-sdk/matlab_msg_gen/glnxa64/install/share/quad_msgs/cmake/quad_msgs__rosidl_typesupport_cExport-release.cmake\n'}
[9.776342] (quad_msgs) StdoutLine: {'line': b'-- Installing: /home/rml/ros2_ws/src/quad-sdk/matlab_msg_gen/glnxa64/install/share/quad_msgs/cmake/export_quad_msgs__rosidl_generator_cppExport.cmake\n'}
[9.776404] (quad_msgs) StdoutLine: {'line': b'-- Installing: /home/rml/ros2_ws/src/quad-sdk/matlab_msg_gen/glnxa64/install/share/quad_msgs/cmake/export_quad_msgs__rosidl_typesupport_fastrtps_cppExport.cmake\n'}
[9.776463] (quad_msgs) StdoutLine: {'line': b'-- Installing: /home/rml/ros2_ws/src/quad-sdk/matlab_msg_gen/glnxa64/install/share/quad_msgs/cmake/export_quad_msgs__rosidl_typesupport_fastrtps_cppExport-release.cmake\n'}
[9.776500] (quad_msgs) StdoutLine: {'line': b'-- Installing: /home/rml/ros2_ws/src/quad-sdk/matlab_msg_gen/glnxa64/install/share/quad_msgs/cmake/quad_msgs__rosidl_typesupport_introspection_cppExport.cmake\n'}
[9.776553] (quad_msgs) StdoutLine: {'line': b'-- Installing: /home/rml/ros2_ws/src/quad-sdk/matlab_msg_gen/glnxa64/install/share/quad_msgs/cmake/quad_msgs__rosidl_typesupport_introspection_cppExport-release.cmake\n'}
[9.776605] (quad_msgs) StdoutLine: {'line': b'-- Installing: /home/rml/ros2_ws/src/quad-sdk/matlab_msg_gen/glnxa64/install/share/quad_msgs/cmake/quad_msgs__rosidl_typesupport_cppExport.cmake\n'}
[9.776643] (quad_msgs) StdoutLine: {'line': b'-- Installing: /home/rml/ros2_ws/src/quad-sdk/matlab_msg_gen/glnxa64/install/share/quad_msgs/cmake/quad_msgs__rosidl_typesupport_cppExport-release.cmake\n'}
[9.776664] (quad_msgs) StdoutLine: {'line': b'-- Installing: /home/rml/ros2_ws/src/quad-sdk/matlab_msg_gen/glnxa64/install/share/quad_msgs/cmake/rosidl_cmake-extras.cmake\n'}
[9.776679] (quad_msgs) StdoutLine: {'line': b'-- Installing: /home/rml/ros2_ws/src/quad-sdk/matlab_msg_gen/glnxa64/install/share/quad_msgs/cmake/ament_cmake_export_dependencies-extras.cmake\n'}
[9.776696] (quad_msgs) StdoutLine: {'line': b'-- Installing: /home/rml/ros2_ws/src/quad-sdk/matlab_msg_gen/glnxa64/install/share/quad_msgs/cmake/ament_cmake_export_include_directories-extras.cmake\n'}
[9.776726] (quad_msgs) StdoutLine: {'line': b'-- Installing: /home/rml/ros2_ws/src/quad-sdk/matlab_msg_gen/glnxa64/install/share/quad_msgs/cmake/ament_cmake_export_libraries-extras.cmake\n'}
[9.776740] (quad_msgs) StdoutLine: {'line': b'-- Installing: /home/rml/ros2_ws/src/quad-sdk/matlab_msg_gen/glnxa64/install/share/quad_msgs/cmake/ament_cmake_export_targets-extras.cmake\n'}
[9.776754] (quad_msgs) StdoutLine: {'line': b'-- Installing: /home/rml/ros2_ws/src/quad-sdk/matlab_msg_gen/glnxa64/install/share/quad_msgs/cmake/rosidl_cmake_export_typesupport_targets-extras.cmake\n'}
[9.776768] (quad_msgs) StdoutLine: {'line': b'-- Installing: /home/rml/ros2_ws/src/quad-sdk/matlab_msg_gen/glnxa64/install/share/quad_msgs/cmake/rosidl_cmake_export_typesupport_libraries-extras.cmake\n'}
[9.776782] (quad_msgs) StdoutLine: {'line': b'-- Installing: /home/rml/ros2_ws/src/quad-sdk/matlab_msg_gen/glnxa64/install/share/quad_msgs/cmake/quad_msgsConfig.cmake\n'}
[9.776795] (quad_msgs) StdoutLine: {'line': b'-- Installing: /home/rml/ros2_ws/src/quad-sdk/matlab_msg_gen/glnxa64/install/share/quad_msgs/cmake/quad_msgsConfig-version.cmake\n'}
[9.776809] (quad_msgs) StdoutLine: {'line': b'-- Installing: /home/rml/ros2_ws/src/quad-sdk/matlab_msg_gen/glnxa64/install/share/quad_msgs/package.xml\n'}
[9.777523] (quad_msgs) CommandEnded: {'returncode': 0}
[9.816039] (quad_msgs) JobEnded: {'identifier': 'quad_msgs', 'rc': 0}
[9.816546] (-) EventReactorShutdown: {}
