[0.054s] DEBUG:colcon:Command line arguments: ['/usr/bin/colcon', 'build', '--packages-up-to', 'mujoco_sim', '--cmake-args', '-DCMAKE_BUILD_TYPE=Release']
[0.054s] DEBUG:colcon:Parsed command line arguments: Namespace(log_base=None, log_level=None, verb_name='build', build_base='build', install_base='install', merge_install=False, symlink_install=False, test_result_base=None, continue_on_error=False, executor='parallel', parallel_workers=16, event_handlers=None, ignore_user_meta=False, metas=['./colcon.meta'], base_paths=['.'], packages_ignore=None, packages_ignore_regex=None, paths=None, packages_up_to=['mujoco_sim'], packages_up_to_regex=None, packages_above=None, packages_above_and_dependencies=None, packages_above_depth=None, packages_select_by_dep=None, packages_skip_by_dep=None, packages_skip_up_to=None, packages_select_build_failed=False, packages_skip_build_finished=False, packages_select_test_failures=False, packages_skip_test_passed=False, packages_select=None, packages_skip=None, packages_select_regex=None, packages_skip_regex=None, packages_start=None, packages_end=None, allow_overriding=[], cmake_args=['-DCMAKE_BUILD_TYPE=Release'], cmake_target=None, cmake_target_skip_unavailable=False, cmake_clean_cache=False, cmake_clean_first=False, cmake_force_configure=False, ament_cmake_args=None, catkin_cmake_args=None, catkin_skip_building_tests=False, verb_parser=<colcon_defaults.argument_parser.defaults.DefaultArgumentsDecorator object at 0x7e9b1b9e3c20>, verb_extension=<colcon_core.verb.build.BuildVerb object at 0x7e9b1ba01f10>, main=<bound method BuildVerb.main of <colcon_core.verb.build.BuildVerb object at 0x7e9b1ba01f10>>)
[0.070s] Level 1:colcon.colcon_core.package_discovery:discover_packages(colcon_meta) check parameters
[0.070s] Level 1:colcon.colcon_core.package_discovery:discover_packages(recursive) check parameters
[0.070s] Level 1:colcon.colcon_core.package_discovery:discover_packages(ignore) check parameters
[0.070s] Level 1:colcon.colcon_core.package_discovery:discover_packages(path) check parameters
[0.070s] Level 1:colcon.colcon_core.package_discovery:discover_packages(colcon_meta) discover
[0.070s] Level 1:colcon.colcon_core.package_discovery:discover_packages(recursive) discover
[0.070s] INFO:colcon.colcon_core.package_discovery:Crawling recursively for packages in '/home/rml/ros2_ws/src/quad-sdk'
[0.070s] Level 1:colcon.colcon_core.package_identification:_identify(.) by extensions ['ignore', 'ignore_ament_install']
[0.070s] Level 1:colcon.colcon_core.package_identification:_identify(.) by extension 'ignore'
[0.070s] Level 1:colcon.colcon_core.package_identification:_identify(.) by extension 'ignore_ament_install'
[0.070s] Level 1:colcon.colcon_core.package_identification:_identify(.) by extensions ['colcon_pkg']
[0.070s] Level 1:colcon.colcon_core.package_identification:_identify(.) by extension 'colcon_pkg'
[0.070s] Level 1:colcon.colcon_core.package_identification:_identify(.) by extensions ['colcon_meta']
[0.070s] Level 1:colcon.colcon_core.package_identification:_identify(.) by extension 'colcon_meta'
[0.070s] Level 1:colcon.colcon_core.package_identification:_identify(.) by extensions ['ros']
[0.070s] Level 1:colcon.colcon_core.package_identification:_identify(.) by extension 'ros'
[0.081s] Level 1:colcon.colcon_core.package_identification:_identify(.) by extensions ['cmake', 'python']
[0.081s] Level 1:colcon.colcon_core.package_identification:_identify(.) by extension 'cmake'
[0.081s] Level 1:colcon.colcon_core.package_identification:_identify(.) by extension 'python'
[0.081s] Level 1:colcon.colcon_core.package_identification:_identify(.) by extensions ['python_setup_py']
[0.081s] Level 1:colcon.colcon_core.package_identification:_identify(.) by extension 'python_setup_py'
[0.081s] Level 1:colcon.colcon_core.package_identification:_identify(body_force_estimator) by extensions ['ignore', 'ignore_ament_install']
[0.081s] Level 1:colcon.colcon_core.package_identification:_identify(body_force_estimator) by extension 'ignore'
[0.082s] Level 1:colcon.colcon_core.package_identification:_identify(body_force_estimator) by extension 'ignore_ament_install'
[0.082s] Level 1:colcon.colcon_core.package_identification:_identify(body_force_estimator) by extensions ['colcon_pkg']
[0.082s] Level 1:colcon.colcon_core.package_identification:_identify(body_force_estimator) by extension 'colcon_pkg'
[0.082s] Level 1:colcon.colcon_core.package_identification:_identify(body_force_estimator) by extensions ['colcon_meta']
[0.082s] Level 1:colcon.colcon_core.package_identification:_identify(body_force_estimator) by extension 'colcon_meta'
[0.082s] Level 1:colcon.colcon_core.package_identification:_identify(body_force_estimator) by extensions ['ros']
[0.082s] Level 1:colcon.colcon_core.package_identification:_identify(body_force_estimator) by extension 'ros'
[0.083s] DEBUG:colcon.colcon_core.package_identification:Package 'body_force_estimator' with type 'ros.ament_cmake' and name 'body_force_estimator'
[0.083s] Level 1:colcon.colcon_core.package_identification:_identify(build) by extensions ['ignore', 'ignore_ament_install']
[0.083s] Level 1:colcon.colcon_core.package_identification:_identify(build) by extension 'ignore'
[0.083s] Level 1:colcon.colcon_core.package_identification:_identify(build) ignored
[0.083s] Level 1:colcon.colcon_core.package_identification:_identify(doc) by extensions ['ignore', 'ignore_ament_install']
[0.083s] Level 1:colcon.colcon_core.package_identification:_identify(doc) by extension 'ignore'
[0.083s] Level 1:colcon.colcon_core.package_identification:_identify(doc) by extension 'ignore_ament_install'
[0.083s] Level 1:colcon.colcon_core.package_identification:_identify(doc) by extensions ['colcon_pkg']
[0.083s] Level 1:colcon.colcon_core.package_identification:_identify(doc) by extension 'colcon_pkg'
[0.083s] Level 1:colcon.colcon_core.package_identification:_identify(doc) by extensions ['colcon_meta']
[0.083s] Level 1:colcon.colcon_core.package_identification:_identify(doc) by extension 'colcon_meta'
[0.083s] Level 1:colcon.colcon_core.package_identification:_identify(doc) by extensions ['ros']
[0.083s] Level 1:colcon.colcon_core.package_identification:_identify(doc) by extension 'ros'
[0.083s] Level 1:colcon.colcon_core.package_identification:_identify(doc) by extensions ['cmake', 'python']
[0.083s] Level 1:colcon.colcon_core.package_identification:_identify(doc) by extension 'cmake'
[0.083s] Level 1:colcon.colcon_core.package_identification:_identify(doc) by extension 'python'
[0.083s] Level 1:colcon.colcon_core.package_identification:_identify(doc) by extensions ['python_setup_py']
[0.083s] Level 1:colcon.colcon_core.package_identification:_identify(doc) by extension 'python_setup_py'
[0.083s] Level 1:colcon.colcon_core.package_identification:_identify(external) by extensions ['ignore', 'ignore_ament_install']
[0.083s] Level 1:colcon.colcon_core.package_identification:_identify(external) by extension 'ignore'
[0.083s] Level 1:colcon.colcon_core.package_identification:_identify(external) by extension 'ignore_ament_install'
[0.083s] Level 1:colcon.colcon_core.package_identification:_identify(external) by extensions ['colcon_pkg']
[0.083s] Level 1:colcon.colcon_core.package_identification:_identify(external) by extension 'colcon_pkg'
[0.083s] Level 1:colcon.colcon_core.package_identification:_identify(external) by extensions ['colcon_meta']
[0.083s] Level 1:colcon.colcon_core.package_identification:_identify(external) by extension 'colcon_meta'
[0.083s] Level 1:colcon.colcon_core.package_identification:_identify(external) by extensions ['ros']
[0.083s] Level 1:colcon.colcon_core.package_identification:_identify(external) by extension 'ros'
[0.083s] Level 1:colcon.colcon_core.package_identification:_identify(external) by extensions ['cmake', 'python']
[0.083s] Level 1:colcon.colcon_core.package_identification:_identify(external) by extension 'cmake'
[0.083s] Level 1:colcon.colcon_core.package_identification:_identify(external) by extension 'python'
[0.083s] Level 1:colcon.colcon_core.package_identification:_identify(external) by extensions ['python_setup_py']
[0.083s] Level 1:colcon.colcon_core.package_identification:_identify(external) by extension 'python_setup_py'
[0.083s] Level 1:colcon.colcon_core.package_identification:_identify(external/ipopt) by extensions ['ignore', 'ignore_ament_install']
[0.083s] Level 1:colcon.colcon_core.package_identification:_identify(external/ipopt) by extension 'ignore'
[0.083s] Level 1:colcon.colcon_core.package_identification:_identify(external/ipopt) by extension 'ignore_ament_install'
[0.083s] Level 1:colcon.colcon_core.package_identification:_identify(external/ipopt) by extensions ['colcon_pkg']
[0.083s] Level 1:colcon.colcon_core.package_identification:_identify(external/ipopt) by extension 'colcon_pkg'
[0.083s] Level 1:colcon.colcon_core.package_identification:_identify(external/ipopt) by extensions ['colcon_meta']
[0.083s] Level 1:colcon.colcon_core.package_identification:_identify(external/ipopt) by extension 'colcon_meta'
[0.083s] Level 1:colcon.colcon_core.package_identification:_identify(external/ipopt) by extensions ['ros']
[0.083s] Level 1:colcon.colcon_core.package_identification:_identify(external/ipopt) by extension 'ros'
[0.083s] Level 1:colcon.colcon_core.package_identification:_identify(external/ipopt) by extensions ['cmake', 'python']
[0.084s] Level 1:colcon.colcon_core.package_identification:_identify(external/ipopt) by extension 'cmake'
[0.084s] Level 1:colcon.colcon_core.package_identification:_identify(external/ipopt) by extension 'python'
[0.084s] Level 1:colcon.colcon_core.package_identification:_identify(external/ipopt) by extensions ['python_setup_py']
[0.084s] Level 1:colcon.colcon_core.package_identification:_identify(external/ipopt) by extension 'python_setup_py'
[0.084s] Level 1:colcon.colcon_core.package_identification:_identify(external/ipopt/coinbrew) by extensions ['ignore', 'ignore_ament_install']
[0.084s] Level 1:colcon.colcon_core.package_identification:_identify(external/ipopt/coinbrew) by extension 'ignore'
[0.084s] Level 1:colcon.colcon_core.package_identification:_identify(external/ipopt/coinbrew) by extension 'ignore_ament_install'
[0.084s] Level 1:colcon.colcon_core.package_identification:_identify(external/ipopt/coinbrew) by extensions ['colcon_pkg']
[0.084s] Level 1:colcon.colcon_core.package_identification:_identify(external/ipopt/coinbrew) by extension 'colcon_pkg'
[0.084s] Level 1:colcon.colcon_core.package_identification:_identify(external/ipopt/coinbrew) by extensions ['colcon_meta']
[0.084s] Level 1:colcon.colcon_core.package_identification:_identify(external/ipopt/coinbrew) by extension 'colcon_meta'
[0.084s] Level 1:colcon.colcon_core.package_identification:_identify(external/ipopt/coinbrew) by extensions ['ros']
[0.084s] Level 1:colcon.colcon_core.package_identification:_identify(external/ipopt/coinbrew) by extension 'ros'
[0.084s] Level 1:colcon.colcon_core.package_identification:_identify(external/ipopt/coinbrew) by extensions ['cmake', 'python']
[0.084s] Level 1:colcon.colcon_core.package_identification:_identify(external/ipopt/coinbrew) by extension 'cmake'
[0.084s] Level 1:colcon.colcon_core.package_identification:_identify(external/ipopt/coinbrew) by extension 'python'
[0.084s] Level 1:colcon.colcon_core.package_identification:_identify(external/ipopt/coinbrew) by extensions ['python_setup_py']
[0.084s] Level 1:colcon.colcon_core.package_identification:_identify(external/ipopt/coinbrew) by extension 'python_setup_py'
[0.084s] Level 1:colcon.colcon_core.package_identification:_identify(external/ipopt/coinbrew/Ipopt) by extensions ['ignore', 'ignore_ament_install']
[0.084s] Level 1:colcon.colcon_core.package_identification:_identify(external/ipopt/coinbrew/Ipopt) by extension 'ignore'
[0.084s] Level 1:colcon.colcon_core.package_identification:_identify(external/ipopt/coinbrew/Ipopt) by extension 'ignore_ament_install'
[0.084s] Level 1:colcon.colcon_core.package_identification:_identify(external/ipopt/coinbrew/Ipopt) by extensions ['colcon_pkg']
[0.084s] Level 1:colcon.colcon_core.package_identification:_identify(external/ipopt/coinbrew/Ipopt) by extension 'colcon_pkg'
[0.084s] Level 1:colcon.colcon_core.package_identification:_identify(external/ipopt/coinbrew/Ipopt) by extensions ['colcon_meta']
[0.084s] Level 1:colcon.colcon_core.package_identification:_identify(external/ipopt/coinbrew/Ipopt) by extension 'colcon_meta'
[0.084s] Level 1:colcon.colcon_core.package_identification:_identify(external/ipopt/coinbrew/Ipopt) by extensions ['ros']
[0.084s] Level 1:colcon.colcon_core.package_identification:_identify(external/ipopt/coinbrew/Ipopt) by extension 'ros'
[0.084s] Level 1:colcon.colcon_core.package_identification:_identify(external/ipopt/coinbrew/Ipopt) by extensions ['cmake', 'python']
[0.084s] Level 1:colcon.colcon_core.package_identification:_identify(external/ipopt/coinbrew/Ipopt) by extension 'cmake'
[0.084s] Level 1:colcon.colcon_core.package_identification:_identify(external/ipopt/coinbrew/Ipopt) by extension 'python'
[0.084s] Level 1:colcon.colcon_core.package_identification:_identify(external/ipopt/coinbrew/Ipopt) by extensions ['python_setup_py']
[0.084s] Level 1:colcon.colcon_core.package_identification:_identify(external/ipopt/coinbrew/Ipopt) by extension 'python_setup_py'
[0.084s] Level 1:colcon.colcon_core.package_identification:_identify(external/ipopt/coinbrew/Ipopt/contrib) by extensions ['ignore', 'ignore_ament_install']
[0.084s] Level 1:colcon.colcon_core.package_identification:_identify(external/ipopt/coinbrew/Ipopt/contrib) by extension 'ignore'
[0.084s] Level 1:colcon.colcon_core.package_identification:_identify(external/ipopt/coinbrew/Ipopt/contrib) by extension 'ignore_ament_install'
[0.084s] Level 1:colcon.colcon_core.package_identification:_identify(external/ipopt/coinbrew/Ipopt/contrib) by extensions ['colcon_pkg']
[0.084s] Level 1:colcon.colcon_core.package_identification:_identify(external/ipopt/coinbrew/Ipopt/contrib) by extension 'colcon_pkg'
[0.084s] Level 1:colcon.colcon_core.package_identification:_identify(external/ipopt/coinbrew/Ipopt/contrib) by extensions ['colcon_meta']
[0.084s] Level 1:colcon.colcon_core.package_identification:_identify(external/ipopt/coinbrew/Ipopt/contrib) by extension 'colcon_meta'
[0.084s] Level 1:colcon.colcon_core.package_identification:_identify(external/ipopt/coinbrew/Ipopt/contrib) by extensions ['ros']
[0.084s] Level 1:colcon.colcon_core.package_identification:_identify(external/ipopt/coinbrew/Ipopt/contrib) by extension 'ros'
[0.084s] Level 1:colcon.colcon_core.package_identification:_identify(external/ipopt/coinbrew/Ipopt/contrib) by extensions ['cmake', 'python']
[0.084s] Level 1:colcon.colcon_core.package_identification:_identify(external/ipopt/coinbrew/Ipopt/contrib) by extension 'cmake'
[0.084s] Level 1:colcon.colcon_core.package_identification:_identify(external/ipopt/coinbrew/Ipopt/contrib) by extension 'python'
[0.084s] Level 1:colcon.colcon_core.package_identification:_identify(external/ipopt/coinbrew/Ipopt/contrib) by extensions ['python_setup_py']
[0.084s] Level 1:colcon.colcon_core.package_identification:_identify(external/ipopt/coinbrew/Ipopt/contrib) by extension 'python_setup_py'
[0.084s] Level 1:colcon.colcon_core.package_identification:_identify(external/ipopt/coinbrew/Ipopt/contrib/RInterface) by extensions ['ignore', 'ignore_ament_install']
[0.084s] Level 1:colcon.colcon_core.package_identification:_identify(external/ipopt/coinbrew/Ipopt/contrib/RInterface) by extension 'ignore'
[0.084s] Level 1:colcon.colcon_core.package_identification:_identify(external/ipopt/coinbrew/Ipopt/contrib/RInterface) by extension 'ignore_ament_install'
[0.084s] Level 1:colcon.colcon_core.package_identification:_identify(external/ipopt/coinbrew/Ipopt/contrib/RInterface) by extensions ['colcon_pkg']
[0.084s] Level 1:colcon.colcon_core.package_identification:_identify(external/ipopt/coinbrew/Ipopt/contrib/RInterface) by extension 'colcon_pkg'
[0.084s] Level 1:colcon.colcon_core.package_identification:_identify(external/ipopt/coinbrew/Ipopt/contrib/RInterface) by extensions ['colcon_meta']
[0.084s] Level 1:colcon.colcon_core.package_identification:_identify(external/ipopt/coinbrew/Ipopt/contrib/RInterface) by extension 'colcon_meta'
[0.084s] Level 1:colcon.colcon_core.package_identification:_identify(external/ipopt/coinbrew/Ipopt/contrib/RInterface) by extensions ['ros']
[0.084s] Level 1:colcon.colcon_core.package_identification:_identify(external/ipopt/coinbrew/Ipopt/contrib/RInterface) by extension 'ros'
[0.084s] Level 1:colcon.colcon_core.package_identification:_identify(external/ipopt/coinbrew/Ipopt/contrib/RInterface) by extensions ['cmake', 'python']
[0.084s] Level 1:colcon.colcon_core.package_identification:_identify(external/ipopt/coinbrew/Ipopt/contrib/RInterface) by extension 'cmake'
[0.084s] Level 1:colcon.colcon_core.package_identification:_identify(external/ipopt/coinbrew/Ipopt/contrib/RInterface) by extension 'python'
[0.084s] Level 1:colcon.colcon_core.package_identification:_identify(external/ipopt/coinbrew/Ipopt/contrib/RInterface) by extensions ['python_setup_py']
[0.084s] Level 1:colcon.colcon_core.package_identification:_identify(external/ipopt/coinbrew/Ipopt/contrib/RInterface) by extension 'python_setup_py'
[0.084s] Level 1:colcon.colcon_core.package_identification:_identify(external/ipopt/coinbrew/Ipopt/contrib/RInterface/R) by extensions ['ignore', 'ignore_ament_install']
[0.084s] Level 1:colcon.colcon_core.package_identification:_identify(external/ipopt/coinbrew/Ipopt/contrib/RInterface/R) by extension 'ignore'
[0.084s] Level 1:colcon.colcon_core.package_identification:_identify(external/ipopt/coinbrew/Ipopt/contrib/RInterface/R) by extension 'ignore_ament_install'
[0.085s] Level 1:colcon.colcon_core.package_identification:_identify(external/ipopt/coinbrew/Ipopt/contrib/RInterface/R) by extensions ['colcon_pkg']
[0.085s] Level 1:colcon.colcon_core.package_identification:_identify(external/ipopt/coinbrew/Ipopt/contrib/RInterface/R) by extension 'colcon_pkg'
[0.085s] Level 1:colcon.colcon_core.package_identification:_identify(external/ipopt/coinbrew/Ipopt/contrib/RInterface/R) by extensions ['colcon_meta']
[0.085s] Level 1:colcon.colcon_core.package_identification:_identify(external/ipopt/coinbrew/Ipopt/contrib/RInterface/R) by extension 'colcon_meta'
[0.085s] Level 1:colcon.colcon_core.package_identification:_identify(external/ipopt/coinbrew/Ipopt/contrib/RInterface/R) by extensions ['ros']
[0.085s] Level 1:colcon.colcon_core.package_identification:_identify(external/ipopt/coinbrew/Ipopt/contrib/RInterface/R) by extension 'ros'
[0.085s] Level 1:colcon.colcon_core.package_identification:_identify(external/ipopt/coinbrew/Ipopt/contrib/RInterface/R) by extensions ['cmake', 'python']
[0.085s] Level 1:colcon.colcon_core.package_identification:_identify(external/ipopt/coinbrew/Ipopt/contrib/RInterface/R) by extension 'cmake'
[0.085s] Level 1:colcon.colcon_core.package_identification:_identify(external/ipopt/coinbrew/Ipopt/contrib/RInterface/R) by extension 'python'
[0.085s] Level 1:colcon.colcon_core.package_identification:_identify(external/ipopt/coinbrew/Ipopt/contrib/RInterface/R) by extensions ['python_setup_py']
[0.085s] Level 1:colcon.colcon_core.package_identification:_identify(external/ipopt/coinbrew/Ipopt/contrib/RInterface/R) by extension 'python_setup_py'
[0.085s] Level 1:colcon.colcon_core.package_identification:_identify(external/ipopt/coinbrew/Ipopt/contrib/RInterface/inst) by extensions ['ignore', 'ignore_ament_install']
[0.085s] Level 1:colcon.colcon_core.package_identification:_identify(external/ipopt/coinbrew/Ipopt/contrib/RInterface/inst) by extension 'ignore'
[0.085s] Level 1:colcon.colcon_core.package_identification:_identify(external/ipopt/coinbrew/Ipopt/contrib/RInterface/inst) by extension 'ignore_ament_install'
[0.085s] Level 1:colcon.colcon_core.package_identification:_identify(external/ipopt/coinbrew/Ipopt/contrib/RInterface/inst) by extensions ['colcon_pkg']
[0.085s] Level 1:colcon.colcon_core.package_identification:_identify(external/ipopt/coinbrew/Ipopt/contrib/RInterface/inst) by extension 'colcon_pkg'
[0.085s] Level 1:colcon.colcon_core.package_identification:_identify(external/ipopt/coinbrew/Ipopt/contrib/RInterface/inst) by extensions ['colcon_meta']
[0.085s] Level 1:colcon.colcon_core.package_identification:_identify(external/ipopt/coinbrew/Ipopt/contrib/RInterface/inst) by extension 'colcon_meta'
[0.085s] Level 1:colcon.colcon_core.package_identification:_identify(external/ipopt/coinbrew/Ipopt/contrib/RInterface/inst) by extensions ['ros']
[0.085s] Level 1:colcon.colcon_core.package_identification:_identify(external/ipopt/coinbrew/Ipopt/contrib/RInterface/inst) by extension 'ros'
[0.085s] Level 1:colcon.colcon_core.package_identification:_identify(external/ipopt/coinbrew/Ipopt/contrib/RInterface/inst) by extensions ['cmake', 'python']
[0.085s] Level 1:colcon.colcon_core.package_identification:_identify(external/ipopt/coinbrew/Ipopt/contrib/RInterface/inst) by extension 'cmake'
[0.085s] Level 1:colcon.colcon_core.package_identification:_identify(external/ipopt/coinbrew/Ipopt/contrib/RInterface/inst) by extension 'python'
[0.085s] Level 1:colcon.colcon_core.package_identification:_identify(external/ipopt/coinbrew/Ipopt/contrib/RInterface/inst) by extensions ['python_setup_py']
[0.085s] Level 1:colcon.colcon_core.package_identification:_identify(external/ipopt/coinbrew/Ipopt/contrib/RInterface/inst) by extension 'python_setup_py'
[0.085s] Level 1:colcon.colcon_core.package_identification:_identify(external/ipopt/coinbrew/Ipopt/contrib/RInterface/inst/doc) by extensions ['ignore', 'ignore_ament_install']
[0.085s] Level 1:colcon.colcon_core.package_identification:_identify(external/ipopt/coinbrew/Ipopt/contrib/RInterface/inst/doc) by extension 'ignore'
[0.085s] Level 1:colcon.colcon_core.package_identification:_identify(external/ipopt/coinbrew/Ipopt/contrib/RInterface/inst/doc) by extension 'ignore_ament_install'
[0.085s] Level 1:colcon.colcon_core.package_identification:_identify(external/ipopt/coinbrew/Ipopt/contrib/RInterface/inst/doc) by extensions ['colcon_pkg']
[0.085s] Level 1:colcon.colcon_core.package_identification:_identify(external/ipopt/coinbrew/Ipopt/contrib/RInterface/inst/doc) by extension 'colcon_pkg'
[0.085s] Level 1:colcon.colcon_core.package_identification:_identify(external/ipopt/coinbrew/Ipopt/contrib/RInterface/inst/doc) by extensions ['colcon_meta']
[0.085s] Level 1:colcon.colcon_core.package_identification:_identify(external/ipopt/coinbrew/Ipopt/contrib/RInterface/inst/doc) by extension 'colcon_meta'
[0.085s] Level 1:colcon.colcon_core.package_identification:_identify(external/ipopt/coinbrew/Ipopt/contrib/RInterface/inst/doc) by extensions ['ros']
[0.085s] Level 1:colcon.colcon_core.package_identification:_identify(external/ipopt/coinbrew/Ipopt/contrib/RInterface/inst/doc) by extension 'ros'
[0.085s] Level 1:colcon.colcon_core.package_identification:_identify(external/ipopt/coinbrew/Ipopt/contrib/RInterface/inst/doc) by extensions ['cmake', 'python']
[0.085s] Level 1:colcon.colcon_core.package_identification:_identify(external/ipopt/coinbrew/Ipopt/contrib/RInterface/inst/doc) by extension 'cmake'
[0.085s] Level 1:colcon.colcon_core.package_identification:_identify(external/ipopt/coinbrew/Ipopt/contrib/RInterface/inst/doc) by extension 'python'
[0.085s] Level 1:colcon.colcon_core.package_identification:_identify(external/ipopt/coinbrew/Ipopt/contrib/RInterface/inst/doc) by extensions ['python_setup_py']
[0.085s] Level 1:colcon.colcon_core.package_identification:_identify(external/ipopt/coinbrew/Ipopt/contrib/RInterface/inst/doc) by extension 'python_setup_py'
[0.085s] Level 1:colcon.colcon_core.package_identification:_identify(external/ipopt/coinbrew/Ipopt/contrib/RInterface/man) by extensions ['ignore', 'ignore_ament_install']
[0.085s] Level 1:colcon.colcon_core.package_identification:_identify(external/ipopt/coinbrew/Ipopt/contrib/RInterface/man) by extension 'ignore'
[0.085s] Level 1:colcon.colcon_core.package_identification:_identify(external/ipopt/coinbrew/Ipopt/contrib/RInterface/man) by extension 'ignore_ament_install'
[0.085s] Level 1:colcon.colcon_core.package_identification:_identify(external/ipopt/coinbrew/Ipopt/contrib/RInterface/man) by extensions ['colcon_pkg']
[0.085s] Level 1:colcon.colcon_core.package_identification:_identify(external/ipopt/coinbrew/Ipopt/contrib/RInterface/man) by extension 'colcon_pkg'
[0.085s] Level 1:colcon.colcon_core.package_identification:_identify(external/ipopt/coinbrew/Ipopt/contrib/RInterface/man) by extensions ['colcon_meta']
[0.085s] Level 1:colcon.colcon_core.package_identification:_identify(external/ipopt/coinbrew/Ipopt/contrib/RInterface/man) by extension 'colcon_meta'
[0.085s] Level 1:colcon.colcon_core.package_identification:_identify(external/ipopt/coinbrew/Ipopt/contrib/RInterface/man) by extensions ['ros']
[0.085s] Level 1:colcon.colcon_core.package_identification:_identify(external/ipopt/coinbrew/Ipopt/contrib/RInterface/man) by extension 'ros'
[0.085s] Level 1:colcon.colcon_core.package_identification:_identify(external/ipopt/coinbrew/Ipopt/contrib/RInterface/man) by extensions ['cmake', 'python']
[0.085s] Level 1:colcon.colcon_core.package_identification:_identify(external/ipopt/coinbrew/Ipopt/contrib/RInterface/man) by extension 'cmake'
[0.085s] Level 1:colcon.colcon_core.package_identification:_identify(external/ipopt/coinbrew/Ipopt/contrib/RInterface/man) by extension 'python'
[0.085s] Level 1:colcon.colcon_core.package_identification:_identify(external/ipopt/coinbrew/Ipopt/contrib/RInterface/man) by extensions ['python_setup_py']
[0.085s] Level 1:colcon.colcon_core.package_identification:_identify(external/ipopt/coinbrew/Ipopt/contrib/RInterface/man) by extension 'python_setup_py'
[0.085s] Level 1:colcon.colcon_core.package_identification:_identify(external/ipopt/coinbrew/Ipopt/contrib/RInterface/src) by extensions ['ignore', 'ignore_ament_install']
[0.085s] Level 1:colcon.colcon_core.package_identification:_identify(external/ipopt/coinbrew/Ipopt/contrib/RInterface/src) by extension 'ignore'
[0.085s] Level 1:colcon.colcon_core.package_identification:_identify(external/ipopt/coinbrew/Ipopt/contrib/RInterface/src) by extension 'ignore_ament_install'
[0.086s] Level 1:colcon.colcon_core.package_identification:_identify(external/ipopt/coinbrew/Ipopt/contrib/RInterface/src) by extensions ['colcon_pkg']
[0.086s] Level 1:colcon.colcon_core.package_identification:_identify(external/ipopt/coinbrew/Ipopt/contrib/RInterface/src) by extension 'colcon_pkg'
[0.086s] Level 1:colcon.colcon_core.package_identification:_identify(external/ipopt/coinbrew/Ipopt/contrib/RInterface/src) by extensions ['colcon_meta']
[0.086s] Level 1:colcon.colcon_core.package_identification:_identify(external/ipopt/coinbrew/Ipopt/contrib/RInterface/src) by extension 'colcon_meta'
[0.086s] Level 1:colcon.colcon_core.package_identification:_identify(external/ipopt/coinbrew/Ipopt/contrib/RInterface/src) by extensions ['ros']
[0.086s] Level 1:colcon.colcon_core.package_identification:_identify(external/ipopt/coinbrew/Ipopt/contrib/RInterface/src) by extension 'ros'
[0.086s] Level 1:colcon.colcon_core.package_identification:_identify(external/ipopt/coinbrew/Ipopt/contrib/RInterface/src) by extensions ['cmake', 'python']
[0.086s] Level 1:colcon.colcon_core.package_identification:_identify(external/ipopt/coinbrew/Ipopt/contrib/RInterface/src) by extension 'cmake'
[0.086s] Level 1:colcon.colcon_core.package_identification:_identify(external/ipopt/coinbrew/Ipopt/contrib/RInterface/src) by extension 'python'
[0.086s] Level 1:colcon.colcon_core.package_identification:_identify(external/ipopt/coinbrew/Ipopt/contrib/RInterface/src) by extensions ['python_setup_py']
[0.086s] Level 1:colcon.colcon_core.package_identification:_identify(external/ipopt/coinbrew/Ipopt/contrib/RInterface/src) by extension 'python_setup_py'
[0.086s] Level 1:colcon.colcon_core.package_identification:_identify(external/ipopt/coinbrew/Ipopt/contrib/RInterface/tests) by extensions ['ignore', 'ignore_ament_install']
[0.086s] Level 1:colcon.colcon_core.package_identification:_identify(external/ipopt/coinbrew/Ipopt/contrib/RInterface/tests) by extension 'ignore'
[0.086s] Level 1:colcon.colcon_core.package_identification:_identify(external/ipopt/coinbrew/Ipopt/contrib/RInterface/tests) by extension 'ignore_ament_install'
[0.086s] Level 1:colcon.colcon_core.package_identification:_identify(external/ipopt/coinbrew/Ipopt/contrib/RInterface/tests) by extensions ['colcon_pkg']
[0.086s] Level 1:colcon.colcon_core.package_identification:_identify(external/ipopt/coinbrew/Ipopt/contrib/RInterface/tests) by extension 'colcon_pkg'
[0.086s] Level 1:colcon.colcon_core.package_identification:_identify(external/ipopt/coinbrew/Ipopt/contrib/RInterface/tests) by extensions ['colcon_meta']
[0.086s] Level 1:colcon.colcon_core.package_identification:_identify(external/ipopt/coinbrew/Ipopt/contrib/RInterface/tests) by extension 'colcon_meta'
[0.086s] Level 1:colcon.colcon_core.package_identification:_identify(external/ipopt/coinbrew/Ipopt/contrib/RInterface/tests) by extensions ['ros']
[0.086s] Level 1:colcon.colcon_core.package_identification:_identify(external/ipopt/coinbrew/Ipopt/contrib/RInterface/tests) by extension 'ros'
[0.086s] Level 1:colcon.colcon_core.package_identification:_identify(external/ipopt/coinbrew/Ipopt/contrib/RInterface/tests) by extensions ['cmake', 'python']
[0.086s] Level 1:colcon.colcon_core.package_identification:_identify(external/ipopt/coinbrew/Ipopt/contrib/RInterface/tests) by extension 'cmake'
[0.086s] Level 1:colcon.colcon_core.package_identification:_identify(external/ipopt/coinbrew/Ipopt/contrib/RInterface/tests) by extension 'python'
[0.086s] Level 1:colcon.colcon_core.package_identification:_identify(external/ipopt/coinbrew/Ipopt/contrib/RInterface/tests) by extensions ['python_setup_py']
[0.086s] Level 1:colcon.colcon_core.package_identification:_identify(external/ipopt/coinbrew/Ipopt/contrib/RInterface/tests) by extension 'python_setup_py'
[0.086s] Level 1:colcon.colcon_core.package_identification:_identify(external/ipopt/coinbrew/Ipopt/contrib/sIPOPT) by extensions ['ignore', 'ignore_ament_install']
[0.086s] Level 1:colcon.colcon_core.package_identification:_identify(external/ipopt/coinbrew/Ipopt/contrib/sIPOPT) by extension 'ignore'
[0.086s] Level 1:colcon.colcon_core.package_identification:_identify(external/ipopt/coinbrew/Ipopt/contrib/sIPOPT) by extension 'ignore_ament_install'
[0.086s] Level 1:colcon.colcon_core.package_identification:_identify(external/ipopt/coinbrew/Ipopt/contrib/sIPOPT) by extensions ['colcon_pkg']
[0.086s] Level 1:colcon.colcon_core.package_identification:_identify(external/ipopt/coinbrew/Ipopt/contrib/sIPOPT) by extension 'colcon_pkg'
[0.086s] Level 1:colcon.colcon_core.package_identification:_identify(external/ipopt/coinbrew/Ipopt/contrib/sIPOPT) by extensions ['colcon_meta']
[0.086s] Level 1:colcon.colcon_core.package_identification:_identify(external/ipopt/coinbrew/Ipopt/contrib/sIPOPT) by extension 'colcon_meta'
[0.086s] Level 1:colcon.colcon_core.package_identification:_identify(external/ipopt/coinbrew/Ipopt/contrib/sIPOPT) by extensions ['ros']
[0.086s] Level 1:colcon.colcon_core.package_identification:_identify(external/ipopt/coinbrew/Ipopt/contrib/sIPOPT) by extension 'ros'
[0.086s] Level 1:colcon.colcon_core.package_identification:_identify(external/ipopt/coinbrew/Ipopt/contrib/sIPOPT) by extensions ['cmake', 'python']
[0.086s] Level 1:colcon.colcon_core.package_identification:_identify(external/ipopt/coinbrew/Ipopt/contrib/sIPOPT) by extension 'cmake'
[0.086s] Level 1:colcon.colcon_core.package_identification:_identify(external/ipopt/coinbrew/Ipopt/contrib/sIPOPT) by extension 'python'
[0.086s] Level 1:colcon.colcon_core.package_identification:_identify(external/ipopt/coinbrew/Ipopt/contrib/sIPOPT) by extensions ['python_setup_py']
[0.086s] Level 1:colcon.colcon_core.package_identification:_identify(external/ipopt/coinbrew/Ipopt/contrib/sIPOPT) by extension 'python_setup_py'
[0.086s] Level 1:colcon.colcon_core.package_identification:_identify(external/ipopt/coinbrew/Ipopt/contrib/sIPOPT/AmplSolver) by extensions ['ignore', 'ignore_ament_install']
[0.086s] Level 1:colcon.colcon_core.package_identification:_identify(external/ipopt/coinbrew/Ipopt/contrib/sIPOPT/AmplSolver) by extension 'ignore'
[0.086s] Level 1:colcon.colcon_core.package_identification:_identify(external/ipopt/coinbrew/Ipopt/contrib/sIPOPT/AmplSolver) by extension 'ignore_ament_install'
[0.086s] Level 1:colcon.colcon_core.package_identification:_identify(external/ipopt/coinbrew/Ipopt/contrib/sIPOPT/AmplSolver) by extensions ['colcon_pkg']
[0.086s] Level 1:colcon.colcon_core.package_identification:_identify(external/ipopt/coinbrew/Ipopt/contrib/sIPOPT/AmplSolver) by extension 'colcon_pkg'
[0.086s] Level 1:colcon.colcon_core.package_identification:_identify(external/ipopt/coinbrew/Ipopt/contrib/sIPOPT/AmplSolver) by extensions ['colcon_meta']
[0.086s] Level 1:colcon.colcon_core.package_identification:_identify(external/ipopt/coinbrew/Ipopt/contrib/sIPOPT/AmplSolver) by extension 'colcon_meta'
[0.086s] Level 1:colcon.colcon_core.package_identification:_identify(external/ipopt/coinbrew/Ipopt/contrib/sIPOPT/AmplSolver) by extensions ['ros']
[0.086s] Level 1:colcon.colcon_core.package_identification:_identify(external/ipopt/coinbrew/Ipopt/contrib/sIPOPT/AmplSolver) by extension 'ros'
[0.087s] Level 1:colcon.colcon_core.package_identification:_identify(external/ipopt/coinbrew/Ipopt/contrib/sIPOPT/AmplSolver) by extensions ['cmake', 'python']
[0.087s] Level 1:colcon.colcon_core.package_identification:_identify(external/ipopt/coinbrew/Ipopt/contrib/sIPOPT/AmplSolver) by extension 'cmake'
[0.087s] Level 1:colcon.colcon_core.package_identification:_identify(external/ipopt/coinbrew/Ipopt/contrib/sIPOPT/AmplSolver) by extension 'python'
[0.087s] Level 1:colcon.colcon_core.package_identification:_identify(external/ipopt/coinbrew/Ipopt/contrib/sIPOPT/AmplSolver) by extensions ['python_setup_py']
[0.087s] Level 1:colcon.colcon_core.package_identification:_identify(external/ipopt/coinbrew/Ipopt/contrib/sIPOPT/AmplSolver) by extension 'python_setup_py'
[0.087s] Level 1:colcon.colcon_core.package_identification:_identify(external/ipopt/coinbrew/Ipopt/contrib/sIPOPT/doc) by extensions ['ignore', 'ignore_ament_install']
[0.087s] Level 1:colcon.colcon_core.package_identification:_identify(external/ipopt/coinbrew/Ipopt/contrib/sIPOPT/doc) by extension 'ignore'
[0.087s] Level 1:colcon.colcon_core.package_identification:_identify(external/ipopt/coinbrew/Ipopt/contrib/sIPOPT/doc) by extension 'ignore_ament_install'
[0.087s] Level 1:colcon.colcon_core.package_identification:_identify(external/ipopt/coinbrew/Ipopt/contrib/sIPOPT/doc) by extensions ['colcon_pkg']
[0.087s] Level 1:colcon.colcon_core.package_identification:_identify(external/ipopt/coinbrew/Ipopt/contrib/sIPOPT/doc) by extension 'colcon_pkg'
[0.087s] Level 1:colcon.colcon_core.package_identification:_identify(external/ipopt/coinbrew/Ipopt/contrib/sIPOPT/doc) by extensions ['colcon_meta']
[0.087s] Level 1:colcon.colcon_core.package_identification:_identify(external/ipopt/coinbrew/Ipopt/contrib/sIPOPT/doc) by extension 'colcon_meta'
[0.087s] Level 1:colcon.colcon_core.package_identification:_identify(external/ipopt/coinbrew/Ipopt/contrib/sIPOPT/doc) by extensions ['ros']
[0.087s] Level 1:colcon.colcon_core.package_identification:_identify(external/ipopt/coinbrew/Ipopt/contrib/sIPOPT/doc) by extension 'ros'
[0.087s] Level 1:colcon.colcon_core.package_identification:_identify(external/ipopt/coinbrew/Ipopt/contrib/sIPOPT/doc) by extensions ['cmake', 'python']
[0.087s] Level 1:colcon.colcon_core.package_identification:_identify(external/ipopt/coinbrew/Ipopt/contrib/sIPOPT/doc) by extension 'cmake'
[0.087s] Level 1:colcon.colcon_core.package_identification:_identify(external/ipopt/coinbrew/Ipopt/contrib/sIPOPT/doc) by extension 'python'
[0.087s] Level 1:colcon.colcon_core.package_identification:_identify(external/ipopt/coinbrew/Ipopt/contrib/sIPOPT/doc) by extensions ['python_setup_py']
[0.087s] Level 1:colcon.colcon_core.package_identification:_identify(external/ipopt/coinbrew/Ipopt/contrib/sIPOPT/doc) by extension 'python_setup_py'
[0.087s] Level 1:colcon.colcon_core.package_identification:_identify(external/ipopt/coinbrew/Ipopt/contrib/sIPOPT/examples) by extensions ['ignore', 'ignore_ament_install']
[0.087s] Level 1:colcon.colcon_core.package_identification:_identify(external/ipopt/coinbrew/Ipopt/contrib/sIPOPT/examples) by extension 'ignore'
[0.087s] Level 1:colcon.colcon_core.package_identification:_identify(external/ipopt/coinbrew/Ipopt/contrib/sIPOPT/examples) by extension 'ignore_ament_install'
[0.087s] Level 1:colcon.colcon_core.package_identification:_identify(external/ipopt/coinbrew/Ipopt/contrib/sIPOPT/examples) by extensions ['colcon_pkg']
[0.087s] Level 1:colcon.colcon_core.package_identification:_identify(external/ipopt/coinbrew/Ipopt/contrib/sIPOPT/examples) by extension 'colcon_pkg'
[0.087s] Level 1:colcon.colcon_core.package_identification:_identify(external/ipopt/coinbrew/Ipopt/contrib/sIPOPT/examples) by extensions ['colcon_meta']
[0.087s] Level 1:colcon.colcon_core.package_identification:_identify(external/ipopt/coinbrew/Ipopt/contrib/sIPOPT/examples) by extension 'colcon_meta'
[0.087s] Level 1:colcon.colcon_core.package_identification:_identify(external/ipopt/coinbrew/Ipopt/contrib/sIPOPT/examples) by extensions ['ros']
[0.087s] Level 1:colcon.colcon_core.package_identification:_identify(external/ipopt/coinbrew/Ipopt/contrib/sIPOPT/examples) by extension 'ros'
[0.087s] Level 1:colcon.colcon_core.package_identification:_identify(external/ipopt/coinbrew/Ipopt/contrib/sIPOPT/examples) by extensions ['cmake', 'python']
[0.087s] Level 1:colcon.colcon_core.package_identification:_identify(external/ipopt/coinbrew/Ipopt/contrib/sIPOPT/examples) by extension 'cmake'
[0.087s] Level 1:colcon.colcon_core.package_identification:_identify(external/ipopt/coinbrew/Ipopt/contrib/sIPOPT/examples) by extension 'python'
[0.087s] Level 1:colcon.colcon_core.package_identification:_identify(external/ipopt/coinbrew/Ipopt/contrib/sIPOPT/examples) by extensions ['python_setup_py']
[0.087s] Level 1:colcon.colcon_core.package_identification:_identify(external/ipopt/coinbrew/Ipopt/contrib/sIPOPT/examples) by extension 'python_setup_py'
[0.087s] Level 1:colcon.colcon_core.package_identification:_identify(external/ipopt/coinbrew/Ipopt/contrib/sIPOPT/examples/hicks_ampl) by extensions ['ignore', 'ignore_ament_install']
[0.087s] Level 1:colcon.colcon_core.package_identification:_identify(external/ipopt/coinbrew/Ipopt/contrib/sIPOPT/examples/hicks_ampl) by extension 'ignore'
[0.087s] Level 1:colcon.colcon_core.package_identification:_identify(external/ipopt/coinbrew/Ipopt/contrib/sIPOPT/examples/hicks_ampl) by extension 'ignore_ament_install'
[0.087s] Level 1:colcon.colcon_core.package_identification:_identify(external/ipopt/coinbrew/Ipopt/contrib/sIPOPT/examples/hicks_ampl) by extensions ['colcon_pkg']
[0.087s] Level 1:colcon.colcon_core.package_identification:_identify(external/ipopt/coinbrew/Ipopt/contrib/sIPOPT/examples/hicks_ampl) by extension 'colcon_pkg'
[0.087s] Level 1:colcon.colcon_core.package_identification:_identify(external/ipopt/coinbrew/Ipopt/contrib/sIPOPT/examples/hicks_ampl) by extensions ['colcon_meta']
[0.087s] Level 1:colcon.colcon_core.package_identification:_identify(external/ipopt/coinbrew/Ipopt/contrib/sIPOPT/examples/hicks_ampl) by extension 'colcon_meta'
[0.087s] Level 1:colcon.colcon_core.package_identification:_identify(external/ipopt/coinbrew/Ipopt/contrib/sIPOPT/examples/hicks_ampl) by extensions ['ros']
[0.087s] Level 1:colcon.colcon_core.package_identification:_identify(external/ipopt/coinbrew/Ipopt/contrib/sIPOPT/examples/hicks_ampl) by extension 'ros'
[0.087s] Level 1:colcon.colcon_core.package_identification:_identify(external/ipopt/coinbrew/Ipopt/contrib/sIPOPT/examples/hicks_ampl) by extensions ['cmake', 'python']
[0.087s] Level 1:colcon.colcon_core.package_identification:_identify(external/ipopt/coinbrew/Ipopt/contrib/sIPOPT/examples/hicks_ampl) by extension 'cmake'
[0.087s] Level 1:colcon.colcon_core.package_identification:_identify(external/ipopt/coinbrew/Ipopt/contrib/sIPOPT/examples/hicks_ampl) by extension 'python'
[0.087s] Level 1:colcon.colcon_core.package_identification:_identify(external/ipopt/coinbrew/Ipopt/contrib/sIPOPT/examples/hicks_ampl) by extensions ['python_setup_py']
[0.087s] Level 1:colcon.colcon_core.package_identification:_identify(external/ipopt/coinbrew/Ipopt/contrib/sIPOPT/examples/hicks_ampl) by extension 'python_setup_py'
[0.087s] Level 1:colcon.colcon_core.package_identification:_identify(external/ipopt/coinbrew/Ipopt/contrib/sIPOPT/examples/parametric_ampl) by extensions ['ignore', 'ignore_ament_install']
[0.087s] Level 1:colcon.colcon_core.package_identification:_identify(external/ipopt/coinbrew/Ipopt/contrib/sIPOPT/examples/parametric_ampl) by extension 'ignore'
[0.087s] Level 1:colcon.colcon_core.package_identification:_identify(external/ipopt/coinbrew/Ipopt/contrib/sIPOPT/examples/parametric_ampl) by extension 'ignore_ament_install'
[0.087s] Level 1:colcon.colcon_core.package_identification:_identify(external/ipopt/coinbrew/Ipopt/contrib/sIPOPT/examples/parametric_ampl) by extensions ['colcon_pkg']
[0.087s] Level 1:colcon.colcon_core.package_identification:_identify(external/ipopt/coinbrew/Ipopt/contrib/sIPOPT/examples/parametric_ampl) by extension 'colcon_pkg'
[0.087s] Level 1:colcon.colcon_core.package_identification:_identify(external/ipopt/coinbrew/Ipopt/contrib/sIPOPT/examples/parametric_ampl) by extensions ['colcon_meta']
[0.087s] Level 1:colcon.colcon_core.package_identification:_identify(external/ipopt/coinbrew/Ipopt/contrib/sIPOPT/examples/parametric_ampl) by extension 'colcon_meta'
[0.087s] Level 1:colcon.colcon_core.package_identification:_identify(external/ipopt/coinbrew/Ipopt/contrib/sIPOPT/examples/parametric_ampl) by extensions ['ros']
[0.087s] Level 1:colcon.colcon_core.package_identification:_identify(external/ipopt/coinbrew/Ipopt/contrib/sIPOPT/examples/parametric_ampl) by extension 'ros'
[0.087s] Level 1:colcon.colcon_core.package_identification:_identify(external/ipopt/coinbrew/Ipopt/contrib/sIPOPT/examples/parametric_ampl) by extensions ['cmake', 'python']
[0.087s] Level 1:colcon.colcon_core.package_identification:_identify(external/ipopt/coinbrew/Ipopt/contrib/sIPOPT/examples/parametric_ampl) by extension 'cmake'
[0.087s] Level 1:colcon.colcon_core.package_identification:_identify(external/ipopt/coinbrew/Ipopt/contrib/sIPOPT/examples/parametric_ampl) by extension 'python'
[0.087s] Level 1:colcon.colcon_core.package_identification:_identify(external/ipopt/coinbrew/Ipopt/contrib/sIPOPT/examples/parametric_ampl) by extensions ['python_setup_py']
[0.087s] Level 1:colcon.colcon_core.package_identification:_identify(external/ipopt/coinbrew/Ipopt/contrib/sIPOPT/examples/parametric_ampl) by extension 'python_setup_py'
[0.087s] Level 1:colcon.colcon_core.package_identification:_identify(external/ipopt/coinbrew/Ipopt/contrib/sIPOPT/examples/parametric_cpp) by extensions ['ignore', 'ignore_ament_install']
[0.088s] Level 1:colcon.colcon_core.package_identification:_identify(external/ipopt/coinbrew/Ipopt/contrib/sIPOPT/examples/parametric_cpp) by extension 'ignore'
[0.088s] Level 1:colcon.colcon_core.package_identification:_identify(external/ipopt/coinbrew/Ipopt/contrib/sIPOPT/examples/parametric_cpp) by extension 'ignore_ament_install'
[0.088s] Level 1:colcon.colcon_core.package_identification:_identify(external/ipopt/coinbrew/Ipopt/contrib/sIPOPT/examples/parametric_cpp) by extensions ['colcon_pkg']
[0.088s] Level 1:colcon.colcon_core.package_identification:_identify(external/ipopt/coinbrew/Ipopt/contrib/sIPOPT/examples/parametric_cpp) by extension 'colcon_pkg'
[0.088s] Level 1:colcon.colcon_core.package_identification:_identify(external/ipopt/coinbrew/Ipopt/contrib/sIPOPT/examples/parametric_cpp) by extensions ['colcon_meta']
[0.088s] Level 1:colcon.colcon_core.package_identification:_identify(external/ipopt/coinbrew/Ipopt/contrib/sIPOPT/examples/parametric_cpp) by extension 'colcon_meta'
[0.088s] Level 1:colcon.colcon_core.package_identification:_identify(external/ipopt/coinbrew/Ipopt/contrib/sIPOPT/examples/parametric_cpp) by extensions ['ros']
[0.088s] Level 1:colcon.colcon_core.package_identification:_identify(external/ipopt/coinbrew/Ipopt/contrib/sIPOPT/examples/parametric_cpp) by extension 'ros'
[0.088s] Level 1:colcon.colcon_core.package_identification:_identify(external/ipopt/coinbrew/Ipopt/contrib/sIPOPT/examples/parametric_cpp) by extensions ['cmake', 'python']
[0.088s] Level 1:colcon.colcon_core.package_identification:_identify(external/ipopt/coinbrew/Ipopt/contrib/sIPOPT/examples/parametric_cpp) by extension 'cmake'
[0.088s] Level 1:colcon.colcon_core.package_identification:_identify(external/ipopt/coinbrew/Ipopt/contrib/sIPOPT/examples/parametric_cpp) by extension 'python'
[0.088s] Level 1:colcon.colcon_core.package_identification:_identify(external/ipopt/coinbrew/Ipopt/contrib/sIPOPT/examples/parametric_cpp) by extensions ['python_setup_py']
[0.088s] Level 1:colcon.colcon_core.package_identification:_identify(external/ipopt/coinbrew/Ipopt/contrib/sIPOPT/examples/parametric_cpp) by extension 'python_setup_py'
[0.088s] Level 1:colcon.colcon_core.package_identification:_identify(external/ipopt/coinbrew/Ipopt/contrib/sIPOPT/examples/parametric_dsdp_cpp) by extensions ['ignore', 'ignore_ament_install']
[0.088s] Level 1:colcon.colcon_core.package_identification:_identify(external/ipopt/coinbrew/Ipopt/contrib/sIPOPT/examples/parametric_dsdp_cpp) by extension 'ignore'
[0.088s] Level 1:colcon.colcon_core.package_identification:_identify(external/ipopt/coinbrew/Ipopt/contrib/sIPOPT/examples/parametric_dsdp_cpp) by extension 'ignore_ament_install'
[0.088s] Level 1:colcon.colcon_core.package_identification:_identify(external/ipopt/coinbrew/Ipopt/contrib/sIPOPT/examples/parametric_dsdp_cpp) by extensions ['colcon_pkg']
[0.088s] Level 1:colcon.colcon_core.package_identification:_identify(external/ipopt/coinbrew/Ipopt/contrib/sIPOPT/examples/parametric_dsdp_cpp) by extension 'colcon_pkg'
[0.088s] Level 1:colcon.colcon_core.package_identification:_identify(external/ipopt/coinbrew/Ipopt/contrib/sIPOPT/examples/parametric_dsdp_cpp) by extensions ['colcon_meta']
[0.088s] Level 1:colcon.colcon_core.package_identification:_identify(external/ipopt/coinbrew/Ipopt/contrib/sIPOPT/examples/parametric_dsdp_cpp) by extension 'colcon_meta'
[0.088s] Level 1:colcon.colcon_core.package_identification:_identify(external/ipopt/coinbrew/Ipopt/contrib/sIPOPT/examples/parametric_dsdp_cpp) by extensions ['ros']
[0.088s] Level 1:colcon.colcon_core.package_identification:_identify(external/ipopt/coinbrew/Ipopt/contrib/sIPOPT/examples/parametric_dsdp_cpp) by extension 'ros'
[0.088s] Level 1:colcon.colcon_core.package_identification:_identify(external/ipopt/coinbrew/Ipopt/contrib/sIPOPT/examples/parametric_dsdp_cpp) by extensions ['cmake', 'python']
[0.088s] Level 1:colcon.colcon_core.package_identification:_identify(external/ipopt/coinbrew/Ipopt/contrib/sIPOPT/examples/parametric_dsdp_cpp) by extension 'cmake'
[0.088s] Level 1:colcon.colcon_core.package_identification:_identify(external/ipopt/coinbrew/Ipopt/contrib/sIPOPT/examples/parametric_dsdp_cpp) by extension 'python'
[0.088s] Level 1:colcon.colcon_core.package_identification:_identify(external/ipopt/coinbrew/Ipopt/contrib/sIPOPT/examples/parametric_dsdp_cpp) by extensions ['python_setup_py']
[0.088s] Level 1:colcon.colcon_core.package_identification:_identify(external/ipopt/coinbrew/Ipopt/contrib/sIPOPT/examples/parametric_dsdp_cpp) by extension 'python_setup_py'
[0.088s] Level 1:colcon.colcon_core.package_identification:_identify(external/ipopt/coinbrew/Ipopt/contrib/sIPOPT/examples/redhess_ampl) by extensions ['ignore', 'ignore_ament_install']
[0.088s] Level 1:colcon.colcon_core.package_identification:_identify(external/ipopt/coinbrew/Ipopt/contrib/sIPOPT/examples/redhess_ampl) by extension 'ignore'
[0.088s] Level 1:colcon.colcon_core.package_identification:_identify(external/ipopt/coinbrew/Ipopt/contrib/sIPOPT/examples/redhess_ampl) by extension 'ignore_ament_install'
[0.088s] Level 1:colcon.colcon_core.package_identification:_identify(external/ipopt/coinbrew/Ipopt/contrib/sIPOPT/examples/redhess_ampl) by extensions ['colcon_pkg']
[0.088s] Level 1:colcon.colcon_core.package_identification:_identify(external/ipopt/coinbrew/Ipopt/contrib/sIPOPT/examples/redhess_ampl) by extension 'colcon_pkg'
[0.088s] Level 1:colcon.colcon_core.package_identification:_identify(external/ipopt/coinbrew/Ipopt/contrib/sIPOPT/examples/redhess_ampl) by extensions ['colcon_meta']
[0.088s] Level 1:colcon.colcon_core.package_identification:_identify(external/ipopt/coinbrew/Ipopt/contrib/sIPOPT/examples/redhess_ampl) by extension 'colcon_meta'
[0.088s] Level 1:colcon.colcon_core.package_identification:_identify(external/ipopt/coinbrew/Ipopt/contrib/sIPOPT/examples/redhess_ampl) by extensions ['ros']
[0.088s] Level 1:colcon.colcon_core.package_identification:_identify(external/ipopt/coinbrew/Ipopt/contrib/sIPOPT/examples/redhess_ampl) by extension 'ros'
[0.088s] Level 1:colcon.colcon_core.package_identification:_identify(external/ipopt/coinbrew/Ipopt/contrib/sIPOPT/examples/redhess_ampl) by extensions ['cmake', 'python']
[0.088s] Level 1:colcon.colcon_core.package_identification:_identify(external/ipopt/coinbrew/Ipopt/contrib/sIPOPT/examples/redhess_ampl) by extension 'cmake'
[0.088s] Level 1:colcon.colcon_core.package_identification:_identify(external/ipopt/coinbrew/Ipopt/contrib/sIPOPT/examples/redhess_ampl) by extension 'python'
[0.088s] Level 1:colcon.colcon_core.package_identification:_identify(external/ipopt/coinbrew/Ipopt/contrib/sIPOPT/examples/redhess_ampl) by extensions ['python_setup_py']
[0.088s] Level 1:colcon.colcon_core.package_identification:_identify(external/ipopt/coinbrew/Ipopt/contrib/sIPOPT/examples/redhess_ampl) by extension 'python_setup_py'
[0.088s] Level 1:colcon.colcon_core.package_identification:_identify(external/ipopt/coinbrew/Ipopt/contrib/sIPOPT/examples/redhess_cpp) by extensions ['ignore', 'ignore_ament_install']
[0.088s] Level 1:colcon.colcon_core.package_identification:_identify(external/ipopt/coinbrew/Ipopt/contrib/sIPOPT/examples/redhess_cpp) by extension 'ignore'
[0.088s] Level 1:colcon.colcon_core.package_identification:_identify(external/ipopt/coinbrew/Ipopt/contrib/sIPOPT/examples/redhess_cpp) by extension 'ignore_ament_install'
[0.088s] Level 1:colcon.colcon_core.package_identification:_identify(external/ipopt/coinbrew/Ipopt/contrib/sIPOPT/examples/redhess_cpp) by extensions ['colcon_pkg']
[0.088s] Level 1:colcon.colcon_core.package_identification:_identify(external/ipopt/coinbrew/Ipopt/contrib/sIPOPT/examples/redhess_cpp) by extension 'colcon_pkg'
[0.088s] Level 1:colcon.colcon_core.package_identification:_identify(external/ipopt/coinbrew/Ipopt/contrib/sIPOPT/examples/redhess_cpp) by extensions ['colcon_meta']
[0.088s] Level 1:colcon.colcon_core.package_identification:_identify(external/ipopt/coinbrew/Ipopt/contrib/sIPOPT/examples/redhess_cpp) by extension 'colcon_meta'
[0.088s] Level 1:colcon.colcon_core.package_identification:_identify(external/ipopt/coinbrew/Ipopt/contrib/sIPOPT/examples/redhess_cpp) by extensions ['ros']
[0.088s] Level 1:colcon.colcon_core.package_identification:_identify(external/ipopt/coinbrew/Ipopt/contrib/sIPOPT/examples/redhess_cpp) by extension 'ros'
[0.088s] Level 1:colcon.colcon_core.package_identification:_identify(external/ipopt/coinbrew/Ipopt/contrib/sIPOPT/examples/redhess_cpp) by extensions ['cmake', 'python']
[0.088s] Level 1:colcon.colcon_core.package_identification:_identify(external/ipopt/coinbrew/Ipopt/contrib/sIPOPT/examples/redhess_cpp) by extension 'cmake'
[0.088s] Level 1:colcon.colcon_core.package_identification:_identify(external/ipopt/coinbrew/Ipopt/contrib/sIPOPT/examples/redhess_cpp) by extension 'python'
[0.088s] Level 1:colcon.colcon_core.package_identification:_identify(external/ipopt/coinbrew/Ipopt/contrib/sIPOPT/examples/redhess_cpp) by extensions ['python_setup_py']
[0.088s] Level 1:colcon.colcon_core.package_identification:_identify(external/ipopt/coinbrew/Ipopt/contrib/sIPOPT/examples/redhess_cpp) by extension 'python_setup_py'
[0.088s] Level 1:colcon.colcon_core.package_identification:_identify(external/ipopt/coinbrew/Ipopt/contrib/sIPOPT/src) by extensions ['ignore', 'ignore_ament_install']
[0.088s] Level 1:colcon.colcon_core.package_identification:_identify(external/ipopt/coinbrew/Ipopt/contrib/sIPOPT/src) by extension 'ignore'
[0.088s] Level 1:colcon.colcon_core.package_identification:_identify(external/ipopt/coinbrew/Ipopt/contrib/sIPOPT/src) by extension 'ignore_ament_install'
[0.088s] Level 1:colcon.colcon_core.package_identification:_identify(external/ipopt/coinbrew/Ipopt/contrib/sIPOPT/src) by extensions ['colcon_pkg']
[0.088s] Level 1:colcon.colcon_core.package_identification:_identify(external/ipopt/coinbrew/Ipopt/contrib/sIPOPT/src) by extension 'colcon_pkg'
[0.088s] Level 1:colcon.colcon_core.package_identification:_identify(external/ipopt/coinbrew/Ipopt/contrib/sIPOPT/src) by extensions ['colcon_meta']
[0.088s] Level 1:colcon.colcon_core.package_identification:_identify(external/ipopt/coinbrew/Ipopt/contrib/sIPOPT/src) by extension 'colcon_meta'
[0.088s] Level 1:colcon.colcon_core.package_identification:_identify(external/ipopt/coinbrew/Ipopt/contrib/sIPOPT/src) by extensions ['ros']
[0.088s] Level 1:colcon.colcon_core.package_identification:_identify(external/ipopt/coinbrew/Ipopt/contrib/sIPOPT/src) by extension 'ros'
[0.089s] Level 1:colcon.colcon_core.package_identification:_identify(external/ipopt/coinbrew/Ipopt/contrib/sIPOPT/src) by extensions ['cmake', 'python']
[0.089s] Level 1:colcon.colcon_core.package_identification:_identify(external/ipopt/coinbrew/Ipopt/contrib/sIPOPT/src) by extension 'cmake'
[0.089s] Level 1:colcon.colcon_core.package_identification:_identify(external/ipopt/coinbrew/Ipopt/contrib/sIPOPT/src) by extension 'python'
[0.089s] Level 1:colcon.colcon_core.package_identification:_identify(external/ipopt/coinbrew/Ipopt/contrib/sIPOPT/src) by extensions ['python_setup_py']
[0.089s] Level 1:colcon.colcon_core.package_identification:_identify(external/ipopt/coinbrew/Ipopt/contrib/sIPOPT/src) by extension 'python_setup_py'
[0.089s] Level 1:colcon.colcon_core.package_identification:_identify(external/ipopt/coinbrew/Ipopt/doc) by extensions ['ignore', 'ignore_ament_install']
[0.089s] Level 1:colcon.colcon_core.package_identification:_identify(external/ipopt/coinbrew/Ipopt/doc) by extension 'ignore'
[0.089s] Level 1:colcon.colcon_core.package_identification:_identify(external/ipopt/coinbrew/Ipopt/doc) by extension 'ignore_ament_install'
[0.089s] Level 1:colcon.colcon_core.package_identification:_identify(external/ipopt/coinbrew/Ipopt/doc) by extensions ['colcon_pkg']
[0.089s] Level 1:colcon.colcon_core.package_identification:_identify(external/ipopt/coinbrew/Ipopt/doc) by extension 'colcon_pkg'
[0.089s] Level 1:colcon.colcon_core.package_identification:_identify(external/ipopt/coinbrew/Ipopt/doc) by extensions ['colcon_meta']
[0.089s] Level 1:colcon.colcon_core.package_identification:_identify(external/ipopt/coinbrew/Ipopt/doc) by extension 'colcon_meta'
[0.089s] Level 1:colcon.colcon_core.package_identification:_identify(external/ipopt/coinbrew/Ipopt/doc) by extensions ['ros']
[0.089s] Level 1:colcon.colcon_core.package_identification:_identify(external/ipopt/coinbrew/Ipopt/doc) by extension 'ros'
[0.089s] Level 1:colcon.colcon_core.package_identification:_identify(external/ipopt/coinbrew/Ipopt/doc) by extensions ['cmake', 'python']
[0.089s] Level 1:colcon.colcon_core.package_identification:_identify(external/ipopt/coinbrew/Ipopt/doc) by extension 'cmake'
[0.089s] Level 1:colcon.colcon_core.package_identification:_identify(external/ipopt/coinbrew/Ipopt/doc) by extension 'python'
[0.089s] Level 1:colcon.colcon_core.package_identification:_identify(external/ipopt/coinbrew/Ipopt/doc) by extensions ['python_setup_py']
[0.089s] Level 1:colcon.colcon_core.package_identification:_identify(external/ipopt/coinbrew/Ipopt/doc) by extension 'python_setup_py'
[0.089s] Level 1:colcon.colcon_core.package_identification:_identify(external/ipopt/coinbrew/Ipopt/examples) by extensions ['ignore', 'ignore_ament_install']
[0.089s] Level 1:colcon.colcon_core.package_identification:_identify(external/ipopt/coinbrew/Ipopt/examples) by extension 'ignore'
[0.089s] Level 1:colcon.colcon_core.package_identification:_identify(external/ipopt/coinbrew/Ipopt/examples) by extension 'ignore_ament_install'
[0.089s] Level 1:colcon.colcon_core.package_identification:_identify(external/ipopt/coinbrew/Ipopt/examples) by extensions ['colcon_pkg']
[0.089s] Level 1:colcon.colcon_core.package_identification:_identify(external/ipopt/coinbrew/Ipopt/examples) by extension 'colcon_pkg'
[0.089s] Level 1:colcon.colcon_core.package_identification:_identify(external/ipopt/coinbrew/Ipopt/examples) by extensions ['colcon_meta']
[0.089s] Level 1:colcon.colcon_core.package_identification:_identify(external/ipopt/coinbrew/Ipopt/examples) by extension 'colcon_meta'
[0.089s] Level 1:colcon.colcon_core.package_identification:_identify(external/ipopt/coinbrew/Ipopt/examples) by extensions ['ros']
[0.089s] Level 1:colcon.colcon_core.package_identification:_identify(external/ipopt/coinbrew/Ipopt/examples) by extension 'ros'
[0.089s] Level 1:colcon.colcon_core.package_identification:_identify(external/ipopt/coinbrew/Ipopt/examples) by extensions ['cmake', 'python']
[0.089s] Level 1:colcon.colcon_core.package_identification:_identify(external/ipopt/coinbrew/Ipopt/examples) by extension 'cmake'
[0.089s] Level 1:colcon.colcon_core.package_identification:_identify(external/ipopt/coinbrew/Ipopt/examples) by extension 'python'
[0.089s] Level 1:colcon.colcon_core.package_identification:_identify(external/ipopt/coinbrew/Ipopt/examples) by extensions ['python_setup_py']
[0.089s] Level 1:colcon.colcon_core.package_identification:_identify(external/ipopt/coinbrew/Ipopt/examples) by extension 'python_setup_py'
[0.089s] Level 1:colcon.colcon_core.package_identification:_identify(external/ipopt/coinbrew/Ipopt/examples/Cpp_example) by extensions ['ignore', 'ignore_ament_install']
[0.089s] Level 1:colcon.colcon_core.package_identification:_identify(external/ipopt/coinbrew/Ipopt/examples/Cpp_example) by extension 'ignore'
[0.089s] Level 1:colcon.colcon_core.package_identification:_identify(external/ipopt/coinbrew/Ipopt/examples/Cpp_example) by extension 'ignore_ament_install'
[0.089s] Level 1:colcon.colcon_core.package_identification:_identify(external/ipopt/coinbrew/Ipopt/examples/Cpp_example) by extensions ['colcon_pkg']
[0.089s] Level 1:colcon.colcon_core.package_identification:_identify(external/ipopt/coinbrew/Ipopt/examples/Cpp_example) by extension 'colcon_pkg'
[0.089s] Level 1:colcon.colcon_core.package_identification:_identify(external/ipopt/coinbrew/Ipopt/examples/Cpp_example) by extensions ['colcon_meta']
[0.089s] Level 1:colcon.colcon_core.package_identification:_identify(external/ipopt/coinbrew/Ipopt/examples/Cpp_example) by extension 'colcon_meta'
[0.089s] Level 1:colcon.colcon_core.package_identification:_identify(external/ipopt/coinbrew/Ipopt/examples/Cpp_example) by extensions ['ros']
[0.089s] Level 1:colcon.colcon_core.package_identification:_identify(external/ipopt/coinbrew/Ipopt/examples/Cpp_example) by extension 'ros'
[0.089s] Level 1:colcon.colcon_core.package_identification:_identify(external/ipopt/coinbrew/Ipopt/examples/Cpp_example) by extensions ['cmake', 'python']
[0.089s] Level 1:colcon.colcon_core.package_identification:_identify(external/ipopt/coinbrew/Ipopt/examples/Cpp_example) by extension 'cmake'
[0.089s] Level 1:colcon.colcon_core.package_identification:_identify(external/ipopt/coinbrew/Ipopt/examples/Cpp_example) by extension 'python'
[0.089s] Level 1:colcon.colcon_core.package_identification:_identify(external/ipopt/coinbrew/Ipopt/examples/Cpp_example) by extensions ['python_setup_py']
[0.089s] Level 1:colcon.colcon_core.package_identification:_identify(external/ipopt/coinbrew/Ipopt/examples/Cpp_example) by extension 'python_setup_py'
[0.089s] Level 1:colcon.colcon_core.package_identification:_identify(external/ipopt/coinbrew/Ipopt/examples/ScalableProblems) by extensions ['ignore', 'ignore_ament_install']
[0.089s] Level 1:colcon.colcon_core.package_identification:_identify(external/ipopt/coinbrew/Ipopt/examples/ScalableProblems) by extension 'ignore'
[0.089s] Level 1:colcon.colcon_core.package_identification:_identify(external/ipopt/coinbrew/Ipopt/examples/ScalableProblems) by extension 'ignore_ament_install'
[0.089s] Level 1:colcon.colcon_core.package_identification:_identify(external/ipopt/coinbrew/Ipopt/examples/ScalableProblems) by extensions ['colcon_pkg']
[0.089s] Level 1:colcon.colcon_core.package_identification:_identify(external/ipopt/coinbrew/Ipopt/examples/ScalableProblems) by extension 'colcon_pkg'
[0.089s] Level 1:colcon.colcon_core.package_identification:_identify(external/ipopt/coinbrew/Ipopt/examples/ScalableProblems) by extensions ['colcon_meta']
[0.089s] Level 1:colcon.colcon_core.package_identification:_identify(external/ipopt/coinbrew/Ipopt/examples/ScalableProblems) by extension 'colcon_meta'
[0.089s] Level 1:colcon.colcon_core.package_identification:_identify(external/ipopt/coinbrew/Ipopt/examples/ScalableProblems) by extensions ['ros']
[0.089s] Level 1:colcon.colcon_core.package_identification:_identify(external/ipopt/coinbrew/Ipopt/examples/ScalableProblems) by extension 'ros'
[0.089s] Level 1:colcon.colcon_core.package_identification:_identify(external/ipopt/coinbrew/Ipopt/examples/ScalableProblems) by extensions ['cmake', 'python']
[0.089s] Level 1:colcon.colcon_core.package_identification:_identify(external/ipopt/coinbrew/Ipopt/examples/ScalableProblems) by extension 'cmake'
[0.089s] Level 1:colcon.colcon_core.package_identification:_identify(external/ipopt/coinbrew/Ipopt/examples/ScalableProblems) by extension 'python'
[0.089s] Level 1:colcon.colcon_core.package_identification:_identify(external/ipopt/coinbrew/Ipopt/examples/ScalableProblems) by extensions ['python_setup_py']
[0.089s] Level 1:colcon.colcon_core.package_identification:_identify(external/ipopt/coinbrew/Ipopt/examples/ScalableProblems) by extension 'python_setup_py'
[0.089s] Level 1:colcon.colcon_core.package_identification:_identify(external/ipopt/coinbrew/Ipopt/examples/ScalableProblems_java) by extensions ['ignore', 'ignore_ament_install']
[0.089s] Level 1:colcon.colcon_core.package_identification:_identify(external/ipopt/coinbrew/Ipopt/examples/ScalableProblems_java) by extension 'ignore'
[0.089s] Level 1:colcon.colcon_core.package_identification:_identify(external/ipopt/coinbrew/Ipopt/examples/ScalableProblems_java) by extension 'ignore_ament_install'
[0.089s] Level 1:colcon.colcon_core.package_identification:_identify(external/ipopt/coinbrew/Ipopt/examples/ScalableProblems_java) by extensions ['colcon_pkg']
[0.089s] Level 1:colcon.colcon_core.package_identification:_identify(external/ipopt/coinbrew/Ipopt/examples/ScalableProblems_java) by extension 'colcon_pkg'
[0.090s] Level 1:colcon.colcon_core.package_identification:_identify(external/ipopt/coinbrew/Ipopt/examples/ScalableProblems_java) by extensions ['colcon_meta']
[0.090s] Level 1:colcon.colcon_core.package_identification:_identify(external/ipopt/coinbrew/Ipopt/examples/ScalableProblems_java) by extension 'colcon_meta'
[0.090s] Level 1:colcon.colcon_core.package_identification:_identify(external/ipopt/coinbrew/Ipopt/examples/ScalableProblems_java) by extensions ['ros']
[0.090s] Level 1:colcon.colcon_core.package_identification:_identify(external/ipopt/coinbrew/Ipopt/examples/ScalableProblems_java) by extension 'ros'
[0.090s] Level 1:colcon.colcon_core.package_identification:_identify(external/ipopt/coinbrew/Ipopt/examples/ScalableProblems_java) by extensions ['cmake', 'python']
[0.090s] Level 1:colcon.colcon_core.package_identification:_identify(external/ipopt/coinbrew/Ipopt/examples/ScalableProblems_java) by extension 'cmake'
[0.090s] Level 1:colcon.colcon_core.package_identification:_identify(external/ipopt/coinbrew/Ipopt/examples/ScalableProblems_java) by extension 'python'
[0.090s] Level 1:colcon.colcon_core.package_identification:_identify(external/ipopt/coinbrew/Ipopt/examples/ScalableProblems_java) by extensions ['python_setup_py']
[0.090s] Level 1:colcon.colcon_core.package_identification:_identify(external/ipopt/coinbrew/Ipopt/examples/ScalableProblems_java) by extension 'python_setup_py'
[0.090s] Level 1:colcon.colcon_core.package_identification:_identify(external/ipopt/coinbrew/Ipopt/examples/hs071_c) by extensions ['ignore', 'ignore_ament_install']
[0.090s] Level 1:colcon.colcon_core.package_identification:_identify(external/ipopt/coinbrew/Ipopt/examples/hs071_c) by extension 'ignore'
[0.090s] Level 1:colcon.colcon_core.package_identification:_identify(external/ipopt/coinbrew/Ipopt/examples/hs071_c) by extension 'ignore_ament_install'
[0.090s] Level 1:colcon.colcon_core.package_identification:_identify(external/ipopt/coinbrew/Ipopt/examples/hs071_c) by extensions ['colcon_pkg']
[0.090s] Level 1:colcon.colcon_core.package_identification:_identify(external/ipopt/coinbrew/Ipopt/examples/hs071_c) by extension 'colcon_pkg'
[0.090s] Level 1:colcon.colcon_core.package_identification:_identify(external/ipopt/coinbrew/Ipopt/examples/hs071_c) by extensions ['colcon_meta']
[0.090s] Level 1:colcon.colcon_core.package_identification:_identify(external/ipopt/coinbrew/Ipopt/examples/hs071_c) by extension 'colcon_meta'
[0.090s] Level 1:colcon.colcon_core.package_identification:_identify(external/ipopt/coinbrew/Ipopt/examples/hs071_c) by extensions ['ros']
[0.090s] Level 1:colcon.colcon_core.package_identification:_identify(external/ipopt/coinbrew/Ipopt/examples/hs071_c) by extension 'ros'
[0.090s] Level 1:colcon.colcon_core.package_identification:_identify(external/ipopt/coinbrew/Ipopt/examples/hs071_c) by extensions ['cmake', 'python']
[0.090s] Level 1:colcon.colcon_core.package_identification:_identify(external/ipopt/coinbrew/Ipopt/examples/hs071_c) by extension 'cmake'
[0.090s] Level 1:colcon.colcon_core.package_identification:_identify(external/ipopt/coinbrew/Ipopt/examples/hs071_c) by extension 'python'
[0.090s] Level 1:colcon.colcon_core.package_identification:_identify(external/ipopt/coinbrew/Ipopt/examples/hs071_c) by extensions ['python_setup_py']
[0.090s] Level 1:colcon.colcon_core.package_identification:_identify(external/ipopt/coinbrew/Ipopt/examples/hs071_c) by extension 'python_setup_py'
[0.090s] Level 1:colcon.colcon_core.package_identification:_identify(external/ipopt/coinbrew/Ipopt/examples/hs071_cpp) by extensions ['ignore', 'ignore_ament_install']
[0.090s] Level 1:colcon.colcon_core.package_identification:_identify(external/ipopt/coinbrew/Ipopt/examples/hs071_cpp) by extension 'ignore'
[0.090s] Level 1:colcon.colcon_core.package_identification:_identify(external/ipopt/coinbrew/Ipopt/examples/hs071_cpp) by extension 'ignore_ament_install'
[0.090s] Level 1:colcon.colcon_core.package_identification:_identify(external/ipopt/coinbrew/Ipopt/examples/hs071_cpp) by extensions ['colcon_pkg']
[0.090s] Level 1:colcon.colcon_core.package_identification:_identify(external/ipopt/coinbrew/Ipopt/examples/hs071_cpp) by extension 'colcon_pkg'
[0.090s] Level 1:colcon.colcon_core.package_identification:_identify(external/ipopt/coinbrew/Ipopt/examples/hs071_cpp) by extensions ['colcon_meta']
[0.090s] Level 1:colcon.colcon_core.package_identification:_identify(external/ipopt/coinbrew/Ipopt/examples/hs071_cpp) by extension 'colcon_meta'
[0.090s] Level 1:colcon.colcon_core.package_identification:_identify(external/ipopt/coinbrew/Ipopt/examples/hs071_cpp) by extensions ['ros']
[0.090s] Level 1:colcon.colcon_core.package_identification:_identify(external/ipopt/coinbrew/Ipopt/examples/hs071_cpp) by extension 'ros'
[0.090s] Level 1:colcon.colcon_core.package_identification:_identify(external/ipopt/coinbrew/Ipopt/examples/hs071_cpp) by extensions ['cmake', 'python']
[0.090s] Level 1:colcon.colcon_core.package_identification:_identify(external/ipopt/coinbrew/Ipopt/examples/hs071_cpp) by extension 'cmake'
[0.090s] Level 1:colcon.colcon_core.package_identification:_identify(external/ipopt/coinbrew/Ipopt/examples/hs071_cpp) by extension 'python'
[0.090s] Level 1:colcon.colcon_core.package_identification:_identify(external/ipopt/coinbrew/Ipopt/examples/hs071_cpp) by extensions ['python_setup_py']
[0.090s] Level 1:colcon.colcon_core.package_identification:_identify(external/ipopt/coinbrew/Ipopt/examples/hs071_cpp) by extension 'python_setup_py'
[0.090s] Level 1:colcon.colcon_core.package_identification:_identify(external/ipopt/coinbrew/Ipopt/examples/hs071_f) by extensions ['ignore', 'ignore_ament_install']
[0.090s] Level 1:colcon.colcon_core.package_identification:_identify(external/ipopt/coinbrew/Ipopt/examples/hs071_f) by extension 'ignore'
[0.090s] Level 1:colcon.colcon_core.package_identification:_identify(external/ipopt/coinbrew/Ipopt/examples/hs071_f) by extension 'ignore_ament_install'
[0.090s] Level 1:colcon.colcon_core.package_identification:_identify(external/ipopt/coinbrew/Ipopt/examples/hs071_f) by extensions ['colcon_pkg']
[0.090s] Level 1:colcon.colcon_core.package_identification:_identify(external/ipopt/coinbrew/Ipopt/examples/hs071_f) by extension 'colcon_pkg'
[0.090s] Level 1:colcon.colcon_core.package_identification:_identify(external/ipopt/coinbrew/Ipopt/examples/hs071_f) by extensions ['colcon_meta']
[0.090s] Level 1:colcon.colcon_core.package_identification:_identify(external/ipopt/coinbrew/Ipopt/examples/hs071_f) by extension 'colcon_meta'
[0.090s] Level 1:colcon.colcon_core.package_identification:_identify(external/ipopt/coinbrew/Ipopt/examples/hs071_f) by extensions ['ros']
[0.090s] Level 1:colcon.colcon_core.package_identification:_identify(external/ipopt/coinbrew/Ipopt/examples/hs071_f) by extension 'ros'
[0.090s] Level 1:colcon.colcon_core.package_identification:_identify(external/ipopt/coinbrew/Ipopt/examples/hs071_f) by extensions ['cmake', 'python']
[0.090s] Level 1:colcon.colcon_core.package_identification:_identify(external/ipopt/coinbrew/Ipopt/examples/hs071_f) by extension 'cmake'
[0.090s] Level 1:colcon.colcon_core.package_identification:_identify(external/ipopt/coinbrew/Ipopt/examples/hs071_f) by extension 'python'
[0.090s] Level 1:colcon.colcon_core.package_identification:_identify(external/ipopt/coinbrew/Ipopt/examples/hs071_f) by extensions ['python_setup_py']
[0.090s] Level 1:colcon.colcon_core.package_identification:_identify(external/ipopt/coinbrew/Ipopt/examples/hs071_f) by extension 'python_setup_py'
[0.090s] Level 1:colcon.colcon_core.package_identification:_identify(external/ipopt/coinbrew/Ipopt/examples/hs071_java) by extensions ['ignore', 'ignore_ament_install']
[0.090s] Level 1:colcon.colcon_core.package_identification:_identify(external/ipopt/coinbrew/Ipopt/examples/hs071_java) by extension 'ignore'
[0.090s] Level 1:colcon.colcon_core.package_identification:_identify(external/ipopt/coinbrew/Ipopt/examples/hs071_java) by extension 'ignore_ament_install'
[0.090s] Level 1:colcon.colcon_core.package_identification:_identify(external/ipopt/coinbrew/Ipopt/examples/hs071_java) by extensions ['colcon_pkg']
[0.090s] Level 1:colcon.colcon_core.package_identification:_identify(external/ipopt/coinbrew/Ipopt/examples/hs071_java) by extension 'colcon_pkg'
[0.090s] Level 1:colcon.colcon_core.package_identification:_identify(external/ipopt/coinbrew/Ipopt/examples/hs071_java) by extensions ['colcon_meta']
[0.090s] Level 1:colcon.colcon_core.package_identification:_identify(external/ipopt/coinbrew/Ipopt/examples/hs071_java) by extension 'colcon_meta'
[0.090s] Level 1:colcon.colcon_core.package_identification:_identify(external/ipopt/coinbrew/Ipopt/examples/hs071_java) by extensions ['ros']
[0.090s] Level 1:colcon.colcon_core.package_identification:_identify(external/ipopt/coinbrew/Ipopt/examples/hs071_java) by extension 'ros'
[0.090s] Level 1:colcon.colcon_core.package_identification:_identify(external/ipopt/coinbrew/Ipopt/examples/hs071_java) by extensions ['cmake', 'python']
[0.090s] Level 1:colcon.colcon_core.package_identification:_identify(external/ipopt/coinbrew/Ipopt/examples/hs071_java) by extension 'cmake'
[0.090s] Level 1:colcon.colcon_core.package_identification:_identify(external/ipopt/coinbrew/Ipopt/examples/hs071_java) by extension 'python'
[0.090s] Level 1:colcon.colcon_core.package_identification:_identify(external/ipopt/coinbrew/Ipopt/examples/hs071_java) by extensions ['python_setup_py']
[0.090s] Level 1:colcon.colcon_core.package_identification:_identify(external/ipopt/coinbrew/Ipopt/examples/hs071_java) by extension 'python_setup_py'
[0.090s] Level 1:colcon.colcon_core.package_identification:_identify(external/ipopt/coinbrew/Ipopt/examples/recursive_nlp) by extensions ['ignore', 'ignore_ament_install']
[0.090s] Level 1:colcon.colcon_core.package_identification:_identify(external/ipopt/coinbrew/Ipopt/examples/recursive_nlp) by extension 'ignore'
[0.091s] Level 1:colcon.colcon_core.package_identification:_identify(external/ipopt/coinbrew/Ipopt/examples/recursive_nlp) by extension 'ignore_ament_install'
[0.091s] Level 1:colcon.colcon_core.package_identification:_identify(external/ipopt/coinbrew/Ipopt/examples/recursive_nlp) by extensions ['colcon_pkg']
[0.091s] Level 1:colcon.colcon_core.package_identification:_identify(external/ipopt/coinbrew/Ipopt/examples/recursive_nlp) by extension 'colcon_pkg'
[0.091s] Level 1:colcon.colcon_core.package_identification:_identify(external/ipopt/coinbrew/Ipopt/examples/recursive_nlp) by extensions ['colcon_meta']
[0.091s] Level 1:colcon.colcon_core.package_identification:_identify(external/ipopt/coinbrew/Ipopt/examples/recursive_nlp) by extension 'colcon_meta'
[0.091s] Level 1:colcon.colcon_core.package_identification:_identify(external/ipopt/coinbrew/Ipopt/examples/recursive_nlp) by extensions ['ros']
[0.091s] Level 1:colcon.colcon_core.package_identification:_identify(external/ipopt/coinbrew/Ipopt/examples/recursive_nlp) by extension 'ros'
[0.091s] Level 1:colcon.colcon_core.package_identification:_identify(external/ipopt/coinbrew/Ipopt/examples/recursive_nlp) by extensions ['cmake', 'python']
[0.091s] Level 1:colcon.colcon_core.package_identification:_identify(external/ipopt/coinbrew/Ipopt/examples/recursive_nlp) by extension 'cmake'
[0.091s] Level 1:colcon.colcon_core.package_identification:_identify(external/ipopt/coinbrew/Ipopt/examples/recursive_nlp) by extension 'python'
[0.091s] Level 1:colcon.colcon_core.package_identification:_identify(external/ipopt/coinbrew/Ipopt/examples/recursive_nlp) by extensions ['python_setup_py']
[0.091s] Level 1:colcon.colcon_core.package_identification:_identify(external/ipopt/coinbrew/Ipopt/examples/recursive_nlp) by extension 'python_setup_py'
[0.091s] Level 1:colcon.colcon_core.package_identification:_identify(external/ipopt/coinbrew/Ipopt/src) by extensions ['ignore', 'ignore_ament_install']
[0.091s] Level 1:colcon.colcon_core.package_identification:_identify(external/ipopt/coinbrew/Ipopt/src) by extension 'ignore'
[0.091s] Level 1:colcon.colcon_core.package_identification:_identify(external/ipopt/coinbrew/Ipopt/src) by extension 'ignore_ament_install'
[0.091s] Level 1:colcon.colcon_core.package_identification:_identify(external/ipopt/coinbrew/Ipopt/src) by extensions ['colcon_pkg']
[0.091s] Level 1:colcon.colcon_core.package_identification:_identify(external/ipopt/coinbrew/Ipopt/src) by extension 'colcon_pkg'
[0.091s] Level 1:colcon.colcon_core.package_identification:_identify(external/ipopt/coinbrew/Ipopt/src) by extensions ['colcon_meta']
[0.091s] Level 1:colcon.colcon_core.package_identification:_identify(external/ipopt/coinbrew/Ipopt/src) by extension 'colcon_meta'
[0.091s] Level 1:colcon.colcon_core.package_identification:_identify(external/ipopt/coinbrew/Ipopt/src) by extensions ['ros']
[0.091s] Level 1:colcon.colcon_core.package_identification:_identify(external/ipopt/coinbrew/Ipopt/src) by extension 'ros'
[0.091s] Level 1:colcon.colcon_core.package_identification:_identify(external/ipopt/coinbrew/Ipopt/src) by extensions ['cmake', 'python']
[0.091s] Level 1:colcon.colcon_core.package_identification:_identify(external/ipopt/coinbrew/Ipopt/src) by extension 'cmake'
[0.091s] Level 1:colcon.colcon_core.package_identification:_identify(external/ipopt/coinbrew/Ipopt/src) by extension 'python'
[0.091s] Level 1:colcon.colcon_core.package_identification:_identify(external/ipopt/coinbrew/Ipopt/src) by extensions ['python_setup_py']
[0.091s] Level 1:colcon.colcon_core.package_identification:_identify(external/ipopt/coinbrew/Ipopt/src) by extension 'python_setup_py'
[0.091s] Level 1:colcon.colcon_core.package_identification:_identify(external/ipopt/coinbrew/Ipopt/src/Algorithm) by extensions ['ignore', 'ignore_ament_install']
[0.091s] Level 1:colcon.colcon_core.package_identification:_identify(external/ipopt/coinbrew/Ipopt/src/Algorithm) by extension 'ignore'
[0.091s] Level 1:colcon.colcon_core.package_identification:_identify(external/ipopt/coinbrew/Ipopt/src/Algorithm) by extension 'ignore_ament_install'
[0.091s] Level 1:colcon.colcon_core.package_identification:_identify(external/ipopt/coinbrew/Ipopt/src/Algorithm) by extensions ['colcon_pkg']
[0.091s] Level 1:colcon.colcon_core.package_identification:_identify(external/ipopt/coinbrew/Ipopt/src/Algorithm) by extension 'colcon_pkg'
[0.091s] Level 1:colcon.colcon_core.package_identification:_identify(external/ipopt/coinbrew/Ipopt/src/Algorithm) by extensions ['colcon_meta']
[0.091s] Level 1:colcon.colcon_core.package_identification:_identify(external/ipopt/coinbrew/Ipopt/src/Algorithm) by extension 'colcon_meta'
[0.091s] Level 1:colcon.colcon_core.package_identification:_identify(external/ipopt/coinbrew/Ipopt/src/Algorithm) by extensions ['ros']
[0.091s] Level 1:colcon.colcon_core.package_identification:_identify(external/ipopt/coinbrew/Ipopt/src/Algorithm) by extension 'ros'
[0.091s] Level 1:colcon.colcon_core.package_identification:_identify(external/ipopt/coinbrew/Ipopt/src/Algorithm) by extensions ['cmake', 'python']
[0.091s] Level 1:colcon.colcon_core.package_identification:_identify(external/ipopt/coinbrew/Ipopt/src/Algorithm) by extension 'cmake'
[0.091s] Level 1:colcon.colcon_core.package_identification:_identify(external/ipopt/coinbrew/Ipopt/src/Algorithm) by extension 'python'
[0.091s] Level 1:colcon.colcon_core.package_identification:_identify(external/ipopt/coinbrew/Ipopt/src/Algorithm) by extensions ['python_setup_py']
[0.091s] Level 1:colcon.colcon_core.package_identification:_identify(external/ipopt/coinbrew/Ipopt/src/Algorithm) by extension 'python_setup_py'
[0.091s] Level 1:colcon.colcon_core.package_identification:_identify(external/ipopt/coinbrew/Ipopt/src/Algorithm/Inexact) by extensions ['ignore', 'ignore_ament_install']
[0.091s] Level 1:colcon.colcon_core.package_identification:_identify(external/ipopt/coinbrew/Ipopt/src/Algorithm/Inexact) by extension 'ignore'
[0.091s] Level 1:colcon.colcon_core.package_identification:_identify(external/ipopt/coinbrew/Ipopt/src/Algorithm/Inexact) by extension 'ignore_ament_install'
[0.091s] Level 1:colcon.colcon_core.package_identification:_identify(external/ipopt/coinbrew/Ipopt/src/Algorithm/Inexact) by extensions ['colcon_pkg']
[0.091s] Level 1:colcon.colcon_core.package_identification:_identify(external/ipopt/coinbrew/Ipopt/src/Algorithm/Inexact) by extension 'colcon_pkg'
[0.091s] Level 1:colcon.colcon_core.package_identification:_identify(external/ipopt/coinbrew/Ipopt/src/Algorithm/Inexact) by extensions ['colcon_meta']
[0.091s] Level 1:colcon.colcon_core.package_identification:_identify(external/ipopt/coinbrew/Ipopt/src/Algorithm/Inexact) by extension 'colcon_meta'
[0.091s] Level 1:colcon.colcon_core.package_identification:_identify(external/ipopt/coinbrew/Ipopt/src/Algorithm/Inexact) by extensions ['ros']
[0.091s] Level 1:colcon.colcon_core.package_identification:_identify(external/ipopt/coinbrew/Ipopt/src/Algorithm/Inexact) by extension 'ros'
[0.091s] Level 1:colcon.colcon_core.package_identification:_identify(external/ipopt/coinbrew/Ipopt/src/Algorithm/Inexact) by extensions ['cmake', 'python']
[0.091s] Level 1:colcon.colcon_core.package_identification:_identify(external/ipopt/coinbrew/Ipopt/src/Algorithm/Inexact) by extension 'cmake'
[0.091s] Level 1:colcon.colcon_core.package_identification:_identify(external/ipopt/coinbrew/Ipopt/src/Algorithm/Inexact) by extension 'python'
[0.091s] Level 1:colcon.colcon_core.package_identification:_identify(external/ipopt/coinbrew/Ipopt/src/Algorithm/Inexact) by extensions ['python_setup_py']
[0.091s] Level 1:colcon.colcon_core.package_identification:_identify(external/ipopt/coinbrew/Ipopt/src/Algorithm/Inexact) by extension 'python_setup_py'
[0.091s] Level 1:colcon.colcon_core.package_identification:_identify(external/ipopt/coinbrew/Ipopt/src/Algorithm/LinearSolvers) by extensions ['ignore', 'ignore_ament_install']
[0.091s] Level 1:colcon.colcon_core.package_identification:_identify(external/ipopt/coinbrew/Ipopt/src/Algorithm/LinearSolvers) by extension 'ignore'
[0.091s] Level 1:colcon.colcon_core.package_identification:_identify(external/ipopt/coinbrew/Ipopt/src/Algorithm/LinearSolvers) by extension 'ignore_ament_install'
[0.091s] Level 1:colcon.colcon_core.package_identification:_identify(external/ipopt/coinbrew/Ipopt/src/Algorithm/LinearSolvers) by extensions ['colcon_pkg']
[0.091s] Level 1:colcon.colcon_core.package_identification:_identify(external/ipopt/coinbrew/Ipopt/src/Algorithm/LinearSolvers) by extension 'colcon_pkg'
[0.091s] Level 1:colcon.colcon_core.package_identification:_identify(external/ipopt/coinbrew/Ipopt/src/Algorithm/LinearSolvers) by extensions ['colcon_meta']
[0.091s] Level 1:colcon.colcon_core.package_identification:_identify(external/ipopt/coinbrew/Ipopt/src/Algorithm/LinearSolvers) by extension 'colcon_meta'
[0.091s] Level 1:colcon.colcon_core.package_identification:_identify(external/ipopt/coinbrew/Ipopt/src/Algorithm/LinearSolvers) by extensions ['ros']
[0.092s] Level 1:colcon.colcon_core.package_identification:_identify(external/ipopt/coinbrew/Ipopt/src/Algorithm/LinearSolvers) by extension 'ros'
[0.092s] Level 1:colcon.colcon_core.package_identification:_identify(external/ipopt/coinbrew/Ipopt/src/Algorithm/LinearSolvers) by extensions ['cmake', 'python']
[0.092s] Level 1:colcon.colcon_core.package_identification:_identify(external/ipopt/coinbrew/Ipopt/src/Algorithm/LinearSolvers) by extension 'cmake'
[0.092s] Level 1:colcon.colcon_core.package_identification:_identify(external/ipopt/coinbrew/Ipopt/src/Algorithm/LinearSolvers) by extension 'python'
[0.092s] Level 1:colcon.colcon_core.package_identification:_identify(external/ipopt/coinbrew/Ipopt/src/Algorithm/LinearSolvers) by extensions ['python_setup_py']
[0.092s] Level 1:colcon.colcon_core.package_identification:_identify(external/ipopt/coinbrew/Ipopt/src/Algorithm/LinearSolvers) by extension 'python_setup_py'
[0.092s] Level 1:colcon.colcon_core.package_identification:_identify(external/ipopt/coinbrew/Ipopt/src/Apps) by extensions ['ignore', 'ignore_ament_install']
[0.092s] Level 1:colcon.colcon_core.package_identification:_identify(external/ipopt/coinbrew/Ipopt/src/Apps) by extension 'ignore'
[0.092s] Level 1:colcon.colcon_core.package_identification:_identify(external/ipopt/coinbrew/Ipopt/src/Apps) by extension 'ignore_ament_install'
[0.092s] Level 1:colcon.colcon_core.package_identification:_identify(external/ipopt/coinbrew/Ipopt/src/Apps) by extensions ['colcon_pkg']
[0.092s] Level 1:colcon.colcon_core.package_identification:_identify(external/ipopt/coinbrew/Ipopt/src/Apps) by extension 'colcon_pkg'
[0.092s] Level 1:colcon.colcon_core.package_identification:_identify(external/ipopt/coinbrew/Ipopt/src/Apps) by extensions ['colcon_meta']
[0.092s] Level 1:colcon.colcon_core.package_identification:_identify(external/ipopt/coinbrew/Ipopt/src/Apps) by extension 'colcon_meta'
[0.092s] Level 1:colcon.colcon_core.package_identification:_identify(external/ipopt/coinbrew/Ipopt/src/Apps) by extensions ['ros']
[0.092s] Level 1:colcon.colcon_core.package_identification:_identify(external/ipopt/coinbrew/Ipopt/src/Apps) by extension 'ros'
[0.092s] Level 1:colcon.colcon_core.package_identification:_identify(external/ipopt/coinbrew/Ipopt/src/Apps) by extensions ['cmake', 'python']
[0.092s] Level 1:colcon.colcon_core.package_identification:_identify(external/ipopt/coinbrew/Ipopt/src/Apps) by extension 'cmake'
[0.092s] Level 1:colcon.colcon_core.package_identification:_identify(external/ipopt/coinbrew/Ipopt/src/Apps) by extension 'python'
[0.092s] Level 1:colcon.colcon_core.package_identification:_identify(external/ipopt/coinbrew/Ipopt/src/Apps) by extensions ['python_setup_py']
[0.092s] Level 1:colcon.colcon_core.package_identification:_identify(external/ipopt/coinbrew/Ipopt/src/Apps) by extension 'python_setup_py'
[0.092s] Level 1:colcon.colcon_core.package_identification:_identify(external/ipopt/coinbrew/Ipopt/src/Apps/AmplSolver) by extensions ['ignore', 'ignore_ament_install']
[0.092s] Level 1:colcon.colcon_core.package_identification:_identify(external/ipopt/coinbrew/Ipopt/src/Apps/AmplSolver) by extension 'ignore'
[0.092s] Level 1:colcon.colcon_core.package_identification:_identify(external/ipopt/coinbrew/Ipopt/src/Apps/AmplSolver) by extension 'ignore_ament_install'
[0.092s] Level 1:colcon.colcon_core.package_identification:_identify(external/ipopt/coinbrew/Ipopt/src/Apps/AmplSolver) by extensions ['colcon_pkg']
[0.092s] Level 1:colcon.colcon_core.package_identification:_identify(external/ipopt/coinbrew/Ipopt/src/Apps/AmplSolver) by extension 'colcon_pkg'
[0.092s] Level 1:colcon.colcon_core.package_identification:_identify(external/ipopt/coinbrew/Ipopt/src/Apps/AmplSolver) by extensions ['colcon_meta']
[0.092s] Level 1:colcon.colcon_core.package_identification:_identify(external/ipopt/coinbrew/Ipopt/src/Apps/AmplSolver) by extension 'colcon_meta'
[0.092s] Level 1:colcon.colcon_core.package_identification:_identify(external/ipopt/coinbrew/Ipopt/src/Apps/AmplSolver) by extensions ['ros']
[0.092s] Level 1:colcon.colcon_core.package_identification:_identify(external/ipopt/coinbrew/Ipopt/src/Apps/AmplSolver) by extension 'ros'
[0.092s] Level 1:colcon.colcon_core.package_identification:_identify(external/ipopt/coinbrew/Ipopt/src/Apps/AmplSolver) by extensions ['cmake', 'python']
[0.092s] Level 1:colcon.colcon_core.package_identification:_identify(external/ipopt/coinbrew/Ipopt/src/Apps/AmplSolver) by extension 'cmake'
[0.092s] Level 1:colcon.colcon_core.package_identification:_identify(external/ipopt/coinbrew/Ipopt/src/Apps/AmplSolver) by extension 'python'
[0.092s] Level 1:colcon.colcon_core.package_identification:_identify(external/ipopt/coinbrew/Ipopt/src/Apps/AmplSolver) by extensions ['python_setup_py']
[0.092s] Level 1:colcon.colcon_core.package_identification:_identify(external/ipopt/coinbrew/Ipopt/src/Apps/AmplSolver) by extension 'python_setup_py'
[0.092s] Level 1:colcon.colcon_core.package_identification:_identify(external/ipopt/coinbrew/Ipopt/src/Common) by extensions ['ignore', 'ignore_ament_install']
[0.092s] Level 1:colcon.colcon_core.package_identification:_identify(external/ipopt/coinbrew/Ipopt/src/Common) by extension 'ignore'
[0.092s] Level 1:colcon.colcon_core.package_identification:_identify(external/ipopt/coinbrew/Ipopt/src/Common) by extension 'ignore_ament_install'
[0.092s] Level 1:colcon.colcon_core.package_identification:_identify(external/ipopt/coinbrew/Ipopt/src/Common) by extensions ['colcon_pkg']
[0.092s] Level 1:colcon.colcon_core.package_identification:_identify(external/ipopt/coinbrew/Ipopt/src/Common) by extension 'colcon_pkg'
[0.092s] Level 1:colcon.colcon_core.package_identification:_identify(external/ipopt/coinbrew/Ipopt/src/Common) by extensions ['colcon_meta']
[0.092s] Level 1:colcon.colcon_core.package_identification:_identify(external/ipopt/coinbrew/Ipopt/src/Common) by extension 'colcon_meta'
[0.092s] Level 1:colcon.colcon_core.package_identification:_identify(external/ipopt/coinbrew/Ipopt/src/Common) by extensions ['ros']
[0.092s] Level 1:colcon.colcon_core.package_identification:_identify(external/ipopt/coinbrew/Ipopt/src/Common) by extension 'ros'
[0.092s] Level 1:colcon.colcon_core.package_identification:_identify(external/ipopt/coinbrew/Ipopt/src/Common) by extensions ['cmake', 'python']
[0.092s] Level 1:colcon.colcon_core.package_identification:_identify(external/ipopt/coinbrew/Ipopt/src/Common) by extension 'cmake'
[0.092s] Level 1:colcon.colcon_core.package_identification:_identify(external/ipopt/coinbrew/Ipopt/src/Common) by extension 'python'
[0.092s] Level 1:colcon.colcon_core.package_identification:_identify(external/ipopt/coinbrew/Ipopt/src/Common) by extensions ['python_setup_py']
[0.092s] Level 1:colcon.colcon_core.package_identification:_identify(external/ipopt/coinbrew/Ipopt/src/Common) by extension 'python_setup_py'
[0.092s] Level 1:colcon.colcon_core.package_identification:_identify(external/ipopt/coinbrew/Ipopt/src/Interfaces) by extensions ['ignore', 'ignore_ament_install']
[0.092s] Level 1:colcon.colcon_core.package_identification:_identify(external/ipopt/coinbrew/Ipopt/src/Interfaces) by extension 'ignore'
[0.092s] Level 1:colcon.colcon_core.package_identification:_identify(external/ipopt/coinbrew/Ipopt/src/Interfaces) by extension 'ignore_ament_install'
[0.092s] Level 1:colcon.colcon_core.package_identification:_identify(external/ipopt/coinbrew/Ipopt/src/Interfaces) by extensions ['colcon_pkg']
[0.092s] Level 1:colcon.colcon_core.package_identification:_identify(external/ipopt/coinbrew/Ipopt/src/Interfaces) by extension 'colcon_pkg'
[0.092s] Level 1:colcon.colcon_core.package_identification:_identify(external/ipopt/coinbrew/Ipopt/src/Interfaces) by extensions ['colcon_meta']
[0.092s] Level 1:colcon.colcon_core.package_identification:_identify(external/ipopt/coinbrew/Ipopt/src/Interfaces) by extension 'colcon_meta'
[0.092s] Level 1:colcon.colcon_core.package_identification:_identify(external/ipopt/coinbrew/Ipopt/src/Interfaces) by extensions ['ros']
[0.092s] Level 1:colcon.colcon_core.package_identification:_identify(external/ipopt/coinbrew/Ipopt/src/Interfaces) by extension 'ros'
[0.092s] Level 1:colcon.colcon_core.package_identification:_identify(external/ipopt/coinbrew/Ipopt/src/Interfaces) by extensions ['cmake', 'python']
[0.092s] Level 1:colcon.colcon_core.package_identification:_identify(external/ipopt/coinbrew/Ipopt/src/Interfaces) by extension 'cmake'
[0.092s] Level 1:colcon.colcon_core.package_identification:_identify(external/ipopt/coinbrew/Ipopt/src/Interfaces) by extension 'python'
[0.092s] Level 1:colcon.colcon_core.package_identification:_identify(external/ipopt/coinbrew/Ipopt/src/Interfaces) by extensions ['python_setup_py']
[0.092s] Level 1:colcon.colcon_core.package_identification:_identify(external/ipopt/coinbrew/Ipopt/src/Interfaces) by extension 'python_setup_py'
[0.092s] Level 1:colcon.colcon_core.package_identification:_identify(external/ipopt/coinbrew/Ipopt/src/LinAlg) by extensions ['ignore', 'ignore_ament_install']
[0.092s] Level 1:colcon.colcon_core.package_identification:_identify(external/ipopt/coinbrew/Ipopt/src/LinAlg) by extension 'ignore'
[0.093s] Level 1:colcon.colcon_core.package_identification:_identify(external/ipopt/coinbrew/Ipopt/src/LinAlg) by extension 'ignore_ament_install'
[0.093s] Level 1:colcon.colcon_core.package_identification:_identify(external/ipopt/coinbrew/Ipopt/src/LinAlg) by extensions ['colcon_pkg']
[0.093s] Level 1:colcon.colcon_core.package_identification:_identify(external/ipopt/coinbrew/Ipopt/src/LinAlg) by extension 'colcon_pkg'
[0.093s] Level 1:colcon.colcon_core.package_identification:_identify(external/ipopt/coinbrew/Ipopt/src/LinAlg) by extensions ['colcon_meta']
[0.093s] Level 1:colcon.colcon_core.package_identification:_identify(external/ipopt/coinbrew/Ipopt/src/LinAlg) by extension 'colcon_meta'
[0.093s] Level 1:colcon.colcon_core.package_identification:_identify(external/ipopt/coinbrew/Ipopt/src/LinAlg) by extensions ['ros']
[0.093s] Level 1:colcon.colcon_core.package_identification:_identify(external/ipopt/coinbrew/Ipopt/src/LinAlg) by extension 'ros'
[0.093s] Level 1:colcon.colcon_core.package_identification:_identify(external/ipopt/coinbrew/Ipopt/src/LinAlg) by extensions ['cmake', 'python']
[0.093s] Level 1:colcon.colcon_core.package_identification:_identify(external/ipopt/coinbrew/Ipopt/src/LinAlg) by extension 'cmake'
[0.093s] Level 1:colcon.colcon_core.package_identification:_identify(external/ipopt/coinbrew/Ipopt/src/LinAlg) by extension 'python'
[0.093s] Level 1:colcon.colcon_core.package_identification:_identify(external/ipopt/coinbrew/Ipopt/src/LinAlg) by extensions ['python_setup_py']
[0.093s] Level 1:colcon.colcon_core.package_identification:_identify(external/ipopt/coinbrew/Ipopt/src/LinAlg) by extension 'python_setup_py'
[0.093s] Level 1:colcon.colcon_core.package_identification:_identify(external/ipopt/coinbrew/Ipopt/src/LinAlg/TMatrices) by extensions ['ignore', 'ignore_ament_install']
[0.093s] Level 1:colcon.colcon_core.package_identification:_identify(external/ipopt/coinbrew/Ipopt/src/LinAlg/TMatrices) by extension 'ignore'
[0.093s] Level 1:colcon.colcon_core.package_identification:_identify(external/ipopt/coinbrew/Ipopt/src/LinAlg/TMatrices) by extension 'ignore_ament_install'
[0.093s] Level 1:colcon.colcon_core.package_identification:_identify(external/ipopt/coinbrew/Ipopt/src/LinAlg/TMatrices) by extensions ['colcon_pkg']
[0.093s] Level 1:colcon.colcon_core.package_identification:_identify(external/ipopt/coinbrew/Ipopt/src/LinAlg/TMatrices) by extension 'colcon_pkg'
[0.093s] Level 1:colcon.colcon_core.package_identification:_identify(external/ipopt/coinbrew/Ipopt/src/LinAlg/TMatrices) by extensions ['colcon_meta']
[0.093s] Level 1:colcon.colcon_core.package_identification:_identify(external/ipopt/coinbrew/Ipopt/src/LinAlg/TMatrices) by extension 'colcon_meta'
[0.093s] Level 1:colcon.colcon_core.package_identification:_identify(external/ipopt/coinbrew/Ipopt/src/LinAlg/TMatrices) by extensions ['ros']
[0.093s] Level 1:colcon.colcon_core.package_identification:_identify(external/ipopt/coinbrew/Ipopt/src/LinAlg/TMatrices) by extension 'ros'
[0.093s] Level 1:colcon.colcon_core.package_identification:_identify(external/ipopt/coinbrew/Ipopt/src/LinAlg/TMatrices) by extensions ['cmake', 'python']
[0.093s] Level 1:colcon.colcon_core.package_identification:_identify(external/ipopt/coinbrew/Ipopt/src/LinAlg/TMatrices) by extension 'cmake'
[0.093s] Level 1:colcon.colcon_core.package_identification:_identify(external/ipopt/coinbrew/Ipopt/src/LinAlg/TMatrices) by extension 'python'
[0.093s] Level 1:colcon.colcon_core.package_identification:_identify(external/ipopt/coinbrew/Ipopt/src/LinAlg/TMatrices) by extensions ['python_setup_py']
[0.093s] Level 1:colcon.colcon_core.package_identification:_identify(external/ipopt/coinbrew/Ipopt/src/LinAlg/TMatrices) by extension 'python_setup_py'
[0.093s] Level 1:colcon.colcon_core.package_identification:_identify(external/ipopt/coinbrew/Ipopt/src/contrib) by extensions ['ignore', 'ignore_ament_install']
[0.093s] Level 1:colcon.colcon_core.package_identification:_identify(external/ipopt/coinbrew/Ipopt/src/contrib) by extension 'ignore'
[0.093s] Level 1:colcon.colcon_core.package_identification:_identify(external/ipopt/coinbrew/Ipopt/src/contrib) by extension 'ignore_ament_install'
[0.093s] Level 1:colcon.colcon_core.package_identification:_identify(external/ipopt/coinbrew/Ipopt/src/contrib) by extensions ['colcon_pkg']
[0.093s] Level 1:colcon.colcon_core.package_identification:_identify(external/ipopt/coinbrew/Ipopt/src/contrib) by extension 'colcon_pkg'
[0.093s] Level 1:colcon.colcon_core.package_identification:_identify(external/ipopt/coinbrew/Ipopt/src/contrib) by extensions ['colcon_meta']
[0.093s] Level 1:colcon.colcon_core.package_identification:_identify(external/ipopt/coinbrew/Ipopt/src/contrib) by extension 'colcon_meta'
[0.093s] Level 1:colcon.colcon_core.package_identification:_identify(external/ipopt/coinbrew/Ipopt/src/contrib) by extensions ['ros']
[0.093s] Level 1:colcon.colcon_core.package_identification:_identify(external/ipopt/coinbrew/Ipopt/src/contrib) by extension 'ros'
[0.093s] Level 1:colcon.colcon_core.package_identification:_identify(external/ipopt/coinbrew/Ipopt/src/contrib) by extensions ['cmake', 'python']
[0.093s] Level 1:colcon.colcon_core.package_identification:_identify(external/ipopt/coinbrew/Ipopt/src/contrib) by extension 'cmake'
[0.093s] Level 1:colcon.colcon_core.package_identification:_identify(external/ipopt/coinbrew/Ipopt/src/contrib) by extension 'python'
[0.093s] Level 1:colcon.colcon_core.package_identification:_identify(external/ipopt/coinbrew/Ipopt/src/contrib) by extensions ['python_setup_py']
[0.093s] Level 1:colcon.colcon_core.package_identification:_identify(external/ipopt/coinbrew/Ipopt/src/contrib) by extension 'python_setup_py'
[0.093s] Level 1:colcon.colcon_core.package_identification:_identify(external/ipopt/coinbrew/Ipopt/src/contrib/CGPenalty) by extensions ['ignore', 'ignore_ament_install']
[0.093s] Level 1:colcon.colcon_core.package_identification:_identify(external/ipopt/coinbrew/Ipopt/src/contrib/CGPenalty) by extension 'ignore'
[0.093s] Level 1:colcon.colcon_core.package_identification:_identify(external/ipopt/coinbrew/Ipopt/src/contrib/CGPenalty) by extension 'ignore_ament_install'
[0.093s] Level 1:colcon.colcon_core.package_identification:_identify(external/ipopt/coinbrew/Ipopt/src/contrib/CGPenalty) by extensions ['colcon_pkg']
[0.093s] Level 1:colcon.colcon_core.package_identification:_identify(external/ipopt/coinbrew/Ipopt/src/contrib/CGPenalty) by extension 'colcon_pkg'
[0.093s] Level 1:colcon.colcon_core.package_identification:_identify(external/ipopt/coinbrew/Ipopt/src/contrib/CGPenalty) by extensions ['colcon_meta']
[0.093s] Level 1:colcon.colcon_core.package_identification:_identify(external/ipopt/coinbrew/Ipopt/src/contrib/CGPenalty) by extension 'colcon_meta'
[0.093s] Level 1:colcon.colcon_core.package_identification:_identify(external/ipopt/coinbrew/Ipopt/src/contrib/CGPenalty) by extensions ['ros']
[0.093s] Level 1:colcon.colcon_core.package_identification:_identify(external/ipopt/coinbrew/Ipopt/src/contrib/CGPenalty) by extension 'ros'
[0.093s] Level 1:colcon.colcon_core.package_identification:_identify(external/ipopt/coinbrew/Ipopt/src/contrib/CGPenalty) by extensions ['cmake', 'python']
[0.093s] Level 1:colcon.colcon_core.package_identification:_identify(external/ipopt/coinbrew/Ipopt/src/contrib/CGPenalty) by extension 'cmake'
[0.093s] Level 1:colcon.colcon_core.package_identification:_identify(external/ipopt/coinbrew/Ipopt/src/contrib/CGPenalty) by extension 'python'
[0.093s] Level 1:colcon.colcon_core.package_identification:_identify(external/ipopt/coinbrew/Ipopt/src/contrib/CGPenalty) by extensions ['python_setup_py']
[0.093s] Level 1:colcon.colcon_core.package_identification:_identify(external/ipopt/coinbrew/Ipopt/src/contrib/CGPenalty) by extension 'python_setup_py'
[0.093s] Level 1:colcon.colcon_core.package_identification:_identify(external/ipopt/coinbrew/Ipopt/test) by extensions ['ignore', 'ignore_ament_install']
[0.093s] Level 1:colcon.colcon_core.package_identification:_identify(external/ipopt/coinbrew/Ipopt/test) by extension 'ignore'
[0.093s] Level 1:colcon.colcon_core.package_identification:_identify(external/ipopt/coinbrew/Ipopt/test) by extension 'ignore_ament_install'
[0.093s] Level 1:colcon.colcon_core.package_identification:_identify(external/ipopt/coinbrew/Ipopt/test) by extensions ['colcon_pkg']
[0.093s] Level 1:colcon.colcon_core.package_identification:_identify(external/ipopt/coinbrew/Ipopt/test) by extension 'colcon_pkg'
[0.093s] Level 1:colcon.colcon_core.package_identification:_identify(external/ipopt/coinbrew/Ipopt/test) by extensions ['colcon_meta']
[0.093s] Level 1:colcon.colcon_core.package_identification:_identify(external/ipopt/coinbrew/Ipopt/test) by extension 'colcon_meta'
[0.093s] Level 1:colcon.colcon_core.package_identification:_identify(external/ipopt/coinbrew/Ipopt/test) by extensions ['ros']
[0.093s] Level 1:colcon.colcon_core.package_identification:_identify(external/ipopt/coinbrew/Ipopt/test) by extension 'ros'
[0.093s] Level 1:colcon.colcon_core.package_identification:_identify(external/ipopt/coinbrew/Ipopt/test) by extensions ['cmake', 'python']
[0.093s] Level 1:colcon.colcon_core.package_identification:_identify(external/ipopt/coinbrew/Ipopt/test) by extension 'cmake'
[0.093s] Level 1:colcon.colcon_core.package_identification:_identify(external/ipopt/coinbrew/Ipopt/test) by extension 'python'
[0.093s] Level 1:colcon.colcon_core.package_identification:_identify(external/ipopt/coinbrew/Ipopt/test) by extensions ['python_setup_py']
[0.094s] Level 1:colcon.colcon_core.package_identification:_identify(external/ipopt/coinbrew/Ipopt/test) by extension 'python_setup_py'
[0.094s] Level 1:colcon.colcon_core.package_identification:_identify(external/ipopt/coinbrew/Ipopt/tutorial) by extensions ['ignore', 'ignore_ament_install']
[0.094s] Level 1:colcon.colcon_core.package_identification:_identify(external/ipopt/coinbrew/Ipopt/tutorial) by extension 'ignore'
[0.094s] Level 1:colcon.colcon_core.package_identification:_identify(external/ipopt/coinbrew/Ipopt/tutorial) by extension 'ignore_ament_install'
[0.094s] Level 1:colcon.colcon_core.package_identification:_identify(external/ipopt/coinbrew/Ipopt/tutorial) by extensions ['colcon_pkg']
[0.094s] Level 1:colcon.colcon_core.package_identification:_identify(external/ipopt/coinbrew/Ipopt/tutorial) by extension 'colcon_pkg'
[0.094s] Level 1:colcon.colcon_core.package_identification:_identify(external/ipopt/coinbrew/Ipopt/tutorial) by extensions ['colcon_meta']
[0.094s] Level 1:colcon.colcon_core.package_identification:_identify(external/ipopt/coinbrew/Ipopt/tutorial) by extension 'colcon_meta'
[0.094s] Level 1:colcon.colcon_core.package_identification:_identify(external/ipopt/coinbrew/Ipopt/tutorial) by extensions ['ros']
[0.094s] Level 1:colcon.colcon_core.package_identification:_identify(external/ipopt/coinbrew/Ipopt/tutorial) by extension 'ros'
[0.094s] Level 1:colcon.colcon_core.package_identification:_identify(external/ipopt/coinbrew/Ipopt/tutorial) by extensions ['cmake', 'python']
[0.094s] Level 1:colcon.colcon_core.package_identification:_identify(external/ipopt/coinbrew/Ipopt/tutorial) by extension 'cmake'
[0.094s] Level 1:colcon.colcon_core.package_identification:_identify(external/ipopt/coinbrew/Ipopt/tutorial) by extension 'python'
[0.094s] Level 1:colcon.colcon_core.package_identification:_identify(external/ipopt/coinbrew/Ipopt/tutorial) by extensions ['python_setup_py']
[0.094s] Level 1:colcon.colcon_core.package_identification:_identify(external/ipopt/coinbrew/Ipopt/tutorial) by extension 'python_setup_py'
[0.094s] Level 1:colcon.colcon_core.package_identification:_identify(external/ipopt/coinbrew/Ipopt/tutorial/AmplExperiments) by extensions ['ignore', 'ignore_ament_install']
[0.094s] Level 1:colcon.colcon_core.package_identification:_identify(external/ipopt/coinbrew/Ipopt/tutorial/AmplExperiments) by extension 'ignore'
[0.094s] Level 1:colcon.colcon_core.package_identification:_identify(external/ipopt/coinbrew/Ipopt/tutorial/AmplExperiments) by extension 'ignore_ament_install'
[0.094s] Level 1:colcon.colcon_core.package_identification:_identify(external/ipopt/coinbrew/Ipopt/tutorial/AmplExperiments) by extensions ['colcon_pkg']
[0.094s] Level 1:colcon.colcon_core.package_identification:_identify(external/ipopt/coinbrew/Ipopt/tutorial/AmplExperiments) by extension 'colcon_pkg'
[0.094s] Level 1:colcon.colcon_core.package_identification:_identify(external/ipopt/coinbrew/Ipopt/tutorial/AmplExperiments) by extensions ['colcon_meta']
[0.094s] Level 1:colcon.colcon_core.package_identification:_identify(external/ipopt/coinbrew/Ipopt/tutorial/AmplExperiments) by extension 'colcon_meta'
[0.094s] Level 1:colcon.colcon_core.package_identification:_identify(external/ipopt/coinbrew/Ipopt/tutorial/AmplExperiments) by extensions ['ros']
[0.094s] Level 1:colcon.colcon_core.package_identification:_identify(external/ipopt/coinbrew/Ipopt/tutorial/AmplExperiments) by extension 'ros'
[0.094s] Level 1:colcon.colcon_core.package_identification:_identify(external/ipopt/coinbrew/Ipopt/tutorial/AmplExperiments) by extensions ['cmake', 'python']
[0.094s] Level 1:colcon.colcon_core.package_identification:_identify(external/ipopt/coinbrew/Ipopt/tutorial/AmplExperiments) by extension 'cmake'
[0.094s] Level 1:colcon.colcon_core.package_identification:_identify(external/ipopt/coinbrew/Ipopt/tutorial/AmplExperiments) by extension 'python'
[0.094s] Level 1:colcon.colcon_core.package_identification:_identify(external/ipopt/coinbrew/Ipopt/tutorial/AmplExperiments) by extensions ['python_setup_py']
[0.094s] Level 1:colcon.colcon_core.package_identification:_identify(external/ipopt/coinbrew/Ipopt/tutorial/AmplExperiments) by extension 'python_setup_py'
[0.094s] Level 1:colcon.colcon_core.package_identification:_identify(external/ipopt/coinbrew/Ipopt/tutorial/CodingExercise) by extensions ['ignore', 'ignore_ament_install']
[0.094s] Level 1:colcon.colcon_core.package_identification:_identify(external/ipopt/coinbrew/Ipopt/tutorial/CodingExercise) by extension 'ignore'
[0.094s] Level 1:colcon.colcon_core.package_identification:_identify(external/ipopt/coinbrew/Ipopt/tutorial/CodingExercise) by extension 'ignore_ament_install'
[0.094s] Level 1:colcon.colcon_core.package_identification:_identify(external/ipopt/coinbrew/Ipopt/tutorial/CodingExercise) by extensions ['colcon_pkg']
[0.094s] Level 1:colcon.colcon_core.package_identification:_identify(external/ipopt/coinbrew/Ipopt/tutorial/CodingExercise) by extension 'colcon_pkg'
[0.094s] Level 1:colcon.colcon_core.package_identification:_identify(external/ipopt/coinbrew/Ipopt/tutorial/CodingExercise) by extensions ['colcon_meta']
[0.094s] Level 1:colcon.colcon_core.package_identification:_identify(external/ipopt/coinbrew/Ipopt/tutorial/CodingExercise) by extension 'colcon_meta'
[0.094s] Level 1:colcon.colcon_core.package_identification:_identify(external/ipopt/coinbrew/Ipopt/tutorial/CodingExercise) by extensions ['ros']
[0.094s] Level 1:colcon.colcon_core.package_identification:_identify(external/ipopt/coinbrew/Ipopt/tutorial/CodingExercise) by extension 'ros'
[0.094s] Level 1:colcon.colcon_core.package_identification:_identify(external/ipopt/coinbrew/Ipopt/tutorial/CodingExercise) by extensions ['cmake', 'python']
[0.094s] Level 1:colcon.colcon_core.package_identification:_identify(external/ipopt/coinbrew/Ipopt/tutorial/CodingExercise) by extension 'cmake'
[0.094s] Level 1:colcon.colcon_core.package_identification:_identify(external/ipopt/coinbrew/Ipopt/tutorial/CodingExercise) by extension 'python'
[0.094s] Level 1:colcon.colcon_core.package_identification:_identify(external/ipopt/coinbrew/Ipopt/tutorial/CodingExercise) by extensions ['python_setup_py']
[0.094s] Level 1:colcon.colcon_core.package_identification:_identify(external/ipopt/coinbrew/Ipopt/tutorial/CodingExercise) by extension 'python_setup_py'
[0.094s] Level 1:colcon.colcon_core.package_identification:_identify(external/ipopt/coinbrew/Ipopt/tutorial/CodingExercise/C) by extensions ['ignore', 'ignore_ament_install']
[0.094s] Level 1:colcon.colcon_core.package_identification:_identify(external/ipopt/coinbrew/Ipopt/tutorial/CodingExercise/C) by extension 'ignore'
[0.094s] Level 1:colcon.colcon_core.package_identification:_identify(external/ipopt/coinbrew/Ipopt/tutorial/CodingExercise/C) by extension 'ignore_ament_install'
[0.094s] Level 1:colcon.colcon_core.package_identification:_identify(external/ipopt/coinbrew/Ipopt/tutorial/CodingExercise/C) by extensions ['colcon_pkg']
[0.094s] Level 1:colcon.colcon_core.package_identification:_identify(external/ipopt/coinbrew/Ipopt/tutorial/CodingExercise/C) by extension 'colcon_pkg'
[0.094s] Level 1:colcon.colcon_core.package_identification:_identify(external/ipopt/coinbrew/Ipopt/tutorial/CodingExercise/C) by extensions ['colcon_meta']
[0.094s] Level 1:colcon.colcon_core.package_identification:_identify(external/ipopt/coinbrew/Ipopt/tutorial/CodingExercise/C) by extension 'colcon_meta'
[0.094s] Level 1:colcon.colcon_core.package_identification:_identify(external/ipopt/coinbrew/Ipopt/tutorial/CodingExercise/C) by extensions ['ros']
[0.094s] Level 1:colcon.colcon_core.package_identification:_identify(external/ipopt/coinbrew/Ipopt/tutorial/CodingExercise/C) by extension 'ros'
[0.094s] Level 1:colcon.colcon_core.package_identification:_identify(external/ipopt/coinbrew/Ipopt/tutorial/CodingExercise/C) by extensions ['cmake', 'python']
[0.094s] Level 1:colcon.colcon_core.package_identification:_identify(external/ipopt/coinbrew/Ipopt/tutorial/CodingExercise/C) by extension 'cmake'
[0.094s] Level 1:colcon.colcon_core.package_identification:_identify(external/ipopt/coinbrew/Ipopt/tutorial/CodingExercise/C) by extension 'python'
[0.094s] Level 1:colcon.colcon_core.package_identification:_identify(external/ipopt/coinbrew/Ipopt/tutorial/CodingExercise/C) by extensions ['python_setup_py']
[0.094s] Level 1:colcon.colcon_core.package_identification:_identify(external/ipopt/coinbrew/Ipopt/tutorial/CodingExercise/C) by extension 'python_setup_py'
[0.094s] Level 1:colcon.colcon_core.package_identification:_identify(external/ipopt/coinbrew/Ipopt/tutorial/CodingExercise/C/1-skeleton) by extensions ['ignore', 'ignore_ament_install']
[0.094s] Level 1:colcon.colcon_core.package_identification:_identify(external/ipopt/coinbrew/Ipopt/tutorial/CodingExercise/C/1-skeleton) by extension 'ignore'
[0.094s] Level 1:colcon.colcon_core.package_identification:_identify(external/ipopt/coinbrew/Ipopt/tutorial/CodingExercise/C/1-skeleton) by extension 'ignore_ament_install'
[0.094s] Level 1:colcon.colcon_core.package_identification:_identify(external/ipopt/coinbrew/Ipopt/tutorial/CodingExercise/C/1-skeleton) by extensions ['colcon_pkg']
[0.094s] Level 1:colcon.colcon_core.package_identification:_identify(external/ipopt/coinbrew/Ipopt/tutorial/CodingExercise/C/1-skeleton) by extension 'colcon_pkg'
[0.094s] Level 1:colcon.colcon_core.package_identification:_identify(external/ipopt/coinbrew/Ipopt/tutorial/CodingExercise/C/1-skeleton) by extensions ['colcon_meta']
[0.094s] Level 1:colcon.colcon_core.package_identification:_identify(external/ipopt/coinbrew/Ipopt/tutorial/CodingExercise/C/1-skeleton) by extension 'colcon_meta'
[0.094s] Level 1:colcon.colcon_core.package_identification:_identify(external/ipopt/coinbrew/Ipopt/tutorial/CodingExercise/C/1-skeleton) by extensions ['ros']
[0.095s] Level 1:colcon.colcon_core.package_identification:_identify(external/ipopt/coinbrew/Ipopt/tutorial/CodingExercise/C/1-skeleton) by extension 'ros'
[0.095s] Level 1:colcon.colcon_core.package_identification:_identify(external/ipopt/coinbrew/Ipopt/tutorial/CodingExercise/C/1-skeleton) by extensions ['cmake', 'python']
[0.095s] Level 1:colcon.colcon_core.package_identification:_identify(external/ipopt/coinbrew/Ipopt/tutorial/CodingExercise/C/1-skeleton) by extension 'cmake'
[0.095s] Level 1:colcon.colcon_core.package_identification:_identify(external/ipopt/coinbrew/Ipopt/tutorial/CodingExercise/C/1-skeleton) by extension 'python'
[0.095s] Level 1:colcon.colcon_core.package_identification:_identify(external/ipopt/coinbrew/Ipopt/tutorial/CodingExercise/C/1-skeleton) by extensions ['python_setup_py']
[0.095s] Level 1:colcon.colcon_core.package_identification:_identify(external/ipopt/coinbrew/Ipopt/tutorial/CodingExercise/C/1-skeleton) by extension 'python_setup_py'
[0.095s] Level 1:colcon.colcon_core.package_identification:_identify(external/ipopt/coinbrew/Ipopt/tutorial/CodingExercise/C/2-mistake) by extensions ['ignore', 'ignore_ament_install']
[0.095s] Level 1:colcon.colcon_core.package_identification:_identify(external/ipopt/coinbrew/Ipopt/tutorial/CodingExercise/C/2-mistake) by extension 'ignore'
[0.095s] Level 1:colcon.colcon_core.package_identification:_identify(external/ipopt/coinbrew/Ipopt/tutorial/CodingExercise/C/2-mistake) by extension 'ignore_ament_install'
[0.095s] Level 1:colcon.colcon_core.package_identification:_identify(external/ipopt/coinbrew/Ipopt/tutorial/CodingExercise/C/2-mistake) by extensions ['colcon_pkg']
[0.095s] Level 1:colcon.colcon_core.package_identification:_identify(external/ipopt/coinbrew/Ipopt/tutorial/CodingExercise/C/2-mistake) by extension 'colcon_pkg'
[0.095s] Level 1:colcon.colcon_core.package_identification:_identify(external/ipopt/coinbrew/Ipopt/tutorial/CodingExercise/C/2-mistake) by extensions ['colcon_meta']
[0.095s] Level 1:colcon.colcon_core.package_identification:_identify(external/ipopt/coinbrew/Ipopt/tutorial/CodingExercise/C/2-mistake) by extension 'colcon_meta'
[0.095s] Level 1:colcon.colcon_core.package_identification:_identify(external/ipopt/coinbrew/Ipopt/tutorial/CodingExercise/C/2-mistake) by extensions ['ros']
[0.095s] Level 1:colcon.colcon_core.package_identification:_identify(external/ipopt/coinbrew/Ipopt/tutorial/CodingExercise/C/2-mistake) by extension 'ros'
[0.095s] Level 1:colcon.colcon_core.package_identification:_identify(external/ipopt/coinbrew/Ipopt/tutorial/CodingExercise/C/2-mistake) by extensions ['cmake', 'python']
[0.095s] Level 1:colcon.colcon_core.package_identification:_identify(external/ipopt/coinbrew/Ipopt/tutorial/CodingExercise/C/2-mistake) by extension 'cmake'
[0.095s] Level 1:colcon.colcon_core.package_identification:_identify(external/ipopt/coinbrew/Ipopt/tutorial/CodingExercise/C/2-mistake) by extension 'python'
[0.095s] Level 1:colcon.colcon_core.package_identification:_identify(external/ipopt/coinbrew/Ipopt/tutorial/CodingExercise/C/2-mistake) by extensions ['python_setup_py']
[0.095s] Level 1:colcon.colcon_core.package_identification:_identify(external/ipopt/coinbrew/Ipopt/tutorial/CodingExercise/C/2-mistake) by extension 'python_setup_py'
[0.095s] Level 1:colcon.colcon_core.package_identification:_identify(external/ipopt/coinbrew/Ipopt/tutorial/CodingExercise/C/3-solution) by extensions ['ignore', 'ignore_ament_install']
[0.095s] Level 1:colcon.colcon_core.package_identification:_identify(external/ipopt/coinbrew/Ipopt/tutorial/CodingExercise/C/3-solution) by extension 'ignore'
[0.095s] Level 1:colcon.colcon_core.package_identification:_identify(external/ipopt/coinbrew/Ipopt/tutorial/CodingExercise/C/3-solution) by extension 'ignore_ament_install'
[0.095s] Level 1:colcon.colcon_core.package_identification:_identify(external/ipopt/coinbrew/Ipopt/tutorial/CodingExercise/C/3-solution) by extensions ['colcon_pkg']
[0.095s] Level 1:colcon.colcon_core.package_identification:_identify(external/ipopt/coinbrew/Ipopt/tutorial/CodingExercise/C/3-solution) by extension 'colcon_pkg'
[0.095s] Level 1:colcon.colcon_core.package_identification:_identify(external/ipopt/coinbrew/Ipopt/tutorial/CodingExercise/C/3-solution) by extensions ['colcon_meta']
[0.095s] Level 1:colcon.colcon_core.package_identification:_identify(external/ipopt/coinbrew/Ipopt/tutorial/CodingExercise/C/3-solution) by extension 'colcon_meta'
[0.095s] Level 1:colcon.colcon_core.package_identification:_identify(external/ipopt/coinbrew/Ipopt/tutorial/CodingExercise/C/3-solution) by extensions ['ros']
[0.095s] Level 1:colcon.colcon_core.package_identification:_identify(external/ipopt/coinbrew/Ipopt/tutorial/CodingExercise/C/3-solution) by extension 'ros'
[0.095s] Level 1:colcon.colcon_core.package_identification:_identify(external/ipopt/coinbrew/Ipopt/tutorial/CodingExercise/C/3-solution) by extensions ['cmake', 'python']
[0.095s] Level 1:colcon.colcon_core.package_identification:_identify(external/ipopt/coinbrew/Ipopt/tutorial/CodingExercise/C/3-solution) by extension 'cmake'
[0.095s] Level 1:colcon.colcon_core.package_identification:_identify(external/ipopt/coinbrew/Ipopt/tutorial/CodingExercise/C/3-solution) by extension 'python'
[0.095s] Level 1:colcon.colcon_core.package_identification:_identify(external/ipopt/coinbrew/Ipopt/tutorial/CodingExercise/C/3-solution) by extensions ['python_setup_py']
[0.095s] Level 1:colcon.colcon_core.package_identification:_identify(external/ipopt/coinbrew/Ipopt/tutorial/CodingExercise/C/3-solution) by extension 'python_setup_py'
[0.095s] Level 1:colcon.colcon_core.package_identification:_identify(external/ipopt/coinbrew/Ipopt/tutorial/CodingExercise/Cpp) by extensions ['ignore', 'ignore_ament_install']
[0.095s] Level 1:colcon.colcon_core.package_identification:_identify(external/ipopt/coinbrew/Ipopt/tutorial/CodingExercise/Cpp) by extension 'ignore'
[0.095s] Level 1:colcon.colcon_core.package_identification:_identify(external/ipopt/coinbrew/Ipopt/tutorial/CodingExercise/Cpp) by extension 'ignore_ament_install'
[0.095s] Level 1:colcon.colcon_core.package_identification:_identify(external/ipopt/coinbrew/Ipopt/tutorial/CodingExercise/Cpp) by extensions ['colcon_pkg']
[0.095s] Level 1:colcon.colcon_core.package_identification:_identify(external/ipopt/coinbrew/Ipopt/tutorial/CodingExercise/Cpp) by extension 'colcon_pkg'
[0.095s] Level 1:colcon.colcon_core.package_identification:_identify(external/ipopt/coinbrew/Ipopt/tutorial/CodingExercise/Cpp) by extensions ['colcon_meta']
[0.095s] Level 1:colcon.colcon_core.package_identification:_identify(external/ipopt/coinbrew/Ipopt/tutorial/CodingExercise/Cpp) by extension 'colcon_meta'
[0.095s] Level 1:colcon.colcon_core.package_identification:_identify(external/ipopt/coinbrew/Ipopt/tutorial/CodingExercise/Cpp) by extensions ['ros']
[0.095s] Level 1:colcon.colcon_core.package_identification:_identify(external/ipopt/coinbrew/Ipopt/tutorial/CodingExercise/Cpp) by extension 'ros'
[0.095s] Level 1:colcon.colcon_core.package_identification:_identify(external/ipopt/coinbrew/Ipopt/tutorial/CodingExercise/Cpp) by extensions ['cmake', 'python']
[0.095s] Level 1:colcon.colcon_core.package_identification:_identify(external/ipopt/coinbrew/Ipopt/tutorial/CodingExercise/Cpp) by extension 'cmake'
[0.095s] Level 1:colcon.colcon_core.package_identification:_identify(external/ipopt/coinbrew/Ipopt/tutorial/CodingExercise/Cpp) by extension 'python'
[0.095s] Level 1:colcon.colcon_core.package_identification:_identify(external/ipopt/coinbrew/Ipopt/tutorial/CodingExercise/Cpp) by extensions ['python_setup_py']
[0.095s] Level 1:colcon.colcon_core.package_identification:_identify(external/ipopt/coinbrew/Ipopt/tutorial/CodingExercise/Cpp) by extension 'python_setup_py'
[0.095s] Level 1:colcon.colcon_core.package_identification:_identify(external/ipopt/coinbrew/Ipopt/tutorial/CodingExercise/Cpp/1-skeleton) by extensions ['ignore', 'ignore_ament_install']
[0.095s] Level 1:colcon.colcon_core.package_identification:_identify(external/ipopt/coinbrew/Ipopt/tutorial/CodingExercise/Cpp/1-skeleton) by extension 'ignore'
[0.095s] Level 1:colcon.colcon_core.package_identification:_identify(external/ipopt/coinbrew/Ipopt/tutorial/CodingExercise/Cpp/1-skeleton) by extension 'ignore_ament_install'
[0.095s] Level 1:colcon.colcon_core.package_identification:_identify(external/ipopt/coinbrew/Ipopt/tutorial/CodingExercise/Cpp/1-skeleton) by extensions ['colcon_pkg']
[0.095s] Level 1:colcon.colcon_core.package_identification:_identify(external/ipopt/coinbrew/Ipopt/tutorial/CodingExercise/Cpp/1-skeleton) by extension 'colcon_pkg'
[0.095s] Level 1:colcon.colcon_core.package_identification:_identify(external/ipopt/coinbrew/Ipopt/tutorial/CodingExercise/Cpp/1-skeleton) by extensions ['colcon_meta']
[0.095s] Level 1:colcon.colcon_core.package_identification:_identify(external/ipopt/coinbrew/Ipopt/tutorial/CodingExercise/Cpp/1-skeleton) by extension 'colcon_meta'
[0.095s] Level 1:colcon.colcon_core.package_identification:_identify(external/ipopt/coinbrew/Ipopt/tutorial/CodingExercise/Cpp/1-skeleton) by extensions ['ros']
[0.095s] Level 1:colcon.colcon_core.package_identification:_identify(external/ipopt/coinbrew/Ipopt/tutorial/CodingExercise/Cpp/1-skeleton) by extension 'ros'
[0.095s] Level 1:colcon.colcon_core.package_identification:_identify(external/ipopt/coinbrew/Ipopt/tutorial/CodingExercise/Cpp/1-skeleton) by extensions ['cmake', 'python']
[0.095s] Level 1:colcon.colcon_core.package_identification:_identify(external/ipopt/coinbrew/Ipopt/tutorial/CodingExercise/Cpp/1-skeleton) by extension 'cmake'
[0.095s] Level 1:colcon.colcon_core.package_identification:_identify(external/ipopt/coinbrew/Ipopt/tutorial/CodingExercise/Cpp/1-skeleton) by extension 'python'
[0.095s] Level 1:colcon.colcon_core.package_identification:_identify(external/ipopt/coinbrew/Ipopt/tutorial/CodingExercise/Cpp/1-skeleton) by extensions ['python_setup_py']
[0.095s] Level 1:colcon.colcon_core.package_identification:_identify(external/ipopt/coinbrew/Ipopt/tutorial/CodingExercise/Cpp/1-skeleton) by extension 'python_setup_py'
[0.095s] Level 1:colcon.colcon_core.package_identification:_identify(external/ipopt/coinbrew/Ipopt/tutorial/CodingExercise/Cpp/2-mistake) by extensions ['ignore', 'ignore_ament_install']
[0.096s] Level 1:colcon.colcon_core.package_identification:_identify(external/ipopt/coinbrew/Ipopt/tutorial/CodingExercise/Cpp/2-mistake) by extension 'ignore'
[0.096s] Level 1:colcon.colcon_core.package_identification:_identify(external/ipopt/coinbrew/Ipopt/tutorial/CodingExercise/Cpp/2-mistake) by extension 'ignore_ament_install'
[0.096s] Level 1:colcon.colcon_core.package_identification:_identify(external/ipopt/coinbrew/Ipopt/tutorial/CodingExercise/Cpp/2-mistake) by extensions ['colcon_pkg']
[0.096s] Level 1:colcon.colcon_core.package_identification:_identify(external/ipopt/coinbrew/Ipopt/tutorial/CodingExercise/Cpp/2-mistake) by extension 'colcon_pkg'
[0.096s] Level 1:colcon.colcon_core.package_identification:_identify(external/ipopt/coinbrew/Ipopt/tutorial/CodingExercise/Cpp/2-mistake) by extensions ['colcon_meta']
[0.096s] Level 1:colcon.colcon_core.package_identification:_identify(external/ipopt/coinbrew/Ipopt/tutorial/CodingExercise/Cpp/2-mistake) by extension 'colcon_meta'
[0.096s] Level 1:colcon.colcon_core.package_identification:_identify(external/ipopt/coinbrew/Ipopt/tutorial/CodingExercise/Cpp/2-mistake) by extensions ['ros']
[0.096s] Level 1:colcon.colcon_core.package_identification:_identify(external/ipopt/coinbrew/Ipopt/tutorial/CodingExercise/Cpp/2-mistake) by extension 'ros'
[0.096s] Level 1:colcon.colcon_core.package_identification:_identify(external/ipopt/coinbrew/Ipopt/tutorial/CodingExercise/Cpp/2-mistake) by extensions ['cmake', 'python']
[0.096s] Level 1:colcon.colcon_core.package_identification:_identify(external/ipopt/coinbrew/Ipopt/tutorial/CodingExercise/Cpp/2-mistake) by extension 'cmake'
[0.096s] Level 1:colcon.colcon_core.package_identification:_identify(external/ipopt/coinbrew/Ipopt/tutorial/CodingExercise/Cpp/2-mistake) by extension 'python'
[0.096s] Level 1:colcon.colcon_core.package_identification:_identify(external/ipopt/coinbrew/Ipopt/tutorial/CodingExercise/Cpp/2-mistake) by extensions ['python_setup_py']
[0.096s] Level 1:colcon.colcon_core.package_identification:_identify(external/ipopt/coinbrew/Ipopt/tutorial/CodingExercise/Cpp/2-mistake) by extension 'python_setup_py'
[0.096s] Level 1:colcon.colcon_core.package_identification:_identify(external/ipopt/coinbrew/Ipopt/tutorial/CodingExercise/Cpp/3-solution) by extensions ['ignore', 'ignore_ament_install']
[0.096s] Level 1:colcon.colcon_core.package_identification:_identify(external/ipopt/coinbrew/Ipopt/tutorial/CodingExercise/Cpp/3-solution) by extension 'ignore'
[0.096s] Level 1:colcon.colcon_core.package_identification:_identify(external/ipopt/coinbrew/Ipopt/tutorial/CodingExercise/Cpp/3-solution) by extension 'ignore_ament_install'
[0.096s] Level 1:colcon.colcon_core.package_identification:_identify(external/ipopt/coinbrew/Ipopt/tutorial/CodingExercise/Cpp/3-solution) by extensions ['colcon_pkg']
[0.096s] Level 1:colcon.colcon_core.package_identification:_identify(external/ipopt/coinbrew/Ipopt/tutorial/CodingExercise/Cpp/3-solution) by extension 'colcon_pkg'
[0.096s] Level 1:colcon.colcon_core.package_identification:_identify(external/ipopt/coinbrew/Ipopt/tutorial/CodingExercise/Cpp/3-solution) by extensions ['colcon_meta']
[0.096s] Level 1:colcon.colcon_core.package_identification:_identify(external/ipopt/coinbrew/Ipopt/tutorial/CodingExercise/Cpp/3-solution) by extension 'colcon_meta'
[0.096s] Level 1:colcon.colcon_core.package_identification:_identify(external/ipopt/coinbrew/Ipopt/tutorial/CodingExercise/Cpp/3-solution) by extensions ['ros']
[0.096s] Level 1:colcon.colcon_core.package_identification:_identify(external/ipopt/coinbrew/Ipopt/tutorial/CodingExercise/Cpp/3-solution) by extension 'ros'
[0.096s] Level 1:colcon.colcon_core.package_identification:_identify(external/ipopt/coinbrew/Ipopt/tutorial/CodingExercise/Cpp/3-solution) by extensions ['cmake', 'python']
[0.096s] Level 1:colcon.colcon_core.package_identification:_identify(external/ipopt/coinbrew/Ipopt/tutorial/CodingExercise/Cpp/3-solution) by extension 'cmake'
[0.096s] Level 1:colcon.colcon_core.package_identification:_identify(external/ipopt/coinbrew/Ipopt/tutorial/CodingExercise/Cpp/3-solution) by extension 'python'
[0.096s] Level 1:colcon.colcon_core.package_identification:_identify(external/ipopt/coinbrew/Ipopt/tutorial/CodingExercise/Cpp/3-solution) by extensions ['python_setup_py']
[0.096s] Level 1:colcon.colcon_core.package_identification:_identify(external/ipopt/coinbrew/Ipopt/tutorial/CodingExercise/Cpp/3-solution) by extension 'python_setup_py'
[0.096s] Level 1:colcon.colcon_core.package_identification:_identify(external/ipopt/coinbrew/Ipopt/tutorial/CodingExercise/Fortran) by extensions ['ignore', 'ignore_ament_install']
[0.096s] Level 1:colcon.colcon_core.package_identification:_identify(external/ipopt/coinbrew/Ipopt/tutorial/CodingExercise/Fortran) by extension 'ignore'
[0.096s] Level 1:colcon.colcon_core.package_identification:_identify(external/ipopt/coinbrew/Ipopt/tutorial/CodingExercise/Fortran) by extension 'ignore_ament_install'
[0.096s] Level 1:colcon.colcon_core.package_identification:_identify(external/ipopt/coinbrew/Ipopt/tutorial/CodingExercise/Fortran) by extensions ['colcon_pkg']
[0.096s] Level 1:colcon.colcon_core.package_identification:_identify(external/ipopt/coinbrew/Ipopt/tutorial/CodingExercise/Fortran) by extension 'colcon_pkg'
[0.096s] Level 1:colcon.colcon_core.package_identification:_identify(external/ipopt/coinbrew/Ipopt/tutorial/CodingExercise/Fortran) by extensions ['colcon_meta']
[0.096s] Level 1:colcon.colcon_core.package_identification:_identify(external/ipopt/coinbrew/Ipopt/tutorial/CodingExercise/Fortran) by extension 'colcon_meta'
[0.096s] Level 1:colcon.colcon_core.package_identification:_identify(external/ipopt/coinbrew/Ipopt/tutorial/CodingExercise/Fortran) by extensions ['ros']
[0.096s] Level 1:colcon.colcon_core.package_identification:_identify(external/ipopt/coinbrew/Ipopt/tutorial/CodingExercise/Fortran) by extension 'ros'
[0.096s] Level 1:colcon.colcon_core.package_identification:_identify(external/ipopt/coinbrew/Ipopt/tutorial/CodingExercise/Fortran) by extensions ['cmake', 'python']
[0.096s] Level 1:colcon.colcon_core.package_identification:_identify(external/ipopt/coinbrew/Ipopt/tutorial/CodingExercise/Fortran) by extension 'cmake'
[0.096s] Level 1:colcon.colcon_core.package_identification:_identify(external/ipopt/coinbrew/Ipopt/tutorial/CodingExercise/Fortran) by extension 'python'
[0.096s] Level 1:colcon.colcon_core.package_identification:_identify(external/ipopt/coinbrew/Ipopt/tutorial/CodingExercise/Fortran) by extensions ['python_setup_py']
[0.096s] Level 1:colcon.colcon_core.package_identification:_identify(external/ipopt/coinbrew/Ipopt/tutorial/CodingExercise/Fortran) by extension 'python_setup_py'
[0.096s] Level 1:colcon.colcon_core.package_identification:_identify(external/ipopt/coinbrew/Ipopt/tutorial/CodingExercise/Fortran/1-skeleton) by extensions ['ignore', 'ignore_ament_install']
[0.096s] Level 1:colcon.colcon_core.package_identification:_identify(external/ipopt/coinbrew/Ipopt/tutorial/CodingExercise/Fortran/1-skeleton) by extension 'ignore'
[0.096s] Level 1:colcon.colcon_core.package_identification:_identify(external/ipopt/coinbrew/Ipopt/tutorial/CodingExercise/Fortran/1-skeleton) by extension 'ignore_ament_install'
[0.096s] Level 1:colcon.colcon_core.package_identification:_identify(external/ipopt/coinbrew/Ipopt/tutorial/CodingExercise/Fortran/1-skeleton) by extensions ['colcon_pkg']
[0.096s] Level 1:colcon.colcon_core.package_identification:_identify(external/ipopt/coinbrew/Ipopt/tutorial/CodingExercise/Fortran/1-skeleton) by extension 'colcon_pkg'
[0.096s] Level 1:colcon.colcon_core.package_identification:_identify(external/ipopt/coinbrew/Ipopt/tutorial/CodingExercise/Fortran/1-skeleton) by extensions ['colcon_meta']
[0.096s] Level 1:colcon.colcon_core.package_identification:_identify(external/ipopt/coinbrew/Ipopt/tutorial/CodingExercise/Fortran/1-skeleton) by extension 'colcon_meta'
[0.096s] Level 1:colcon.colcon_core.package_identification:_identify(external/ipopt/coinbrew/Ipopt/tutorial/CodingExercise/Fortran/1-skeleton) by extensions ['ros']
[0.096s] Level 1:colcon.colcon_core.package_identification:_identify(external/ipopt/coinbrew/Ipopt/tutorial/CodingExercise/Fortran/1-skeleton) by extension 'ros'
[0.096s] Level 1:colcon.colcon_core.package_identification:_identify(external/ipopt/coinbrew/Ipopt/tutorial/CodingExercise/Fortran/1-skeleton) by extensions ['cmake', 'python']
[0.096s] Level 1:colcon.colcon_core.package_identification:_identify(external/ipopt/coinbrew/Ipopt/tutorial/CodingExercise/Fortran/1-skeleton) by extension 'cmake'
[0.096s] Level 1:colcon.colcon_core.package_identification:_identify(external/ipopt/coinbrew/Ipopt/tutorial/CodingExercise/Fortran/1-skeleton) by extension 'python'
[0.096s] Level 1:colcon.colcon_core.package_identification:_identify(external/ipopt/coinbrew/Ipopt/tutorial/CodingExercise/Fortran/1-skeleton) by extensions ['python_setup_py']
[0.096s] Level 1:colcon.colcon_core.package_identification:_identify(external/ipopt/coinbrew/Ipopt/tutorial/CodingExercise/Fortran/1-skeleton) by extension 'python_setup_py'
[0.096s] Level 1:colcon.colcon_core.package_identification:_identify(external/ipopt/coinbrew/Ipopt/tutorial/CodingExercise/Fortran/2-mistake) by extensions ['ignore', 'ignore_ament_install']
[0.096s] Level 1:colcon.colcon_core.package_identification:_identify(external/ipopt/coinbrew/Ipopt/tutorial/CodingExercise/Fortran/2-mistake) by extension 'ignore'
[0.096s] Level 1:colcon.colcon_core.package_identification:_identify(external/ipopt/coinbrew/Ipopt/tutorial/CodingExercise/Fortran/2-mistake) by extension 'ignore_ament_install'
[0.096s] Level 1:colcon.colcon_core.package_identification:_identify(external/ipopt/coinbrew/Ipopt/tutorial/CodingExercise/Fortran/2-mistake) by extensions ['colcon_pkg']
[0.096s] Level 1:colcon.colcon_core.package_identification:_identify(external/ipopt/coinbrew/Ipopt/tutorial/CodingExercise/Fortran/2-mistake) by extension 'colcon_pkg'
[0.096s] Level 1:colcon.colcon_core.package_identification:_identify(external/ipopt/coinbrew/Ipopt/tutorial/CodingExercise/Fortran/2-mistake) by extensions ['colcon_meta']
[0.096s] Level 1:colcon.colcon_core.package_identification:_identify(external/ipopt/coinbrew/Ipopt/tutorial/CodingExercise/Fortran/2-mistake) by extension 'colcon_meta'
[0.096s] Level 1:colcon.colcon_core.package_identification:_identify(external/ipopt/coinbrew/Ipopt/tutorial/CodingExercise/Fortran/2-mistake) by extensions ['ros']
[0.096s] Level 1:colcon.colcon_core.package_identification:_identify(external/ipopt/coinbrew/Ipopt/tutorial/CodingExercise/Fortran/2-mistake) by extension 'ros'
[0.096s] Level 1:colcon.colcon_core.package_identification:_identify(external/ipopt/coinbrew/Ipopt/tutorial/CodingExercise/Fortran/2-mistake) by extensions ['cmake', 'python']
[0.097s] Level 1:colcon.colcon_core.package_identification:_identify(external/ipopt/coinbrew/Ipopt/tutorial/CodingExercise/Fortran/2-mistake) by extension 'cmake'
[0.097s] Level 1:colcon.colcon_core.package_identification:_identify(external/ipopt/coinbrew/Ipopt/tutorial/CodingExercise/Fortran/2-mistake) by extension 'python'
[0.097s] Level 1:colcon.colcon_core.package_identification:_identify(external/ipopt/coinbrew/Ipopt/tutorial/CodingExercise/Fortran/2-mistake) by extensions ['python_setup_py']
[0.097s] Level 1:colcon.colcon_core.package_identification:_identify(external/ipopt/coinbrew/Ipopt/tutorial/CodingExercise/Fortran/2-mistake) by extension 'python_setup_py'
[0.097s] Level 1:colcon.colcon_core.package_identification:_identify(external/ipopt/coinbrew/Ipopt/tutorial/CodingExercise/Fortran/3-solution) by extensions ['ignore', 'ignore_ament_install']
[0.097s] Level 1:colcon.colcon_core.package_identification:_identify(external/ipopt/coinbrew/Ipopt/tutorial/CodingExercise/Fortran/3-solution) by extension 'ignore'
[0.097s] Level 1:colcon.colcon_core.package_identification:_identify(external/ipopt/coinbrew/Ipopt/tutorial/CodingExercise/Fortran/3-solution) by extension 'ignore_ament_install'
[0.097s] Level 1:colcon.colcon_core.package_identification:_identify(external/ipopt/coinbrew/Ipopt/tutorial/CodingExercise/Fortran/3-solution) by extensions ['colcon_pkg']
[0.097s] Level 1:colcon.colcon_core.package_identification:_identify(external/ipopt/coinbrew/Ipopt/tutorial/CodingExercise/Fortran/3-solution) by extension 'colcon_pkg'
[0.097s] Level 1:colcon.colcon_core.package_identification:_identify(external/ipopt/coinbrew/Ipopt/tutorial/CodingExercise/Fortran/3-solution) by extensions ['colcon_meta']
[0.097s] Level 1:colcon.colcon_core.package_identification:_identify(external/ipopt/coinbrew/Ipopt/tutorial/CodingExercise/Fortran/3-solution) by extension 'colcon_meta'
[0.097s] Level 1:colcon.colcon_core.package_identification:_identify(external/ipopt/coinbrew/Ipopt/tutorial/CodingExercise/Fortran/3-solution) by extensions ['ros']
[0.097s] Level 1:colcon.colcon_core.package_identification:_identify(external/ipopt/coinbrew/Ipopt/tutorial/CodingExercise/Fortran/3-solution) by extension 'ros'
[0.097s] Level 1:colcon.colcon_core.package_identification:_identify(external/ipopt/coinbrew/Ipopt/tutorial/CodingExercise/Fortran/3-solution) by extensions ['cmake', 'python']
[0.097s] Level 1:colcon.colcon_core.package_identification:_identify(external/ipopt/coinbrew/Ipopt/tutorial/CodingExercise/Fortran/3-solution) by extension 'cmake'
[0.097s] Level 1:colcon.colcon_core.package_identification:_identify(external/ipopt/coinbrew/Ipopt/tutorial/CodingExercise/Fortran/3-solution) by extension 'python'
[0.097s] Level 1:colcon.colcon_core.package_identification:_identify(external/ipopt/coinbrew/Ipopt/tutorial/CodingExercise/Fortran/3-solution) by extensions ['python_setup_py']
[0.097s] Level 1:colcon.colcon_core.package_identification:_identify(external/ipopt/coinbrew/Ipopt/tutorial/CodingExercise/Fortran/3-solution) by extension 'python_setup_py'
[0.097s] Level 1:colcon.colcon_core.package_identification:_identify(external/ipopt/coinbrew/Ipopt/tutorial/CodingExercise/Matlab) by extensions ['ignore', 'ignore_ament_install']
[0.097s] Level 1:colcon.colcon_core.package_identification:_identify(external/ipopt/coinbrew/Ipopt/tutorial/CodingExercise/Matlab) by extension 'ignore'
[0.097s] Level 1:colcon.colcon_core.package_identification:_identify(external/ipopt/coinbrew/Ipopt/tutorial/CodingExercise/Matlab) by extension 'ignore_ament_install'
[0.097s] Level 1:colcon.colcon_core.package_identification:_identify(external/ipopt/coinbrew/Ipopt/tutorial/CodingExercise/Matlab) by extensions ['colcon_pkg']
[0.097s] Level 1:colcon.colcon_core.package_identification:_identify(external/ipopt/coinbrew/Ipopt/tutorial/CodingExercise/Matlab) by extension 'colcon_pkg'
[0.097s] Level 1:colcon.colcon_core.package_identification:_identify(external/ipopt/coinbrew/Ipopt/tutorial/CodingExercise/Matlab) by extensions ['colcon_meta']
[0.097s] Level 1:colcon.colcon_core.package_identification:_identify(external/ipopt/coinbrew/Ipopt/tutorial/CodingExercise/Matlab) by extension 'colcon_meta'
[0.097s] Level 1:colcon.colcon_core.package_identification:_identify(external/ipopt/coinbrew/Ipopt/tutorial/CodingExercise/Matlab) by extensions ['ros']
[0.097s] Level 1:colcon.colcon_core.package_identification:_identify(external/ipopt/coinbrew/Ipopt/tutorial/CodingExercise/Matlab) by extension 'ros'
[0.097s] Level 1:colcon.colcon_core.package_identification:_identify(external/ipopt/coinbrew/Ipopt/tutorial/CodingExercise/Matlab) by extensions ['cmake', 'python']
[0.097s] Level 1:colcon.colcon_core.package_identification:_identify(external/ipopt/coinbrew/Ipopt/tutorial/CodingExercise/Matlab) by extension 'cmake'
[0.097s] Level 1:colcon.colcon_core.package_identification:_identify(external/ipopt/coinbrew/Ipopt/tutorial/CodingExercise/Matlab) by extension 'python'
[0.097s] Level 1:colcon.colcon_core.package_identification:_identify(external/ipopt/coinbrew/Ipopt/tutorial/CodingExercise/Matlab) by extensions ['python_setup_py']
[0.097s] Level 1:colcon.colcon_core.package_identification:_identify(external/ipopt/coinbrew/Ipopt/tutorial/CodingExercise/Matlab) by extension 'python_setup_py'
[0.097s] Level 1:colcon.colcon_core.package_identification:_identify(external/ipopt/coinbrew/Ipopt/tutorial/CodingExercise/Matlab/1-skeleton) by extensions ['ignore', 'ignore_ament_install']
[0.097s] Level 1:colcon.colcon_core.package_identification:_identify(external/ipopt/coinbrew/Ipopt/tutorial/CodingExercise/Matlab/1-skeleton) by extension 'ignore'
[0.097s] Level 1:colcon.colcon_core.package_identification:_identify(external/ipopt/coinbrew/Ipopt/tutorial/CodingExercise/Matlab/1-skeleton) by extension 'ignore_ament_install'
[0.097s] Level 1:colcon.colcon_core.package_identification:_identify(external/ipopt/coinbrew/Ipopt/tutorial/CodingExercise/Matlab/1-skeleton) by extensions ['colcon_pkg']
[0.097s] Level 1:colcon.colcon_core.package_identification:_identify(external/ipopt/coinbrew/Ipopt/tutorial/CodingExercise/Matlab/1-skeleton) by extension 'colcon_pkg'
[0.097s] Level 1:colcon.colcon_core.package_identification:_identify(external/ipopt/coinbrew/Ipopt/tutorial/CodingExercise/Matlab/1-skeleton) by extensions ['colcon_meta']
[0.097s] Level 1:colcon.colcon_core.package_identification:_identify(external/ipopt/coinbrew/Ipopt/tutorial/CodingExercise/Matlab/1-skeleton) by extension 'colcon_meta'
[0.097s] Level 1:colcon.colcon_core.package_identification:_identify(external/ipopt/coinbrew/Ipopt/tutorial/CodingExercise/Matlab/1-skeleton) by extensions ['ros']
[0.097s] Level 1:colcon.colcon_core.package_identification:_identify(external/ipopt/coinbrew/Ipopt/tutorial/CodingExercise/Matlab/1-skeleton) by extension 'ros'
[0.097s] Level 1:colcon.colcon_core.package_identification:_identify(external/ipopt/coinbrew/Ipopt/tutorial/CodingExercise/Matlab/1-skeleton) by extensions ['cmake', 'python']
[0.097s] Level 1:colcon.colcon_core.package_identification:_identify(external/ipopt/coinbrew/Ipopt/tutorial/CodingExercise/Matlab/1-skeleton) by extension 'cmake'
[0.097s] Level 1:colcon.colcon_core.package_identification:_identify(external/ipopt/coinbrew/Ipopt/tutorial/CodingExercise/Matlab/1-skeleton) by extension 'python'
[0.097s] Level 1:colcon.colcon_core.package_identification:_identify(external/ipopt/coinbrew/Ipopt/tutorial/CodingExercise/Matlab/1-skeleton) by extensions ['python_setup_py']
[0.097s] Level 1:colcon.colcon_core.package_identification:_identify(external/ipopt/coinbrew/Ipopt/tutorial/CodingExercise/Matlab/1-skeleton) by extension 'python_setup_py'
[0.097s] Level 1:colcon.colcon_core.package_identification:_identify(external/ipopt/coinbrew/Ipopt/tutorial/CodingExercise/Matlab/2-mistake) by extensions ['ignore', 'ignore_ament_install']
[0.097s] Level 1:colcon.colcon_core.package_identification:_identify(external/ipopt/coinbrew/Ipopt/tutorial/CodingExercise/Matlab/2-mistake) by extension 'ignore'
[0.097s] Level 1:colcon.colcon_core.package_identification:_identify(external/ipopt/coinbrew/Ipopt/tutorial/CodingExercise/Matlab/2-mistake) by extension 'ignore_ament_install'
[0.097s] Level 1:colcon.colcon_core.package_identification:_identify(external/ipopt/coinbrew/Ipopt/tutorial/CodingExercise/Matlab/2-mistake) by extensions ['colcon_pkg']
[0.097s] Level 1:colcon.colcon_core.package_identification:_identify(external/ipopt/coinbrew/Ipopt/tutorial/CodingExercise/Matlab/2-mistake) by extension 'colcon_pkg'
[0.097s] Level 1:colcon.colcon_core.package_identification:_identify(external/ipopt/coinbrew/Ipopt/tutorial/CodingExercise/Matlab/2-mistake) by extensions ['colcon_meta']
[0.097s] Level 1:colcon.colcon_core.package_identification:_identify(external/ipopt/coinbrew/Ipopt/tutorial/CodingExercise/Matlab/2-mistake) by extension 'colcon_meta'
[0.097s] Level 1:colcon.colcon_core.package_identification:_identify(external/ipopt/coinbrew/Ipopt/tutorial/CodingExercise/Matlab/2-mistake) by extensions ['ros']
[0.097s] Level 1:colcon.colcon_core.package_identification:_identify(external/ipopt/coinbrew/Ipopt/tutorial/CodingExercise/Matlab/2-mistake) by extension 'ros'
[0.097s] Level 1:colcon.colcon_core.package_identification:_identify(external/ipopt/coinbrew/Ipopt/tutorial/CodingExercise/Matlab/2-mistake) by extensions ['cmake', 'python']
[0.097s] Level 1:colcon.colcon_core.package_identification:_identify(external/ipopt/coinbrew/Ipopt/tutorial/CodingExercise/Matlab/2-mistake) by extension 'cmake'
[0.097s] Level 1:colcon.colcon_core.package_identification:_identify(external/ipopt/coinbrew/Ipopt/tutorial/CodingExercise/Matlab/2-mistake) by extension 'python'
[0.097s] Level 1:colcon.colcon_core.package_identification:_identify(external/ipopt/coinbrew/Ipopt/tutorial/CodingExercise/Matlab/2-mistake) by extensions ['python_setup_py']
[0.097s] Level 1:colcon.colcon_core.package_identification:_identify(external/ipopt/coinbrew/Ipopt/tutorial/CodingExercise/Matlab/2-mistake) by extension 'python_setup_py'
[0.097s] Level 1:colcon.colcon_core.package_identification:_identify(external/ipopt/coinbrew/Ipopt/tutorial/CodingExercise/Matlab/3-solution) by extensions ['ignore', 'ignore_ament_install']
[0.097s] Level 1:colcon.colcon_core.package_identification:_identify(external/ipopt/coinbrew/Ipopt/tutorial/CodingExercise/Matlab/3-solution) by extension 'ignore'
[0.097s] Level 1:colcon.colcon_core.package_identification:_identify(external/ipopt/coinbrew/Ipopt/tutorial/CodingExercise/Matlab/3-solution) by extension 'ignore_ament_install'
[0.097s] Level 1:colcon.colcon_core.package_identification:_identify(external/ipopt/coinbrew/Ipopt/tutorial/CodingExercise/Matlab/3-solution) by extensions ['colcon_pkg']
[0.097s] Level 1:colcon.colcon_core.package_identification:_identify(external/ipopt/coinbrew/Ipopt/tutorial/CodingExercise/Matlab/3-solution) by extension 'colcon_pkg'
[0.098s] Level 1:colcon.colcon_core.package_identification:_identify(external/ipopt/coinbrew/Ipopt/tutorial/CodingExercise/Matlab/3-solution) by extensions ['colcon_meta']
[0.098s] Level 1:colcon.colcon_core.package_identification:_identify(external/ipopt/coinbrew/Ipopt/tutorial/CodingExercise/Matlab/3-solution) by extension 'colcon_meta'
[0.098s] Level 1:colcon.colcon_core.package_identification:_identify(external/ipopt/coinbrew/Ipopt/tutorial/CodingExercise/Matlab/3-solution) by extensions ['ros']
[0.098s] Level 1:colcon.colcon_core.package_identification:_identify(external/ipopt/coinbrew/Ipopt/tutorial/CodingExercise/Matlab/3-solution) by extension 'ros'
[0.098s] Level 1:colcon.colcon_core.package_identification:_identify(external/ipopt/coinbrew/Ipopt/tutorial/CodingExercise/Matlab/3-solution) by extensions ['cmake', 'python']
[0.098s] Level 1:colcon.colcon_core.package_identification:_identify(external/ipopt/coinbrew/Ipopt/tutorial/CodingExercise/Matlab/3-solution) by extension 'cmake'
[0.098s] Level 1:colcon.colcon_core.package_identification:_identify(external/ipopt/coinbrew/Ipopt/tutorial/CodingExercise/Matlab/3-solution) by extension 'python'
[0.098s] Level 1:colcon.colcon_core.package_identification:_identify(external/ipopt/coinbrew/Ipopt/tutorial/CodingExercise/Matlab/3-solution) by extensions ['python_setup_py']
[0.098s] Level 1:colcon.colcon_core.package_identification:_identify(external/ipopt/coinbrew/Ipopt/tutorial/CodingExercise/Matlab/3-solution) by extension 'python_setup_py'
[0.098s] Level 1:colcon.colcon_core.package_identification:_identify(external/ipopt/coinbrew/Ipopt/tutorial/Modeling) by extensions ['ignore', 'ignore_ament_install']
[0.098s] Level 1:colcon.colcon_core.package_identification:_identify(external/ipopt/coinbrew/Ipopt/tutorial/Modeling) by extension 'ignore'
[0.098s] Level 1:colcon.colcon_core.package_identification:_identify(external/ipopt/coinbrew/Ipopt/tutorial/Modeling) by extension 'ignore_ament_install'
[0.098s] Level 1:colcon.colcon_core.package_identification:_identify(external/ipopt/coinbrew/Ipopt/tutorial/Modeling) by extensions ['colcon_pkg']
[0.098s] Level 1:colcon.colcon_core.package_identification:_identify(external/ipopt/coinbrew/Ipopt/tutorial/Modeling) by extension 'colcon_pkg'
[0.098s] Level 1:colcon.colcon_core.package_identification:_identify(external/ipopt/coinbrew/Ipopt/tutorial/Modeling) by extensions ['colcon_meta']
[0.098s] Level 1:colcon.colcon_core.package_identification:_identify(external/ipopt/coinbrew/Ipopt/tutorial/Modeling) by extension 'colcon_meta'
[0.098s] Level 1:colcon.colcon_core.package_identification:_identify(external/ipopt/coinbrew/Ipopt/tutorial/Modeling) by extensions ['ros']
[0.098s] Level 1:colcon.colcon_core.package_identification:_identify(external/ipopt/coinbrew/Ipopt/tutorial/Modeling) by extension 'ros'
[0.098s] Level 1:colcon.colcon_core.package_identification:_identify(external/ipopt/coinbrew/Ipopt/tutorial/Modeling) by extensions ['cmake', 'python']
[0.098s] Level 1:colcon.colcon_core.package_identification:_identify(external/ipopt/coinbrew/Ipopt/tutorial/Modeling) by extension 'cmake'
[0.098s] Level 1:colcon.colcon_core.package_identification:_identify(external/ipopt/coinbrew/Ipopt/tutorial/Modeling) by extension 'python'
[0.098s] Level 1:colcon.colcon_core.package_identification:_identify(external/ipopt/coinbrew/Ipopt/tutorial/Modeling) by extensions ['python_setup_py']
[0.098s] Level 1:colcon.colcon_core.package_identification:_identify(external/ipopt/coinbrew/Ipopt/tutorial/Modeling) by extension 'python_setup_py'
[0.098s] Level 1:colcon.colcon_core.package_identification:_identify(external/ipopt/coinbrew/ThirdParty) by extensions ['ignore', 'ignore_ament_install']
[0.098s] Level 1:colcon.colcon_core.package_identification:_identify(external/ipopt/coinbrew/ThirdParty) by extension 'ignore'
[0.098s] Level 1:colcon.colcon_core.package_identification:_identify(external/ipopt/coinbrew/ThirdParty) by extension 'ignore_ament_install'
[0.098s] Level 1:colcon.colcon_core.package_identification:_identify(external/ipopt/coinbrew/ThirdParty) by extensions ['colcon_pkg']
[0.098s] Level 1:colcon.colcon_core.package_identification:_identify(external/ipopt/coinbrew/ThirdParty) by extension 'colcon_pkg'
[0.098s] Level 1:colcon.colcon_core.package_identification:_identify(external/ipopt/coinbrew/ThirdParty) by extensions ['colcon_meta']
[0.098s] Level 1:colcon.colcon_core.package_identification:_identify(external/ipopt/coinbrew/ThirdParty) by extension 'colcon_meta'
[0.098s] Level 1:colcon.colcon_core.package_identification:_identify(external/ipopt/coinbrew/ThirdParty) by extensions ['ros']
[0.098s] Level 1:colcon.colcon_core.package_identification:_identify(external/ipopt/coinbrew/ThirdParty) by extension 'ros'
[0.098s] Level 1:colcon.colcon_core.package_identification:_identify(external/ipopt/coinbrew/ThirdParty) by extensions ['cmake', 'python']
[0.098s] Level 1:colcon.colcon_core.package_identification:_identify(external/ipopt/coinbrew/ThirdParty) by extension 'cmake'
[0.098s] Level 1:colcon.colcon_core.package_identification:_identify(external/ipopt/coinbrew/ThirdParty) by extension 'python'
[0.098s] Level 1:colcon.colcon_core.package_identification:_identify(external/ipopt/coinbrew/ThirdParty) by extensions ['python_setup_py']
[0.098s] Level 1:colcon.colcon_core.package_identification:_identify(external/ipopt/coinbrew/ThirdParty) by extension 'python_setup_py'
[0.098s] Level 1:colcon.colcon_core.package_identification:_identify(external/ipopt/coinbrew/ThirdParty/ASL) by extensions ['ignore', 'ignore_ament_install']
[0.098s] Level 1:colcon.colcon_core.package_identification:_identify(external/ipopt/coinbrew/ThirdParty/ASL) by extension 'ignore'
[0.098s] Level 1:colcon.colcon_core.package_identification:_identify(external/ipopt/coinbrew/ThirdParty/ASL) by extension 'ignore_ament_install'
[0.098s] Level 1:colcon.colcon_core.package_identification:_identify(external/ipopt/coinbrew/ThirdParty/ASL) by extensions ['colcon_pkg']
[0.098s] Level 1:colcon.colcon_core.package_identification:_identify(external/ipopt/coinbrew/ThirdParty/ASL) by extension 'colcon_pkg'
[0.098s] Level 1:colcon.colcon_core.package_identification:_identify(external/ipopt/coinbrew/ThirdParty/ASL) by extensions ['colcon_meta']
[0.098s] Level 1:colcon.colcon_core.package_identification:_identify(external/ipopt/coinbrew/ThirdParty/ASL) by extension 'colcon_meta'
[0.098s] Level 1:colcon.colcon_core.package_identification:_identify(external/ipopt/coinbrew/ThirdParty/ASL) by extensions ['ros']
[0.098s] Level 1:colcon.colcon_core.package_identification:_identify(external/ipopt/coinbrew/ThirdParty/ASL) by extension 'ros'
[0.098s] Level 1:colcon.colcon_core.package_identification:_identify(external/ipopt/coinbrew/ThirdParty/ASL) by extensions ['cmake', 'python']
[0.098s] Level 1:colcon.colcon_core.package_identification:_identify(external/ipopt/coinbrew/ThirdParty/ASL) by extension 'cmake'
[0.098s] Level 1:colcon.colcon_core.package_identification:_identify(external/ipopt/coinbrew/ThirdParty/ASL) by extension 'python'
[0.098s] Level 1:colcon.colcon_core.package_identification:_identify(external/ipopt/coinbrew/ThirdParty/ASL) by extensions ['python_setup_py']
[0.098s] Level 1:colcon.colcon_core.package_identification:_identify(external/ipopt/coinbrew/ThirdParty/ASL) by extension 'python_setup_py'
[0.098s] Level 1:colcon.colcon_core.package_identification:_identify(external/ipopt/coinbrew/ThirdParty/ASL/solvers) by extensions ['ignore', 'ignore_ament_install']
[0.098s] Level 1:colcon.colcon_core.package_identification:_identify(external/ipopt/coinbrew/ThirdParty/ASL/solvers) by extension 'ignore'
[0.098s] Level 1:colcon.colcon_core.package_identification:_identify(external/ipopt/coinbrew/ThirdParty/ASL/solvers) by extension 'ignore_ament_install'
[0.098s] Level 1:colcon.colcon_core.package_identification:_identify(external/ipopt/coinbrew/ThirdParty/ASL/solvers) by extensions ['colcon_pkg']
[0.098s] Level 1:colcon.colcon_core.package_identification:_identify(external/ipopt/coinbrew/ThirdParty/ASL/solvers) by extension 'colcon_pkg'
[0.098s] Level 1:colcon.colcon_core.package_identification:_identify(external/ipopt/coinbrew/ThirdParty/ASL/solvers) by extensions ['colcon_meta']
[0.098s] Level 1:colcon.colcon_core.package_identification:_identify(external/ipopt/coinbrew/ThirdParty/ASL/solvers) by extension 'colcon_meta'
[0.098s] Level 1:colcon.colcon_core.package_identification:_identify(external/ipopt/coinbrew/ThirdParty/ASL/solvers) by extensions ['ros']
[0.098s] Level 1:colcon.colcon_core.package_identification:_identify(external/ipopt/coinbrew/ThirdParty/ASL/solvers) by extension 'ros'
[0.098s] Level 1:colcon.colcon_core.package_identification:_identify(external/ipopt/coinbrew/ThirdParty/ASL/solvers) by extensions ['cmake', 'python']
[0.098s] Level 1:colcon.colcon_core.package_identification:_identify(external/ipopt/coinbrew/ThirdParty/ASL/solvers) by extension 'cmake'
[0.098s] Level 1:colcon.colcon_core.package_identification:_identify(external/ipopt/coinbrew/ThirdParty/ASL/solvers) by extension 'python'
[0.099s] Level 1:colcon.colcon_core.package_identification:_identify(external/ipopt/coinbrew/ThirdParty/ASL/solvers) by extensions ['python_setup_py']
[0.099s] Level 1:colcon.colcon_core.package_identification:_identify(external/ipopt/coinbrew/ThirdParty/ASL/solvers) by extension 'python_setup_py'
[0.099s] Level 1:colcon.colcon_core.package_identification:_identify(external/ipopt/coinbrew/ThirdParty/HSL) by extensions ['ignore', 'ignore_ament_install']
[0.099s] Level 1:colcon.colcon_core.package_identification:_identify(external/ipopt/coinbrew/ThirdParty/HSL) by extension 'ignore'
[0.099s] Level 1:colcon.colcon_core.package_identification:_identify(external/ipopt/coinbrew/ThirdParty/HSL) by extension 'ignore_ament_install'
[0.099s] Level 1:colcon.colcon_core.package_identification:_identify(external/ipopt/coinbrew/ThirdParty/HSL) by extensions ['colcon_pkg']
[0.099s] Level 1:colcon.colcon_core.package_identification:_identify(external/ipopt/coinbrew/ThirdParty/HSL) by extension 'colcon_pkg'
[0.099s] Level 1:colcon.colcon_core.package_identification:_identify(external/ipopt/coinbrew/ThirdParty/HSL) by extensions ['colcon_meta']
[0.099s] Level 1:colcon.colcon_core.package_identification:_identify(external/ipopt/coinbrew/ThirdParty/HSL) by extension 'colcon_meta'
[0.099s] Level 1:colcon.colcon_core.package_identification:_identify(external/ipopt/coinbrew/ThirdParty/HSL) by extensions ['ros']
[0.099s] Level 1:colcon.colcon_core.package_identification:_identify(external/ipopt/coinbrew/ThirdParty/HSL) by extension 'ros'
[0.099s] Level 1:colcon.colcon_core.package_identification:_identify(external/ipopt/coinbrew/ThirdParty/HSL) by extensions ['cmake', 'python']
[0.099s] Level 1:colcon.colcon_core.package_identification:_identify(external/ipopt/coinbrew/ThirdParty/HSL) by extension 'cmake'
[0.099s] Level 1:colcon.colcon_core.package_identification:_identify(external/ipopt/coinbrew/ThirdParty/HSL) by extension 'python'
[0.099s] Level 1:colcon.colcon_core.package_identification:_identify(external/ipopt/coinbrew/ThirdParty/HSL) by extensions ['python_setup_py']
[0.099s] Level 1:colcon.colcon_core.package_identification:_identify(external/ipopt/coinbrew/ThirdParty/HSL) by extension 'python_setup_py'
[0.099s] Level 1:colcon.colcon_core.package_identification:_identify(external/ipopt/coinbrew/ThirdParty/HSL/coinhsl) by extensions ['ignore', 'ignore_ament_install']
[0.099s] Level 1:colcon.colcon_core.package_identification:_identify(external/ipopt/coinbrew/ThirdParty/HSL/coinhsl) by extension 'ignore'
[0.099s] Level 1:colcon.colcon_core.package_identification:_identify(external/ipopt/coinbrew/ThirdParty/HSL/coinhsl) by extension 'ignore_ament_install'
[0.099s] Level 1:colcon.colcon_core.package_identification:_identify(external/ipopt/coinbrew/ThirdParty/HSL/coinhsl) by extensions ['colcon_pkg']
[0.099s] Level 1:colcon.colcon_core.package_identification:_identify(external/ipopt/coinbrew/ThirdParty/HSL/coinhsl) by extension 'colcon_pkg'
[0.099s] Level 1:colcon.colcon_core.package_identification:_identify(external/ipopt/coinbrew/ThirdParty/HSL/coinhsl) by extensions ['colcon_meta']
[0.099s] Level 1:colcon.colcon_core.package_identification:_identify(external/ipopt/coinbrew/ThirdParty/HSL/coinhsl) by extension 'colcon_meta'
[0.099s] Level 1:colcon.colcon_core.package_identification:_identify(external/ipopt/coinbrew/ThirdParty/HSL/coinhsl) by extensions ['ros']
[0.099s] Level 1:colcon.colcon_core.package_identification:_identify(external/ipopt/coinbrew/ThirdParty/HSL/coinhsl) by extension 'ros'
[0.099s] Level 1:colcon.colcon_core.package_identification:_identify(external/ipopt/coinbrew/ThirdParty/HSL/coinhsl) by extensions ['cmake', 'python']
[0.099s] Level 1:colcon.colcon_core.package_identification:_identify(external/ipopt/coinbrew/ThirdParty/HSL/coinhsl) by extension 'cmake'
[0.099s] Level 1:colcon.colcon_core.package_identification:_identify(external/ipopt/coinbrew/ThirdParty/HSL/coinhsl) by extension 'python'
[0.099s] Level 1:colcon.colcon_core.package_identification:_identify(external/ipopt/coinbrew/ThirdParty/HSL/coinhsl) by extensions ['python_setup_py']
[0.099s] Level 1:colcon.colcon_core.package_identification:_identify(external/ipopt/coinbrew/ThirdParty/HSL/coinhsl) by extension 'python_setup_py'
[0.099s] Level 1:colcon.colcon_core.package_identification:_identify(external/ipopt/coinbrew/ThirdParty/HSL/coinhsl/autom4te.cache) by extensions ['ignore', 'ignore_ament_install']
[0.099s] Level 1:colcon.colcon_core.package_identification:_identify(external/ipopt/coinbrew/ThirdParty/HSL/coinhsl/autom4te.cache) by extension 'ignore'
[0.099s] Level 1:colcon.colcon_core.package_identification:_identify(external/ipopt/coinbrew/ThirdParty/HSL/coinhsl/autom4te.cache) by extension 'ignore_ament_install'
[0.099s] Level 1:colcon.colcon_core.package_identification:_identify(external/ipopt/coinbrew/ThirdParty/HSL/coinhsl/autom4te.cache) by extensions ['colcon_pkg']
[0.099s] Level 1:colcon.colcon_core.package_identification:_identify(external/ipopt/coinbrew/ThirdParty/HSL/coinhsl/autom4te.cache) by extension 'colcon_pkg'
[0.099s] Level 1:colcon.colcon_core.package_identification:_identify(external/ipopt/coinbrew/ThirdParty/HSL/coinhsl/autom4te.cache) by extensions ['colcon_meta']
[0.099s] Level 1:colcon.colcon_core.package_identification:_identify(external/ipopt/coinbrew/ThirdParty/HSL/coinhsl/autom4te.cache) by extension 'colcon_meta'
[0.099s] Level 1:colcon.colcon_core.package_identification:_identify(external/ipopt/coinbrew/ThirdParty/HSL/coinhsl/autom4te.cache) by extensions ['ros']
[0.099s] Level 1:colcon.colcon_core.package_identification:_identify(external/ipopt/coinbrew/ThirdParty/HSL/coinhsl/autom4te.cache) by extension 'ros'
[0.099s] Level 1:colcon.colcon_core.package_identification:_identify(external/ipopt/coinbrew/ThirdParty/HSL/coinhsl/autom4te.cache) by extensions ['cmake', 'python']
[0.099s] Level 1:colcon.colcon_core.package_identification:_identify(external/ipopt/coinbrew/ThirdParty/HSL/coinhsl/autom4te.cache) by extension 'cmake'
[0.099s] Level 1:colcon.colcon_core.package_identification:_identify(external/ipopt/coinbrew/ThirdParty/HSL/coinhsl/autom4te.cache) by extension 'python'
[0.099s] Level 1:colcon.colcon_core.package_identification:_identify(external/ipopt/coinbrew/ThirdParty/HSL/coinhsl/autom4te.cache) by extensions ['python_setup_py']
[0.099s] Level 1:colcon.colcon_core.package_identification:_identify(external/ipopt/coinbrew/ThirdParty/HSL/coinhsl/autom4te.cache) by extension 'python_setup_py'
[0.099s] Level 1:colcon.colcon_core.package_identification:_identify(external/ipopt/coinbrew/ThirdParty/HSL/coinhsl/common) by extensions ['ignore', 'ignore_ament_install']
[0.099s] Level 1:colcon.colcon_core.package_identification:_identify(external/ipopt/coinbrew/ThirdParty/HSL/coinhsl/common) by extension 'ignore'
[0.099s] Level 1:colcon.colcon_core.package_identification:_identify(external/ipopt/coinbrew/ThirdParty/HSL/coinhsl/common) by extension 'ignore_ament_install'
[0.099s] Level 1:colcon.colcon_core.package_identification:_identify(external/ipopt/coinbrew/ThirdParty/HSL/coinhsl/common) by extensions ['colcon_pkg']
[0.099s] Level 1:colcon.colcon_core.package_identification:_identify(external/ipopt/coinbrew/ThirdParty/HSL/coinhsl/common) by extension 'colcon_pkg'
[0.099s] Level 1:colcon.colcon_core.package_identification:_identify(external/ipopt/coinbrew/ThirdParty/HSL/coinhsl/common) by extensions ['colcon_meta']
[0.099s] Level 1:colcon.colcon_core.package_identification:_identify(external/ipopt/coinbrew/ThirdParty/HSL/coinhsl/common) by extension 'colcon_meta'
[0.099s] Level 1:colcon.colcon_core.package_identification:_identify(external/ipopt/coinbrew/ThirdParty/HSL/coinhsl/common) by extensions ['ros']
[0.099s] Level 1:colcon.colcon_core.package_identification:_identify(external/ipopt/coinbrew/ThirdParty/HSL/coinhsl/common) by extension 'ros'
[0.099s] Level 1:colcon.colcon_core.package_identification:_identify(external/ipopt/coinbrew/ThirdParty/HSL/coinhsl/common) by extensions ['cmake', 'python']
[0.099s] Level 1:colcon.colcon_core.package_identification:_identify(external/ipopt/coinbrew/ThirdParty/HSL/coinhsl/common) by extension 'cmake'
[0.099s] Level 1:colcon.colcon_core.package_identification:_identify(external/ipopt/coinbrew/ThirdParty/HSL/coinhsl/common) by extension 'python'
[0.099s] Level 1:colcon.colcon_core.package_identification:_identify(external/ipopt/coinbrew/ThirdParty/HSL/coinhsl/common) by extensions ['python_setup_py']
[0.099s] Level 1:colcon.colcon_core.package_identification:_identify(external/ipopt/coinbrew/ThirdParty/HSL/coinhsl/common) by extension 'python_setup_py'
[0.099s] Level 1:colcon.colcon_core.package_identification:_identify(external/ipopt/coinbrew/ThirdParty/HSL/coinhsl/loadmetis) by extensions ['ignore', 'ignore_ament_install']
[0.099s] Level 1:colcon.colcon_core.package_identification:_identify(external/ipopt/coinbrew/ThirdParty/HSL/coinhsl/loadmetis) by extension 'ignore'
[0.099s] Level 1:colcon.colcon_core.package_identification:_identify(external/ipopt/coinbrew/ThirdParty/HSL/coinhsl/loadmetis) by extension 'ignore_ament_install'
[0.099s] Level 1:colcon.colcon_core.package_identification:_identify(external/ipopt/coinbrew/ThirdParty/HSL/coinhsl/loadmetis) by extensions ['colcon_pkg']
[0.099s] Level 1:colcon.colcon_core.package_identification:_identify(external/ipopt/coinbrew/ThirdParty/HSL/coinhsl/loadmetis) by extension 'colcon_pkg'
[0.100s] Level 1:colcon.colcon_core.package_identification:_identify(external/ipopt/coinbrew/ThirdParty/HSL/coinhsl/loadmetis) by extensions ['colcon_meta']
[0.100s] Level 1:colcon.colcon_core.package_identification:_identify(external/ipopt/coinbrew/ThirdParty/HSL/coinhsl/loadmetis) by extension 'colcon_meta'
[0.100s] Level 1:colcon.colcon_core.package_identification:_identify(external/ipopt/coinbrew/ThirdParty/HSL/coinhsl/loadmetis) by extensions ['ros']
[0.100s] Level 1:colcon.colcon_core.package_identification:_identify(external/ipopt/coinbrew/ThirdParty/HSL/coinhsl/loadmetis) by extension 'ros'
[0.100s] Level 1:colcon.colcon_core.package_identification:_identify(external/ipopt/coinbrew/ThirdParty/HSL/coinhsl/loadmetis) by extensions ['cmake', 'python']
[0.100s] Level 1:colcon.colcon_core.package_identification:_identify(external/ipopt/coinbrew/ThirdParty/HSL/coinhsl/loadmetis) by extension 'cmake'
[0.100s] Level 1:colcon.colcon_core.package_identification:_identify(external/ipopt/coinbrew/ThirdParty/HSL/coinhsl/loadmetis) by extension 'python'
[0.100s] Level 1:colcon.colcon_core.package_identification:_identify(external/ipopt/coinbrew/ThirdParty/HSL/coinhsl/loadmetis) by extensions ['python_setup_py']
[0.100s] Level 1:colcon.colcon_core.package_identification:_identify(external/ipopt/coinbrew/ThirdParty/HSL/coinhsl/loadmetis) by extension 'python_setup_py'
[0.100s] Level 1:colcon.colcon_core.package_identification:_identify(external/ipopt/coinbrew/ThirdParty/HSL/coinhsl/m4) by extensions ['ignore', 'ignore_ament_install']
[0.100s] Level 1:colcon.colcon_core.package_identification:_identify(external/ipopt/coinbrew/ThirdParty/HSL/coinhsl/m4) by extension 'ignore'
[0.100s] Level 1:colcon.colcon_core.package_identification:_identify(external/ipopt/coinbrew/ThirdParty/HSL/coinhsl/m4) by extension 'ignore_ament_install'
[0.100s] Level 1:colcon.colcon_core.package_identification:_identify(external/ipopt/coinbrew/ThirdParty/HSL/coinhsl/m4) by extensions ['colcon_pkg']
[0.100s] Level 1:colcon.colcon_core.package_identification:_identify(external/ipopt/coinbrew/ThirdParty/HSL/coinhsl/m4) by extension 'colcon_pkg'
[0.100s] Level 1:colcon.colcon_core.package_identification:_identify(external/ipopt/coinbrew/ThirdParty/HSL/coinhsl/m4) by extensions ['colcon_meta']
[0.100s] Level 1:colcon.colcon_core.package_identification:_identify(external/ipopt/coinbrew/ThirdParty/HSL/coinhsl/m4) by extension 'colcon_meta'
[0.100s] Level 1:colcon.colcon_core.package_identification:_identify(external/ipopt/coinbrew/ThirdParty/HSL/coinhsl/m4) by extensions ['ros']
[0.100s] Level 1:colcon.colcon_core.package_identification:_identify(external/ipopt/coinbrew/ThirdParty/HSL/coinhsl/m4) by extension 'ros'
[0.100s] Level 1:colcon.colcon_core.package_identification:_identify(external/ipopt/coinbrew/ThirdParty/HSL/coinhsl/m4) by extensions ['cmake', 'python']
[0.100s] Level 1:colcon.colcon_core.package_identification:_identify(external/ipopt/coinbrew/ThirdParty/HSL/coinhsl/m4) by extension 'cmake'
[0.100s] Level 1:colcon.colcon_core.package_identification:_identify(external/ipopt/coinbrew/ThirdParty/HSL/coinhsl/m4) by extension 'python'
[0.100s] Level 1:colcon.colcon_core.package_identification:_identify(external/ipopt/coinbrew/ThirdParty/HSL/coinhsl/m4) by extensions ['python_setup_py']
[0.100s] Level 1:colcon.colcon_core.package_identification:_identify(external/ipopt/coinbrew/ThirdParty/HSL/coinhsl/m4) by extension 'python_setup_py'
[0.100s] Level 1:colcon.colcon_core.package_identification:_identify(external/ipopt/coinbrew/ThirdParty/HSL/coinhsl/ma27) by extensions ['ignore', 'ignore_ament_install']
[0.100s] Level 1:colcon.colcon_core.package_identification:_identify(external/ipopt/coinbrew/ThirdParty/HSL/coinhsl/ma27) by extension 'ignore'
[0.100s] Level 1:colcon.colcon_core.package_identification:_identify(external/ipopt/coinbrew/ThirdParty/HSL/coinhsl/ma27) by extension 'ignore_ament_install'
[0.100s] Level 1:colcon.colcon_core.package_identification:_identify(external/ipopt/coinbrew/ThirdParty/HSL/coinhsl/ma27) by extensions ['colcon_pkg']
[0.100s] Level 1:colcon.colcon_core.package_identification:_identify(external/ipopt/coinbrew/ThirdParty/HSL/coinhsl/ma27) by extension 'colcon_pkg'
[0.100s] Level 1:colcon.colcon_core.package_identification:_identify(external/ipopt/coinbrew/ThirdParty/HSL/coinhsl/ma27) by extensions ['colcon_meta']
[0.100s] Level 1:colcon.colcon_core.package_identification:_identify(external/ipopt/coinbrew/ThirdParty/HSL/coinhsl/ma27) by extension 'colcon_meta'
[0.100s] Level 1:colcon.colcon_core.package_identification:_identify(external/ipopt/coinbrew/ThirdParty/HSL/coinhsl/ma27) by extensions ['ros']
[0.100s] Level 1:colcon.colcon_core.package_identification:_identify(external/ipopt/coinbrew/ThirdParty/HSL/coinhsl/ma27) by extension 'ros'
[0.100s] Level 1:colcon.colcon_core.package_identification:_identify(external/ipopt/coinbrew/ThirdParty/HSL/coinhsl/ma27) by extensions ['cmake', 'python']
[0.100s] Level 1:colcon.colcon_core.package_identification:_identify(external/ipopt/coinbrew/ThirdParty/HSL/coinhsl/ma27) by extension 'cmake'
[0.100s] Level 1:colcon.colcon_core.package_identification:_identify(external/ipopt/coinbrew/ThirdParty/HSL/coinhsl/ma27) by extension 'python'
[0.100s] Level 1:colcon.colcon_core.package_identification:_identify(external/ipopt/coinbrew/ThirdParty/HSL/coinhsl/ma27) by extensions ['python_setup_py']
[0.100s] Level 1:colcon.colcon_core.package_identification:_identify(external/ipopt/coinbrew/ThirdParty/HSL/coinhsl/ma27) by extension 'python_setup_py'
[0.100s] Level 1:colcon.colcon_core.package_identification:_identify(external/ipopt/coinbrew/ThirdParty/HSL/coinhsl/ma28) by extensions ['ignore', 'ignore_ament_install']
[0.100s] Level 1:colcon.colcon_core.package_identification:_identify(external/ipopt/coinbrew/ThirdParty/HSL/coinhsl/ma28) by extension 'ignore'
[0.100s] Level 1:colcon.colcon_core.package_identification:_identify(external/ipopt/coinbrew/ThirdParty/HSL/coinhsl/ma28) by extension 'ignore_ament_install'
[0.100s] Level 1:colcon.colcon_core.package_identification:_identify(external/ipopt/coinbrew/ThirdParty/HSL/coinhsl/ma28) by extensions ['colcon_pkg']
[0.100s] Level 1:colcon.colcon_core.package_identification:_identify(external/ipopt/coinbrew/ThirdParty/HSL/coinhsl/ma28) by extension 'colcon_pkg'
[0.100s] Level 1:colcon.colcon_core.package_identification:_identify(external/ipopt/coinbrew/ThirdParty/HSL/coinhsl/ma28) by extensions ['colcon_meta']
[0.100s] Level 1:colcon.colcon_core.package_identification:_identify(external/ipopt/coinbrew/ThirdParty/HSL/coinhsl/ma28) by extension 'colcon_meta'
[0.100s] Level 1:colcon.colcon_core.package_identification:_identify(external/ipopt/coinbrew/ThirdParty/HSL/coinhsl/ma28) by extensions ['ros']
[0.100s] Level 1:colcon.colcon_core.package_identification:_identify(external/ipopt/coinbrew/ThirdParty/HSL/coinhsl/ma28) by extension 'ros'
[0.100s] Level 1:colcon.colcon_core.package_identification:_identify(external/ipopt/coinbrew/ThirdParty/HSL/coinhsl/ma28) by extensions ['cmake', 'python']
[0.100s] Level 1:colcon.colcon_core.package_identification:_identify(external/ipopt/coinbrew/ThirdParty/HSL/coinhsl/ma28) by extension 'cmake'
[0.100s] Level 1:colcon.colcon_core.package_identification:_identify(external/ipopt/coinbrew/ThirdParty/HSL/coinhsl/ma28) by extension 'python'
[0.100s] Level 1:colcon.colcon_core.package_identification:_identify(external/ipopt/coinbrew/ThirdParty/HSL/coinhsl/ma28) by extensions ['python_setup_py']
[0.100s] Level 1:colcon.colcon_core.package_identification:_identify(external/ipopt/coinbrew/ThirdParty/HSL/coinhsl/ma28) by extension 'python_setup_py'
[0.100s] Level 1:colcon.colcon_core.package_identification:_identify(external/ipopt/coinbrew/ThirdParty/HSL/coinhsl/mc19) by extensions ['ignore', 'ignore_ament_install']
[0.100s] Level 1:colcon.colcon_core.package_identification:_identify(external/ipopt/coinbrew/ThirdParty/HSL/coinhsl/mc19) by extension 'ignore'
[0.100s] Level 1:colcon.colcon_core.package_identification:_identify(external/ipopt/coinbrew/ThirdParty/HSL/coinhsl/mc19) by extension 'ignore_ament_install'
[0.100s] Level 1:colcon.colcon_core.package_identification:_identify(external/ipopt/coinbrew/ThirdParty/HSL/coinhsl/mc19) by extensions ['colcon_pkg']
[0.100s] Level 1:colcon.colcon_core.package_identification:_identify(external/ipopt/coinbrew/ThirdParty/HSL/coinhsl/mc19) by extension 'colcon_pkg'
[0.100s] Level 1:colcon.colcon_core.package_identification:_identify(external/ipopt/coinbrew/ThirdParty/HSL/coinhsl/mc19) by extensions ['colcon_meta']
[0.100s] Level 1:colcon.colcon_core.package_identification:_identify(external/ipopt/coinbrew/ThirdParty/HSL/coinhsl/mc19) by extension 'colcon_meta'
[0.100s] Level 1:colcon.colcon_core.package_identification:_identify(external/ipopt/coinbrew/ThirdParty/HSL/coinhsl/mc19) by extensions ['ros']
[0.100s] Level 1:colcon.colcon_core.package_identification:_identify(external/ipopt/coinbrew/ThirdParty/HSL/coinhsl/mc19) by extension 'ros'
[0.100s] Level 1:colcon.colcon_core.package_identification:_identify(external/ipopt/coinbrew/ThirdParty/HSL/coinhsl/mc19) by extensions ['cmake', 'python']
[0.100s] Level 1:colcon.colcon_core.package_identification:_identify(external/ipopt/coinbrew/ThirdParty/HSL/coinhsl/mc19) by extension 'cmake'
[0.100s] Level 1:colcon.colcon_core.package_identification:_identify(external/ipopt/coinbrew/ThirdParty/HSL/coinhsl/mc19) by extension 'python'
[0.100s] Level 1:colcon.colcon_core.package_identification:_identify(external/ipopt/coinbrew/ThirdParty/HSL/coinhsl/mc19) by extensions ['python_setup_py']
[0.100s] Level 1:colcon.colcon_core.package_identification:_identify(external/ipopt/coinbrew/ThirdParty/HSL/coinhsl/mc19) by extension 'python_setup_py'
[0.101s] Level 1:colcon.colcon_core.package_identification:_identify(external/ipopt/coinbrew/ThirdParty/Mumps) by extensions ['ignore', 'ignore_ament_install']
[0.101s] Level 1:colcon.colcon_core.package_identification:_identify(external/ipopt/coinbrew/ThirdParty/Mumps) by extension 'ignore'
[0.101s] Level 1:colcon.colcon_core.package_identification:_identify(external/ipopt/coinbrew/ThirdParty/Mumps) by extension 'ignore_ament_install'
[0.101s] Level 1:colcon.colcon_core.package_identification:_identify(external/ipopt/coinbrew/ThirdParty/Mumps) by extensions ['colcon_pkg']
[0.101s] Level 1:colcon.colcon_core.package_identification:_identify(external/ipopt/coinbrew/ThirdParty/Mumps) by extension 'colcon_pkg'
[0.101s] Level 1:colcon.colcon_core.package_identification:_identify(external/ipopt/coinbrew/ThirdParty/Mumps) by extensions ['colcon_meta']
[0.101s] Level 1:colcon.colcon_core.package_identification:_identify(external/ipopt/coinbrew/ThirdParty/Mumps) by extension 'colcon_meta'
[0.101s] Level 1:colcon.colcon_core.package_identification:_identify(external/ipopt/coinbrew/ThirdParty/Mumps) by extensions ['ros']
[0.101s] Level 1:colcon.colcon_core.package_identification:_identify(external/ipopt/coinbrew/ThirdParty/Mumps) by extension 'ros'
[0.101s] Level 1:colcon.colcon_core.package_identification:_identify(external/ipopt/coinbrew/ThirdParty/Mumps) by extensions ['cmake', 'python']
[0.101s] Level 1:colcon.colcon_core.package_identification:_identify(external/ipopt/coinbrew/ThirdParty/Mumps) by extension 'cmake'
[0.101s] Level 1:colcon.colcon_core.package_identification:_identify(external/ipopt/coinbrew/ThirdParty/Mumps) by extension 'python'
[0.101s] Level 1:colcon.colcon_core.package_identification:_identify(external/ipopt/coinbrew/ThirdParty/Mumps) by extensions ['python_setup_py']
[0.101s] Level 1:colcon.colcon_core.package_identification:_identify(external/ipopt/coinbrew/ThirdParty/Mumps) by extension 'python_setup_py'
[0.101s] Level 1:colcon.colcon_core.package_identification:_identify(external/ipopt/coinbrew/ThirdParty/Mumps/MUMPS) by extensions ['ignore', 'ignore_ament_install']
[0.101s] Level 1:colcon.colcon_core.package_identification:_identify(external/ipopt/coinbrew/ThirdParty/Mumps/MUMPS) by extension 'ignore'
[0.101s] Level 1:colcon.colcon_core.package_identification:_identify(external/ipopt/coinbrew/ThirdParty/Mumps/MUMPS) by extension 'ignore_ament_install'
[0.101s] Level 1:colcon.colcon_core.package_identification:_identify(external/ipopt/coinbrew/ThirdParty/Mumps/MUMPS) by extensions ['colcon_pkg']
[0.101s] Level 1:colcon.colcon_core.package_identification:_identify(external/ipopt/coinbrew/ThirdParty/Mumps/MUMPS) by extension 'colcon_pkg'
[0.101s] Level 1:colcon.colcon_core.package_identification:_identify(external/ipopt/coinbrew/ThirdParty/Mumps/MUMPS) by extensions ['colcon_meta']
[0.101s] Level 1:colcon.colcon_core.package_identification:_identify(external/ipopt/coinbrew/ThirdParty/Mumps/MUMPS) by extension 'colcon_meta'
[0.101s] Level 1:colcon.colcon_core.package_identification:_identify(external/ipopt/coinbrew/ThirdParty/Mumps/MUMPS) by extensions ['ros']
[0.101s] Level 1:colcon.colcon_core.package_identification:_identify(external/ipopt/coinbrew/ThirdParty/Mumps/MUMPS) by extension 'ros'
[0.101s] Level 1:colcon.colcon_core.package_identification:_identify(external/ipopt/coinbrew/ThirdParty/Mumps/MUMPS) by extensions ['cmake', 'python']
[0.101s] Level 1:colcon.colcon_core.package_identification:_identify(external/ipopt/coinbrew/ThirdParty/Mumps/MUMPS) by extension 'cmake'
[0.101s] Level 1:colcon.colcon_core.package_identification:_identify(external/ipopt/coinbrew/ThirdParty/Mumps/MUMPS) by extension 'python'
[0.101s] Level 1:colcon.colcon_core.package_identification:_identify(external/ipopt/coinbrew/ThirdParty/Mumps/MUMPS) by extensions ['python_setup_py']
[0.101s] Level 1:colcon.colcon_core.package_identification:_identify(external/ipopt/coinbrew/ThirdParty/Mumps/MUMPS) by extension 'python_setup_py'
[0.101s] Level 1:colcon.colcon_core.package_identification:_identify(external/ipopt/coinbrew/ThirdParty/Mumps/MUMPS/MATLAB) by extensions ['ignore', 'ignore_ament_install']
[0.101s] Level 1:colcon.colcon_core.package_identification:_identify(external/ipopt/coinbrew/ThirdParty/Mumps/MUMPS/MATLAB) by extension 'ignore'
[0.101s] Level 1:colcon.colcon_core.package_identification:_identify(external/ipopt/coinbrew/ThirdParty/Mumps/MUMPS/MATLAB) by extension 'ignore_ament_install'
[0.101s] Level 1:colcon.colcon_core.package_identification:_identify(external/ipopt/coinbrew/ThirdParty/Mumps/MUMPS/MATLAB) by extensions ['colcon_pkg']
[0.101s] Level 1:colcon.colcon_core.package_identification:_identify(external/ipopt/coinbrew/ThirdParty/Mumps/MUMPS/MATLAB) by extension 'colcon_pkg'
[0.101s] Level 1:colcon.colcon_core.package_identification:_identify(external/ipopt/coinbrew/ThirdParty/Mumps/MUMPS/MATLAB) by extensions ['colcon_meta']
[0.101s] Level 1:colcon.colcon_core.package_identification:_identify(external/ipopt/coinbrew/ThirdParty/Mumps/MUMPS/MATLAB) by extension 'colcon_meta'
[0.101s] Level 1:colcon.colcon_core.package_identification:_identify(external/ipopt/coinbrew/ThirdParty/Mumps/MUMPS/MATLAB) by extensions ['ros']
[0.101s] Level 1:colcon.colcon_core.package_identification:_identify(external/ipopt/coinbrew/ThirdParty/Mumps/MUMPS/MATLAB) by extension 'ros'
[0.101s] Level 1:colcon.colcon_core.package_identification:_identify(external/ipopt/coinbrew/ThirdParty/Mumps/MUMPS/MATLAB) by extensions ['cmake', 'python']
[0.101s] Level 1:colcon.colcon_core.package_identification:_identify(external/ipopt/coinbrew/ThirdParty/Mumps/MUMPS/MATLAB) by extension 'cmake'
[0.101s] Level 1:colcon.colcon_core.package_identification:_identify(external/ipopt/coinbrew/ThirdParty/Mumps/MUMPS/MATLAB) by extension 'python'
[0.101s] Level 1:colcon.colcon_core.package_identification:_identify(external/ipopt/coinbrew/ThirdParty/Mumps/MUMPS/MATLAB) by extensions ['python_setup_py']
[0.101s] Level 1:colcon.colcon_core.package_identification:_identify(external/ipopt/coinbrew/ThirdParty/Mumps/MUMPS/MATLAB) by extension 'python_setup_py'
[0.101s] Level 1:colcon.colcon_core.package_identification:_identify(external/ipopt/coinbrew/ThirdParty/Mumps/MUMPS/Make.inc) by extensions ['ignore', 'ignore_ament_install']
[0.101s] Level 1:colcon.colcon_core.package_identification:_identify(external/ipopt/coinbrew/ThirdParty/Mumps/MUMPS/Make.inc) by extension 'ignore'
[0.101s] Level 1:colcon.colcon_core.package_identification:_identify(external/ipopt/coinbrew/ThirdParty/Mumps/MUMPS/Make.inc) by extension 'ignore_ament_install'
[0.101s] Level 1:colcon.colcon_core.package_identification:_identify(external/ipopt/coinbrew/ThirdParty/Mumps/MUMPS/Make.inc) by extensions ['colcon_pkg']
[0.101s] Level 1:colcon.colcon_core.package_identification:_identify(external/ipopt/coinbrew/ThirdParty/Mumps/MUMPS/Make.inc) by extension 'colcon_pkg'
[0.101s] Level 1:colcon.colcon_core.package_identification:_identify(external/ipopt/coinbrew/ThirdParty/Mumps/MUMPS/Make.inc) by extensions ['colcon_meta']
[0.101s] Level 1:colcon.colcon_core.package_identification:_identify(external/ipopt/coinbrew/ThirdParty/Mumps/MUMPS/Make.inc) by extension 'colcon_meta'
[0.101s] Level 1:colcon.colcon_core.package_identification:_identify(external/ipopt/coinbrew/ThirdParty/Mumps/MUMPS/Make.inc) by extensions ['ros']
[0.101s] Level 1:colcon.colcon_core.package_identification:_identify(external/ipopt/coinbrew/ThirdParty/Mumps/MUMPS/Make.inc) by extension 'ros'
[0.101s] Level 1:colcon.colcon_core.package_identification:_identify(external/ipopt/coinbrew/ThirdParty/Mumps/MUMPS/Make.inc) by extensions ['cmake', 'python']
[0.101s] Level 1:colcon.colcon_core.package_identification:_identify(external/ipopt/coinbrew/ThirdParty/Mumps/MUMPS/Make.inc) by extension 'cmake'
[0.101s] Level 1:colcon.colcon_core.package_identification:_identify(external/ipopt/coinbrew/ThirdParty/Mumps/MUMPS/Make.inc) by extension 'python'
[0.101s] Level 1:colcon.colcon_core.package_identification:_identify(external/ipopt/coinbrew/ThirdParty/Mumps/MUMPS/Make.inc) by extensions ['python_setup_py']
[0.101s] Level 1:colcon.colcon_core.package_identification:_identify(external/ipopt/coinbrew/ThirdParty/Mumps/MUMPS/Make.inc) by extension 'python_setup_py'
[0.101s] Level 1:colcon.colcon_core.package_identification:_identify(external/ipopt/coinbrew/ThirdParty/Mumps/MUMPS/PORD) by extensions ['ignore', 'ignore_ament_install']
[0.101s] Level 1:colcon.colcon_core.package_identification:_identify(external/ipopt/coinbrew/ThirdParty/Mumps/MUMPS/PORD) by extension 'ignore'
[0.101s] Level 1:colcon.colcon_core.package_identification:_identify(external/ipopt/coinbrew/ThirdParty/Mumps/MUMPS/PORD) by extension 'ignore_ament_install'
[0.101s] Level 1:colcon.colcon_core.package_identification:_identify(external/ipopt/coinbrew/ThirdParty/Mumps/MUMPS/PORD) by extensions ['colcon_pkg']
[0.101s] Level 1:colcon.colcon_core.package_identification:_identify(external/ipopt/coinbrew/ThirdParty/Mumps/MUMPS/PORD) by extension 'colcon_pkg'
[0.101s] Level 1:colcon.colcon_core.package_identification:_identify(external/ipopt/coinbrew/ThirdParty/Mumps/MUMPS/PORD) by extensions ['colcon_meta']
[0.101s] Level 1:colcon.colcon_core.package_identification:_identify(external/ipopt/coinbrew/ThirdParty/Mumps/MUMPS/PORD) by extension 'colcon_meta'
[0.101s] Level 1:colcon.colcon_core.package_identification:_identify(external/ipopt/coinbrew/ThirdParty/Mumps/MUMPS/PORD) by extensions ['ros']
[0.101s] Level 1:colcon.colcon_core.package_identification:_identify(external/ipopt/coinbrew/ThirdParty/Mumps/MUMPS/PORD) by extension 'ros'
[0.102s] Level 1:colcon.colcon_core.package_identification:_identify(external/ipopt/coinbrew/ThirdParty/Mumps/MUMPS/PORD) by extensions ['cmake', 'python']
[0.102s] Level 1:colcon.colcon_core.package_identification:_identify(external/ipopt/coinbrew/ThirdParty/Mumps/MUMPS/PORD) by extension 'cmake'
[0.102s] Level 1:colcon.colcon_core.package_identification:_identify(external/ipopt/coinbrew/ThirdParty/Mumps/MUMPS/PORD) by extension 'python'
[0.102s] Level 1:colcon.colcon_core.package_identification:_identify(external/ipopt/coinbrew/ThirdParty/Mumps/MUMPS/PORD) by extensions ['python_setup_py']
[0.102s] Level 1:colcon.colcon_core.package_identification:_identify(external/ipopt/coinbrew/ThirdParty/Mumps/MUMPS/PORD) by extension 'python_setup_py'
[0.102s] Level 1:colcon.colcon_core.package_identification:_identify(external/ipopt/coinbrew/ThirdParty/Mumps/MUMPS/PORD/include) by extensions ['ignore', 'ignore_ament_install']
[0.102s] Level 1:colcon.colcon_core.package_identification:_identify(external/ipopt/coinbrew/ThirdParty/Mumps/MUMPS/PORD/include) by extension 'ignore'
[0.102s] Level 1:colcon.colcon_core.package_identification:_identify(external/ipopt/coinbrew/ThirdParty/Mumps/MUMPS/PORD/include) by extension 'ignore_ament_install'
[0.102s] Level 1:colcon.colcon_core.package_identification:_identify(external/ipopt/coinbrew/ThirdParty/Mumps/MUMPS/PORD/include) by extensions ['colcon_pkg']
[0.102s] Level 1:colcon.colcon_core.package_identification:_identify(external/ipopt/coinbrew/ThirdParty/Mumps/MUMPS/PORD/include) by extension 'colcon_pkg'
[0.102s] Level 1:colcon.colcon_core.package_identification:_identify(external/ipopt/coinbrew/ThirdParty/Mumps/MUMPS/PORD/include) by extensions ['colcon_meta']
[0.102s] Level 1:colcon.colcon_core.package_identification:_identify(external/ipopt/coinbrew/ThirdParty/Mumps/MUMPS/PORD/include) by extension 'colcon_meta'
[0.102s] Level 1:colcon.colcon_core.package_identification:_identify(external/ipopt/coinbrew/ThirdParty/Mumps/MUMPS/PORD/include) by extensions ['ros']
[0.102s] Level 1:colcon.colcon_core.package_identification:_identify(external/ipopt/coinbrew/ThirdParty/Mumps/MUMPS/PORD/include) by extension 'ros'
[0.102s] Level 1:colcon.colcon_core.package_identification:_identify(external/ipopt/coinbrew/ThirdParty/Mumps/MUMPS/PORD/include) by extensions ['cmake', 'python']
[0.102s] Level 1:colcon.colcon_core.package_identification:_identify(external/ipopt/coinbrew/ThirdParty/Mumps/MUMPS/PORD/include) by extension 'cmake'
[0.102s] Level 1:colcon.colcon_core.package_identification:_identify(external/ipopt/coinbrew/ThirdParty/Mumps/MUMPS/PORD/include) by extension 'python'
[0.102s] Level 1:colcon.colcon_core.package_identification:_identify(external/ipopt/coinbrew/ThirdParty/Mumps/MUMPS/PORD/include) by extensions ['python_setup_py']
[0.102s] Level 1:colcon.colcon_core.package_identification:_identify(external/ipopt/coinbrew/ThirdParty/Mumps/MUMPS/PORD/include) by extension 'python_setup_py'
[0.102s] Level 1:colcon.colcon_core.package_identification:_identify(external/ipopt/coinbrew/ThirdParty/Mumps/MUMPS/PORD/lib) by extensions ['ignore', 'ignore_ament_install']
[0.102s] Level 1:colcon.colcon_core.package_identification:_identify(external/ipopt/coinbrew/ThirdParty/Mumps/MUMPS/PORD/lib) by extension 'ignore'
[0.102s] Level 1:colcon.colcon_core.package_identification:_identify(external/ipopt/coinbrew/ThirdParty/Mumps/MUMPS/PORD/lib) by extension 'ignore_ament_install'
[0.102s] Level 1:colcon.colcon_core.package_identification:_identify(external/ipopt/coinbrew/ThirdParty/Mumps/MUMPS/PORD/lib) by extensions ['colcon_pkg']
[0.102s] Level 1:colcon.colcon_core.package_identification:_identify(external/ipopt/coinbrew/ThirdParty/Mumps/MUMPS/PORD/lib) by extension 'colcon_pkg'
[0.102s] Level 1:colcon.colcon_core.package_identification:_identify(external/ipopt/coinbrew/ThirdParty/Mumps/MUMPS/PORD/lib) by extensions ['colcon_meta']
[0.102s] Level 1:colcon.colcon_core.package_identification:_identify(external/ipopt/coinbrew/ThirdParty/Mumps/MUMPS/PORD/lib) by extension 'colcon_meta'
[0.102s] Level 1:colcon.colcon_core.package_identification:_identify(external/ipopt/coinbrew/ThirdParty/Mumps/MUMPS/PORD/lib) by extensions ['ros']
[0.102s] Level 1:colcon.colcon_core.package_identification:_identify(external/ipopt/coinbrew/ThirdParty/Mumps/MUMPS/PORD/lib) by extension 'ros'
[0.102s] Level 1:colcon.colcon_core.package_identification:_identify(external/ipopt/coinbrew/ThirdParty/Mumps/MUMPS/PORD/lib) by extensions ['cmake', 'python']
[0.102s] Level 1:colcon.colcon_core.package_identification:_identify(external/ipopt/coinbrew/ThirdParty/Mumps/MUMPS/PORD/lib) by extension 'cmake'
[0.102s] Level 1:colcon.colcon_core.package_identification:_identify(external/ipopt/coinbrew/ThirdParty/Mumps/MUMPS/PORD/lib) by extension 'python'
[0.102s] Level 1:colcon.colcon_core.package_identification:_identify(external/ipopt/coinbrew/ThirdParty/Mumps/MUMPS/PORD/lib) by extensions ['python_setup_py']
[0.102s] Level 1:colcon.colcon_core.package_identification:_identify(external/ipopt/coinbrew/ThirdParty/Mumps/MUMPS/PORD/lib) by extension 'python_setup_py'
[0.102s] Level 1:colcon.colcon_core.package_identification:_identify(external/ipopt/coinbrew/ThirdParty/Mumps/MUMPS/SCILAB) by extensions ['ignore', 'ignore_ament_install']
[0.102s] Level 1:colcon.colcon_core.package_identification:_identify(external/ipopt/coinbrew/ThirdParty/Mumps/MUMPS/SCILAB) by extension 'ignore'
[0.102s] Level 1:colcon.colcon_core.package_identification:_identify(external/ipopt/coinbrew/ThirdParty/Mumps/MUMPS/SCILAB) by extension 'ignore_ament_install'
[0.102s] Level 1:colcon.colcon_core.package_identification:_identify(external/ipopt/coinbrew/ThirdParty/Mumps/MUMPS/SCILAB) by extensions ['colcon_pkg']
[0.102s] Level 1:colcon.colcon_core.package_identification:_identify(external/ipopt/coinbrew/ThirdParty/Mumps/MUMPS/SCILAB) by extension 'colcon_pkg'
[0.102s] Level 1:colcon.colcon_core.package_identification:_identify(external/ipopt/coinbrew/ThirdParty/Mumps/MUMPS/SCILAB) by extensions ['colcon_meta']
[0.102s] Level 1:colcon.colcon_core.package_identification:_identify(external/ipopt/coinbrew/ThirdParty/Mumps/MUMPS/SCILAB) by extension 'colcon_meta'
[0.102s] Level 1:colcon.colcon_core.package_identification:_identify(external/ipopt/coinbrew/ThirdParty/Mumps/MUMPS/SCILAB) by extensions ['ros']
[0.102s] Level 1:colcon.colcon_core.package_identification:_identify(external/ipopt/coinbrew/ThirdParty/Mumps/MUMPS/SCILAB) by extension 'ros'
[0.102s] Level 1:colcon.colcon_core.package_identification:_identify(external/ipopt/coinbrew/ThirdParty/Mumps/MUMPS/SCILAB) by extensions ['cmake', 'python']
[0.102s] Level 1:colcon.colcon_core.package_identification:_identify(external/ipopt/coinbrew/ThirdParty/Mumps/MUMPS/SCILAB) by extension 'cmake'
[0.102s] Level 1:colcon.colcon_core.package_identification:_identify(external/ipopt/coinbrew/ThirdParty/Mumps/MUMPS/SCILAB) by extension 'python'
[0.102s] Level 1:colcon.colcon_core.package_identification:_identify(external/ipopt/coinbrew/ThirdParty/Mumps/MUMPS/SCILAB) by extensions ['python_setup_py']
[0.102s] Level 1:colcon.colcon_core.package_identification:_identify(external/ipopt/coinbrew/ThirdParty/Mumps/MUMPS/SCILAB) by extension 'python_setup_py'
[0.102s] Level 1:colcon.colcon_core.package_identification:_identify(external/ipopt/coinbrew/ThirdParty/Mumps/MUMPS/SCILAB/Help) by extensions ['ignore', 'ignore_ament_install']
[0.102s] Level 1:colcon.colcon_core.package_identification:_identify(external/ipopt/coinbrew/ThirdParty/Mumps/MUMPS/SCILAB/Help) by extension 'ignore'
[0.102s] Level 1:colcon.colcon_core.package_identification:_identify(external/ipopt/coinbrew/ThirdParty/Mumps/MUMPS/SCILAB/Help) by extension 'ignore_ament_install'
[0.102s] Level 1:colcon.colcon_core.package_identification:_identify(external/ipopt/coinbrew/ThirdParty/Mumps/MUMPS/SCILAB/Help) by extensions ['colcon_pkg']
[0.102s] Level 1:colcon.colcon_core.package_identification:_identify(external/ipopt/coinbrew/ThirdParty/Mumps/MUMPS/SCILAB/Help) by extension 'colcon_pkg'
[0.102s] Level 1:colcon.colcon_core.package_identification:_identify(external/ipopt/coinbrew/ThirdParty/Mumps/MUMPS/SCILAB/Help) by extensions ['colcon_meta']
[0.102s] Level 1:colcon.colcon_core.package_identification:_identify(external/ipopt/coinbrew/ThirdParty/Mumps/MUMPS/SCILAB/Help) by extension 'colcon_meta'
[0.102s] Level 1:colcon.colcon_core.package_identification:_identify(external/ipopt/coinbrew/ThirdParty/Mumps/MUMPS/SCILAB/Help) by extensions ['ros']
[0.102s] Level 1:colcon.colcon_core.package_identification:_identify(external/ipopt/coinbrew/ThirdParty/Mumps/MUMPS/SCILAB/Help) by extension 'ros'
[0.102s] Level 1:colcon.colcon_core.package_identification:_identify(external/ipopt/coinbrew/ThirdParty/Mumps/MUMPS/SCILAB/Help) by extensions ['cmake', 'python']
[0.102s] Level 1:colcon.colcon_core.package_identification:_identify(external/ipopt/coinbrew/ThirdParty/Mumps/MUMPS/SCILAB/Help) by extension 'cmake'
[0.102s] Level 1:colcon.colcon_core.package_identification:_identify(external/ipopt/coinbrew/ThirdParty/Mumps/MUMPS/SCILAB/Help) by extension 'python'
[0.102s] Level 1:colcon.colcon_core.package_identification:_identify(external/ipopt/coinbrew/ThirdParty/Mumps/MUMPS/SCILAB/Help) by extensions ['python_setup_py']
[0.102s] Level 1:colcon.colcon_core.package_identification:_identify(external/ipopt/coinbrew/ThirdParty/Mumps/MUMPS/SCILAB/Help) by extension 'python_setup_py'
[0.102s] Level 1:colcon.colcon_core.package_identification:_identify(external/ipopt/coinbrew/ThirdParty/Mumps/MUMPS/SCILAB/examples) by extensions ['ignore', 'ignore_ament_install']
[0.103s] Level 1:colcon.colcon_core.package_identification:_identify(external/ipopt/coinbrew/ThirdParty/Mumps/MUMPS/SCILAB/examples) by extension 'ignore'
[0.103s] Level 1:colcon.colcon_core.package_identification:_identify(external/ipopt/coinbrew/ThirdParty/Mumps/MUMPS/SCILAB/examples) by extension 'ignore_ament_install'
[0.103s] Level 1:colcon.colcon_core.package_identification:_identify(external/ipopt/coinbrew/ThirdParty/Mumps/MUMPS/SCILAB/examples) by extensions ['colcon_pkg']
[0.103s] Level 1:colcon.colcon_core.package_identification:_identify(external/ipopt/coinbrew/ThirdParty/Mumps/MUMPS/SCILAB/examples) by extension 'colcon_pkg'
[0.103s] Level 1:colcon.colcon_core.package_identification:_identify(external/ipopt/coinbrew/ThirdParty/Mumps/MUMPS/SCILAB/examples) by extensions ['colcon_meta']
[0.103s] Level 1:colcon.colcon_core.package_identification:_identify(external/ipopt/coinbrew/ThirdParty/Mumps/MUMPS/SCILAB/examples) by extension 'colcon_meta'
[0.103s] Level 1:colcon.colcon_core.package_identification:_identify(external/ipopt/coinbrew/ThirdParty/Mumps/MUMPS/SCILAB/examples) by extensions ['ros']
[0.103s] Level 1:colcon.colcon_core.package_identification:_identify(external/ipopt/coinbrew/ThirdParty/Mumps/MUMPS/SCILAB/examples) by extension 'ros'
[0.103s] Level 1:colcon.colcon_core.package_identification:_identify(external/ipopt/coinbrew/ThirdParty/Mumps/MUMPS/SCILAB/examples) by extensions ['cmake', 'python']
[0.103s] Level 1:colcon.colcon_core.package_identification:_identify(external/ipopt/coinbrew/ThirdParty/Mumps/MUMPS/SCILAB/examples) by extension 'cmake'
[0.103s] Level 1:colcon.colcon_core.package_identification:_identify(external/ipopt/coinbrew/ThirdParty/Mumps/MUMPS/SCILAB/examples) by extension 'python'
[0.103s] Level 1:colcon.colcon_core.package_identification:_identify(external/ipopt/coinbrew/ThirdParty/Mumps/MUMPS/SCILAB/examples) by extensions ['python_setup_py']
[0.103s] Level 1:colcon.colcon_core.package_identification:_identify(external/ipopt/coinbrew/ThirdParty/Mumps/MUMPS/SCILAB/examples) by extension 'python_setup_py'
[0.103s] Level 1:colcon.colcon_core.package_identification:_identify(external/ipopt/coinbrew/ThirdParty/Mumps/MUMPS/doc) by extensions ['ignore', 'ignore_ament_install']
[0.103s] Level 1:colcon.colcon_core.package_identification:_identify(external/ipopt/coinbrew/ThirdParty/Mumps/MUMPS/doc) by extension 'ignore'
[0.103s] Level 1:colcon.colcon_core.package_identification:_identify(external/ipopt/coinbrew/ThirdParty/Mumps/MUMPS/doc) by extension 'ignore_ament_install'
[0.103s] Level 1:colcon.colcon_core.package_identification:_identify(external/ipopt/coinbrew/ThirdParty/Mumps/MUMPS/doc) by extensions ['colcon_pkg']
[0.103s] Level 1:colcon.colcon_core.package_identification:_identify(external/ipopt/coinbrew/ThirdParty/Mumps/MUMPS/doc) by extension 'colcon_pkg'
[0.103s] Level 1:colcon.colcon_core.package_identification:_identify(external/ipopt/coinbrew/ThirdParty/Mumps/MUMPS/doc) by extensions ['colcon_meta']
[0.103s] Level 1:colcon.colcon_core.package_identification:_identify(external/ipopt/coinbrew/ThirdParty/Mumps/MUMPS/doc) by extension 'colcon_meta'
[0.103s] Level 1:colcon.colcon_core.package_identification:_identify(external/ipopt/coinbrew/ThirdParty/Mumps/MUMPS/doc) by extensions ['ros']
[0.103s] Level 1:colcon.colcon_core.package_identification:_identify(external/ipopt/coinbrew/ThirdParty/Mumps/MUMPS/doc) by extension 'ros'
[0.103s] Level 1:colcon.colcon_core.package_identification:_identify(external/ipopt/coinbrew/ThirdParty/Mumps/MUMPS/doc) by extensions ['cmake', 'python']
[0.103s] Level 1:colcon.colcon_core.package_identification:_identify(external/ipopt/coinbrew/ThirdParty/Mumps/MUMPS/doc) by extension 'cmake'
[0.103s] Level 1:colcon.colcon_core.package_identification:_identify(external/ipopt/coinbrew/ThirdParty/Mumps/MUMPS/doc) by extension 'python'
[0.103s] Level 1:colcon.colcon_core.package_identification:_identify(external/ipopt/coinbrew/ThirdParty/Mumps/MUMPS/doc) by extensions ['python_setup_py']
[0.103s] Level 1:colcon.colcon_core.package_identification:_identify(external/ipopt/coinbrew/ThirdParty/Mumps/MUMPS/doc) by extension 'python_setup_py'
[0.103s] Level 1:colcon.colcon_core.package_identification:_identify(external/ipopt/coinbrew/ThirdParty/Mumps/MUMPS/examples) by extensions ['ignore', 'ignore_ament_install']
[0.103s] Level 1:colcon.colcon_core.package_identification:_identify(external/ipopt/coinbrew/ThirdParty/Mumps/MUMPS/examples) by extension 'ignore'
[0.103s] Level 1:colcon.colcon_core.package_identification:_identify(external/ipopt/coinbrew/ThirdParty/Mumps/MUMPS/examples) by extension 'ignore_ament_install'
[0.103s] Level 1:colcon.colcon_core.package_identification:_identify(external/ipopt/coinbrew/ThirdParty/Mumps/MUMPS/examples) by extensions ['colcon_pkg']
[0.103s] Level 1:colcon.colcon_core.package_identification:_identify(external/ipopt/coinbrew/ThirdParty/Mumps/MUMPS/examples) by extension 'colcon_pkg'
[0.103s] Level 1:colcon.colcon_core.package_identification:_identify(external/ipopt/coinbrew/ThirdParty/Mumps/MUMPS/examples) by extensions ['colcon_meta']
[0.103s] Level 1:colcon.colcon_core.package_identification:_identify(external/ipopt/coinbrew/ThirdParty/Mumps/MUMPS/examples) by extension 'colcon_meta'
[0.103s] Level 1:colcon.colcon_core.package_identification:_identify(external/ipopt/coinbrew/ThirdParty/Mumps/MUMPS/examples) by extensions ['ros']
[0.103s] Level 1:colcon.colcon_core.package_identification:_identify(external/ipopt/coinbrew/ThirdParty/Mumps/MUMPS/examples) by extension 'ros'
[0.103s] Level 1:colcon.colcon_core.package_identification:_identify(external/ipopt/coinbrew/ThirdParty/Mumps/MUMPS/examples) by extensions ['cmake', 'python']
[0.103s] Level 1:colcon.colcon_core.package_identification:_identify(external/ipopt/coinbrew/ThirdParty/Mumps/MUMPS/examples) by extension 'cmake'
[0.103s] Level 1:colcon.colcon_core.package_identification:_identify(external/ipopt/coinbrew/ThirdParty/Mumps/MUMPS/examples) by extension 'python'
[0.103s] Level 1:colcon.colcon_core.package_identification:_identify(external/ipopt/coinbrew/ThirdParty/Mumps/MUMPS/examples) by extensions ['python_setup_py']
[0.103s] Level 1:colcon.colcon_core.package_identification:_identify(external/ipopt/coinbrew/ThirdParty/Mumps/MUMPS/examples) by extension 'python_setup_py'
[0.103s] Level 1:colcon.colcon_core.package_identification:_identify(external/ipopt/coinbrew/ThirdParty/Mumps/MUMPS/include) by extensions ['ignore', 'ignore_ament_install']
[0.103s] Level 1:colcon.colcon_core.package_identification:_identify(external/ipopt/coinbrew/ThirdParty/Mumps/MUMPS/include) by extension 'ignore'
[0.103s] Level 1:colcon.colcon_core.package_identification:_identify(external/ipopt/coinbrew/ThirdParty/Mumps/MUMPS/include) by extension 'ignore_ament_install'
[0.103s] Level 1:colcon.colcon_core.package_identification:_identify(external/ipopt/coinbrew/ThirdParty/Mumps/MUMPS/include) by extensions ['colcon_pkg']
[0.103s] Level 1:colcon.colcon_core.package_identification:_identify(external/ipopt/coinbrew/ThirdParty/Mumps/MUMPS/include) by extension 'colcon_pkg'
[0.103s] Level 1:colcon.colcon_core.package_identification:_identify(external/ipopt/coinbrew/ThirdParty/Mumps/MUMPS/include) by extensions ['colcon_meta']
[0.103s] Level 1:colcon.colcon_core.package_identification:_identify(external/ipopt/coinbrew/ThirdParty/Mumps/MUMPS/include) by extension 'colcon_meta'
[0.103s] Level 1:colcon.colcon_core.package_identification:_identify(external/ipopt/coinbrew/ThirdParty/Mumps/MUMPS/include) by extensions ['ros']
[0.103s] Level 1:colcon.colcon_core.package_identification:_identify(external/ipopt/coinbrew/ThirdParty/Mumps/MUMPS/include) by extension 'ros'
[0.103s] Level 1:colcon.colcon_core.package_identification:_identify(external/ipopt/coinbrew/ThirdParty/Mumps/MUMPS/include) by extensions ['cmake', 'python']
[0.103s] Level 1:colcon.colcon_core.package_identification:_identify(external/ipopt/coinbrew/ThirdParty/Mumps/MUMPS/include) by extension 'cmake'
[0.103s] Level 1:colcon.colcon_core.package_identification:_identify(external/ipopt/coinbrew/ThirdParty/Mumps/MUMPS/include) by extension 'python'
[0.103s] Level 1:colcon.colcon_core.package_identification:_identify(external/ipopt/coinbrew/ThirdParty/Mumps/MUMPS/include) by extensions ['python_setup_py']
[0.103s] Level 1:colcon.colcon_core.package_identification:_identify(external/ipopt/coinbrew/ThirdParty/Mumps/MUMPS/include) by extension 'python_setup_py'
[0.103s] Level 1:colcon.colcon_core.package_identification:_identify(external/ipopt/coinbrew/ThirdParty/Mumps/MUMPS/lib) by extensions ['ignore', 'ignore_ament_install']
[0.103s] Level 1:colcon.colcon_core.package_identification:_identify(external/ipopt/coinbrew/ThirdParty/Mumps/MUMPS/lib) by extension 'ignore'
[0.103s] Level 1:colcon.colcon_core.package_identification:_identify(external/ipopt/coinbrew/ThirdParty/Mumps/MUMPS/lib) by extension 'ignore_ament_install'
[0.103s] Level 1:colcon.colcon_core.package_identification:_identify(external/ipopt/coinbrew/ThirdParty/Mumps/MUMPS/lib) by extensions ['colcon_pkg']
[0.103s] Level 1:colcon.colcon_core.package_identification:_identify(external/ipopt/coinbrew/ThirdParty/Mumps/MUMPS/lib) by extension 'colcon_pkg'
[0.103s] Level 1:colcon.colcon_core.package_identification:_identify(external/ipopt/coinbrew/ThirdParty/Mumps/MUMPS/lib) by extensions ['colcon_meta']
[0.103s] Level 1:colcon.colcon_core.package_identification:_identify(external/ipopt/coinbrew/ThirdParty/Mumps/MUMPS/lib) by extension 'colcon_meta'
[0.103s] Level 1:colcon.colcon_core.package_identification:_identify(external/ipopt/coinbrew/ThirdParty/Mumps/MUMPS/lib) by extensions ['ros']
[0.103s] Level 1:colcon.colcon_core.package_identification:_identify(external/ipopt/coinbrew/ThirdParty/Mumps/MUMPS/lib) by extension 'ros'
[0.103s] Level 1:colcon.colcon_core.package_identification:_identify(external/ipopt/coinbrew/ThirdParty/Mumps/MUMPS/lib) by extensions ['cmake', 'python']
[0.103s] Level 1:colcon.colcon_core.package_identification:_identify(external/ipopt/coinbrew/ThirdParty/Mumps/MUMPS/lib) by extension 'cmake'
[0.104s] Level 1:colcon.colcon_core.package_identification:_identify(external/ipopt/coinbrew/ThirdParty/Mumps/MUMPS/lib) by extension 'python'
[0.104s] Level 1:colcon.colcon_core.package_identification:_identify(external/ipopt/coinbrew/ThirdParty/Mumps/MUMPS/lib) by extensions ['python_setup_py']
[0.104s] Level 1:colcon.colcon_core.package_identification:_identify(external/ipopt/coinbrew/ThirdParty/Mumps/MUMPS/lib) by extension 'python_setup_py'
[0.104s] Level 1:colcon.colcon_core.package_identification:_identify(external/ipopt/coinbrew/ThirdParty/Mumps/MUMPS/libseq) by extensions ['ignore', 'ignore_ament_install']
[0.104s] Level 1:colcon.colcon_core.package_identification:_identify(external/ipopt/coinbrew/ThirdParty/Mumps/MUMPS/libseq) by extension 'ignore'
[0.104s] Level 1:colcon.colcon_core.package_identification:_identify(external/ipopt/coinbrew/ThirdParty/Mumps/MUMPS/libseq) by extension 'ignore_ament_install'
[0.104s] Level 1:colcon.colcon_core.package_identification:_identify(external/ipopt/coinbrew/ThirdParty/Mumps/MUMPS/libseq) by extensions ['colcon_pkg']
[0.104s] Level 1:colcon.colcon_core.package_identification:_identify(external/ipopt/coinbrew/ThirdParty/Mumps/MUMPS/libseq) by extension 'colcon_pkg'
[0.104s] Level 1:colcon.colcon_core.package_identification:_identify(external/ipopt/coinbrew/ThirdParty/Mumps/MUMPS/libseq) by extensions ['colcon_meta']
[0.104s] Level 1:colcon.colcon_core.package_identification:_identify(external/ipopt/coinbrew/ThirdParty/Mumps/MUMPS/libseq) by extension 'colcon_meta'
[0.104s] Level 1:colcon.colcon_core.package_identification:_identify(external/ipopt/coinbrew/ThirdParty/Mumps/MUMPS/libseq) by extensions ['ros']
[0.104s] Level 1:colcon.colcon_core.package_identification:_identify(external/ipopt/coinbrew/ThirdParty/Mumps/MUMPS/libseq) by extension 'ros'
[0.104s] Level 1:colcon.colcon_core.package_identification:_identify(external/ipopt/coinbrew/ThirdParty/Mumps/MUMPS/libseq) by extensions ['cmake', 'python']
[0.104s] Level 1:colcon.colcon_core.package_identification:_identify(external/ipopt/coinbrew/ThirdParty/Mumps/MUMPS/libseq) by extension 'cmake'
[0.104s] Level 1:colcon.colcon_core.package_identification:_identify(external/ipopt/coinbrew/ThirdParty/Mumps/MUMPS/libseq) by extension 'python'
[0.104s] Level 1:colcon.colcon_core.package_identification:_identify(external/ipopt/coinbrew/ThirdParty/Mumps/MUMPS/libseq) by extensions ['python_setup_py']
[0.104s] Level 1:colcon.colcon_core.package_identification:_identify(external/ipopt/coinbrew/ThirdParty/Mumps/MUMPS/libseq) by extension 'python_setup_py'
[0.104s] Level 1:colcon.colcon_core.package_identification:_identify(external/ipopt/coinbrew/ThirdParty/Mumps/MUMPS/src) by extensions ['ignore', 'ignore_ament_install']
[0.104s] Level 1:colcon.colcon_core.package_identification:_identify(external/ipopt/coinbrew/ThirdParty/Mumps/MUMPS/src) by extension 'ignore'
[0.104s] Level 1:colcon.colcon_core.package_identification:_identify(external/ipopt/coinbrew/ThirdParty/Mumps/MUMPS/src) by extension 'ignore_ament_install'
[0.104s] Level 1:colcon.colcon_core.package_identification:_identify(external/ipopt/coinbrew/ThirdParty/Mumps/MUMPS/src) by extensions ['colcon_pkg']
[0.104s] Level 1:colcon.colcon_core.package_identification:_identify(external/ipopt/coinbrew/ThirdParty/Mumps/MUMPS/src) by extension 'colcon_pkg'
[0.104s] Level 1:colcon.colcon_core.package_identification:_identify(external/ipopt/coinbrew/ThirdParty/Mumps/MUMPS/src) by extensions ['colcon_meta']
[0.104s] Level 1:colcon.colcon_core.package_identification:_identify(external/ipopt/coinbrew/ThirdParty/Mumps/MUMPS/src) by extension 'colcon_meta'
[0.104s] Level 1:colcon.colcon_core.package_identification:_identify(external/ipopt/coinbrew/ThirdParty/Mumps/MUMPS/src) by extensions ['ros']
[0.104s] Level 1:colcon.colcon_core.package_identification:_identify(external/ipopt/coinbrew/ThirdParty/Mumps/MUMPS/src) by extension 'ros'
[0.104s] Level 1:colcon.colcon_core.package_identification:_identify(external/ipopt/coinbrew/ThirdParty/Mumps/MUMPS/src) by extensions ['cmake', 'python']
[0.104s] Level 1:colcon.colcon_core.package_identification:_identify(external/ipopt/coinbrew/ThirdParty/Mumps/MUMPS/src) by extension 'cmake'
[0.104s] Level 1:colcon.colcon_core.package_identification:_identify(external/ipopt/coinbrew/ThirdParty/Mumps/MUMPS/src) by extension 'python'
[0.104s] Level 1:colcon.colcon_core.package_identification:_identify(external/ipopt/coinbrew/ThirdParty/Mumps/MUMPS/src) by extensions ['python_setup_py']
[0.104s] Level 1:colcon.colcon_core.package_identification:_identify(external/ipopt/coinbrew/ThirdParty/Mumps/MUMPS/src) by extension 'python_setup_py'
[0.104s] Level 1:colcon.colcon_core.package_identification:_identify(external/ipopt/coinbrew/ThirdParty/Mumps/MUMPS/src/ve) by extensions ['ignore', 'ignore_ament_install']
[0.104s] Level 1:colcon.colcon_core.package_identification:_identify(external/ipopt/coinbrew/ThirdParty/Mumps/MUMPS/src/ve) by extension 'ignore'
[0.104s] Level 1:colcon.colcon_core.package_identification:_identify(external/ipopt/coinbrew/ThirdParty/Mumps/MUMPS/src/ve) by extension 'ignore_ament_install'
[0.104s] Level 1:colcon.colcon_core.package_identification:_identify(external/ipopt/coinbrew/ThirdParty/Mumps/MUMPS/src/ve) by extensions ['colcon_pkg']
[0.104s] Level 1:colcon.colcon_core.package_identification:_identify(external/ipopt/coinbrew/ThirdParty/Mumps/MUMPS/src/ve) by extension 'colcon_pkg'
[0.104s] Level 1:colcon.colcon_core.package_identification:_identify(external/ipopt/coinbrew/ThirdParty/Mumps/MUMPS/src/ve) by extensions ['colcon_meta']
[0.104s] Level 1:colcon.colcon_core.package_identification:_identify(external/ipopt/coinbrew/ThirdParty/Mumps/MUMPS/src/ve) by extension 'colcon_meta'
[0.104s] Level 1:colcon.colcon_core.package_identification:_identify(external/ipopt/coinbrew/ThirdParty/Mumps/MUMPS/src/ve) by extensions ['ros']
[0.104s] Level 1:colcon.colcon_core.package_identification:_identify(external/ipopt/coinbrew/ThirdParty/Mumps/MUMPS/src/ve) by extension 'ros'
[0.104s] Level 1:colcon.colcon_core.package_identification:_identify(external/ipopt/coinbrew/ThirdParty/Mumps/MUMPS/src/ve) by extensions ['cmake', 'python']
[0.104s] Level 1:colcon.colcon_core.package_identification:_identify(external/ipopt/coinbrew/ThirdParty/Mumps/MUMPS/src/ve) by extension 'cmake'
[0.104s] Level 1:colcon.colcon_core.package_identification:_identify(external/ipopt/coinbrew/ThirdParty/Mumps/MUMPS/src/ve) by extension 'python'
[0.104s] Level 1:colcon.colcon_core.package_identification:_identify(external/ipopt/coinbrew/ThirdParty/Mumps/MUMPS/src/ve) by extensions ['python_setup_py']
[0.104s] Level 1:colcon.colcon_core.package_identification:_identify(external/ipopt/coinbrew/ThirdParty/Mumps/MUMPS/src/ve) by extension 'python_setup_py'
[0.104s] Level 1:colcon.colcon_core.package_identification:_identify(external/ipopt/coinbrew/ThirdParty/Mumps/MUMPS/src/ve/include) by extensions ['ignore', 'ignore_ament_install']
[0.104s] Level 1:colcon.colcon_core.package_identification:_identify(external/ipopt/coinbrew/ThirdParty/Mumps/MUMPS/src/ve/include) by extension 'ignore'
[0.104s] Level 1:colcon.colcon_core.package_identification:_identify(external/ipopt/coinbrew/ThirdParty/Mumps/MUMPS/src/ve/include) by extension 'ignore_ament_install'
[0.104s] Level 1:colcon.colcon_core.package_identification:_identify(external/ipopt/coinbrew/ThirdParty/Mumps/MUMPS/src/ve/include) by extensions ['colcon_pkg']
[0.104s] Level 1:colcon.colcon_core.package_identification:_identify(external/ipopt/coinbrew/ThirdParty/Mumps/MUMPS/src/ve/include) by extension 'colcon_pkg'
[0.104s] Level 1:colcon.colcon_core.package_identification:_identify(external/ipopt/coinbrew/ThirdParty/Mumps/MUMPS/src/ve/include) by extensions ['colcon_meta']
[0.104s] Level 1:colcon.colcon_core.package_identification:_identify(external/ipopt/coinbrew/ThirdParty/Mumps/MUMPS/src/ve/include) by extension 'colcon_meta'
[0.105s] Level 1:colcon.colcon_core.package_identification:_identify(external/ipopt/coinbrew/ThirdParty/Mumps/MUMPS/src/ve/include) by extensions ['ros']
[0.105s] Level 1:colcon.colcon_core.package_identification:_identify(external/ipopt/coinbrew/ThirdParty/Mumps/MUMPS/src/ve/include) by extension 'ros'
[0.105s] Level 1:colcon.colcon_core.package_identification:_identify(external/ipopt/coinbrew/ThirdParty/Mumps/MUMPS/src/ve/include) by extensions ['cmake', 'python']
[0.105s] Level 1:colcon.colcon_core.package_identification:_identify(external/ipopt/coinbrew/ThirdParty/Mumps/MUMPS/src/ve/include) by extension 'cmake'
[0.105s] Level 1:colcon.colcon_core.package_identification:_identify(external/ipopt/coinbrew/ThirdParty/Mumps/MUMPS/src/ve/include) by extension 'python'
[0.105s] Level 1:colcon.colcon_core.package_identification:_identify(external/ipopt/coinbrew/ThirdParty/Mumps/MUMPS/src/ve/include) by extensions ['python_setup_py']
[0.105s] Level 1:colcon.colcon_core.package_identification:_identify(external/ipopt/coinbrew/ThirdParty/Mumps/MUMPS/src/ve/include) by extension 'python_setup_py'
[0.105s] Level 1:colcon.colcon_core.package_identification:_identify(external/ipopt/coinbrew/ThirdParty/Mumps/MUMPS/src/ve/src) by extensions ['ignore', 'ignore_ament_install']
[0.105s] Level 1:colcon.colcon_core.package_identification:_identify(external/ipopt/coinbrew/ThirdParty/Mumps/MUMPS/src/ve/src) by extension 'ignore'
[0.105s] Level 1:colcon.colcon_core.package_identification:_identify(external/ipopt/coinbrew/ThirdParty/Mumps/MUMPS/src/ve/src) by extension 'ignore_ament_install'
[0.105s] Level 1:colcon.colcon_core.package_identification:_identify(external/ipopt/coinbrew/ThirdParty/Mumps/MUMPS/src/ve/src) by extensions ['colcon_pkg']
[0.105s] Level 1:colcon.colcon_core.package_identification:_identify(external/ipopt/coinbrew/ThirdParty/Mumps/MUMPS/src/ve/src) by extension 'colcon_pkg'
[0.105s] Level 1:colcon.colcon_core.package_identification:_identify(external/ipopt/coinbrew/ThirdParty/Mumps/MUMPS/src/ve/src) by extensions ['colcon_meta']
[0.105s] Level 1:colcon.colcon_core.package_identification:_identify(external/ipopt/coinbrew/ThirdParty/Mumps/MUMPS/src/ve/src) by extension 'colcon_meta'
[0.105s] Level 1:colcon.colcon_core.package_identification:_identify(external/ipopt/coinbrew/ThirdParty/Mumps/MUMPS/src/ve/src) by extensions ['ros']
[0.105s] Level 1:colcon.colcon_core.package_identification:_identify(external/ipopt/coinbrew/ThirdParty/Mumps/MUMPS/src/ve/src) by extension 'ros'
[0.105s] Level 1:colcon.colcon_core.package_identification:_identify(external/ipopt/coinbrew/ThirdParty/Mumps/MUMPS/src/ve/src) by extensions ['cmake', 'python']
[0.105s] Level 1:colcon.colcon_core.package_identification:_identify(external/ipopt/coinbrew/ThirdParty/Mumps/MUMPS/src/ve/src) by extension 'cmake'
[0.105s] Level 1:colcon.colcon_core.package_identification:_identify(external/ipopt/coinbrew/ThirdParty/Mumps/MUMPS/src/ve/src) by extension 'python'
[0.105s] Level 1:colcon.colcon_core.package_identification:_identify(external/ipopt/coinbrew/ThirdParty/Mumps/MUMPS/src/ve/src) by extensions ['python_setup_py']
[0.105s] Level 1:colcon.colcon_core.package_identification:_identify(external/ipopt/coinbrew/ThirdParty/Mumps/MUMPS/src/ve/src) by extension 'python_setup_py'
[0.105s] Level 1:colcon.colcon_core.package_identification:_identify(external/ipopt/coinbrew/build) by extensions ['ignore', 'ignore_ament_install']
[0.105s] Level 1:colcon.colcon_core.package_identification:_identify(external/ipopt/coinbrew/build) by extension 'ignore'
[0.105s] Level 1:colcon.colcon_core.package_identification:_identify(external/ipopt/coinbrew/build) by extension 'ignore_ament_install'
[0.105s] Level 1:colcon.colcon_core.package_identification:_identify(external/ipopt/coinbrew/build) by extensions ['colcon_pkg']
[0.105s] Level 1:colcon.colcon_core.package_identification:_identify(external/ipopt/coinbrew/build) by extension 'colcon_pkg'
[0.105s] Level 1:colcon.colcon_core.package_identification:_identify(external/ipopt/coinbrew/build) by extensions ['colcon_meta']
[0.105s] Level 1:colcon.colcon_core.package_identification:_identify(external/ipopt/coinbrew/build) by extension 'colcon_meta'
[0.105s] Level 1:colcon.colcon_core.package_identification:_identify(external/ipopt/coinbrew/build) by extensions ['ros']
[0.105s] Level 1:colcon.colcon_core.package_identification:_identify(external/ipopt/coinbrew/build) by extension 'ros'
[0.105s] Level 1:colcon.colcon_core.package_identification:_identify(external/ipopt/coinbrew/build) by extensions ['cmake', 'python']
[0.105s] Level 1:colcon.colcon_core.package_identification:_identify(external/ipopt/coinbrew/build) by extension 'cmake'
[0.105s] Level 1:colcon.colcon_core.package_identification:_identify(external/ipopt/coinbrew/build) by extension 'python'
[0.105s] Level 1:colcon.colcon_core.package_identification:_identify(external/ipopt/coinbrew/build) by extensions ['python_setup_py']
[0.105s] Level 1:colcon.colcon_core.package_identification:_identify(external/ipopt/coinbrew/build) by extension 'python_setup_py'
[0.105s] Level 1:colcon.colcon_core.package_identification:_identify(external/ipopt/coinbrew/build/Ipopt) by extensions ['ignore', 'ignore_ament_install']
[0.105s] Level 1:colcon.colcon_core.package_identification:_identify(external/ipopt/coinbrew/build/Ipopt) by extension 'ignore'
[0.105s] Level 1:colcon.colcon_core.package_identification:_identify(external/ipopt/coinbrew/build/Ipopt) by extension 'ignore_ament_install'
[0.105s] Level 1:colcon.colcon_core.package_identification:_identify(external/ipopt/coinbrew/build/Ipopt) by extensions ['colcon_pkg']
[0.105s] Level 1:colcon.colcon_core.package_identification:_identify(external/ipopt/coinbrew/build/Ipopt) by extension 'colcon_pkg'
[0.105s] Level 1:colcon.colcon_core.package_identification:_identify(external/ipopt/coinbrew/build/Ipopt) by extensions ['colcon_meta']
[0.105s] Level 1:colcon.colcon_core.package_identification:_identify(external/ipopt/coinbrew/build/Ipopt) by extension 'colcon_meta'
[0.105s] Level 1:colcon.colcon_core.package_identification:_identify(external/ipopt/coinbrew/build/Ipopt) by extensions ['ros']
[0.105s] Level 1:colcon.colcon_core.package_identification:_identify(external/ipopt/coinbrew/build/Ipopt) by extension 'ros'
[0.105s] Level 1:colcon.colcon_core.package_identification:_identify(external/ipopt/coinbrew/build/Ipopt) by extensions ['cmake', 'python']
[0.105s] Level 1:colcon.colcon_core.package_identification:_identify(external/ipopt/coinbrew/build/Ipopt) by extension 'cmake'
[0.105s] Level 1:colcon.colcon_core.package_identification:_identify(external/ipopt/coinbrew/build/Ipopt) by extension 'python'
[0.105s] Level 1:colcon.colcon_core.package_identification:_identify(external/ipopt/coinbrew/build/Ipopt) by extensions ['python_setup_py']
[0.105s] Level 1:colcon.colcon_core.package_identification:_identify(external/ipopt/coinbrew/build/Ipopt) by extension 'python_setup_py'
[0.105s] Level 1:colcon.colcon_core.package_identification:_identify(external/ipopt/coinbrew/build/Ipopt/3.14.19) by extensions ['ignore', 'ignore_ament_install']
[0.105s] Level 1:colcon.colcon_core.package_identification:_identify(external/ipopt/coinbrew/build/Ipopt/3.14.19) by extension 'ignore'
[0.105s] Level 1:colcon.colcon_core.package_identification:_identify(external/ipopt/coinbrew/build/Ipopt/3.14.19) by extension 'ignore_ament_install'
[0.105s] Level 1:colcon.colcon_core.package_identification:_identify(external/ipopt/coinbrew/build/Ipopt/3.14.19) by extensions ['colcon_pkg']
[0.105s] Level 1:colcon.colcon_core.package_identification:_identify(external/ipopt/coinbrew/build/Ipopt/3.14.19) by extension 'colcon_pkg'
[0.105s] Level 1:colcon.colcon_core.package_identification:_identify(external/ipopt/coinbrew/build/Ipopt/3.14.19) by extensions ['colcon_meta']
[0.105s] Level 1:colcon.colcon_core.package_identification:_identify(external/ipopt/coinbrew/build/Ipopt/3.14.19) by extension 'colcon_meta'
[0.105s] Level 1:colcon.colcon_core.package_identification:_identify(external/ipopt/coinbrew/build/Ipopt/3.14.19) by extensions ['ros']
[0.105s] Level 1:colcon.colcon_core.package_identification:_identify(external/ipopt/coinbrew/build/Ipopt/3.14.19) by extension 'ros'
[0.105s] Level 1:colcon.colcon_core.package_identification:_identify(external/ipopt/coinbrew/build/Ipopt/3.14.19) by extensions ['cmake', 'python']
[0.105s] Level 1:colcon.colcon_core.package_identification:_identify(external/ipopt/coinbrew/build/Ipopt/3.14.19) by extension 'cmake'
[0.105s] Level 1:colcon.colcon_core.package_identification:_identify(external/ipopt/coinbrew/build/Ipopt/3.14.19) by extension 'python'
[0.105s] Level 1:colcon.colcon_core.package_identification:_identify(external/ipopt/coinbrew/build/Ipopt/3.14.19) by extensions ['python_setup_py']
[0.105s] Level 1:colcon.colcon_core.package_identification:_identify(external/ipopt/coinbrew/build/Ipopt/3.14.19) by extension 'python_setup_py'
[0.105s] Level 1:colcon.colcon_core.package_identification:_identify(external/ipopt/coinbrew/build/Ipopt/3.14.19/contrib) by extensions ['ignore', 'ignore_ament_install']
[0.106s] Level 1:colcon.colcon_core.package_identification:_identify(external/ipopt/coinbrew/build/Ipopt/3.14.19/contrib) by extension 'ignore'
[0.106s] Level 1:colcon.colcon_core.package_identification:_identify(external/ipopt/coinbrew/build/Ipopt/3.14.19/contrib) by extension 'ignore_ament_install'
[0.106s] Level 1:colcon.colcon_core.package_identification:_identify(external/ipopt/coinbrew/build/Ipopt/3.14.19/contrib) by extensions ['colcon_pkg']
[0.106s] Level 1:colcon.colcon_core.package_identification:_identify(external/ipopt/coinbrew/build/Ipopt/3.14.19/contrib) by extension 'colcon_pkg'
[0.106s] Level 1:colcon.colcon_core.package_identification:_identify(external/ipopt/coinbrew/build/Ipopt/3.14.19/contrib) by extensions ['colcon_meta']
[0.106s] Level 1:colcon.colcon_core.package_identification:_identify(external/ipopt/coinbrew/build/Ipopt/3.14.19/contrib) by extension 'colcon_meta'
[0.106s] Level 1:colcon.colcon_core.package_identification:_identify(external/ipopt/coinbrew/build/Ipopt/3.14.19/contrib) by extensions ['ros']
[0.106s] Level 1:colcon.colcon_core.package_identification:_identify(external/ipopt/coinbrew/build/Ipopt/3.14.19/contrib) by extension 'ros'
[0.106s] Level 1:colcon.colcon_core.package_identification:_identify(external/ipopt/coinbrew/build/Ipopt/3.14.19/contrib) by extensions ['cmake', 'python']
[0.106s] Level 1:colcon.colcon_core.package_identification:_identify(external/ipopt/coinbrew/build/Ipopt/3.14.19/contrib) by extension 'cmake'
[0.106s] Level 1:colcon.colcon_core.package_identification:_identify(external/ipopt/coinbrew/build/Ipopt/3.14.19/contrib) by extension 'python'
[0.106s] Level 1:colcon.colcon_core.package_identification:_identify(external/ipopt/coinbrew/build/Ipopt/3.14.19/contrib) by extensions ['python_setup_py']
[0.106s] Level 1:colcon.colcon_core.package_identification:_identify(external/ipopt/coinbrew/build/Ipopt/3.14.19/contrib) by extension 'python_setup_py'
[0.106s] Level 1:colcon.colcon_core.package_identification:_identify(external/ipopt/coinbrew/build/Ipopt/3.14.19/contrib/RInterface) by extensions ['ignore', 'ignore_ament_install']
[0.106s] Level 1:colcon.colcon_core.package_identification:_identify(external/ipopt/coinbrew/build/Ipopt/3.14.19/contrib/RInterface) by extension 'ignore'
[0.106s] Level 1:colcon.colcon_core.package_identification:_identify(external/ipopt/coinbrew/build/Ipopt/3.14.19/contrib/RInterface) by extension 'ignore_ament_install'
[0.106s] Level 1:colcon.colcon_core.package_identification:_identify(external/ipopt/coinbrew/build/Ipopt/3.14.19/contrib/RInterface) by extensions ['colcon_pkg']
[0.106s] Level 1:colcon.colcon_core.package_identification:_identify(external/ipopt/coinbrew/build/Ipopt/3.14.19/contrib/RInterface) by extension 'colcon_pkg'
[0.106s] Level 1:colcon.colcon_core.package_identification:_identify(external/ipopt/coinbrew/build/Ipopt/3.14.19/contrib/RInterface) by extensions ['colcon_meta']
[0.106s] Level 1:colcon.colcon_core.package_identification:_identify(external/ipopt/coinbrew/build/Ipopt/3.14.19/contrib/RInterface) by extension 'colcon_meta'
[0.106s] Level 1:colcon.colcon_core.package_identification:_identify(external/ipopt/coinbrew/build/Ipopt/3.14.19/contrib/RInterface) by extensions ['ros']
[0.106s] Level 1:colcon.colcon_core.package_identification:_identify(external/ipopt/coinbrew/build/Ipopt/3.14.19/contrib/RInterface) by extension 'ros'
[0.106s] Level 1:colcon.colcon_core.package_identification:_identify(external/ipopt/coinbrew/build/Ipopt/3.14.19/contrib/RInterface) by extensions ['cmake', 'python']
[0.106s] Level 1:colcon.colcon_core.package_identification:_identify(external/ipopt/coinbrew/build/Ipopt/3.14.19/contrib/RInterface) by extension 'cmake'
[0.106s] Level 1:colcon.colcon_core.package_identification:_identify(external/ipopt/coinbrew/build/Ipopt/3.14.19/contrib/RInterface) by extension 'python'
[0.106s] Level 1:colcon.colcon_core.package_identification:_identify(external/ipopt/coinbrew/build/Ipopt/3.14.19/contrib/RInterface) by extensions ['python_setup_py']
[0.106s] Level 1:colcon.colcon_core.package_identification:_identify(external/ipopt/coinbrew/build/Ipopt/3.14.19/contrib/RInterface) by extension 'python_setup_py'
[0.106s] Level 1:colcon.colcon_core.package_identification:_identify(external/ipopt/coinbrew/build/Ipopt/3.14.19/contrib/RInterface/R) by extensions ['ignore', 'ignore_ament_install']
[0.106s] Level 1:colcon.colcon_core.package_identification:_identify(external/ipopt/coinbrew/build/Ipopt/3.14.19/contrib/RInterface/R) by extension 'ignore'
[0.106s] Level 1:colcon.colcon_core.package_identification:_identify(external/ipopt/coinbrew/build/Ipopt/3.14.19/contrib/RInterface/R) by extension 'ignore_ament_install'
[0.106s] Level 1:colcon.colcon_core.package_identification:_identify(external/ipopt/coinbrew/build/Ipopt/3.14.19/contrib/RInterface/R) by extensions ['colcon_pkg']
[0.106s] Level 1:colcon.colcon_core.package_identification:_identify(external/ipopt/coinbrew/build/Ipopt/3.14.19/contrib/RInterface/R) by extension 'colcon_pkg'
[0.106s] Level 1:colcon.colcon_core.package_identification:_identify(external/ipopt/coinbrew/build/Ipopt/3.14.19/contrib/RInterface/R) by extensions ['colcon_meta']
[0.106s] Level 1:colcon.colcon_core.package_identification:_identify(external/ipopt/coinbrew/build/Ipopt/3.14.19/contrib/RInterface/R) by extension 'colcon_meta'
[0.106s] Level 1:colcon.colcon_core.package_identification:_identify(external/ipopt/coinbrew/build/Ipopt/3.14.19/contrib/RInterface/R) by extensions ['ros']
[0.106s] Level 1:colcon.colcon_core.package_identification:_identify(external/ipopt/coinbrew/build/Ipopt/3.14.19/contrib/RInterface/R) by extension 'ros'
[0.106s] Level 1:colcon.colcon_core.package_identification:_identify(external/ipopt/coinbrew/build/Ipopt/3.14.19/contrib/RInterface/R) by extensions ['cmake', 'python']
[0.106s] Level 1:colcon.colcon_core.package_identification:_identify(external/ipopt/coinbrew/build/Ipopt/3.14.19/contrib/RInterface/R) by extension 'cmake'
[0.106s] Level 1:colcon.colcon_core.package_identification:_identify(external/ipopt/coinbrew/build/Ipopt/3.14.19/contrib/RInterface/R) by extension 'python'
[0.106s] Level 1:colcon.colcon_core.package_identification:_identify(external/ipopt/coinbrew/build/Ipopt/3.14.19/contrib/RInterface/R) by extensions ['python_setup_py']
[0.106s] Level 1:colcon.colcon_core.package_identification:_identify(external/ipopt/coinbrew/build/Ipopt/3.14.19/contrib/RInterface/R) by extension 'python_setup_py'
[0.106s] Level 1:colcon.colcon_core.package_identification:_identify(external/ipopt/coinbrew/build/Ipopt/3.14.19/contrib/RInterface/inst) by extensions ['ignore', 'ignore_ament_install']
[0.106s] Level 1:colcon.colcon_core.package_identification:_identify(external/ipopt/coinbrew/build/Ipopt/3.14.19/contrib/RInterface/inst) by extension 'ignore'
[0.106s] Level 1:colcon.colcon_core.package_identification:_identify(external/ipopt/coinbrew/build/Ipopt/3.14.19/contrib/RInterface/inst) by extension 'ignore_ament_install'
[0.106s] Level 1:colcon.colcon_core.package_identification:_identify(external/ipopt/coinbrew/build/Ipopt/3.14.19/contrib/RInterface/inst) by extensions ['colcon_pkg']
[0.106s] Level 1:colcon.colcon_core.package_identification:_identify(external/ipopt/coinbrew/build/Ipopt/3.14.19/contrib/RInterface/inst) by extension 'colcon_pkg'
[0.106s] Level 1:colcon.colcon_core.package_identification:_identify(external/ipopt/coinbrew/build/Ipopt/3.14.19/contrib/RInterface/inst) by extensions ['colcon_meta']
[0.106s] Level 1:colcon.colcon_core.package_identification:_identify(external/ipopt/coinbrew/build/Ipopt/3.14.19/contrib/RInterface/inst) by extension 'colcon_meta'
[0.106s] Level 1:colcon.colcon_core.package_identification:_identify(external/ipopt/coinbrew/build/Ipopt/3.14.19/contrib/RInterface/inst) by extensions ['ros']
[0.106s] Level 1:colcon.colcon_core.package_identification:_identify(external/ipopt/coinbrew/build/Ipopt/3.14.19/contrib/RInterface/inst) by extension 'ros'
[0.106s] Level 1:colcon.colcon_core.package_identification:_identify(external/ipopt/coinbrew/build/Ipopt/3.14.19/contrib/RInterface/inst) by extensions ['cmake', 'python']
[0.106s] Level 1:colcon.colcon_core.package_identification:_identify(external/ipopt/coinbrew/build/Ipopt/3.14.19/contrib/RInterface/inst) by extension 'cmake'
[0.106s] Level 1:colcon.colcon_core.package_identification:_identify(external/ipopt/coinbrew/build/Ipopt/3.14.19/contrib/RInterface/inst) by extension 'python'
[0.106s] Level 1:colcon.colcon_core.package_identification:_identify(external/ipopt/coinbrew/build/Ipopt/3.14.19/contrib/RInterface/inst) by extensions ['python_setup_py']
[0.106s] Level 1:colcon.colcon_core.package_identification:_identify(external/ipopt/coinbrew/build/Ipopt/3.14.19/contrib/RInterface/inst) by extension 'python_setup_py'
[0.106s] Level 1:colcon.colcon_core.package_identification:_identify(external/ipopt/coinbrew/build/Ipopt/3.14.19/contrib/RInterface/inst/doc) by extensions ['ignore', 'ignore_ament_install']
[0.106s] Level 1:colcon.colcon_core.package_identification:_identify(external/ipopt/coinbrew/build/Ipopt/3.14.19/contrib/RInterface/inst/doc) by extension 'ignore'
[0.106s] Level 1:colcon.colcon_core.package_identification:_identify(external/ipopt/coinbrew/build/Ipopt/3.14.19/contrib/RInterface/inst/doc) by extension 'ignore_ament_install'
[0.107s] Level 1:colcon.colcon_core.package_identification:_identify(external/ipopt/coinbrew/build/Ipopt/3.14.19/contrib/RInterface/inst/doc) by extensions ['colcon_pkg']
[0.107s] Level 1:colcon.colcon_core.package_identification:_identify(external/ipopt/coinbrew/build/Ipopt/3.14.19/contrib/RInterface/inst/doc) by extension 'colcon_pkg'
[0.107s] Level 1:colcon.colcon_core.package_identification:_identify(external/ipopt/coinbrew/build/Ipopt/3.14.19/contrib/RInterface/inst/doc) by extensions ['colcon_meta']
[0.107s] Level 1:colcon.colcon_core.package_identification:_identify(external/ipopt/coinbrew/build/Ipopt/3.14.19/contrib/RInterface/inst/doc) by extension 'colcon_meta'
[0.107s] Level 1:colcon.colcon_core.package_identification:_identify(external/ipopt/coinbrew/build/Ipopt/3.14.19/contrib/RInterface/inst/doc) by extensions ['ros']
[0.107s] Level 1:colcon.colcon_core.package_identification:_identify(external/ipopt/coinbrew/build/Ipopt/3.14.19/contrib/RInterface/inst/doc) by extension 'ros'
[0.107s] Level 1:colcon.colcon_core.package_identification:_identify(external/ipopt/coinbrew/build/Ipopt/3.14.19/contrib/RInterface/inst/doc) by extensions ['cmake', 'python']
[0.107s] Level 1:colcon.colcon_core.package_identification:_identify(external/ipopt/coinbrew/build/Ipopt/3.14.19/contrib/RInterface/inst/doc) by extension 'cmake'
[0.107s] Level 1:colcon.colcon_core.package_identification:_identify(external/ipopt/coinbrew/build/Ipopt/3.14.19/contrib/RInterface/inst/doc) by extension 'python'
[0.107s] Level 1:colcon.colcon_core.package_identification:_identify(external/ipopt/coinbrew/build/Ipopt/3.14.19/contrib/RInterface/inst/doc) by extensions ['python_setup_py']
[0.107s] Level 1:colcon.colcon_core.package_identification:_identify(external/ipopt/coinbrew/build/Ipopt/3.14.19/contrib/RInterface/inst/doc) by extension 'python_setup_py'
[0.107s] Level 1:colcon.colcon_core.package_identification:_identify(external/ipopt/coinbrew/build/Ipopt/3.14.19/contrib/RInterface/man) by extensions ['ignore', 'ignore_ament_install']
[0.107s] Level 1:colcon.colcon_core.package_identification:_identify(external/ipopt/coinbrew/build/Ipopt/3.14.19/contrib/RInterface/man) by extension 'ignore'
[0.107s] Level 1:colcon.colcon_core.package_identification:_identify(external/ipopt/coinbrew/build/Ipopt/3.14.19/contrib/RInterface/man) by extension 'ignore_ament_install'
[0.107s] Level 1:colcon.colcon_core.package_identification:_identify(external/ipopt/coinbrew/build/Ipopt/3.14.19/contrib/RInterface/man) by extensions ['colcon_pkg']
[0.107s] Level 1:colcon.colcon_core.package_identification:_identify(external/ipopt/coinbrew/build/Ipopt/3.14.19/contrib/RInterface/man) by extension 'colcon_pkg'
[0.107s] Level 1:colcon.colcon_core.package_identification:_identify(external/ipopt/coinbrew/build/Ipopt/3.14.19/contrib/RInterface/man) by extensions ['colcon_meta']
[0.107s] Level 1:colcon.colcon_core.package_identification:_identify(external/ipopt/coinbrew/build/Ipopt/3.14.19/contrib/RInterface/man) by extension 'colcon_meta'
[0.107s] Level 1:colcon.colcon_core.package_identification:_identify(external/ipopt/coinbrew/build/Ipopt/3.14.19/contrib/RInterface/man) by extensions ['ros']
[0.107s] Level 1:colcon.colcon_core.package_identification:_identify(external/ipopt/coinbrew/build/Ipopt/3.14.19/contrib/RInterface/man) by extension 'ros'
[0.107s] Level 1:colcon.colcon_core.package_identification:_identify(external/ipopt/coinbrew/build/Ipopt/3.14.19/contrib/RInterface/man) by extensions ['cmake', 'python']
[0.107s] Level 1:colcon.colcon_core.package_identification:_identify(external/ipopt/coinbrew/build/Ipopt/3.14.19/contrib/RInterface/man) by extension 'cmake'
[0.107s] Level 1:colcon.colcon_core.package_identification:_identify(external/ipopt/coinbrew/build/Ipopt/3.14.19/contrib/RInterface/man) by extension 'python'
[0.107s] Level 1:colcon.colcon_core.package_identification:_identify(external/ipopt/coinbrew/build/Ipopt/3.14.19/contrib/RInterface/man) by extensions ['python_setup_py']
[0.107s] Level 1:colcon.colcon_core.package_identification:_identify(external/ipopt/coinbrew/build/Ipopt/3.14.19/contrib/RInterface/man) by extension 'python_setup_py'
[0.107s] Level 1:colcon.colcon_core.package_identification:_identify(external/ipopt/coinbrew/build/Ipopt/3.14.19/contrib/RInterface/src) by extensions ['ignore', 'ignore_ament_install']
[0.107s] Level 1:colcon.colcon_core.package_identification:_identify(external/ipopt/coinbrew/build/Ipopt/3.14.19/contrib/RInterface/src) by extension 'ignore'
[0.107s] Level 1:colcon.colcon_core.package_identification:_identify(external/ipopt/coinbrew/build/Ipopt/3.14.19/contrib/RInterface/src) by extension 'ignore_ament_install'
[0.107s] Level 1:colcon.colcon_core.package_identification:_identify(external/ipopt/coinbrew/build/Ipopt/3.14.19/contrib/RInterface/src) by extensions ['colcon_pkg']
[0.107s] Level 1:colcon.colcon_core.package_identification:_identify(external/ipopt/coinbrew/build/Ipopt/3.14.19/contrib/RInterface/src) by extension 'colcon_pkg'
[0.107s] Level 1:colcon.colcon_core.package_identification:_identify(external/ipopt/coinbrew/build/Ipopt/3.14.19/contrib/RInterface/src) by extensions ['colcon_meta']
[0.107s] Level 1:colcon.colcon_core.package_identification:_identify(external/ipopt/coinbrew/build/Ipopt/3.14.19/contrib/RInterface/src) by extension 'colcon_meta'
[0.107s] Level 1:colcon.colcon_core.package_identification:_identify(external/ipopt/coinbrew/build/Ipopt/3.14.19/contrib/RInterface/src) by extensions ['ros']
[0.107s] Level 1:colcon.colcon_core.package_identification:_identify(external/ipopt/coinbrew/build/Ipopt/3.14.19/contrib/RInterface/src) by extension 'ros'
[0.107s] Level 1:colcon.colcon_core.package_identification:_identify(external/ipopt/coinbrew/build/Ipopt/3.14.19/contrib/RInterface/src) by extensions ['cmake', 'python']
[0.107s] Level 1:colcon.colcon_core.package_identification:_identify(external/ipopt/coinbrew/build/Ipopt/3.14.19/contrib/RInterface/src) by extension 'cmake'
[0.107s] Level 1:colcon.colcon_core.package_identification:_identify(external/ipopt/coinbrew/build/Ipopt/3.14.19/contrib/RInterface/src) by extension 'python'
[0.107s] Level 1:colcon.colcon_core.package_identification:_identify(external/ipopt/coinbrew/build/Ipopt/3.14.19/contrib/RInterface/src) by extensions ['python_setup_py']
[0.107s] Level 1:colcon.colcon_core.package_identification:_identify(external/ipopt/coinbrew/build/Ipopt/3.14.19/contrib/RInterface/src) by extension 'python_setup_py'
[0.107s] Level 1:colcon.colcon_core.package_identification:_identify(external/ipopt/coinbrew/build/Ipopt/3.14.19/contrib/RInterface/tests) by extensions ['ignore', 'ignore_ament_install']
[0.107s] Level 1:colcon.colcon_core.package_identification:_identify(external/ipopt/coinbrew/build/Ipopt/3.14.19/contrib/RInterface/tests) by extension 'ignore'
[0.107s] Level 1:colcon.colcon_core.package_identification:_identify(external/ipopt/coinbrew/build/Ipopt/3.14.19/contrib/RInterface/tests) by extension 'ignore_ament_install'
[0.107s] Level 1:colcon.colcon_core.package_identification:_identify(external/ipopt/coinbrew/build/Ipopt/3.14.19/contrib/RInterface/tests) by extensions ['colcon_pkg']
[0.107s] Level 1:colcon.colcon_core.package_identification:_identify(external/ipopt/coinbrew/build/Ipopt/3.14.19/contrib/RInterface/tests) by extension 'colcon_pkg'
[0.107s] Level 1:colcon.colcon_core.package_identification:_identify(external/ipopt/coinbrew/build/Ipopt/3.14.19/contrib/RInterface/tests) by extensions ['colcon_meta']
[0.107s] Level 1:colcon.colcon_core.package_identification:_identify(external/ipopt/coinbrew/build/Ipopt/3.14.19/contrib/RInterface/tests) by extension 'colcon_meta'
[0.107s] Level 1:colcon.colcon_core.package_identification:_identify(external/ipopt/coinbrew/build/Ipopt/3.14.19/contrib/RInterface/tests) by extensions ['ros']
[0.107s] Level 1:colcon.colcon_core.package_identification:_identify(external/ipopt/coinbrew/build/Ipopt/3.14.19/contrib/RInterface/tests) by extension 'ros'
[0.107s] Level 1:colcon.colcon_core.package_identification:_identify(external/ipopt/coinbrew/build/Ipopt/3.14.19/contrib/RInterface/tests) by extensions ['cmake', 'python']
[0.107s] Level 1:colcon.colcon_core.package_identification:_identify(external/ipopt/coinbrew/build/Ipopt/3.14.19/contrib/RInterface/tests) by extension 'cmake'
[0.107s] Level 1:colcon.colcon_core.package_identification:_identify(external/ipopt/coinbrew/build/Ipopt/3.14.19/contrib/RInterface/tests) by extension 'python'
[0.107s] Level 1:colcon.colcon_core.package_identification:_identify(external/ipopt/coinbrew/build/Ipopt/3.14.19/contrib/RInterface/tests) by extensions ['python_setup_py']
[0.107s] Level 1:colcon.colcon_core.package_identification:_identify(external/ipopt/coinbrew/build/Ipopt/3.14.19/contrib/RInterface/tests) by extension 'python_setup_py'
[0.107s] Level 1:colcon.colcon_core.package_identification:_identify(external/ipopt/coinbrew/build/Ipopt/3.14.19/contrib/sIPOPT) by extensions ['ignore', 'ignore_ament_install']
[0.107s] Level 1:colcon.colcon_core.package_identification:_identify(external/ipopt/coinbrew/build/Ipopt/3.14.19/contrib/sIPOPT) by extension 'ignore'
[0.107s] Level 1:colcon.colcon_core.package_identification:_identify(external/ipopt/coinbrew/build/Ipopt/3.14.19/contrib/sIPOPT) by extension 'ignore_ament_install'
[0.107s] Level 1:colcon.colcon_core.package_identification:_identify(external/ipopt/coinbrew/build/Ipopt/3.14.19/contrib/sIPOPT) by extensions ['colcon_pkg']
[0.107s] Level 1:colcon.colcon_core.package_identification:_identify(external/ipopt/coinbrew/build/Ipopt/3.14.19/contrib/sIPOPT) by extension 'colcon_pkg'
[0.107s] Level 1:colcon.colcon_core.package_identification:_identify(external/ipopt/coinbrew/build/Ipopt/3.14.19/contrib/sIPOPT) by extensions ['colcon_meta']
[0.107s] Level 1:colcon.colcon_core.package_identification:_identify(external/ipopt/coinbrew/build/Ipopt/3.14.19/contrib/sIPOPT) by extension 'colcon_meta'
[0.107s] Level 1:colcon.colcon_core.package_identification:_identify(external/ipopt/coinbrew/build/Ipopt/3.14.19/contrib/sIPOPT) by extensions ['ros']
[0.108s] Level 1:colcon.colcon_core.package_identification:_identify(external/ipopt/coinbrew/build/Ipopt/3.14.19/contrib/sIPOPT) by extension 'ros'
[0.108s] Level 1:colcon.colcon_core.package_identification:_identify(external/ipopt/coinbrew/build/Ipopt/3.14.19/contrib/sIPOPT) by extensions ['cmake', 'python']
[0.108s] Level 1:colcon.colcon_core.package_identification:_identify(external/ipopt/coinbrew/build/Ipopt/3.14.19/contrib/sIPOPT) by extension 'cmake'
[0.108s] Level 1:colcon.colcon_core.package_identification:_identify(external/ipopt/coinbrew/build/Ipopt/3.14.19/contrib/sIPOPT) by extension 'python'
[0.108s] Level 1:colcon.colcon_core.package_identification:_identify(external/ipopt/coinbrew/build/Ipopt/3.14.19/contrib/sIPOPT) by extensions ['python_setup_py']
[0.108s] Level 1:colcon.colcon_core.package_identification:_identify(external/ipopt/coinbrew/build/Ipopt/3.14.19/contrib/sIPOPT) by extension 'python_setup_py'
[0.108s] Level 1:colcon.colcon_core.package_identification:_identify(external/ipopt/coinbrew/build/Ipopt/3.14.19/contrib/sIPOPT/AmplSolver) by extensions ['ignore', 'ignore_ament_install']
[0.108s] Level 1:colcon.colcon_core.package_identification:_identify(external/ipopt/coinbrew/build/Ipopt/3.14.19/contrib/sIPOPT/AmplSolver) by extension 'ignore'
[0.108s] Level 1:colcon.colcon_core.package_identification:_identify(external/ipopt/coinbrew/build/Ipopt/3.14.19/contrib/sIPOPT/AmplSolver) by extension 'ignore_ament_install'
[0.108s] Level 1:colcon.colcon_core.package_identification:_identify(external/ipopt/coinbrew/build/Ipopt/3.14.19/contrib/sIPOPT/AmplSolver) by extensions ['colcon_pkg']
[0.108s] Level 1:colcon.colcon_core.package_identification:_identify(external/ipopt/coinbrew/build/Ipopt/3.14.19/contrib/sIPOPT/AmplSolver) by extension 'colcon_pkg'
[0.108s] Level 1:colcon.colcon_core.package_identification:_identify(external/ipopt/coinbrew/build/Ipopt/3.14.19/contrib/sIPOPT/AmplSolver) by extensions ['colcon_meta']
[0.108s] Level 1:colcon.colcon_core.package_identification:_identify(external/ipopt/coinbrew/build/Ipopt/3.14.19/contrib/sIPOPT/AmplSolver) by extension 'colcon_meta'
[0.108s] Level 1:colcon.colcon_core.package_identification:_identify(external/ipopt/coinbrew/build/Ipopt/3.14.19/contrib/sIPOPT/AmplSolver) by extensions ['ros']
[0.108s] Level 1:colcon.colcon_core.package_identification:_identify(external/ipopt/coinbrew/build/Ipopt/3.14.19/contrib/sIPOPT/AmplSolver) by extension 'ros'
[0.108s] Level 1:colcon.colcon_core.package_identification:_identify(external/ipopt/coinbrew/build/Ipopt/3.14.19/contrib/sIPOPT/AmplSolver) by extensions ['cmake', 'python']
[0.108s] Level 1:colcon.colcon_core.package_identification:_identify(external/ipopt/coinbrew/build/Ipopt/3.14.19/contrib/sIPOPT/AmplSolver) by extension 'cmake'
[0.108s] Level 1:colcon.colcon_core.package_identification:_identify(external/ipopt/coinbrew/build/Ipopt/3.14.19/contrib/sIPOPT/AmplSolver) by extension 'python'
[0.108s] Level 1:colcon.colcon_core.package_identification:_identify(external/ipopt/coinbrew/build/Ipopt/3.14.19/contrib/sIPOPT/AmplSolver) by extensions ['python_setup_py']
[0.108s] Level 1:colcon.colcon_core.package_identification:_identify(external/ipopt/coinbrew/build/Ipopt/3.14.19/contrib/sIPOPT/AmplSolver) by extension 'python_setup_py'
[0.108s] Level 1:colcon.colcon_core.package_identification:_identify(external/ipopt/coinbrew/build/Ipopt/3.14.19/contrib/sIPOPT/examples) by extensions ['ignore', 'ignore_ament_install']
[0.108s] Level 1:colcon.colcon_core.package_identification:_identify(external/ipopt/coinbrew/build/Ipopt/3.14.19/contrib/sIPOPT/examples) by extension 'ignore'
[0.108s] Level 1:colcon.colcon_core.package_identification:_identify(external/ipopt/coinbrew/build/Ipopt/3.14.19/contrib/sIPOPT/examples) by extension 'ignore_ament_install'
[0.108s] Level 1:colcon.colcon_core.package_identification:_identify(external/ipopt/coinbrew/build/Ipopt/3.14.19/contrib/sIPOPT/examples) by extensions ['colcon_pkg']
[0.108s] Level 1:colcon.colcon_core.package_identification:_identify(external/ipopt/coinbrew/build/Ipopt/3.14.19/contrib/sIPOPT/examples) by extension 'colcon_pkg'
[0.108s] Level 1:colcon.colcon_core.package_identification:_identify(external/ipopt/coinbrew/build/Ipopt/3.14.19/contrib/sIPOPT/examples) by extensions ['colcon_meta']
[0.108s] Level 1:colcon.colcon_core.package_identification:_identify(external/ipopt/coinbrew/build/Ipopt/3.14.19/contrib/sIPOPT/examples) by extension 'colcon_meta'
[0.108s] Level 1:colcon.colcon_core.package_identification:_identify(external/ipopt/coinbrew/build/Ipopt/3.14.19/contrib/sIPOPT/examples) by extensions ['ros']
[0.108s] Level 1:colcon.colcon_core.package_identification:_identify(external/ipopt/coinbrew/build/Ipopt/3.14.19/contrib/sIPOPT/examples) by extension 'ros'
[0.108s] Level 1:colcon.colcon_core.package_identification:_identify(external/ipopt/coinbrew/build/Ipopt/3.14.19/contrib/sIPOPT/examples) by extensions ['cmake', 'python']
[0.108s] Level 1:colcon.colcon_core.package_identification:_identify(external/ipopt/coinbrew/build/Ipopt/3.14.19/contrib/sIPOPT/examples) by extension 'cmake'
[0.108s] Level 1:colcon.colcon_core.package_identification:_identify(external/ipopt/coinbrew/build/Ipopt/3.14.19/contrib/sIPOPT/examples) by extension 'python'
[0.108s] Level 1:colcon.colcon_core.package_identification:_identify(external/ipopt/coinbrew/build/Ipopt/3.14.19/contrib/sIPOPT/examples) by extensions ['python_setup_py']
[0.108s] Level 1:colcon.colcon_core.package_identification:_identify(external/ipopt/coinbrew/build/Ipopt/3.14.19/contrib/sIPOPT/examples) by extension 'python_setup_py'
[0.108s] Level 1:colcon.colcon_core.package_identification:_identify(external/ipopt/coinbrew/build/Ipopt/3.14.19/contrib/sIPOPT/examples/parametric_cpp) by extensions ['ignore', 'ignore_ament_install']
[0.108s] Level 1:colcon.colcon_core.package_identification:_identify(external/ipopt/coinbrew/build/Ipopt/3.14.19/contrib/sIPOPT/examples/parametric_cpp) by extension 'ignore'
[0.108s] Level 1:colcon.colcon_core.package_identification:_identify(external/ipopt/coinbrew/build/Ipopt/3.14.19/contrib/sIPOPT/examples/parametric_cpp) by extension 'ignore_ament_install'
[0.108s] Level 1:colcon.colcon_core.package_identification:_identify(external/ipopt/coinbrew/build/Ipopt/3.14.19/contrib/sIPOPT/examples/parametric_cpp) by extensions ['colcon_pkg']
[0.108s] Level 1:colcon.colcon_core.package_identification:_identify(external/ipopt/coinbrew/build/Ipopt/3.14.19/contrib/sIPOPT/examples/parametric_cpp) by extension 'colcon_pkg'
[0.108s] Level 1:colcon.colcon_core.package_identification:_identify(external/ipopt/coinbrew/build/Ipopt/3.14.19/contrib/sIPOPT/examples/parametric_cpp) by extensions ['colcon_meta']
[0.108s] Level 1:colcon.colcon_core.package_identification:_identify(external/ipopt/coinbrew/build/Ipopt/3.14.19/contrib/sIPOPT/examples/parametric_cpp) by extension 'colcon_meta'
[0.108s] Level 1:colcon.colcon_core.package_identification:_identify(external/ipopt/coinbrew/build/Ipopt/3.14.19/contrib/sIPOPT/examples/parametric_cpp) by extensions ['ros']
[0.108s] Level 1:colcon.colcon_core.package_identification:_identify(external/ipopt/coinbrew/build/Ipopt/3.14.19/contrib/sIPOPT/examples/parametric_cpp) by extension 'ros'
[0.108s] Level 1:colcon.colcon_core.package_identification:_identify(external/ipopt/coinbrew/build/Ipopt/3.14.19/contrib/sIPOPT/examples/parametric_cpp) by extensions ['cmake', 'python']
[0.108s] Level 1:colcon.colcon_core.package_identification:_identify(external/ipopt/coinbrew/build/Ipopt/3.14.19/contrib/sIPOPT/examples/parametric_cpp) by extension 'cmake'
[0.108s] Level 1:colcon.colcon_core.package_identification:_identify(external/ipopt/coinbrew/build/Ipopt/3.14.19/contrib/sIPOPT/examples/parametric_cpp) by extension 'python'
[0.108s] Level 1:colcon.colcon_core.package_identification:_identify(external/ipopt/coinbrew/build/Ipopt/3.14.19/contrib/sIPOPT/examples/parametric_cpp) by extensions ['python_setup_py']
[0.108s] Level 1:colcon.colcon_core.package_identification:_identify(external/ipopt/coinbrew/build/Ipopt/3.14.19/contrib/sIPOPT/examples/parametric_cpp) by extension 'python_setup_py'
[0.108s] Level 1:colcon.colcon_core.package_identification:_identify(external/ipopt/coinbrew/build/Ipopt/3.14.19/contrib/sIPOPT/examples/parametric_dsdp_cpp) by extensions ['ignore', 'ignore_ament_install']
[0.108s] Level 1:colcon.colcon_core.package_identification:_identify(external/ipopt/coinbrew/build/Ipopt/3.14.19/contrib/sIPOPT/examples/parametric_dsdp_cpp) by extension 'ignore'
[0.108s] Level 1:colcon.colcon_core.package_identification:_identify(external/ipopt/coinbrew/build/Ipopt/3.14.19/contrib/sIPOPT/examples/parametric_dsdp_cpp) by extension 'ignore_ament_install'
[0.108s] Level 1:colcon.colcon_core.package_identification:_identify(external/ipopt/coinbrew/build/Ipopt/3.14.19/contrib/sIPOPT/examples/parametric_dsdp_cpp) by extensions ['colcon_pkg']
[0.108s] Level 1:colcon.colcon_core.package_identification:_identify(external/ipopt/coinbrew/build/Ipopt/3.14.19/contrib/sIPOPT/examples/parametric_dsdp_cpp) by extension 'colcon_pkg'
[0.108s] Level 1:colcon.colcon_core.package_identification:_identify(external/ipopt/coinbrew/build/Ipopt/3.14.19/contrib/sIPOPT/examples/parametric_dsdp_cpp) by extensions ['colcon_meta']
[0.108s] Level 1:colcon.colcon_core.package_identification:_identify(external/ipopt/coinbrew/build/Ipopt/3.14.19/contrib/sIPOPT/examples/parametric_dsdp_cpp) by extension 'colcon_meta'
[0.108s] Level 1:colcon.colcon_core.package_identification:_identify(external/ipopt/coinbrew/build/Ipopt/3.14.19/contrib/sIPOPT/examples/parametric_dsdp_cpp) by extensions ['ros']
[0.108s] Level 1:colcon.colcon_core.package_identification:_identify(external/ipopt/coinbrew/build/Ipopt/3.14.19/contrib/sIPOPT/examples/parametric_dsdp_cpp) by extension 'ros'
[0.108s] Level 1:colcon.colcon_core.package_identification:_identify(external/ipopt/coinbrew/build/Ipopt/3.14.19/contrib/sIPOPT/examples/parametric_dsdp_cpp) by extensions ['cmake', 'python']
[0.108s] Level 1:colcon.colcon_core.package_identification:_identify(external/ipopt/coinbrew/build/Ipopt/3.14.19/contrib/sIPOPT/examples/parametric_dsdp_cpp) by extension 'cmake'
[0.108s] Level 1:colcon.colcon_core.package_identification:_identify(external/ipopt/coinbrew/build/Ipopt/3.14.19/contrib/sIPOPT/examples/parametric_dsdp_cpp) by extension 'python'
[0.109s] Level 1:colcon.colcon_core.package_identification:_identify(external/ipopt/coinbrew/build/Ipopt/3.14.19/contrib/sIPOPT/examples/parametric_dsdp_cpp) by extensions ['python_setup_py']
[0.109s] Level 1:colcon.colcon_core.package_identification:_identify(external/ipopt/coinbrew/build/Ipopt/3.14.19/contrib/sIPOPT/examples/parametric_dsdp_cpp) by extension 'python_setup_py'
[0.109s] Level 1:colcon.colcon_core.package_identification:_identify(external/ipopt/coinbrew/build/Ipopt/3.14.19/contrib/sIPOPT/examples/redhess_cpp) by extensions ['ignore', 'ignore_ament_install']
[0.109s] Level 1:colcon.colcon_core.package_identification:_identify(external/ipopt/coinbrew/build/Ipopt/3.14.19/contrib/sIPOPT/examples/redhess_cpp) by extension 'ignore'
[0.109s] Level 1:colcon.colcon_core.package_identification:_identify(external/ipopt/coinbrew/build/Ipopt/3.14.19/contrib/sIPOPT/examples/redhess_cpp) by extension 'ignore_ament_install'
[0.109s] Level 1:colcon.colcon_core.package_identification:_identify(external/ipopt/coinbrew/build/Ipopt/3.14.19/contrib/sIPOPT/examples/redhess_cpp) by extensions ['colcon_pkg']
[0.109s] Level 1:colcon.colcon_core.package_identification:_identify(external/ipopt/coinbrew/build/Ipopt/3.14.19/contrib/sIPOPT/examples/redhess_cpp) by extension 'colcon_pkg'
[0.109s] Level 1:colcon.colcon_core.package_identification:_identify(external/ipopt/coinbrew/build/Ipopt/3.14.19/contrib/sIPOPT/examples/redhess_cpp) by extensions ['colcon_meta']
[0.109s] Level 1:colcon.colcon_core.package_identification:_identify(external/ipopt/coinbrew/build/Ipopt/3.14.19/contrib/sIPOPT/examples/redhess_cpp) by extension 'colcon_meta'
[0.109s] Level 1:colcon.colcon_core.package_identification:_identify(external/ipopt/coinbrew/build/Ipopt/3.14.19/contrib/sIPOPT/examples/redhess_cpp) by extensions ['ros']
[0.109s] Level 1:colcon.colcon_core.package_identification:_identify(external/ipopt/coinbrew/build/Ipopt/3.14.19/contrib/sIPOPT/examples/redhess_cpp) by extension 'ros'
[0.109s] Level 1:colcon.colcon_core.package_identification:_identify(external/ipopt/coinbrew/build/Ipopt/3.14.19/contrib/sIPOPT/examples/redhess_cpp) by extensions ['cmake', 'python']
[0.109s] Level 1:colcon.colcon_core.package_identification:_identify(external/ipopt/coinbrew/build/Ipopt/3.14.19/contrib/sIPOPT/examples/redhess_cpp) by extension 'cmake'
[0.109s] Level 1:colcon.colcon_core.package_identification:_identify(external/ipopt/coinbrew/build/Ipopt/3.14.19/contrib/sIPOPT/examples/redhess_cpp) by extension 'python'
[0.109s] Level 1:colcon.colcon_core.package_identification:_identify(external/ipopt/coinbrew/build/Ipopt/3.14.19/contrib/sIPOPT/examples/redhess_cpp) by extensions ['python_setup_py']
[0.109s] Level 1:colcon.colcon_core.package_identification:_identify(external/ipopt/coinbrew/build/Ipopt/3.14.19/contrib/sIPOPT/examples/redhess_cpp) by extension 'python_setup_py'
[0.109s] Level 1:colcon.colcon_core.package_identification:_identify(external/ipopt/coinbrew/build/Ipopt/3.14.19/contrib/sIPOPT/src) by extensions ['ignore', 'ignore_ament_install']
[0.109s] Level 1:colcon.colcon_core.package_identification:_identify(external/ipopt/coinbrew/build/Ipopt/3.14.19/contrib/sIPOPT/src) by extension 'ignore'
[0.109s] Level 1:colcon.colcon_core.package_identification:_identify(external/ipopt/coinbrew/build/Ipopt/3.14.19/contrib/sIPOPT/src) by extension 'ignore_ament_install'
[0.109s] Level 1:colcon.colcon_core.package_identification:_identify(external/ipopt/coinbrew/build/Ipopt/3.14.19/contrib/sIPOPT/src) by extensions ['colcon_pkg']
[0.109s] Level 1:colcon.colcon_core.package_identification:_identify(external/ipopt/coinbrew/build/Ipopt/3.14.19/contrib/sIPOPT/src) by extension 'colcon_pkg'
[0.109s] Level 1:colcon.colcon_core.package_identification:_identify(external/ipopt/coinbrew/build/Ipopt/3.14.19/contrib/sIPOPT/src) by extensions ['colcon_meta']
[0.109s] Level 1:colcon.colcon_core.package_identification:_identify(external/ipopt/coinbrew/build/Ipopt/3.14.19/contrib/sIPOPT/src) by extension 'colcon_meta'
[0.109s] Level 1:colcon.colcon_core.package_identification:_identify(external/ipopt/coinbrew/build/Ipopt/3.14.19/contrib/sIPOPT/src) by extensions ['ros']
[0.109s] Level 1:colcon.colcon_core.package_identification:_identify(external/ipopt/coinbrew/build/Ipopt/3.14.19/contrib/sIPOPT/src) by extension 'ros'
[0.109s] Level 1:colcon.colcon_core.package_identification:_identify(external/ipopt/coinbrew/build/Ipopt/3.14.19/contrib/sIPOPT/src) by extensions ['cmake', 'python']
[0.109s] Level 1:colcon.colcon_core.package_identification:_identify(external/ipopt/coinbrew/build/Ipopt/3.14.19/contrib/sIPOPT/src) by extension 'cmake'
[0.109s] Level 1:colcon.colcon_core.package_identification:_identify(external/ipopt/coinbrew/build/Ipopt/3.14.19/contrib/sIPOPT/src) by extension 'python'
[0.109s] Level 1:colcon.colcon_core.package_identification:_identify(external/ipopt/coinbrew/build/Ipopt/3.14.19/contrib/sIPOPT/src) by extensions ['python_setup_py']
[0.109s] Level 1:colcon.colcon_core.package_identification:_identify(external/ipopt/coinbrew/build/Ipopt/3.14.19/contrib/sIPOPT/src) by extension 'python_setup_py'
[0.109s] Level 1:colcon.colcon_core.package_identification:_identify(external/ipopt/coinbrew/build/Ipopt/3.14.19/doc) by extensions ['ignore', 'ignore_ament_install']
[0.109s] Level 1:colcon.colcon_core.package_identification:_identify(external/ipopt/coinbrew/build/Ipopt/3.14.19/doc) by extension 'ignore'
[0.109s] Level 1:colcon.colcon_core.package_identification:_identify(external/ipopt/coinbrew/build/Ipopt/3.14.19/doc) by extension 'ignore_ament_install'
[0.109s] Level 1:colcon.colcon_core.package_identification:_identify(external/ipopt/coinbrew/build/Ipopt/3.14.19/doc) by extensions ['colcon_pkg']
[0.109s] Level 1:colcon.colcon_core.package_identification:_identify(external/ipopt/coinbrew/build/Ipopt/3.14.19/doc) by extension 'colcon_pkg'
[0.109s] Level 1:colcon.colcon_core.package_identification:_identify(external/ipopt/coinbrew/build/Ipopt/3.14.19/doc) by extensions ['colcon_meta']
[0.109s] Level 1:colcon.colcon_core.package_identification:_identify(external/ipopt/coinbrew/build/Ipopt/3.14.19/doc) by extension 'colcon_meta'
[0.109s] Level 1:colcon.colcon_core.package_identification:_identify(external/ipopt/coinbrew/build/Ipopt/3.14.19/doc) by extensions ['ros']
[0.109s] Level 1:colcon.colcon_core.package_identification:_identify(external/ipopt/coinbrew/build/Ipopt/3.14.19/doc) by extension 'ros'
[0.109s] Level 1:colcon.colcon_core.package_identification:_identify(external/ipopt/coinbrew/build/Ipopt/3.14.19/doc) by extensions ['cmake', 'python']
[0.109s] Level 1:colcon.colcon_core.package_identification:_identify(external/ipopt/coinbrew/build/Ipopt/3.14.19/doc) by extension 'cmake'
[0.109s] Level 1:colcon.colcon_core.package_identification:_identify(external/ipopt/coinbrew/build/Ipopt/3.14.19/doc) by extension 'python'
[0.109s] Level 1:colcon.colcon_core.package_identification:_identify(external/ipopt/coinbrew/build/Ipopt/3.14.19/doc) by extensions ['python_setup_py']
[0.109s] Level 1:colcon.colcon_core.package_identification:_identify(external/ipopt/coinbrew/build/Ipopt/3.14.19/doc) by extension 'python_setup_py'
[0.109s] Level 1:colcon.colcon_core.package_identification:_identify(external/ipopt/coinbrew/build/Ipopt/3.14.19/examples) by extensions ['ignore', 'ignore_ament_install']
[0.109s] Level 1:colcon.colcon_core.package_identification:_identify(external/ipopt/coinbrew/build/Ipopt/3.14.19/examples) by extension 'ignore'
[0.109s] Level 1:colcon.colcon_core.package_identification:_identify(external/ipopt/coinbrew/build/Ipopt/3.14.19/examples) by extension 'ignore_ament_install'
[0.109s] Level 1:colcon.colcon_core.package_identification:_identify(external/ipopt/coinbrew/build/Ipopt/3.14.19/examples) by extensions ['colcon_pkg']
[0.109s] Level 1:colcon.colcon_core.package_identification:_identify(external/ipopt/coinbrew/build/Ipopt/3.14.19/examples) by extension 'colcon_pkg'
[0.109s] Level 1:colcon.colcon_core.package_identification:_identify(external/ipopt/coinbrew/build/Ipopt/3.14.19/examples) by extensions ['colcon_meta']
[0.109s] Level 1:colcon.colcon_core.package_identification:_identify(external/ipopt/coinbrew/build/Ipopt/3.14.19/examples) by extension 'colcon_meta'
[0.109s] Level 1:colcon.colcon_core.package_identification:_identify(external/ipopt/coinbrew/build/Ipopt/3.14.19/examples) by extensions ['ros']
[0.109s] Level 1:colcon.colcon_core.package_identification:_identify(external/ipopt/coinbrew/build/Ipopt/3.14.19/examples) by extension 'ros'
[0.109s] Level 1:colcon.colcon_core.package_identification:_identify(external/ipopt/coinbrew/build/Ipopt/3.14.19/examples) by extensions ['cmake', 'python']
[0.109s] Level 1:colcon.colcon_core.package_identification:_identify(external/ipopt/coinbrew/build/Ipopt/3.14.19/examples) by extension 'cmake'
[0.109s] Level 1:colcon.colcon_core.package_identification:_identify(external/ipopt/coinbrew/build/Ipopt/3.14.19/examples) by extension 'python'
[0.109s] Level 1:colcon.colcon_core.package_identification:_identify(external/ipopt/coinbrew/build/Ipopt/3.14.19/examples) by extensions ['python_setup_py']
[0.109s] Level 1:colcon.colcon_core.package_identification:_identify(external/ipopt/coinbrew/build/Ipopt/3.14.19/examples) by extension 'python_setup_py'
[0.109s] Level 1:colcon.colcon_core.package_identification:_identify(external/ipopt/coinbrew/build/Ipopt/3.14.19/examples/Cpp_example) by extensions ['ignore', 'ignore_ament_install']
[0.109s] Level 1:colcon.colcon_core.package_identification:_identify(external/ipopt/coinbrew/build/Ipopt/3.14.19/examples/Cpp_example) by extension 'ignore'
[0.109s] Level 1:colcon.colcon_core.package_identification:_identify(external/ipopt/coinbrew/build/Ipopt/3.14.19/examples/Cpp_example) by extension 'ignore_ament_install'
[0.110s] Level 1:colcon.colcon_core.package_identification:_identify(external/ipopt/coinbrew/build/Ipopt/3.14.19/examples/Cpp_example) by extensions ['colcon_pkg']
[0.110s] Level 1:colcon.colcon_core.package_identification:_identify(external/ipopt/coinbrew/build/Ipopt/3.14.19/examples/Cpp_example) by extension 'colcon_pkg'
[0.110s] Level 1:colcon.colcon_core.package_identification:_identify(external/ipopt/coinbrew/build/Ipopt/3.14.19/examples/Cpp_example) by extensions ['colcon_meta']
[0.110s] Level 1:colcon.colcon_core.package_identification:_identify(external/ipopt/coinbrew/build/Ipopt/3.14.19/examples/Cpp_example) by extension 'colcon_meta'
[0.110s] Level 1:colcon.colcon_core.package_identification:_identify(external/ipopt/coinbrew/build/Ipopt/3.14.19/examples/Cpp_example) by extensions ['ros']
[0.110s] Level 1:colcon.colcon_core.package_identification:_identify(external/ipopt/coinbrew/build/Ipopt/3.14.19/examples/Cpp_example) by extension 'ros'
[0.110s] Level 1:colcon.colcon_core.package_identification:_identify(external/ipopt/coinbrew/build/Ipopt/3.14.19/examples/Cpp_example) by extensions ['cmake', 'python']
[0.110s] Level 1:colcon.colcon_core.package_identification:_identify(external/ipopt/coinbrew/build/Ipopt/3.14.19/examples/Cpp_example) by extension 'cmake'
[0.110s] Level 1:colcon.colcon_core.package_identification:_identify(external/ipopt/coinbrew/build/Ipopt/3.14.19/examples/Cpp_example) by extension 'python'
[0.110s] Level 1:colcon.colcon_core.package_identification:_identify(external/ipopt/coinbrew/build/Ipopt/3.14.19/examples/Cpp_example) by extensions ['python_setup_py']
[0.110s] Level 1:colcon.colcon_core.package_identification:_identify(external/ipopt/coinbrew/build/Ipopt/3.14.19/examples/Cpp_example) by extension 'python_setup_py'
[0.110s] Level 1:colcon.colcon_core.package_identification:_identify(external/ipopt/coinbrew/build/Ipopt/3.14.19/examples/ScalableProblems) by extensions ['ignore', 'ignore_ament_install']
[0.110s] Level 1:colcon.colcon_core.package_identification:_identify(external/ipopt/coinbrew/build/Ipopt/3.14.19/examples/ScalableProblems) by extension 'ignore'
[0.110s] Level 1:colcon.colcon_core.package_identification:_identify(external/ipopt/coinbrew/build/Ipopt/3.14.19/examples/ScalableProblems) by extension 'ignore_ament_install'
[0.110s] Level 1:colcon.colcon_core.package_identification:_identify(external/ipopt/coinbrew/build/Ipopt/3.14.19/examples/ScalableProblems) by extensions ['colcon_pkg']
[0.110s] Level 1:colcon.colcon_core.package_identification:_identify(external/ipopt/coinbrew/build/Ipopt/3.14.19/examples/ScalableProblems) by extension 'colcon_pkg'
[0.110s] Level 1:colcon.colcon_core.package_identification:_identify(external/ipopt/coinbrew/build/Ipopt/3.14.19/examples/ScalableProblems) by extensions ['colcon_meta']
[0.110s] Level 1:colcon.colcon_core.package_identification:_identify(external/ipopt/coinbrew/build/Ipopt/3.14.19/examples/ScalableProblems) by extension 'colcon_meta'
[0.110s] Level 1:colcon.colcon_core.package_identification:_identify(external/ipopt/coinbrew/build/Ipopt/3.14.19/examples/ScalableProblems) by extensions ['ros']
[0.110s] Level 1:colcon.colcon_core.package_identification:_identify(external/ipopt/coinbrew/build/Ipopt/3.14.19/examples/ScalableProblems) by extension 'ros'
[0.110s] Level 1:colcon.colcon_core.package_identification:_identify(external/ipopt/coinbrew/build/Ipopt/3.14.19/examples/ScalableProblems) by extensions ['cmake', 'python']
[0.110s] Level 1:colcon.colcon_core.package_identification:_identify(external/ipopt/coinbrew/build/Ipopt/3.14.19/examples/ScalableProblems) by extension 'cmake'
[0.110s] Level 1:colcon.colcon_core.package_identification:_identify(external/ipopt/coinbrew/build/Ipopt/3.14.19/examples/ScalableProblems) by extension 'python'
[0.110s] Level 1:colcon.colcon_core.package_identification:_identify(external/ipopt/coinbrew/build/Ipopt/3.14.19/examples/ScalableProblems) by extensions ['python_setup_py']
[0.110s] Level 1:colcon.colcon_core.package_identification:_identify(external/ipopt/coinbrew/build/Ipopt/3.14.19/examples/ScalableProblems) by extension 'python_setup_py'
[0.110s] Level 1:colcon.colcon_core.package_identification:_identify(external/ipopt/coinbrew/build/Ipopt/3.14.19/examples/ScalableProblems_java) by extensions ['ignore', 'ignore_ament_install']
[0.110s] Level 1:colcon.colcon_core.package_identification:_identify(external/ipopt/coinbrew/build/Ipopt/3.14.19/examples/ScalableProblems_java) by extension 'ignore'
[0.110s] Level 1:colcon.colcon_core.package_identification:_identify(external/ipopt/coinbrew/build/Ipopt/3.14.19/examples/ScalableProblems_java) by extension 'ignore_ament_install'
[0.110s] Level 1:colcon.colcon_core.package_identification:_identify(external/ipopt/coinbrew/build/Ipopt/3.14.19/examples/ScalableProblems_java) by extensions ['colcon_pkg']
[0.110s] Level 1:colcon.colcon_core.package_identification:_identify(external/ipopt/coinbrew/build/Ipopt/3.14.19/examples/ScalableProblems_java) by extension 'colcon_pkg'
[0.110s] Level 1:colcon.colcon_core.package_identification:_identify(external/ipopt/coinbrew/build/Ipopt/3.14.19/examples/ScalableProblems_java) by extensions ['colcon_meta']
[0.110s] Level 1:colcon.colcon_core.package_identification:_identify(external/ipopt/coinbrew/build/Ipopt/3.14.19/examples/ScalableProblems_java) by extension 'colcon_meta'
[0.110s] Level 1:colcon.colcon_core.package_identification:_identify(external/ipopt/coinbrew/build/Ipopt/3.14.19/examples/ScalableProblems_java) by extensions ['ros']
[0.110s] Level 1:colcon.colcon_core.package_identification:_identify(external/ipopt/coinbrew/build/Ipopt/3.14.19/examples/ScalableProblems_java) by extension 'ros'
[0.110s] Level 1:colcon.colcon_core.package_identification:_identify(external/ipopt/coinbrew/build/Ipopt/3.14.19/examples/ScalableProblems_java) by extensions ['cmake', 'python']
[0.110s] Level 1:colcon.colcon_core.package_identification:_identify(external/ipopt/coinbrew/build/Ipopt/3.14.19/examples/ScalableProblems_java) by extension 'cmake'
[0.110s] Level 1:colcon.colcon_core.package_identification:_identify(external/ipopt/coinbrew/build/Ipopt/3.14.19/examples/ScalableProblems_java) by extension 'python'
[0.110s] Level 1:colcon.colcon_core.package_identification:_identify(external/ipopt/coinbrew/build/Ipopt/3.14.19/examples/ScalableProblems_java) by extensions ['python_setup_py']
[0.110s] Level 1:colcon.colcon_core.package_identification:_identify(external/ipopt/coinbrew/build/Ipopt/3.14.19/examples/ScalableProblems_java) by extension 'python_setup_py'
[0.110s] Level 1:colcon.colcon_core.package_identification:_identify(external/ipopt/coinbrew/build/Ipopt/3.14.19/examples/hs071_c) by extensions ['ignore', 'ignore_ament_install']
[0.110s] Level 1:colcon.colcon_core.package_identification:_identify(external/ipopt/coinbrew/build/Ipopt/3.14.19/examples/hs071_c) by extension 'ignore'
[0.110s] Level 1:colcon.colcon_core.package_identification:_identify(external/ipopt/coinbrew/build/Ipopt/3.14.19/examples/hs071_c) by extension 'ignore_ament_install'
[0.110s] Level 1:colcon.colcon_core.package_identification:_identify(external/ipopt/coinbrew/build/Ipopt/3.14.19/examples/hs071_c) by extensions ['colcon_pkg']
[0.110s] Level 1:colcon.colcon_core.package_identification:_identify(external/ipopt/coinbrew/build/Ipopt/3.14.19/examples/hs071_c) by extension 'colcon_pkg'
[0.110s] Level 1:colcon.colcon_core.package_identification:_identify(external/ipopt/coinbrew/build/Ipopt/3.14.19/examples/hs071_c) by extensions ['colcon_meta']
[0.110s] Level 1:colcon.colcon_core.package_identification:_identify(external/ipopt/coinbrew/build/Ipopt/3.14.19/examples/hs071_c) by extension 'colcon_meta'
[0.110s] Level 1:colcon.colcon_core.package_identification:_identify(external/ipopt/coinbrew/build/Ipopt/3.14.19/examples/hs071_c) by extensions ['ros']
[0.110s] Level 1:colcon.colcon_core.package_identification:_identify(external/ipopt/coinbrew/build/Ipopt/3.14.19/examples/hs071_c) by extension 'ros'
[0.110s] Level 1:colcon.colcon_core.package_identification:_identify(external/ipopt/coinbrew/build/Ipopt/3.14.19/examples/hs071_c) by extensions ['cmake', 'python']
[0.110s] Level 1:colcon.colcon_core.package_identification:_identify(external/ipopt/coinbrew/build/Ipopt/3.14.19/examples/hs071_c) by extension 'cmake'
[0.110s] Level 1:colcon.colcon_core.package_identification:_identify(external/ipopt/coinbrew/build/Ipopt/3.14.19/examples/hs071_c) by extension 'python'
[0.110s] Level 1:colcon.colcon_core.package_identification:_identify(external/ipopt/coinbrew/build/Ipopt/3.14.19/examples/hs071_c) by extensions ['python_setup_py']
[0.110s] Level 1:colcon.colcon_core.package_identification:_identify(external/ipopt/coinbrew/build/Ipopt/3.14.19/examples/hs071_c) by extension 'python_setup_py'
[0.110s] Level 1:colcon.colcon_core.package_identification:_identify(external/ipopt/coinbrew/build/Ipopt/3.14.19/examples/hs071_cpp) by extensions ['ignore', 'ignore_ament_install']
[0.110s] Level 1:colcon.colcon_core.package_identification:_identify(external/ipopt/coinbrew/build/Ipopt/3.14.19/examples/hs071_cpp) by extension 'ignore'
[0.110s] Level 1:colcon.colcon_core.package_identification:_identify(external/ipopt/coinbrew/build/Ipopt/3.14.19/examples/hs071_cpp) by extension 'ignore_ament_install'
[0.110s] Level 1:colcon.colcon_core.package_identification:_identify(external/ipopt/coinbrew/build/Ipopt/3.14.19/examples/hs071_cpp) by extensions ['colcon_pkg']
[0.110s] Level 1:colcon.colcon_core.package_identification:_identify(external/ipopt/coinbrew/build/Ipopt/3.14.19/examples/hs071_cpp) by extension 'colcon_pkg'
[0.110s] Level 1:colcon.colcon_core.package_identification:_identify(external/ipopt/coinbrew/build/Ipopt/3.14.19/examples/hs071_cpp) by extensions ['colcon_meta']
[0.110s] Level 1:colcon.colcon_core.package_identification:_identify(external/ipopt/coinbrew/build/Ipopt/3.14.19/examples/hs071_cpp) by extension 'colcon_meta'
[0.110s] Level 1:colcon.colcon_core.package_identification:_identify(external/ipopt/coinbrew/build/Ipopt/3.14.19/examples/hs071_cpp) by extensions ['ros']
[0.110s] Level 1:colcon.colcon_core.package_identification:_identify(external/ipopt/coinbrew/build/Ipopt/3.14.19/examples/hs071_cpp) by extension 'ros'
[0.110s] Level 1:colcon.colcon_core.package_identification:_identify(external/ipopt/coinbrew/build/Ipopt/3.14.19/examples/hs071_cpp) by extensions ['cmake', 'python']
[0.111s] Level 1:colcon.colcon_core.package_identification:_identify(external/ipopt/coinbrew/build/Ipopt/3.14.19/examples/hs071_cpp) by extension 'cmake'
[0.111s] Level 1:colcon.colcon_core.package_identification:_identify(external/ipopt/coinbrew/build/Ipopt/3.14.19/examples/hs071_cpp) by extension 'python'
[0.111s] Level 1:colcon.colcon_core.package_identification:_identify(external/ipopt/coinbrew/build/Ipopt/3.14.19/examples/hs071_cpp) by extensions ['python_setup_py']
[0.111s] Level 1:colcon.colcon_core.package_identification:_identify(external/ipopt/coinbrew/build/Ipopt/3.14.19/examples/hs071_cpp) by extension 'python_setup_py'
[0.111s] Level 1:colcon.colcon_core.package_identification:_identify(external/ipopt/coinbrew/build/Ipopt/3.14.19/examples/hs071_f) by extensions ['ignore', 'ignore_ament_install']
[0.111s] Level 1:colcon.colcon_core.package_identification:_identify(external/ipopt/coinbrew/build/Ipopt/3.14.19/examples/hs071_f) by extension 'ignore'
[0.111s] Level 1:colcon.colcon_core.package_identification:_identify(external/ipopt/coinbrew/build/Ipopt/3.14.19/examples/hs071_f) by extension 'ignore_ament_install'
[0.111s] Level 1:colcon.colcon_core.package_identification:_identify(external/ipopt/coinbrew/build/Ipopt/3.14.19/examples/hs071_f) by extensions ['colcon_pkg']
[0.111s] Level 1:colcon.colcon_core.package_identification:_identify(external/ipopt/coinbrew/build/Ipopt/3.14.19/examples/hs071_f) by extension 'colcon_pkg'
[0.111s] Level 1:colcon.colcon_core.package_identification:_identify(external/ipopt/coinbrew/build/Ipopt/3.14.19/examples/hs071_f) by extensions ['colcon_meta']
[0.111s] Level 1:colcon.colcon_core.package_identification:_identify(external/ipopt/coinbrew/build/Ipopt/3.14.19/examples/hs071_f) by extension 'colcon_meta'
[0.111s] Level 1:colcon.colcon_core.package_identification:_identify(external/ipopt/coinbrew/build/Ipopt/3.14.19/examples/hs071_f) by extensions ['ros']
[0.111s] Level 1:colcon.colcon_core.package_identification:_identify(external/ipopt/coinbrew/build/Ipopt/3.14.19/examples/hs071_f) by extension 'ros'
[0.111s] Level 1:colcon.colcon_core.package_identification:_identify(external/ipopt/coinbrew/build/Ipopt/3.14.19/examples/hs071_f) by extensions ['cmake', 'python']
[0.111s] Level 1:colcon.colcon_core.package_identification:_identify(external/ipopt/coinbrew/build/Ipopt/3.14.19/examples/hs071_f) by extension 'cmake'
[0.111s] Level 1:colcon.colcon_core.package_identification:_identify(external/ipopt/coinbrew/build/Ipopt/3.14.19/examples/hs071_f) by extension 'python'
[0.111s] Level 1:colcon.colcon_core.package_identification:_identify(external/ipopt/coinbrew/build/Ipopt/3.14.19/examples/hs071_f) by extensions ['python_setup_py']
[0.111s] Level 1:colcon.colcon_core.package_identification:_identify(external/ipopt/coinbrew/build/Ipopt/3.14.19/examples/hs071_f) by extension 'python_setup_py'
[0.111s] Level 1:colcon.colcon_core.package_identification:_identify(external/ipopt/coinbrew/build/Ipopt/3.14.19/examples/hs071_java) by extensions ['ignore', 'ignore_ament_install']
[0.111s] Level 1:colcon.colcon_core.package_identification:_identify(external/ipopt/coinbrew/build/Ipopt/3.14.19/examples/hs071_java) by extension 'ignore'
[0.111s] Level 1:colcon.colcon_core.package_identification:_identify(external/ipopt/coinbrew/build/Ipopt/3.14.19/examples/hs071_java) by extension 'ignore_ament_install'
[0.111s] Level 1:colcon.colcon_core.package_identification:_identify(external/ipopt/coinbrew/build/Ipopt/3.14.19/examples/hs071_java) by extensions ['colcon_pkg']
[0.111s] Level 1:colcon.colcon_core.package_identification:_identify(external/ipopt/coinbrew/build/Ipopt/3.14.19/examples/hs071_java) by extension 'colcon_pkg'
[0.111s] Level 1:colcon.colcon_core.package_identification:_identify(external/ipopt/coinbrew/build/Ipopt/3.14.19/examples/hs071_java) by extensions ['colcon_meta']
[0.111s] Level 1:colcon.colcon_core.package_identification:_identify(external/ipopt/coinbrew/build/Ipopt/3.14.19/examples/hs071_java) by extension 'colcon_meta'
[0.111s] Level 1:colcon.colcon_core.package_identification:_identify(external/ipopt/coinbrew/build/Ipopt/3.14.19/examples/hs071_java) by extensions ['ros']
[0.111s] Level 1:colcon.colcon_core.package_identification:_identify(external/ipopt/coinbrew/build/Ipopt/3.14.19/examples/hs071_java) by extension 'ros'
[0.111s] Level 1:colcon.colcon_core.package_identification:_identify(external/ipopt/coinbrew/build/Ipopt/3.14.19/examples/hs071_java) by extensions ['cmake', 'python']
[0.111s] Level 1:colcon.colcon_core.package_identification:_identify(external/ipopt/coinbrew/build/Ipopt/3.14.19/examples/hs071_java) by extension 'cmake'
[0.111s] Level 1:colcon.colcon_core.package_identification:_identify(external/ipopt/coinbrew/build/Ipopt/3.14.19/examples/hs071_java) by extension 'python'
[0.111s] Level 1:colcon.colcon_core.package_identification:_identify(external/ipopt/coinbrew/build/Ipopt/3.14.19/examples/hs071_java) by extensions ['python_setup_py']
[0.111s] Level 1:colcon.colcon_core.package_identification:_identify(external/ipopt/coinbrew/build/Ipopt/3.14.19/examples/hs071_java) by extension 'python_setup_py'
[0.111s] Level 1:colcon.colcon_core.package_identification:_identify(external/ipopt/coinbrew/build/Ipopt/3.14.19/examples/recursive_nlp) by extensions ['ignore', 'ignore_ament_install']
[0.111s] Level 1:colcon.colcon_core.package_identification:_identify(external/ipopt/coinbrew/build/Ipopt/3.14.19/examples/recursive_nlp) by extension 'ignore'
[0.111s] Level 1:colcon.colcon_core.package_identification:_identify(external/ipopt/coinbrew/build/Ipopt/3.14.19/examples/recursive_nlp) by extension 'ignore_ament_install'
[0.111s] Level 1:colcon.colcon_core.package_identification:_identify(external/ipopt/coinbrew/build/Ipopt/3.14.19/examples/recursive_nlp) by extensions ['colcon_pkg']
[0.111s] Level 1:colcon.colcon_core.package_identification:_identify(external/ipopt/coinbrew/build/Ipopt/3.14.19/examples/recursive_nlp) by extension 'colcon_pkg'
[0.111s] Level 1:colcon.colcon_core.package_identification:_identify(external/ipopt/coinbrew/build/Ipopt/3.14.19/examples/recursive_nlp) by extensions ['colcon_meta']
[0.111s] Level 1:colcon.colcon_core.package_identification:_identify(external/ipopt/coinbrew/build/Ipopt/3.14.19/examples/recursive_nlp) by extension 'colcon_meta'
[0.111s] Level 1:colcon.colcon_core.package_identification:_identify(external/ipopt/coinbrew/build/Ipopt/3.14.19/examples/recursive_nlp) by extensions ['ros']
[0.111s] Level 1:colcon.colcon_core.package_identification:_identify(external/ipopt/coinbrew/build/Ipopt/3.14.19/examples/recursive_nlp) by extension 'ros'
[0.111s] Level 1:colcon.colcon_core.package_identification:_identify(external/ipopt/coinbrew/build/Ipopt/3.14.19/examples/recursive_nlp) by extensions ['cmake', 'python']
[0.111s] Level 1:colcon.colcon_core.package_identification:_identify(external/ipopt/coinbrew/build/Ipopt/3.14.19/examples/recursive_nlp) by extension 'cmake'
[0.111s] Level 1:colcon.colcon_core.package_identification:_identify(external/ipopt/coinbrew/build/Ipopt/3.14.19/examples/recursive_nlp) by extension 'python'
[0.111s] Level 1:colcon.colcon_core.package_identification:_identify(external/ipopt/coinbrew/build/Ipopt/3.14.19/examples/recursive_nlp) by extensions ['python_setup_py']
[0.111s] Level 1:colcon.colcon_core.package_identification:_identify(external/ipopt/coinbrew/build/Ipopt/3.14.19/examples/recursive_nlp) by extension 'python_setup_py'
[0.111s] Level 1:colcon.colcon_core.package_identification:_identify(external/ipopt/coinbrew/build/Ipopt/3.14.19/src) by extensions ['ignore', 'ignore_ament_install']
[0.111s] Level 1:colcon.colcon_core.package_identification:_identify(external/ipopt/coinbrew/build/Ipopt/3.14.19/src) by extension 'ignore'
[0.111s] Level 1:colcon.colcon_core.package_identification:_identify(external/ipopt/coinbrew/build/Ipopt/3.14.19/src) by extension 'ignore_ament_install'
[0.111s] Level 1:colcon.colcon_core.package_identification:_identify(external/ipopt/coinbrew/build/Ipopt/3.14.19/src) by extensions ['colcon_pkg']
[0.111s] Level 1:colcon.colcon_core.package_identification:_identify(external/ipopt/coinbrew/build/Ipopt/3.14.19/src) by extension 'colcon_pkg'
[0.111s] Level 1:colcon.colcon_core.package_identification:_identify(external/ipopt/coinbrew/build/Ipopt/3.14.19/src) by extensions ['colcon_meta']
[0.111s] Level 1:colcon.colcon_core.package_identification:_identify(external/ipopt/coinbrew/build/Ipopt/3.14.19/src) by extension 'colcon_meta'
[0.111s] Level 1:colcon.colcon_core.package_identification:_identify(external/ipopt/coinbrew/build/Ipopt/3.14.19/src) by extensions ['ros']
[0.111s] Level 1:colcon.colcon_core.package_identification:_identify(external/ipopt/coinbrew/build/Ipopt/3.14.19/src) by extension 'ros'
[0.111s] Level 1:colcon.colcon_core.package_identification:_identify(external/ipopt/coinbrew/build/Ipopt/3.14.19/src) by extensions ['cmake', 'python']
[0.111s] Level 1:colcon.colcon_core.package_identification:_identify(external/ipopt/coinbrew/build/Ipopt/3.14.19/src) by extension 'cmake'
[0.111s] Level 1:colcon.colcon_core.package_identification:_identify(external/ipopt/coinbrew/build/Ipopt/3.14.19/src) by extension 'python'
[0.111s] Level 1:colcon.colcon_core.package_identification:_identify(external/ipopt/coinbrew/build/Ipopt/3.14.19/src) by extensions ['python_setup_py']
[0.111s] Level 1:colcon.colcon_core.package_identification:_identify(external/ipopt/coinbrew/build/Ipopt/3.14.19/src) by extension 'python_setup_py'
[0.111s] Level 1:colcon.colcon_core.package_identification:_identify(external/ipopt/coinbrew/build/Ipopt/3.14.19/src/Algorithm) by extensions ['ignore', 'ignore_ament_install']
[0.111s] Level 1:colcon.colcon_core.package_identification:_identify(external/ipopt/coinbrew/build/Ipopt/3.14.19/src/Algorithm) by extension 'ignore'
[0.112s] Level 1:colcon.colcon_core.package_identification:_identify(external/ipopt/coinbrew/build/Ipopt/3.14.19/src/Algorithm) by extension 'ignore_ament_install'
[0.112s] Level 1:colcon.colcon_core.package_identification:_identify(external/ipopt/coinbrew/build/Ipopt/3.14.19/src/Algorithm) by extensions ['colcon_pkg']
[0.112s] Level 1:colcon.colcon_core.package_identification:_identify(external/ipopt/coinbrew/build/Ipopt/3.14.19/src/Algorithm) by extension 'colcon_pkg'
[0.112s] Level 1:colcon.colcon_core.package_identification:_identify(external/ipopt/coinbrew/build/Ipopt/3.14.19/src/Algorithm) by extensions ['colcon_meta']
[0.112s] Level 1:colcon.colcon_core.package_identification:_identify(external/ipopt/coinbrew/build/Ipopt/3.14.19/src/Algorithm) by extension 'colcon_meta'
[0.112s] Level 1:colcon.colcon_core.package_identification:_identify(external/ipopt/coinbrew/build/Ipopt/3.14.19/src/Algorithm) by extensions ['ros']
[0.112s] Level 1:colcon.colcon_core.package_identification:_identify(external/ipopt/coinbrew/build/Ipopt/3.14.19/src/Algorithm) by extension 'ros'
[0.112s] Level 1:colcon.colcon_core.package_identification:_identify(external/ipopt/coinbrew/build/Ipopt/3.14.19/src/Algorithm) by extensions ['cmake', 'python']
[0.112s] Level 1:colcon.colcon_core.package_identification:_identify(external/ipopt/coinbrew/build/Ipopt/3.14.19/src/Algorithm) by extension 'cmake'
[0.112s] Level 1:colcon.colcon_core.package_identification:_identify(external/ipopt/coinbrew/build/Ipopt/3.14.19/src/Algorithm) by extension 'python'
[0.112s] Level 1:colcon.colcon_core.package_identification:_identify(external/ipopt/coinbrew/build/Ipopt/3.14.19/src/Algorithm) by extensions ['python_setup_py']
[0.112s] Level 1:colcon.colcon_core.package_identification:_identify(external/ipopt/coinbrew/build/Ipopt/3.14.19/src/Algorithm) by extension 'python_setup_py'
[0.112s] Level 1:colcon.colcon_core.package_identification:_identify(external/ipopt/coinbrew/build/Ipopt/3.14.19/src/Algorithm/LinearSolvers) by extensions ['ignore', 'ignore_ament_install']
[0.112s] Level 1:colcon.colcon_core.package_identification:_identify(external/ipopt/coinbrew/build/Ipopt/3.14.19/src/Algorithm/LinearSolvers) by extension 'ignore'
[0.112s] Level 1:colcon.colcon_core.package_identification:_identify(external/ipopt/coinbrew/build/Ipopt/3.14.19/src/Algorithm/LinearSolvers) by extension 'ignore_ament_install'
[0.112s] Level 1:colcon.colcon_core.package_identification:_identify(external/ipopt/coinbrew/build/Ipopt/3.14.19/src/Algorithm/LinearSolvers) by extensions ['colcon_pkg']
[0.112s] Level 1:colcon.colcon_core.package_identification:_identify(external/ipopt/coinbrew/build/Ipopt/3.14.19/src/Algorithm/LinearSolvers) by extension 'colcon_pkg'
[0.112s] Level 1:colcon.colcon_core.package_identification:_identify(external/ipopt/coinbrew/build/Ipopt/3.14.19/src/Algorithm/LinearSolvers) by extensions ['colcon_meta']
[0.112s] Level 1:colcon.colcon_core.package_identification:_identify(external/ipopt/coinbrew/build/Ipopt/3.14.19/src/Algorithm/LinearSolvers) by extension 'colcon_meta'
[0.112s] Level 1:colcon.colcon_core.package_identification:_identify(external/ipopt/coinbrew/build/Ipopt/3.14.19/src/Algorithm/LinearSolvers) by extensions ['ros']
[0.112s] Level 1:colcon.colcon_core.package_identification:_identify(external/ipopt/coinbrew/build/Ipopt/3.14.19/src/Algorithm/LinearSolvers) by extension 'ros'
[0.112s] Level 1:colcon.colcon_core.package_identification:_identify(external/ipopt/coinbrew/build/Ipopt/3.14.19/src/Algorithm/LinearSolvers) by extensions ['cmake', 'python']
[0.112s] Level 1:colcon.colcon_core.package_identification:_identify(external/ipopt/coinbrew/build/Ipopt/3.14.19/src/Algorithm/LinearSolvers) by extension 'cmake'
[0.112s] Level 1:colcon.colcon_core.package_identification:_identify(external/ipopt/coinbrew/build/Ipopt/3.14.19/src/Algorithm/LinearSolvers) by extension 'python'
[0.112s] Level 1:colcon.colcon_core.package_identification:_identify(external/ipopt/coinbrew/build/Ipopt/3.14.19/src/Algorithm/LinearSolvers) by extensions ['python_setup_py']
[0.112s] Level 1:colcon.colcon_core.package_identification:_identify(external/ipopt/coinbrew/build/Ipopt/3.14.19/src/Algorithm/LinearSolvers) by extension 'python_setup_py'
[0.112s] Level 1:colcon.colcon_core.package_identification:_identify(external/ipopt/coinbrew/build/Ipopt/3.14.19/src/Apps) by extensions ['ignore', 'ignore_ament_install']
[0.112s] Level 1:colcon.colcon_core.package_identification:_identify(external/ipopt/coinbrew/build/Ipopt/3.14.19/src/Apps) by extension 'ignore'
[0.112s] Level 1:colcon.colcon_core.package_identification:_identify(external/ipopt/coinbrew/build/Ipopt/3.14.19/src/Apps) by extension 'ignore_ament_install'
[0.112s] Level 1:colcon.colcon_core.package_identification:_identify(external/ipopt/coinbrew/build/Ipopt/3.14.19/src/Apps) by extensions ['colcon_pkg']
[0.112s] Level 1:colcon.colcon_core.package_identification:_identify(external/ipopt/coinbrew/build/Ipopt/3.14.19/src/Apps) by extension 'colcon_pkg'
[0.112s] Level 1:colcon.colcon_core.package_identification:_identify(external/ipopt/coinbrew/build/Ipopt/3.14.19/src/Apps) by extensions ['colcon_meta']
[0.112s] Level 1:colcon.colcon_core.package_identification:_identify(external/ipopt/coinbrew/build/Ipopt/3.14.19/src/Apps) by extension 'colcon_meta'
[0.112s] Level 1:colcon.colcon_core.package_identification:_identify(external/ipopt/coinbrew/build/Ipopt/3.14.19/src/Apps) by extensions ['ros']
[0.112s] Level 1:colcon.colcon_core.package_identification:_identify(external/ipopt/coinbrew/build/Ipopt/3.14.19/src/Apps) by extension 'ros'
[0.112s] Level 1:colcon.colcon_core.package_identification:_identify(external/ipopt/coinbrew/build/Ipopt/3.14.19/src/Apps) by extensions ['cmake', 'python']
[0.112s] Level 1:colcon.colcon_core.package_identification:_identify(external/ipopt/coinbrew/build/Ipopt/3.14.19/src/Apps) by extension 'cmake'
[0.112s] Level 1:colcon.colcon_core.package_identification:_identify(external/ipopt/coinbrew/build/Ipopt/3.14.19/src/Apps) by extension 'python'
[0.112s] Level 1:colcon.colcon_core.package_identification:_identify(external/ipopt/coinbrew/build/Ipopt/3.14.19/src/Apps) by extensions ['python_setup_py']
[0.112s] Level 1:colcon.colcon_core.package_identification:_identify(external/ipopt/coinbrew/build/Ipopt/3.14.19/src/Apps) by extension 'python_setup_py'
[0.112s] Level 1:colcon.colcon_core.package_identification:_identify(external/ipopt/coinbrew/build/Ipopt/3.14.19/src/Apps/AmplSolver) by extensions ['ignore', 'ignore_ament_install']
[0.112s] Level 1:colcon.colcon_core.package_identification:_identify(external/ipopt/coinbrew/build/Ipopt/3.14.19/src/Apps/AmplSolver) by extension 'ignore'
[0.112s] Level 1:colcon.colcon_core.package_identification:_identify(external/ipopt/coinbrew/build/Ipopt/3.14.19/src/Apps/AmplSolver) by extension 'ignore_ament_install'
[0.112s] Level 1:colcon.colcon_core.package_identification:_identify(external/ipopt/coinbrew/build/Ipopt/3.14.19/src/Apps/AmplSolver) by extensions ['colcon_pkg']
[0.112s] Level 1:colcon.colcon_core.package_identification:_identify(external/ipopt/coinbrew/build/Ipopt/3.14.19/src/Apps/AmplSolver) by extension 'colcon_pkg'
[0.112s] Level 1:colcon.colcon_core.package_identification:_identify(external/ipopt/coinbrew/build/Ipopt/3.14.19/src/Apps/AmplSolver) by extensions ['colcon_meta']
[0.112s] Level 1:colcon.colcon_core.package_identification:_identify(external/ipopt/coinbrew/build/Ipopt/3.14.19/src/Apps/AmplSolver) by extension 'colcon_meta'
[0.112s] Level 1:colcon.colcon_core.package_identification:_identify(external/ipopt/coinbrew/build/Ipopt/3.14.19/src/Apps/AmplSolver) by extensions ['ros']
[0.112s] Level 1:colcon.colcon_core.package_identification:_identify(external/ipopt/coinbrew/build/Ipopt/3.14.19/src/Apps/AmplSolver) by extension 'ros'
[0.112s] Level 1:colcon.colcon_core.package_identification:_identify(external/ipopt/coinbrew/build/Ipopt/3.14.19/src/Apps/AmplSolver) by extensions ['cmake', 'python']
[0.112s] Level 1:colcon.colcon_core.package_identification:_identify(external/ipopt/coinbrew/build/Ipopt/3.14.19/src/Apps/AmplSolver) by extension 'cmake'
[0.112s] Level 1:colcon.colcon_core.package_identification:_identify(external/ipopt/coinbrew/build/Ipopt/3.14.19/src/Apps/AmplSolver) by extension 'python'
[0.112s] Level 1:colcon.colcon_core.package_identification:_identify(external/ipopt/coinbrew/build/Ipopt/3.14.19/src/Apps/AmplSolver) by extensions ['python_setup_py']
[0.112s] Level 1:colcon.colcon_core.package_identification:_identify(external/ipopt/coinbrew/build/Ipopt/3.14.19/src/Apps/AmplSolver) by extension 'python_setup_py'
[0.112s] Level 1:colcon.colcon_core.package_identification:_identify(external/ipopt/coinbrew/build/Ipopt/3.14.19/src/Common) by extensions ['ignore', 'ignore_ament_install']
[0.112s] Level 1:colcon.colcon_core.package_identification:_identify(external/ipopt/coinbrew/build/Ipopt/3.14.19/src/Common) by extension 'ignore'
[0.112s] Level 1:colcon.colcon_core.package_identification:_identify(external/ipopt/coinbrew/build/Ipopt/3.14.19/src/Common) by extension 'ignore_ament_install'
[0.112s] Level 1:colcon.colcon_core.package_identification:_identify(external/ipopt/coinbrew/build/Ipopt/3.14.19/src/Common) by extensions ['colcon_pkg']
[0.112s] Level 1:colcon.colcon_core.package_identification:_identify(external/ipopt/coinbrew/build/Ipopt/3.14.19/src/Common) by extension 'colcon_pkg'
[0.112s] Level 1:colcon.colcon_core.package_identification:_identify(external/ipopt/coinbrew/build/Ipopt/3.14.19/src/Common) by extensions ['colcon_meta']
[0.112s] Level 1:colcon.colcon_core.package_identification:_identify(external/ipopt/coinbrew/build/Ipopt/3.14.19/src/Common) by extension 'colcon_meta'
[0.112s] Level 1:colcon.colcon_core.package_identification:_identify(external/ipopt/coinbrew/build/Ipopt/3.14.19/src/Common) by extensions ['ros']
[0.112s] Level 1:colcon.colcon_core.package_identification:_identify(external/ipopt/coinbrew/build/Ipopt/3.14.19/src/Common) by extension 'ros'
[0.113s] Level 1:colcon.colcon_core.package_identification:_identify(external/ipopt/coinbrew/build/Ipopt/3.14.19/src/Common) by extensions ['cmake', 'python']
[0.113s] Level 1:colcon.colcon_core.package_identification:_identify(external/ipopt/coinbrew/build/Ipopt/3.14.19/src/Common) by extension 'cmake'
[0.113s] Level 1:colcon.colcon_core.package_identification:_identify(external/ipopt/coinbrew/build/Ipopt/3.14.19/src/Common) by extension 'python'
[0.113s] Level 1:colcon.colcon_core.package_identification:_identify(external/ipopt/coinbrew/build/Ipopt/3.14.19/src/Common) by extensions ['python_setup_py']
[0.113s] Level 1:colcon.colcon_core.package_identification:_identify(external/ipopt/coinbrew/build/Ipopt/3.14.19/src/Common) by extension 'python_setup_py'
[0.113s] Level 1:colcon.colcon_core.package_identification:_identify(external/ipopt/coinbrew/build/Ipopt/3.14.19/src/Interfaces) by extensions ['ignore', 'ignore_ament_install']
[0.113s] Level 1:colcon.colcon_core.package_identification:_identify(external/ipopt/coinbrew/build/Ipopt/3.14.19/src/Interfaces) by extension 'ignore'
[0.113s] Level 1:colcon.colcon_core.package_identification:_identify(external/ipopt/coinbrew/build/Ipopt/3.14.19/src/Interfaces) by extension 'ignore_ament_install'
[0.113s] Level 1:colcon.colcon_core.package_identification:_identify(external/ipopt/coinbrew/build/Ipopt/3.14.19/src/Interfaces) by extensions ['colcon_pkg']
[0.113s] Level 1:colcon.colcon_core.package_identification:_identify(external/ipopt/coinbrew/build/Ipopt/3.14.19/src/Interfaces) by extension 'colcon_pkg'
[0.113s] Level 1:colcon.colcon_core.package_identification:_identify(external/ipopt/coinbrew/build/Ipopt/3.14.19/src/Interfaces) by extensions ['colcon_meta']
[0.113s] Level 1:colcon.colcon_core.package_identification:_identify(external/ipopt/coinbrew/build/Ipopt/3.14.19/src/Interfaces) by extension 'colcon_meta'
[0.113s] Level 1:colcon.colcon_core.package_identification:_identify(external/ipopt/coinbrew/build/Ipopt/3.14.19/src/Interfaces) by extensions ['ros']
[0.113s] Level 1:colcon.colcon_core.package_identification:_identify(external/ipopt/coinbrew/build/Ipopt/3.14.19/src/Interfaces) by extension 'ros'
[0.113s] Level 1:colcon.colcon_core.package_identification:_identify(external/ipopt/coinbrew/build/Ipopt/3.14.19/src/Interfaces) by extensions ['cmake', 'python']
[0.113s] Level 1:colcon.colcon_core.package_identification:_identify(external/ipopt/coinbrew/build/Ipopt/3.14.19/src/Interfaces) by extension 'cmake'
[0.113s] Level 1:colcon.colcon_core.package_identification:_identify(external/ipopt/coinbrew/build/Ipopt/3.14.19/src/Interfaces) by extension 'python'
[0.113s] Level 1:colcon.colcon_core.package_identification:_identify(external/ipopt/coinbrew/build/Ipopt/3.14.19/src/Interfaces) by extensions ['python_setup_py']
[0.113s] Level 1:colcon.colcon_core.package_identification:_identify(external/ipopt/coinbrew/build/Ipopt/3.14.19/src/Interfaces) by extension 'python_setup_py'
[0.113s] Level 1:colcon.colcon_core.package_identification:_identify(external/ipopt/coinbrew/build/Ipopt/3.14.19/src/LinAlg) by extensions ['ignore', 'ignore_ament_install']
[0.113s] Level 1:colcon.colcon_core.package_identification:_identify(external/ipopt/coinbrew/build/Ipopt/3.14.19/src/LinAlg) by extension 'ignore'
[0.113s] Level 1:colcon.colcon_core.package_identification:_identify(external/ipopt/coinbrew/build/Ipopt/3.14.19/src/LinAlg) by extension 'ignore_ament_install'
[0.113s] Level 1:colcon.colcon_core.package_identification:_identify(external/ipopt/coinbrew/build/Ipopt/3.14.19/src/LinAlg) by extensions ['colcon_pkg']
[0.113s] Level 1:colcon.colcon_core.package_identification:_identify(external/ipopt/coinbrew/build/Ipopt/3.14.19/src/LinAlg) by extension 'colcon_pkg'
[0.113s] Level 1:colcon.colcon_core.package_identification:_identify(external/ipopt/coinbrew/build/Ipopt/3.14.19/src/LinAlg) by extensions ['colcon_meta']
[0.113s] Level 1:colcon.colcon_core.package_identification:_identify(external/ipopt/coinbrew/build/Ipopt/3.14.19/src/LinAlg) by extension 'colcon_meta'
[0.113s] Level 1:colcon.colcon_core.package_identification:_identify(external/ipopt/coinbrew/build/Ipopt/3.14.19/src/LinAlg) by extensions ['ros']
[0.113s] Level 1:colcon.colcon_core.package_identification:_identify(external/ipopt/coinbrew/build/Ipopt/3.14.19/src/LinAlg) by extension 'ros'
[0.113s] Level 1:colcon.colcon_core.package_identification:_identify(external/ipopt/coinbrew/build/Ipopt/3.14.19/src/LinAlg) by extensions ['cmake', 'python']
[0.113s] Level 1:colcon.colcon_core.package_identification:_identify(external/ipopt/coinbrew/build/Ipopt/3.14.19/src/LinAlg) by extension 'cmake'
[0.113s] Level 1:colcon.colcon_core.package_identification:_identify(external/ipopt/coinbrew/build/Ipopt/3.14.19/src/LinAlg) by extension 'python'
[0.113s] Level 1:colcon.colcon_core.package_identification:_identify(external/ipopt/coinbrew/build/Ipopt/3.14.19/src/LinAlg) by extensions ['python_setup_py']
[0.113s] Level 1:colcon.colcon_core.package_identification:_identify(external/ipopt/coinbrew/build/Ipopt/3.14.19/src/LinAlg) by extension 'python_setup_py'
[0.113s] Level 1:colcon.colcon_core.package_identification:_identify(external/ipopt/coinbrew/build/Ipopt/3.14.19/src/LinAlg/TMatrices) by extensions ['ignore', 'ignore_ament_install']
[0.113s] Level 1:colcon.colcon_core.package_identification:_identify(external/ipopt/coinbrew/build/Ipopt/3.14.19/src/LinAlg/TMatrices) by extension 'ignore'
[0.113s] Level 1:colcon.colcon_core.package_identification:_identify(external/ipopt/coinbrew/build/Ipopt/3.14.19/src/LinAlg/TMatrices) by extension 'ignore_ament_install'
[0.113s] Level 1:colcon.colcon_core.package_identification:_identify(external/ipopt/coinbrew/build/Ipopt/3.14.19/src/LinAlg/TMatrices) by extensions ['colcon_pkg']
[0.113s] Level 1:colcon.colcon_core.package_identification:_identify(external/ipopt/coinbrew/build/Ipopt/3.14.19/src/LinAlg/TMatrices) by extension 'colcon_pkg'
[0.113s] Level 1:colcon.colcon_core.package_identification:_identify(external/ipopt/coinbrew/build/Ipopt/3.14.19/src/LinAlg/TMatrices) by extensions ['colcon_meta']
[0.113s] Level 1:colcon.colcon_core.package_identification:_identify(external/ipopt/coinbrew/build/Ipopt/3.14.19/src/LinAlg/TMatrices) by extension 'colcon_meta'
[0.113s] Level 1:colcon.colcon_core.package_identification:_identify(external/ipopt/coinbrew/build/Ipopt/3.14.19/src/LinAlg/TMatrices) by extensions ['ros']
[0.113s] Level 1:colcon.colcon_core.package_identification:_identify(external/ipopt/coinbrew/build/Ipopt/3.14.19/src/LinAlg/TMatrices) by extension 'ros'
[0.113s] Level 1:colcon.colcon_core.package_identification:_identify(external/ipopt/coinbrew/build/Ipopt/3.14.19/src/LinAlg/TMatrices) by extensions ['cmake', 'python']
[0.113s] Level 1:colcon.colcon_core.package_identification:_identify(external/ipopt/coinbrew/build/Ipopt/3.14.19/src/LinAlg/TMatrices) by extension 'cmake'
[0.113s] Level 1:colcon.colcon_core.package_identification:_identify(external/ipopt/coinbrew/build/Ipopt/3.14.19/src/LinAlg/TMatrices) by extension 'python'
[0.113s] Level 1:colcon.colcon_core.package_identification:_identify(external/ipopt/coinbrew/build/Ipopt/3.14.19/src/LinAlg/TMatrices) by extensions ['python_setup_py']
[0.113s] Level 1:colcon.colcon_core.package_identification:_identify(external/ipopt/coinbrew/build/Ipopt/3.14.19/src/LinAlg/TMatrices) by extension 'python_setup_py'
[0.113s] Level 1:colcon.colcon_core.package_identification:_identify(external/ipopt/coinbrew/build/Ipopt/3.14.19/src/contrib) by extensions ['ignore', 'ignore_ament_install']
[0.113s] Level 1:colcon.colcon_core.package_identification:_identify(external/ipopt/coinbrew/build/Ipopt/3.14.19/src/contrib) by extension 'ignore'
[0.113s] Level 1:colcon.colcon_core.package_identification:_identify(external/ipopt/coinbrew/build/Ipopt/3.14.19/src/contrib) by extension 'ignore_ament_install'
[0.113s] Level 1:colcon.colcon_core.package_identification:_identify(external/ipopt/coinbrew/build/Ipopt/3.14.19/src/contrib) by extensions ['colcon_pkg']
[0.113s] Level 1:colcon.colcon_core.package_identification:_identify(external/ipopt/coinbrew/build/Ipopt/3.14.19/src/contrib) by extension 'colcon_pkg'
[0.113s] Level 1:colcon.colcon_core.package_identification:_identify(external/ipopt/coinbrew/build/Ipopt/3.14.19/src/contrib) by extensions ['colcon_meta']
[0.113s] Level 1:colcon.colcon_core.package_identification:_identify(external/ipopt/coinbrew/build/Ipopt/3.14.19/src/contrib) by extension 'colcon_meta'
[0.113s] Level 1:colcon.colcon_core.package_identification:_identify(external/ipopt/coinbrew/build/Ipopt/3.14.19/src/contrib) by extensions ['ros']
[0.113s] Level 1:colcon.colcon_core.package_identification:_identify(external/ipopt/coinbrew/build/Ipopt/3.14.19/src/contrib) by extension 'ros'
[0.113s] Level 1:colcon.colcon_core.package_identification:_identify(external/ipopt/coinbrew/build/Ipopt/3.14.19/src/contrib) by extensions ['cmake', 'python']
[0.113s] Level 1:colcon.colcon_core.package_identification:_identify(external/ipopt/coinbrew/build/Ipopt/3.14.19/src/contrib) by extension 'cmake'
[0.113s] Level 1:colcon.colcon_core.package_identification:_identify(external/ipopt/coinbrew/build/Ipopt/3.14.19/src/contrib) by extension 'python'
[0.113s] Level 1:colcon.colcon_core.package_identification:_identify(external/ipopt/coinbrew/build/Ipopt/3.14.19/src/contrib) by extensions ['python_setup_py']
[0.113s] Level 1:colcon.colcon_core.package_identification:_identify(external/ipopt/coinbrew/build/Ipopt/3.14.19/src/contrib) by extension 'python_setup_py'
[0.113s] Level 1:colcon.colcon_core.package_identification:_identify(external/ipopt/coinbrew/build/Ipopt/3.14.19/src/contrib/CGPenalty) by extensions ['ignore', 'ignore_ament_install']
[0.114s] Level 1:colcon.colcon_core.package_identification:_identify(external/ipopt/coinbrew/build/Ipopt/3.14.19/src/contrib/CGPenalty) by extension 'ignore'
[0.114s] Level 1:colcon.colcon_core.package_identification:_identify(external/ipopt/coinbrew/build/Ipopt/3.14.19/src/contrib/CGPenalty) by extension 'ignore_ament_install'
[0.114s] Level 1:colcon.colcon_core.package_identification:_identify(external/ipopt/coinbrew/build/Ipopt/3.14.19/src/contrib/CGPenalty) by extensions ['colcon_pkg']
[0.114s] Level 1:colcon.colcon_core.package_identification:_identify(external/ipopt/coinbrew/build/Ipopt/3.14.19/src/contrib/CGPenalty) by extension 'colcon_pkg'
[0.114s] Level 1:colcon.colcon_core.package_identification:_identify(external/ipopt/coinbrew/build/Ipopt/3.14.19/src/contrib/CGPenalty) by extensions ['colcon_meta']
[0.114s] Level 1:colcon.colcon_core.package_identification:_identify(external/ipopt/coinbrew/build/Ipopt/3.14.19/src/contrib/CGPenalty) by extension 'colcon_meta'
[0.114s] Level 1:colcon.colcon_core.package_identification:_identify(external/ipopt/coinbrew/build/Ipopt/3.14.19/src/contrib/CGPenalty) by extensions ['ros']
[0.114s] Level 1:colcon.colcon_core.package_identification:_identify(external/ipopt/coinbrew/build/Ipopt/3.14.19/src/contrib/CGPenalty) by extension 'ros'
[0.114s] Level 1:colcon.colcon_core.package_identification:_identify(external/ipopt/coinbrew/build/Ipopt/3.14.19/src/contrib/CGPenalty) by extensions ['cmake', 'python']
[0.114s] Level 1:colcon.colcon_core.package_identification:_identify(external/ipopt/coinbrew/build/Ipopt/3.14.19/src/contrib/CGPenalty) by extension 'cmake'
[0.114s] Level 1:colcon.colcon_core.package_identification:_identify(external/ipopt/coinbrew/build/Ipopt/3.14.19/src/contrib/CGPenalty) by extension 'python'
[0.114s] Level 1:colcon.colcon_core.package_identification:_identify(external/ipopt/coinbrew/build/Ipopt/3.14.19/src/contrib/CGPenalty) by extensions ['python_setup_py']
[0.114s] Level 1:colcon.colcon_core.package_identification:_identify(external/ipopt/coinbrew/build/Ipopt/3.14.19/src/contrib/CGPenalty) by extension 'python_setup_py'
[0.114s] Level 1:colcon.colcon_core.package_identification:_identify(external/ipopt/coinbrew/build/Ipopt/3.14.19/src/org) by extensions ['ignore', 'ignore_ament_install']
[0.114s] Level 1:colcon.colcon_core.package_identification:_identify(external/ipopt/coinbrew/build/Ipopt/3.14.19/src/org) by extension 'ignore'
[0.114s] Level 1:colcon.colcon_core.package_identification:_identify(external/ipopt/coinbrew/build/Ipopt/3.14.19/src/org) by extension 'ignore_ament_install'
[0.114s] Level 1:colcon.colcon_core.package_identification:_identify(external/ipopt/coinbrew/build/Ipopt/3.14.19/src/org) by extensions ['colcon_pkg']
[0.114s] Level 1:colcon.colcon_core.package_identification:_identify(external/ipopt/coinbrew/build/Ipopt/3.14.19/src/org) by extension 'colcon_pkg'
[0.114s] Level 1:colcon.colcon_core.package_identification:_identify(external/ipopt/coinbrew/build/Ipopt/3.14.19/src/org) by extensions ['colcon_meta']
[0.114s] Level 1:colcon.colcon_core.package_identification:_identify(external/ipopt/coinbrew/build/Ipopt/3.14.19/src/org) by extension 'colcon_meta'
[0.114s] Level 1:colcon.colcon_core.package_identification:_identify(external/ipopt/coinbrew/build/Ipopt/3.14.19/src/org) by extensions ['ros']
[0.114s] Level 1:colcon.colcon_core.package_identification:_identify(external/ipopt/coinbrew/build/Ipopt/3.14.19/src/org) by extension 'ros'
[0.114s] Level 1:colcon.colcon_core.package_identification:_identify(external/ipopt/coinbrew/build/Ipopt/3.14.19/src/org) by extensions ['cmake', 'python']
[0.114s] Level 1:colcon.colcon_core.package_identification:_identify(external/ipopt/coinbrew/build/Ipopt/3.14.19/src/org) by extension 'cmake'
[0.114s] Level 1:colcon.colcon_core.package_identification:_identify(external/ipopt/coinbrew/build/Ipopt/3.14.19/src/org) by extension 'python'
[0.114s] Level 1:colcon.colcon_core.package_identification:_identify(external/ipopt/coinbrew/build/Ipopt/3.14.19/src/org) by extensions ['python_setup_py']
[0.114s] Level 1:colcon.colcon_core.package_identification:_identify(external/ipopt/coinbrew/build/Ipopt/3.14.19/src/org) by extension 'python_setup_py'
[0.114s] Level 1:colcon.colcon_core.package_identification:_identify(external/ipopt/coinbrew/build/Ipopt/3.14.19/src/org/coinor) by extensions ['ignore', 'ignore_ament_install']
[0.114s] Level 1:colcon.colcon_core.package_identification:_identify(external/ipopt/coinbrew/build/Ipopt/3.14.19/src/org/coinor) by extension 'ignore'
[0.114s] Level 1:colcon.colcon_core.package_identification:_identify(external/ipopt/coinbrew/build/Ipopt/3.14.19/src/org/coinor) by extension 'ignore_ament_install'
[0.114s] Level 1:colcon.colcon_core.package_identification:_identify(external/ipopt/coinbrew/build/Ipopt/3.14.19/src/org/coinor) by extensions ['colcon_pkg']
[0.114s] Level 1:colcon.colcon_core.package_identification:_identify(external/ipopt/coinbrew/build/Ipopt/3.14.19/src/org/coinor) by extension 'colcon_pkg'
[0.114s] Level 1:colcon.colcon_core.package_identification:_identify(external/ipopt/coinbrew/build/Ipopt/3.14.19/src/org/coinor) by extensions ['colcon_meta']
[0.114s] Level 1:colcon.colcon_core.package_identification:_identify(external/ipopt/coinbrew/build/Ipopt/3.14.19/src/org/coinor) by extension 'colcon_meta'
[0.114s] Level 1:colcon.colcon_core.package_identification:_identify(external/ipopt/coinbrew/build/Ipopt/3.14.19/src/org/coinor) by extensions ['ros']
[0.114s] Level 1:colcon.colcon_core.package_identification:_identify(external/ipopt/coinbrew/build/Ipopt/3.14.19/src/org/coinor) by extension 'ros'
[0.114s] Level 1:colcon.colcon_core.package_identification:_identify(external/ipopt/coinbrew/build/Ipopt/3.14.19/src/org/coinor) by extensions ['cmake', 'python']
[0.114s] Level 1:colcon.colcon_core.package_identification:_identify(external/ipopt/coinbrew/build/Ipopt/3.14.19/src/org/coinor) by extension 'cmake'
[0.114s] Level 1:colcon.colcon_core.package_identification:_identify(external/ipopt/coinbrew/build/Ipopt/3.14.19/src/org/coinor) by extension 'python'
[0.114s] Level 1:colcon.colcon_core.package_identification:_identify(external/ipopt/coinbrew/build/Ipopt/3.14.19/src/org/coinor) by extensions ['python_setup_py']
[0.114s] Level 1:colcon.colcon_core.package_identification:_identify(external/ipopt/coinbrew/build/Ipopt/3.14.19/src/org/coinor) by extension 'python_setup_py'
[0.114s] Level 1:colcon.colcon_core.package_identification:_identify(external/ipopt/coinbrew/build/Ipopt/3.14.19/test) by extensions ['ignore', 'ignore_ament_install']
[0.114s] Level 1:colcon.colcon_core.package_identification:_identify(external/ipopt/coinbrew/build/Ipopt/3.14.19/test) by extension 'ignore'
[0.114s] Level 1:colcon.colcon_core.package_identification:_identify(external/ipopt/coinbrew/build/Ipopt/3.14.19/test) by extension 'ignore_ament_install'
[0.114s] Level 1:colcon.colcon_core.package_identification:_identify(external/ipopt/coinbrew/build/Ipopt/3.14.19/test) by extensions ['colcon_pkg']
[0.114s] Level 1:colcon.colcon_core.package_identification:_identify(external/ipopt/coinbrew/build/Ipopt/3.14.19/test) by extension 'colcon_pkg'
[0.114s] Level 1:colcon.colcon_core.package_identification:_identify(external/ipopt/coinbrew/build/Ipopt/3.14.19/test) by extensions ['colcon_meta']
[0.114s] Level 1:colcon.colcon_core.package_identification:_identify(external/ipopt/coinbrew/build/Ipopt/3.14.19/test) by extension 'colcon_meta'
[0.114s] Level 1:colcon.colcon_core.package_identification:_identify(external/ipopt/coinbrew/build/Ipopt/3.14.19/test) by extensions ['ros']
[0.114s] Level 1:colcon.colcon_core.package_identification:_identify(external/ipopt/coinbrew/build/Ipopt/3.14.19/test) by extension 'ros'
[0.114s] Level 1:colcon.colcon_core.package_identification:_identify(external/ipopt/coinbrew/build/Ipopt/3.14.19/test) by extensions ['cmake', 'python']
[0.114s] Level 1:colcon.colcon_core.package_identification:_identify(external/ipopt/coinbrew/build/Ipopt/3.14.19/test) by extension 'cmake'
[0.114s] Level 1:colcon.colcon_core.package_identification:_identify(external/ipopt/coinbrew/build/Ipopt/3.14.19/test) by extension 'python'
[0.114s] Level 1:colcon.colcon_core.package_identification:_identify(external/ipopt/coinbrew/build/Ipopt/3.14.19/test) by extensions ['python_setup_py']
[0.114s] Level 1:colcon.colcon_core.package_identification:_identify(external/ipopt/coinbrew/build/Ipopt/3.14.19/test) by extension 'python_setup_py'
[0.114s] Level 1:colcon.colcon_core.package_identification:_identify(external/ipopt/coinbrew/build/Ipopt/3.14.19/tutorial) by extensions ['ignore', 'ignore_ament_install']
[0.114s] Level 1:colcon.colcon_core.package_identification:_identify(external/ipopt/coinbrew/build/Ipopt/3.14.19/tutorial) by extension 'ignore'
[0.114s] Level 1:colcon.colcon_core.package_identification:_identify(external/ipopt/coinbrew/build/Ipopt/3.14.19/tutorial) by extension 'ignore_ament_install'
[0.114s] Level 1:colcon.colcon_core.package_identification:_identify(external/ipopt/coinbrew/build/Ipopt/3.14.19/tutorial) by extensions ['colcon_pkg']
[0.114s] Level 1:colcon.colcon_core.package_identification:_identify(external/ipopt/coinbrew/build/Ipopt/3.14.19/tutorial) by extension 'colcon_pkg'
[0.114s] Level 1:colcon.colcon_core.package_identification:_identify(external/ipopt/coinbrew/build/Ipopt/3.14.19/tutorial) by extensions ['colcon_meta']
[0.114s] Level 1:colcon.colcon_core.package_identification:_identify(external/ipopt/coinbrew/build/Ipopt/3.14.19/tutorial) by extension 'colcon_meta'
[0.115s] Level 1:colcon.colcon_core.package_identification:_identify(external/ipopt/coinbrew/build/Ipopt/3.14.19/tutorial) by extensions ['ros']
[0.115s] Level 1:colcon.colcon_core.package_identification:_identify(external/ipopt/coinbrew/build/Ipopt/3.14.19/tutorial) by extension 'ros'
[0.115s] Level 1:colcon.colcon_core.package_identification:_identify(external/ipopt/coinbrew/build/Ipopt/3.14.19/tutorial) by extensions ['cmake', 'python']
[0.115s] Level 1:colcon.colcon_core.package_identification:_identify(external/ipopt/coinbrew/build/Ipopt/3.14.19/tutorial) by extension 'cmake'
[0.115s] Level 1:colcon.colcon_core.package_identification:_identify(external/ipopt/coinbrew/build/Ipopt/3.14.19/tutorial) by extension 'python'
[0.115s] Level 1:colcon.colcon_core.package_identification:_identify(external/ipopt/coinbrew/build/Ipopt/3.14.19/tutorial) by extensions ['python_setup_py']
[0.115s] Level 1:colcon.colcon_core.package_identification:_identify(external/ipopt/coinbrew/build/Ipopt/3.14.19/tutorial) by extension 'python_setup_py'
[0.115s] Level 1:colcon.colcon_core.package_identification:_identify(external/ipopt/coinbrew/build/Ipopt/3.14.19/tutorial/AmplExperiments) by extensions ['ignore', 'ignore_ament_install']
[0.115s] Level 1:colcon.colcon_core.package_identification:_identify(external/ipopt/coinbrew/build/Ipopt/3.14.19/tutorial/AmplExperiments) by extension 'ignore'
[0.115s] Level 1:colcon.colcon_core.package_identification:_identify(external/ipopt/coinbrew/build/Ipopt/3.14.19/tutorial/AmplExperiments) by extension 'ignore_ament_install'
[0.115s] Level 1:colcon.colcon_core.package_identification:_identify(external/ipopt/coinbrew/build/Ipopt/3.14.19/tutorial/AmplExperiments) by extensions ['colcon_pkg']
[0.115s] Level 1:colcon.colcon_core.package_identification:_identify(external/ipopt/coinbrew/build/Ipopt/3.14.19/tutorial/AmplExperiments) by extension 'colcon_pkg'
[0.115s] Level 1:colcon.colcon_core.package_identification:_identify(external/ipopt/coinbrew/build/Ipopt/3.14.19/tutorial/AmplExperiments) by extensions ['colcon_meta']
[0.115s] Level 1:colcon.colcon_core.package_identification:_identify(external/ipopt/coinbrew/build/Ipopt/3.14.19/tutorial/AmplExperiments) by extension 'colcon_meta'
[0.115s] Level 1:colcon.colcon_core.package_identification:_identify(external/ipopt/coinbrew/build/Ipopt/3.14.19/tutorial/AmplExperiments) by extensions ['ros']
[0.115s] Level 1:colcon.colcon_core.package_identification:_identify(external/ipopt/coinbrew/build/Ipopt/3.14.19/tutorial/AmplExperiments) by extension 'ros'
[0.115s] Level 1:colcon.colcon_core.package_identification:_identify(external/ipopt/coinbrew/build/Ipopt/3.14.19/tutorial/AmplExperiments) by extensions ['cmake', 'python']
[0.115s] Level 1:colcon.colcon_core.package_identification:_identify(external/ipopt/coinbrew/build/Ipopt/3.14.19/tutorial/AmplExperiments) by extension 'cmake'
[0.115s] Level 1:colcon.colcon_core.package_identification:_identify(external/ipopt/coinbrew/build/Ipopt/3.14.19/tutorial/AmplExperiments) by extension 'python'
[0.115s] Level 1:colcon.colcon_core.package_identification:_identify(external/ipopt/coinbrew/build/Ipopt/3.14.19/tutorial/AmplExperiments) by extensions ['python_setup_py']
[0.115s] Level 1:colcon.colcon_core.package_identification:_identify(external/ipopt/coinbrew/build/Ipopt/3.14.19/tutorial/AmplExperiments) by extension 'python_setup_py'
[0.115s] Level 1:colcon.colcon_core.package_identification:_identify(external/ipopt/coinbrew/build/Ipopt/3.14.19/tutorial/CodingExercise) by extensions ['ignore', 'ignore_ament_install']
[0.115s] Level 1:colcon.colcon_core.package_identification:_identify(external/ipopt/coinbrew/build/Ipopt/3.14.19/tutorial/CodingExercise) by extension 'ignore'
[0.115s] Level 1:colcon.colcon_core.package_identification:_identify(external/ipopt/coinbrew/build/Ipopt/3.14.19/tutorial/CodingExercise) by extension 'ignore_ament_install'
[0.115s] Level 1:colcon.colcon_core.package_identification:_identify(external/ipopt/coinbrew/build/Ipopt/3.14.19/tutorial/CodingExercise) by extensions ['colcon_pkg']
[0.115s] Level 1:colcon.colcon_core.package_identification:_identify(external/ipopt/coinbrew/build/Ipopt/3.14.19/tutorial/CodingExercise) by extension 'colcon_pkg'
[0.115s] Level 1:colcon.colcon_core.package_identification:_identify(external/ipopt/coinbrew/build/Ipopt/3.14.19/tutorial/CodingExercise) by extensions ['colcon_meta']
[0.115s] Level 1:colcon.colcon_core.package_identification:_identify(external/ipopt/coinbrew/build/Ipopt/3.14.19/tutorial/CodingExercise) by extension 'colcon_meta'
[0.115s] Level 1:colcon.colcon_core.package_identification:_identify(external/ipopt/coinbrew/build/Ipopt/3.14.19/tutorial/CodingExercise) by extensions ['ros']
[0.115s] Level 1:colcon.colcon_core.package_identification:_identify(external/ipopt/coinbrew/build/Ipopt/3.14.19/tutorial/CodingExercise) by extension 'ros'
[0.115s] Level 1:colcon.colcon_core.package_identification:_identify(external/ipopt/coinbrew/build/Ipopt/3.14.19/tutorial/CodingExercise) by extensions ['cmake', 'python']
[0.115s] Level 1:colcon.colcon_core.package_identification:_identify(external/ipopt/coinbrew/build/Ipopt/3.14.19/tutorial/CodingExercise) by extension 'cmake'
[0.115s] Level 1:colcon.colcon_core.package_identification:_identify(external/ipopt/coinbrew/build/Ipopt/3.14.19/tutorial/CodingExercise) by extension 'python'
[0.115s] Level 1:colcon.colcon_core.package_identification:_identify(external/ipopt/coinbrew/build/Ipopt/3.14.19/tutorial/CodingExercise) by extensions ['python_setup_py']
[0.115s] Level 1:colcon.colcon_core.package_identification:_identify(external/ipopt/coinbrew/build/Ipopt/3.14.19/tutorial/CodingExercise) by extension 'python_setup_py'
[0.115s] Level 1:colcon.colcon_core.package_identification:_identify(external/ipopt/coinbrew/build/Ipopt/3.14.19/tutorial/CodingExercise/C) by extensions ['ignore', 'ignore_ament_install']
[0.115s] Level 1:colcon.colcon_core.package_identification:_identify(external/ipopt/coinbrew/build/Ipopt/3.14.19/tutorial/CodingExercise/C) by extension 'ignore'
[0.115s] Level 1:colcon.colcon_core.package_identification:_identify(external/ipopt/coinbrew/build/Ipopt/3.14.19/tutorial/CodingExercise/C) by extension 'ignore_ament_install'
[0.115s] Level 1:colcon.colcon_core.package_identification:_identify(external/ipopt/coinbrew/build/Ipopt/3.14.19/tutorial/CodingExercise/C) by extensions ['colcon_pkg']
[0.115s] Level 1:colcon.colcon_core.package_identification:_identify(external/ipopt/coinbrew/build/Ipopt/3.14.19/tutorial/CodingExercise/C) by extension 'colcon_pkg'
[0.115s] Level 1:colcon.colcon_core.package_identification:_identify(external/ipopt/coinbrew/build/Ipopt/3.14.19/tutorial/CodingExercise/C) by extensions ['colcon_meta']
[0.115s] Level 1:colcon.colcon_core.package_identification:_identify(external/ipopt/coinbrew/build/Ipopt/3.14.19/tutorial/CodingExercise/C) by extension 'colcon_meta'
[0.115s] Level 1:colcon.colcon_core.package_identification:_identify(external/ipopt/coinbrew/build/Ipopt/3.14.19/tutorial/CodingExercise/C) by extensions ['ros']
[0.115s] Level 1:colcon.colcon_core.package_identification:_identify(external/ipopt/coinbrew/build/Ipopt/3.14.19/tutorial/CodingExercise/C) by extension 'ros'
[0.115s] Level 1:colcon.colcon_core.package_identification:_identify(external/ipopt/coinbrew/build/Ipopt/3.14.19/tutorial/CodingExercise/C) by extensions ['cmake', 'python']
[0.115s] Level 1:colcon.colcon_core.package_identification:_identify(external/ipopt/coinbrew/build/Ipopt/3.14.19/tutorial/CodingExercise/C) by extension 'cmake'
[0.115s] Level 1:colcon.colcon_core.package_identification:_identify(external/ipopt/coinbrew/build/Ipopt/3.14.19/tutorial/CodingExercise/C) by extension 'python'
[0.115s] Level 1:colcon.colcon_core.package_identification:_identify(external/ipopt/coinbrew/build/Ipopt/3.14.19/tutorial/CodingExercise/C) by extensions ['python_setup_py']
[0.115s] Level 1:colcon.colcon_core.package_identification:_identify(external/ipopt/coinbrew/build/Ipopt/3.14.19/tutorial/CodingExercise/C) by extension 'python_setup_py'
[0.115s] Level 1:colcon.colcon_core.package_identification:_identify(external/ipopt/coinbrew/build/Ipopt/3.14.19/tutorial/CodingExercise/C/1-skeleton) by extensions ['ignore', 'ignore_ament_install']
[0.115s] Level 1:colcon.colcon_core.package_identification:_identify(external/ipopt/coinbrew/build/Ipopt/3.14.19/tutorial/CodingExercise/C/1-skeleton) by extension 'ignore'
[0.115s] Level 1:colcon.colcon_core.package_identification:_identify(external/ipopt/coinbrew/build/Ipopt/3.14.19/tutorial/CodingExercise/C/1-skeleton) by extension 'ignore_ament_install'
[0.115s] Level 1:colcon.colcon_core.package_identification:_identify(external/ipopt/coinbrew/build/Ipopt/3.14.19/tutorial/CodingExercise/C/1-skeleton) by extensions ['colcon_pkg']
[0.115s] Level 1:colcon.colcon_core.package_identification:_identify(external/ipopt/coinbrew/build/Ipopt/3.14.19/tutorial/CodingExercise/C/1-skeleton) by extension 'colcon_pkg'
[0.115s] Level 1:colcon.colcon_core.package_identification:_identify(external/ipopt/coinbrew/build/Ipopt/3.14.19/tutorial/CodingExercise/C/1-skeleton) by extensions ['colcon_meta']
[0.115s] Level 1:colcon.colcon_core.package_identification:_identify(external/ipopt/coinbrew/build/Ipopt/3.14.19/tutorial/CodingExercise/C/1-skeleton) by extension 'colcon_meta'
[0.115s] Level 1:colcon.colcon_core.package_identification:_identify(external/ipopt/coinbrew/build/Ipopt/3.14.19/tutorial/CodingExercise/C/1-skeleton) by extensions ['ros']
[0.115s] Level 1:colcon.colcon_core.package_identification:_identify(external/ipopt/coinbrew/build/Ipopt/3.14.19/tutorial/CodingExercise/C/1-skeleton) by extension 'ros'
[0.115s] Level 1:colcon.colcon_core.package_identification:_identify(external/ipopt/coinbrew/build/Ipopt/3.14.19/tutorial/CodingExercise/C/1-skeleton) by extensions ['cmake', 'python']
[0.115s] Level 1:colcon.colcon_core.package_identification:_identify(external/ipopt/coinbrew/build/Ipopt/3.14.19/tutorial/CodingExercise/C/1-skeleton) by extension 'cmake'
[0.115s] Level 1:colcon.colcon_core.package_identification:_identify(external/ipopt/coinbrew/build/Ipopt/3.14.19/tutorial/CodingExercise/C/1-skeleton) by extension 'python'
[0.115s] Level 1:colcon.colcon_core.package_identification:_identify(external/ipopt/coinbrew/build/Ipopt/3.14.19/tutorial/CodingExercise/C/1-skeleton) by extensions ['python_setup_py']
[0.115s] Level 1:colcon.colcon_core.package_identification:_identify(external/ipopt/coinbrew/build/Ipopt/3.14.19/tutorial/CodingExercise/C/1-skeleton) by extension 'python_setup_py'
[0.116s] Level 1:colcon.colcon_core.package_identification:_identify(external/ipopt/coinbrew/build/Ipopt/3.14.19/tutorial/CodingExercise/C/2-mistake) by extensions ['ignore', 'ignore_ament_install']
[0.116s] Level 1:colcon.colcon_core.package_identification:_identify(external/ipopt/coinbrew/build/Ipopt/3.14.19/tutorial/CodingExercise/C/2-mistake) by extension 'ignore'
[0.116s] Level 1:colcon.colcon_core.package_identification:_identify(external/ipopt/coinbrew/build/Ipopt/3.14.19/tutorial/CodingExercise/C/2-mistake) by extension 'ignore_ament_install'
[0.116s] Level 1:colcon.colcon_core.package_identification:_identify(external/ipopt/coinbrew/build/Ipopt/3.14.19/tutorial/CodingExercise/C/2-mistake) by extensions ['colcon_pkg']
[0.116s] Level 1:colcon.colcon_core.package_identification:_identify(external/ipopt/coinbrew/build/Ipopt/3.14.19/tutorial/CodingExercise/C/2-mistake) by extension 'colcon_pkg'
[0.116s] Level 1:colcon.colcon_core.package_identification:_identify(external/ipopt/coinbrew/build/Ipopt/3.14.19/tutorial/CodingExercise/C/2-mistake) by extensions ['colcon_meta']
[0.116s] Level 1:colcon.colcon_core.package_identification:_identify(external/ipopt/coinbrew/build/Ipopt/3.14.19/tutorial/CodingExercise/C/2-mistake) by extension 'colcon_meta'
[0.116s] Level 1:colcon.colcon_core.package_identification:_identify(external/ipopt/coinbrew/build/Ipopt/3.14.19/tutorial/CodingExercise/C/2-mistake) by extensions ['ros']
[0.116s] Level 1:colcon.colcon_core.package_identification:_identify(external/ipopt/coinbrew/build/Ipopt/3.14.19/tutorial/CodingExercise/C/2-mistake) by extension 'ros'
[0.116s] Level 1:colcon.colcon_core.package_identification:_identify(external/ipopt/coinbrew/build/Ipopt/3.14.19/tutorial/CodingExercise/C/2-mistake) by extensions ['cmake', 'python']
[0.116s] Level 1:colcon.colcon_core.package_identification:_identify(external/ipopt/coinbrew/build/Ipopt/3.14.19/tutorial/CodingExercise/C/2-mistake) by extension 'cmake'
[0.116s] Level 1:colcon.colcon_core.package_identification:_identify(external/ipopt/coinbrew/build/Ipopt/3.14.19/tutorial/CodingExercise/C/2-mistake) by extension 'python'
[0.116s] Level 1:colcon.colcon_core.package_identification:_identify(external/ipopt/coinbrew/build/Ipopt/3.14.19/tutorial/CodingExercise/C/2-mistake) by extensions ['python_setup_py']
[0.116s] Level 1:colcon.colcon_core.package_identification:_identify(external/ipopt/coinbrew/build/Ipopt/3.14.19/tutorial/CodingExercise/C/2-mistake) by extension 'python_setup_py'
[0.116s] Level 1:colcon.colcon_core.package_identification:_identify(external/ipopt/coinbrew/build/Ipopt/3.14.19/tutorial/CodingExercise/C/3-solution) by extensions ['ignore', 'ignore_ament_install']
[0.116s] Level 1:colcon.colcon_core.package_identification:_identify(external/ipopt/coinbrew/build/Ipopt/3.14.19/tutorial/CodingExercise/C/3-solution) by extension 'ignore'
[0.116s] Level 1:colcon.colcon_core.package_identification:_identify(external/ipopt/coinbrew/build/Ipopt/3.14.19/tutorial/CodingExercise/C/3-solution) by extension 'ignore_ament_install'
[0.116s] Level 1:colcon.colcon_core.package_identification:_identify(external/ipopt/coinbrew/build/Ipopt/3.14.19/tutorial/CodingExercise/C/3-solution) by extensions ['colcon_pkg']
[0.116s] Level 1:colcon.colcon_core.package_identification:_identify(external/ipopt/coinbrew/build/Ipopt/3.14.19/tutorial/CodingExercise/C/3-solution) by extension 'colcon_pkg'
[0.116s] Level 1:colcon.colcon_core.package_identification:_identify(external/ipopt/coinbrew/build/Ipopt/3.14.19/tutorial/CodingExercise/C/3-solution) by extensions ['colcon_meta']
[0.116s] Level 1:colcon.colcon_core.package_identification:_identify(external/ipopt/coinbrew/build/Ipopt/3.14.19/tutorial/CodingExercise/C/3-solution) by extension 'colcon_meta'
[0.116s] Level 1:colcon.colcon_core.package_identification:_identify(external/ipopt/coinbrew/build/Ipopt/3.14.19/tutorial/CodingExercise/C/3-solution) by extensions ['ros']
[0.116s] Level 1:colcon.colcon_core.package_identification:_identify(external/ipopt/coinbrew/build/Ipopt/3.14.19/tutorial/CodingExercise/C/3-solution) by extension 'ros'
[0.116s] Level 1:colcon.colcon_core.package_identification:_identify(external/ipopt/coinbrew/build/Ipopt/3.14.19/tutorial/CodingExercise/C/3-solution) by extensions ['cmake', 'python']
[0.116s] Level 1:colcon.colcon_core.package_identification:_identify(external/ipopt/coinbrew/build/Ipopt/3.14.19/tutorial/CodingExercise/C/3-solution) by extension 'cmake'
[0.116s] Level 1:colcon.colcon_core.package_identification:_identify(external/ipopt/coinbrew/build/Ipopt/3.14.19/tutorial/CodingExercise/C/3-solution) by extension 'python'
[0.116s] Level 1:colcon.colcon_core.package_identification:_identify(external/ipopt/coinbrew/build/Ipopt/3.14.19/tutorial/CodingExercise/C/3-solution) by extensions ['python_setup_py']
[0.116s] Level 1:colcon.colcon_core.package_identification:_identify(external/ipopt/coinbrew/build/Ipopt/3.14.19/tutorial/CodingExercise/C/3-solution) by extension 'python_setup_py'
[0.116s] Level 1:colcon.colcon_core.package_identification:_identify(external/ipopt/coinbrew/build/Ipopt/3.14.19/tutorial/CodingExercise/Cpp) by extensions ['ignore', 'ignore_ament_install']
[0.116s] Level 1:colcon.colcon_core.package_identification:_identify(external/ipopt/coinbrew/build/Ipopt/3.14.19/tutorial/CodingExercise/Cpp) by extension 'ignore'
[0.116s] Level 1:colcon.colcon_core.package_identification:_identify(external/ipopt/coinbrew/build/Ipopt/3.14.19/tutorial/CodingExercise/Cpp) by extension 'ignore_ament_install'
[0.116s] Level 1:colcon.colcon_core.package_identification:_identify(external/ipopt/coinbrew/build/Ipopt/3.14.19/tutorial/CodingExercise/Cpp) by extensions ['colcon_pkg']
[0.116s] Level 1:colcon.colcon_core.package_identification:_identify(external/ipopt/coinbrew/build/Ipopt/3.14.19/tutorial/CodingExercise/Cpp) by extension 'colcon_pkg'
[0.116s] Level 1:colcon.colcon_core.package_identification:_identify(external/ipopt/coinbrew/build/Ipopt/3.14.19/tutorial/CodingExercise/Cpp) by extensions ['colcon_meta']
[0.116s] Level 1:colcon.colcon_core.package_identification:_identify(external/ipopt/coinbrew/build/Ipopt/3.14.19/tutorial/CodingExercise/Cpp) by extension 'colcon_meta'
[0.116s] Level 1:colcon.colcon_core.package_identification:_identify(external/ipopt/coinbrew/build/Ipopt/3.14.19/tutorial/CodingExercise/Cpp) by extensions ['ros']
[0.116s] Level 1:colcon.colcon_core.package_identification:_identify(external/ipopt/coinbrew/build/Ipopt/3.14.19/tutorial/CodingExercise/Cpp) by extension 'ros'
[0.116s] Level 1:colcon.colcon_core.package_identification:_identify(external/ipopt/coinbrew/build/Ipopt/3.14.19/tutorial/CodingExercise/Cpp) by extensions ['cmake', 'python']
[0.116s] Level 1:colcon.colcon_core.package_identification:_identify(external/ipopt/coinbrew/build/Ipopt/3.14.19/tutorial/CodingExercise/Cpp) by extension 'cmake'
[0.116s] Level 1:colcon.colcon_core.package_identification:_identify(external/ipopt/coinbrew/build/Ipopt/3.14.19/tutorial/CodingExercise/Cpp) by extension 'python'
[0.116s] Level 1:colcon.colcon_core.package_identification:_identify(external/ipopt/coinbrew/build/Ipopt/3.14.19/tutorial/CodingExercise/Cpp) by extensions ['python_setup_py']
[0.116s] Level 1:colcon.colcon_core.package_identification:_identify(external/ipopt/coinbrew/build/Ipopt/3.14.19/tutorial/CodingExercise/Cpp) by extension 'python_setup_py'
[0.116s] Level 1:colcon.colcon_core.package_identification:_identify(external/ipopt/coinbrew/build/Ipopt/3.14.19/tutorial/CodingExercise/Cpp/1-skeleton) by extensions ['ignore', 'ignore_ament_install']
[0.116s] Level 1:colcon.colcon_core.package_identification:_identify(external/ipopt/coinbrew/build/Ipopt/3.14.19/tutorial/CodingExercise/Cpp/1-skeleton) by extension 'ignore'
[0.116s] Level 1:colcon.colcon_core.package_identification:_identify(external/ipopt/coinbrew/build/Ipopt/3.14.19/tutorial/CodingExercise/Cpp/1-skeleton) by extension 'ignore_ament_install'
[0.116s] Level 1:colcon.colcon_core.package_identification:_identify(external/ipopt/coinbrew/build/Ipopt/3.14.19/tutorial/CodingExercise/Cpp/1-skeleton) by extensions ['colcon_pkg']
[0.116s] Level 1:colcon.colcon_core.package_identification:_identify(external/ipopt/coinbrew/build/Ipopt/3.14.19/tutorial/CodingExercise/Cpp/1-skeleton) by extension 'colcon_pkg'
[0.116s] Level 1:colcon.colcon_core.package_identification:_identify(external/ipopt/coinbrew/build/Ipopt/3.14.19/tutorial/CodingExercise/Cpp/1-skeleton) by extensions ['colcon_meta']
[0.116s] Level 1:colcon.colcon_core.package_identification:_identify(external/ipopt/coinbrew/build/Ipopt/3.14.19/tutorial/CodingExercise/Cpp/1-skeleton) by extension 'colcon_meta'
[0.116s] Level 1:colcon.colcon_core.package_identification:_identify(external/ipopt/coinbrew/build/Ipopt/3.14.19/tutorial/CodingExercise/Cpp/1-skeleton) by extensions ['ros']
[0.116s] Level 1:colcon.colcon_core.package_identification:_identify(external/ipopt/coinbrew/build/Ipopt/3.14.19/tutorial/CodingExercise/Cpp/1-skeleton) by extension 'ros'
[0.116s] Level 1:colcon.colcon_core.package_identification:_identify(external/ipopt/coinbrew/build/Ipopt/3.14.19/tutorial/CodingExercise/Cpp/1-skeleton) by extensions ['cmake', 'python']
[0.116s] Level 1:colcon.colcon_core.package_identification:_identify(external/ipopt/coinbrew/build/Ipopt/3.14.19/tutorial/CodingExercise/Cpp/1-skeleton) by extension 'cmake'
[0.116s] Level 1:colcon.colcon_core.package_identification:_identify(external/ipopt/coinbrew/build/Ipopt/3.14.19/tutorial/CodingExercise/Cpp/1-skeleton) by extension 'python'
[0.116s] Level 1:colcon.colcon_core.package_identification:_identify(external/ipopt/coinbrew/build/Ipopt/3.14.19/tutorial/CodingExercise/Cpp/1-skeleton) by extensions ['python_setup_py']
[0.116s] Level 1:colcon.colcon_core.package_identification:_identify(external/ipopt/coinbrew/build/Ipopt/3.14.19/tutorial/CodingExercise/Cpp/1-skeleton) by extension 'python_setup_py'
[0.116s] Level 1:colcon.colcon_core.package_identification:_identify(external/ipopt/coinbrew/build/Ipopt/3.14.19/tutorial/CodingExercise/Cpp/2-mistake) by extensions ['ignore', 'ignore_ament_install']
[0.116s] Level 1:colcon.colcon_core.package_identification:_identify(external/ipopt/coinbrew/build/Ipopt/3.14.19/tutorial/CodingExercise/Cpp/2-mistake) by extension 'ignore'
[0.117s] Level 1:colcon.colcon_core.package_identification:_identify(external/ipopt/coinbrew/build/Ipopt/3.14.19/tutorial/CodingExercise/Cpp/2-mistake) by extension 'ignore_ament_install'
[0.117s] Level 1:colcon.colcon_core.package_identification:_identify(external/ipopt/coinbrew/build/Ipopt/3.14.19/tutorial/CodingExercise/Cpp/2-mistake) by extensions ['colcon_pkg']
[0.117s] Level 1:colcon.colcon_core.package_identification:_identify(external/ipopt/coinbrew/build/Ipopt/3.14.19/tutorial/CodingExercise/Cpp/2-mistake) by extension 'colcon_pkg'
[0.117s] Level 1:colcon.colcon_core.package_identification:_identify(external/ipopt/coinbrew/build/Ipopt/3.14.19/tutorial/CodingExercise/Cpp/2-mistake) by extensions ['colcon_meta']
[0.117s] Level 1:colcon.colcon_core.package_identification:_identify(external/ipopt/coinbrew/build/Ipopt/3.14.19/tutorial/CodingExercise/Cpp/2-mistake) by extension 'colcon_meta'
[0.117s] Level 1:colcon.colcon_core.package_identification:_identify(external/ipopt/coinbrew/build/Ipopt/3.14.19/tutorial/CodingExercise/Cpp/2-mistake) by extensions ['ros']
[0.117s] Level 1:colcon.colcon_core.package_identification:_identify(external/ipopt/coinbrew/build/Ipopt/3.14.19/tutorial/CodingExercise/Cpp/2-mistake) by extension 'ros'
[0.117s] Level 1:colcon.colcon_core.package_identification:_identify(external/ipopt/coinbrew/build/Ipopt/3.14.19/tutorial/CodingExercise/Cpp/2-mistake) by extensions ['cmake', 'python']
[0.117s] Level 1:colcon.colcon_core.package_identification:_identify(external/ipopt/coinbrew/build/Ipopt/3.14.19/tutorial/CodingExercise/Cpp/2-mistake) by extension 'cmake'
[0.117s] Level 1:colcon.colcon_core.package_identification:_identify(external/ipopt/coinbrew/build/Ipopt/3.14.19/tutorial/CodingExercise/Cpp/2-mistake) by extension 'python'
[0.117s] Level 1:colcon.colcon_core.package_identification:_identify(external/ipopt/coinbrew/build/Ipopt/3.14.19/tutorial/CodingExercise/Cpp/2-mistake) by extensions ['python_setup_py']
[0.117s] Level 1:colcon.colcon_core.package_identification:_identify(external/ipopt/coinbrew/build/Ipopt/3.14.19/tutorial/CodingExercise/Cpp/2-mistake) by extension 'python_setup_py'
[0.117s] Level 1:colcon.colcon_core.package_identification:_identify(external/ipopt/coinbrew/build/Ipopt/3.14.19/tutorial/CodingExercise/Cpp/3-solution) by extensions ['ignore', 'ignore_ament_install']
[0.117s] Level 1:colcon.colcon_core.package_identification:_identify(external/ipopt/coinbrew/build/Ipopt/3.14.19/tutorial/CodingExercise/Cpp/3-solution) by extension 'ignore'
[0.117s] Level 1:colcon.colcon_core.package_identification:_identify(external/ipopt/coinbrew/build/Ipopt/3.14.19/tutorial/CodingExercise/Cpp/3-solution) by extension 'ignore_ament_install'
[0.117s] Level 1:colcon.colcon_core.package_identification:_identify(external/ipopt/coinbrew/build/Ipopt/3.14.19/tutorial/CodingExercise/Cpp/3-solution) by extensions ['colcon_pkg']
[0.117s] Level 1:colcon.colcon_core.package_identification:_identify(external/ipopt/coinbrew/build/Ipopt/3.14.19/tutorial/CodingExercise/Cpp/3-solution) by extension 'colcon_pkg'
[0.117s] Level 1:colcon.colcon_core.package_identification:_identify(external/ipopt/coinbrew/build/Ipopt/3.14.19/tutorial/CodingExercise/Cpp/3-solution) by extensions ['colcon_meta']
[0.117s] Level 1:colcon.colcon_core.package_identification:_identify(external/ipopt/coinbrew/build/Ipopt/3.14.19/tutorial/CodingExercise/Cpp/3-solution) by extension 'colcon_meta'
[0.117s] Level 1:colcon.colcon_core.package_identification:_identify(external/ipopt/coinbrew/build/Ipopt/3.14.19/tutorial/CodingExercise/Cpp/3-solution) by extensions ['ros']
[0.117s] Level 1:colcon.colcon_core.package_identification:_identify(external/ipopt/coinbrew/build/Ipopt/3.14.19/tutorial/CodingExercise/Cpp/3-solution) by extension 'ros'
[0.117s] Level 1:colcon.colcon_core.package_identification:_identify(external/ipopt/coinbrew/build/Ipopt/3.14.19/tutorial/CodingExercise/Cpp/3-solution) by extensions ['cmake', 'python']
[0.117s] Level 1:colcon.colcon_core.package_identification:_identify(external/ipopt/coinbrew/build/Ipopt/3.14.19/tutorial/CodingExercise/Cpp/3-solution) by extension 'cmake'
[0.117s] Level 1:colcon.colcon_core.package_identification:_identify(external/ipopt/coinbrew/build/Ipopt/3.14.19/tutorial/CodingExercise/Cpp/3-solution) by extension 'python'
[0.117s] Level 1:colcon.colcon_core.package_identification:_identify(external/ipopt/coinbrew/build/Ipopt/3.14.19/tutorial/CodingExercise/Cpp/3-solution) by extensions ['python_setup_py']
[0.117s] Level 1:colcon.colcon_core.package_identification:_identify(external/ipopt/coinbrew/build/Ipopt/3.14.19/tutorial/CodingExercise/Cpp/3-solution) by extension 'python_setup_py'
[0.117s] Level 1:colcon.colcon_core.package_identification:_identify(external/ipopt/coinbrew/build/Ipopt/3.14.19/tutorial/CodingExercise/Fortran) by extensions ['ignore', 'ignore_ament_install']
[0.117s] Level 1:colcon.colcon_core.package_identification:_identify(external/ipopt/coinbrew/build/Ipopt/3.14.19/tutorial/CodingExercise/Fortran) by extension 'ignore'
[0.117s] Level 1:colcon.colcon_core.package_identification:_identify(external/ipopt/coinbrew/build/Ipopt/3.14.19/tutorial/CodingExercise/Fortran) by extension 'ignore_ament_install'
[0.117s] Level 1:colcon.colcon_core.package_identification:_identify(external/ipopt/coinbrew/build/Ipopt/3.14.19/tutorial/CodingExercise/Fortran) by extensions ['colcon_pkg']
[0.117s] Level 1:colcon.colcon_core.package_identification:_identify(external/ipopt/coinbrew/build/Ipopt/3.14.19/tutorial/CodingExercise/Fortran) by extension 'colcon_pkg'
[0.117s] Level 1:colcon.colcon_core.package_identification:_identify(external/ipopt/coinbrew/build/Ipopt/3.14.19/tutorial/CodingExercise/Fortran) by extensions ['colcon_meta']
[0.117s] Level 1:colcon.colcon_core.package_identification:_identify(external/ipopt/coinbrew/build/Ipopt/3.14.19/tutorial/CodingExercise/Fortran) by extension 'colcon_meta'
[0.117s] Level 1:colcon.colcon_core.package_identification:_identify(external/ipopt/coinbrew/build/Ipopt/3.14.19/tutorial/CodingExercise/Fortran) by extensions ['ros']
[0.117s] Level 1:colcon.colcon_core.package_identification:_identify(external/ipopt/coinbrew/build/Ipopt/3.14.19/tutorial/CodingExercise/Fortran) by extension 'ros'
[0.117s] Level 1:colcon.colcon_core.package_identification:_identify(external/ipopt/coinbrew/build/Ipopt/3.14.19/tutorial/CodingExercise/Fortran) by extensions ['cmake', 'python']
[0.117s] Level 1:colcon.colcon_core.package_identification:_identify(external/ipopt/coinbrew/build/Ipopt/3.14.19/tutorial/CodingExercise/Fortran) by extension 'cmake'
[0.117s] Level 1:colcon.colcon_core.package_identification:_identify(external/ipopt/coinbrew/build/Ipopt/3.14.19/tutorial/CodingExercise/Fortran) by extension 'python'
[0.117s] Level 1:colcon.colcon_core.package_identification:_identify(external/ipopt/coinbrew/build/Ipopt/3.14.19/tutorial/CodingExercise/Fortran) by extensions ['python_setup_py']
[0.117s] Level 1:colcon.colcon_core.package_identification:_identify(external/ipopt/coinbrew/build/Ipopt/3.14.19/tutorial/CodingExercise/Fortran) by extension 'python_setup_py'
[0.117s] Level 1:colcon.colcon_core.package_identification:_identify(external/ipopt/coinbrew/build/Ipopt/3.14.19/tutorial/CodingExercise/Fortran/1-skeleton) by extensions ['ignore', 'ignore_ament_install']
[0.117s] Level 1:colcon.colcon_core.package_identification:_identify(external/ipopt/coinbrew/build/Ipopt/3.14.19/tutorial/CodingExercise/Fortran/1-skeleton) by extension 'ignore'
[0.117s] Level 1:colcon.colcon_core.package_identification:_identify(external/ipopt/coinbrew/build/Ipopt/3.14.19/tutorial/CodingExercise/Fortran/1-skeleton) by extension 'ignore_ament_install'
[0.117s] Level 1:colcon.colcon_core.package_identification:_identify(external/ipopt/coinbrew/build/Ipopt/3.14.19/tutorial/CodingExercise/Fortran/1-skeleton) by extensions ['colcon_pkg']
[0.117s] Level 1:colcon.colcon_core.package_identification:_identify(external/ipopt/coinbrew/build/Ipopt/3.14.19/tutorial/CodingExercise/Fortran/1-skeleton) by extension 'colcon_pkg'
[0.117s] Level 1:colcon.colcon_core.package_identification:_identify(external/ipopt/coinbrew/build/Ipopt/3.14.19/tutorial/CodingExercise/Fortran/1-skeleton) by extensions ['colcon_meta']
[0.117s] Level 1:colcon.colcon_core.package_identification:_identify(external/ipopt/coinbrew/build/Ipopt/3.14.19/tutorial/CodingExercise/Fortran/1-skeleton) by extension 'colcon_meta'
[0.117s] Level 1:colcon.colcon_core.package_identification:_identify(external/ipopt/coinbrew/build/Ipopt/3.14.19/tutorial/CodingExercise/Fortran/1-skeleton) by extensions ['ros']
[0.117s] Level 1:colcon.colcon_core.package_identification:_identify(external/ipopt/coinbrew/build/Ipopt/3.14.19/tutorial/CodingExercise/Fortran/1-skeleton) by extension 'ros'
[0.117s] Level 1:colcon.colcon_core.package_identification:_identify(external/ipopt/coinbrew/build/Ipopt/3.14.19/tutorial/CodingExercise/Fortran/1-skeleton) by extensions ['cmake', 'python']
[0.117s] Level 1:colcon.colcon_core.package_identification:_identify(external/ipopt/coinbrew/build/Ipopt/3.14.19/tutorial/CodingExercise/Fortran/1-skeleton) by extension 'cmake'
[0.117s] Level 1:colcon.colcon_core.package_identification:_identify(external/ipopt/coinbrew/build/Ipopt/3.14.19/tutorial/CodingExercise/Fortran/1-skeleton) by extension 'python'
[0.117s] Level 1:colcon.colcon_core.package_identification:_identify(external/ipopt/coinbrew/build/Ipopt/3.14.19/tutorial/CodingExercise/Fortran/1-skeleton) by extensions ['python_setup_py']
[0.117s] Level 1:colcon.colcon_core.package_identification:_identify(external/ipopt/coinbrew/build/Ipopt/3.14.19/tutorial/CodingExercise/Fortran/1-skeleton) by extension 'python_setup_py'
[0.117s] Level 1:colcon.colcon_core.package_identification:_identify(external/ipopt/coinbrew/build/Ipopt/3.14.19/tutorial/CodingExercise/Fortran/2-mistake) by extensions ['ignore', 'ignore_ament_install']
[0.117s] Level 1:colcon.colcon_core.package_identification:_identify(external/ipopt/coinbrew/build/Ipopt/3.14.19/tutorial/CodingExercise/Fortran/2-mistake) by extension 'ignore'
[0.117s] Level 1:colcon.colcon_core.package_identification:_identify(external/ipopt/coinbrew/build/Ipopt/3.14.19/tutorial/CodingExercise/Fortran/2-mistake) by extension 'ignore_ament_install'
[0.117s] Level 1:colcon.colcon_core.package_identification:_identify(external/ipopt/coinbrew/build/Ipopt/3.14.19/tutorial/CodingExercise/Fortran/2-mistake) by extensions ['colcon_pkg']
[0.117s] Level 1:colcon.colcon_core.package_identification:_identify(external/ipopt/coinbrew/build/Ipopt/3.14.19/tutorial/CodingExercise/Fortran/2-mistake) by extension 'colcon_pkg'
[0.117s] Level 1:colcon.colcon_core.package_identification:_identify(external/ipopt/coinbrew/build/Ipopt/3.14.19/tutorial/CodingExercise/Fortran/2-mistake) by extensions ['colcon_meta']
[0.117s] Level 1:colcon.colcon_core.package_identification:_identify(external/ipopt/coinbrew/build/Ipopt/3.14.19/tutorial/CodingExercise/Fortran/2-mistake) by extension 'colcon_meta'
[0.117s] Level 1:colcon.colcon_core.package_identification:_identify(external/ipopt/coinbrew/build/Ipopt/3.14.19/tutorial/CodingExercise/Fortran/2-mistake) by extensions ['ros']
[0.118s] Level 1:colcon.colcon_core.package_identification:_identify(external/ipopt/coinbrew/build/Ipopt/3.14.19/tutorial/CodingExercise/Fortran/2-mistake) by extension 'ros'
[0.118s] Level 1:colcon.colcon_core.package_identification:_identify(external/ipopt/coinbrew/build/Ipopt/3.14.19/tutorial/CodingExercise/Fortran/2-mistake) by extensions ['cmake', 'python']
[0.118s] Level 1:colcon.colcon_core.package_identification:_identify(external/ipopt/coinbrew/build/Ipopt/3.14.19/tutorial/CodingExercise/Fortran/2-mistake) by extension 'cmake'
[0.118s] Level 1:colcon.colcon_core.package_identification:_identify(external/ipopt/coinbrew/build/Ipopt/3.14.19/tutorial/CodingExercise/Fortran/2-mistake) by extension 'python'
[0.118s] Level 1:colcon.colcon_core.package_identification:_identify(external/ipopt/coinbrew/build/Ipopt/3.14.19/tutorial/CodingExercise/Fortran/2-mistake) by extensions ['python_setup_py']
[0.118s] Level 1:colcon.colcon_core.package_identification:_identify(external/ipopt/coinbrew/build/Ipopt/3.14.19/tutorial/CodingExercise/Fortran/2-mistake) by extension 'python_setup_py'
[0.118s] Level 1:colcon.colcon_core.package_identification:_identify(external/ipopt/coinbrew/build/Ipopt/3.14.19/tutorial/CodingExercise/Fortran/3-solution) by extensions ['ignore', 'ignore_ament_install']
[0.118s] Level 1:colcon.colcon_core.package_identification:_identify(external/ipopt/coinbrew/build/Ipopt/3.14.19/tutorial/CodingExercise/Fortran/3-solution) by extension 'ignore'
[0.118s] Level 1:colcon.colcon_core.package_identification:_identify(external/ipopt/coinbrew/build/Ipopt/3.14.19/tutorial/CodingExercise/Fortran/3-solution) by extension 'ignore_ament_install'
[0.118s] Level 1:colcon.colcon_core.package_identification:_identify(external/ipopt/coinbrew/build/Ipopt/3.14.19/tutorial/CodingExercise/Fortran/3-solution) by extensions ['colcon_pkg']
[0.118s] Level 1:colcon.colcon_core.package_identification:_identify(external/ipopt/coinbrew/build/Ipopt/3.14.19/tutorial/CodingExercise/Fortran/3-solution) by extension 'colcon_pkg'
[0.118s] Level 1:colcon.colcon_core.package_identification:_identify(external/ipopt/coinbrew/build/Ipopt/3.14.19/tutorial/CodingExercise/Fortran/3-solution) by extensions ['colcon_meta']
[0.118s] Level 1:colcon.colcon_core.package_identification:_identify(external/ipopt/coinbrew/build/Ipopt/3.14.19/tutorial/CodingExercise/Fortran/3-solution) by extension 'colcon_meta'
[0.118s] Level 1:colcon.colcon_core.package_identification:_identify(external/ipopt/coinbrew/build/Ipopt/3.14.19/tutorial/CodingExercise/Fortran/3-solution) by extensions ['ros']
[0.118s] Level 1:colcon.colcon_core.package_identification:_identify(external/ipopt/coinbrew/build/Ipopt/3.14.19/tutorial/CodingExercise/Fortran/3-solution) by extension 'ros'
[0.118s] Level 1:colcon.colcon_core.package_identification:_identify(external/ipopt/coinbrew/build/Ipopt/3.14.19/tutorial/CodingExercise/Fortran/3-solution) by extensions ['cmake', 'python']
[0.118s] Level 1:colcon.colcon_core.package_identification:_identify(external/ipopt/coinbrew/build/Ipopt/3.14.19/tutorial/CodingExercise/Fortran/3-solution) by extension 'cmake'
[0.118s] Level 1:colcon.colcon_core.package_identification:_identify(external/ipopt/coinbrew/build/Ipopt/3.14.19/tutorial/CodingExercise/Fortran/3-solution) by extension 'python'
[0.118s] Level 1:colcon.colcon_core.package_identification:_identify(external/ipopt/coinbrew/build/Ipopt/3.14.19/tutorial/CodingExercise/Fortran/3-solution) by extensions ['python_setup_py']
[0.118s] Level 1:colcon.colcon_core.package_identification:_identify(external/ipopt/coinbrew/build/Ipopt/3.14.19/tutorial/CodingExercise/Fortran/3-solution) by extension 'python_setup_py'
[0.118s] Level 1:colcon.colcon_core.package_identification:_identify(external/ipopt/coinbrew/build/Ipopt/3.14.19/tutorial/CodingExercise/Matlab) by extensions ['ignore', 'ignore_ament_install']
[0.118s] Level 1:colcon.colcon_core.package_identification:_identify(external/ipopt/coinbrew/build/Ipopt/3.14.19/tutorial/CodingExercise/Matlab) by extension 'ignore'
[0.118s] Level 1:colcon.colcon_core.package_identification:_identify(external/ipopt/coinbrew/build/Ipopt/3.14.19/tutorial/CodingExercise/Matlab) by extension 'ignore_ament_install'
[0.118s] Level 1:colcon.colcon_core.package_identification:_identify(external/ipopt/coinbrew/build/Ipopt/3.14.19/tutorial/CodingExercise/Matlab) by extensions ['colcon_pkg']
[0.118s] Level 1:colcon.colcon_core.package_identification:_identify(external/ipopt/coinbrew/build/Ipopt/3.14.19/tutorial/CodingExercise/Matlab) by extension 'colcon_pkg'
[0.118s] Level 1:colcon.colcon_core.package_identification:_identify(external/ipopt/coinbrew/build/Ipopt/3.14.19/tutorial/CodingExercise/Matlab) by extensions ['colcon_meta']
[0.118s] Level 1:colcon.colcon_core.package_identification:_identify(external/ipopt/coinbrew/build/Ipopt/3.14.19/tutorial/CodingExercise/Matlab) by extension 'colcon_meta'
[0.118s] Level 1:colcon.colcon_core.package_identification:_identify(external/ipopt/coinbrew/build/Ipopt/3.14.19/tutorial/CodingExercise/Matlab) by extensions ['ros']
[0.118s] Level 1:colcon.colcon_core.package_identification:_identify(external/ipopt/coinbrew/build/Ipopt/3.14.19/tutorial/CodingExercise/Matlab) by extension 'ros'
[0.118s] Level 1:colcon.colcon_core.package_identification:_identify(external/ipopt/coinbrew/build/Ipopt/3.14.19/tutorial/CodingExercise/Matlab) by extensions ['cmake', 'python']
[0.118s] Level 1:colcon.colcon_core.package_identification:_identify(external/ipopt/coinbrew/build/Ipopt/3.14.19/tutorial/CodingExercise/Matlab) by extension 'cmake'
[0.118s] Level 1:colcon.colcon_core.package_identification:_identify(external/ipopt/coinbrew/build/Ipopt/3.14.19/tutorial/CodingExercise/Matlab) by extension 'python'
[0.118s] Level 1:colcon.colcon_core.package_identification:_identify(external/ipopt/coinbrew/build/Ipopt/3.14.19/tutorial/CodingExercise/Matlab) by extensions ['python_setup_py']
[0.118s] Level 1:colcon.colcon_core.package_identification:_identify(external/ipopt/coinbrew/build/Ipopt/3.14.19/tutorial/CodingExercise/Matlab) by extension 'python_setup_py'
[0.118s] Level 1:colcon.colcon_core.package_identification:_identify(external/ipopt/coinbrew/build/Ipopt/3.14.19/tutorial/CodingExercise/Matlab/1-skeleton) by extensions ['ignore', 'ignore_ament_install']
[0.118s] Level 1:colcon.colcon_core.package_identification:_identify(external/ipopt/coinbrew/build/Ipopt/3.14.19/tutorial/CodingExercise/Matlab/1-skeleton) by extension 'ignore'
[0.118s] Level 1:colcon.colcon_core.package_identification:_identify(external/ipopt/coinbrew/build/Ipopt/3.14.19/tutorial/CodingExercise/Matlab/1-skeleton) by extension 'ignore_ament_install'
[0.118s] Level 1:colcon.colcon_core.package_identification:_identify(external/ipopt/coinbrew/build/Ipopt/3.14.19/tutorial/CodingExercise/Matlab/1-skeleton) by extensions ['colcon_pkg']
[0.118s] Level 1:colcon.colcon_core.package_identification:_identify(external/ipopt/coinbrew/build/Ipopt/3.14.19/tutorial/CodingExercise/Matlab/1-skeleton) by extension 'colcon_pkg'
[0.118s] Level 1:colcon.colcon_core.package_identification:_identify(external/ipopt/coinbrew/build/Ipopt/3.14.19/tutorial/CodingExercise/Matlab/1-skeleton) by extensions ['colcon_meta']
[0.118s] Level 1:colcon.colcon_core.package_identification:_identify(external/ipopt/coinbrew/build/Ipopt/3.14.19/tutorial/CodingExercise/Matlab/1-skeleton) by extension 'colcon_meta'
[0.118s] Level 1:colcon.colcon_core.package_identification:_identify(external/ipopt/coinbrew/build/Ipopt/3.14.19/tutorial/CodingExercise/Matlab/1-skeleton) by extensions ['ros']
[0.118s] Level 1:colcon.colcon_core.package_identification:_identify(external/ipopt/coinbrew/build/Ipopt/3.14.19/tutorial/CodingExercise/Matlab/1-skeleton) by extension 'ros'
[0.118s] Level 1:colcon.colcon_core.package_identification:_identify(external/ipopt/coinbrew/build/Ipopt/3.14.19/tutorial/CodingExercise/Matlab/1-skeleton) by extensions ['cmake', 'python']
[0.118s] Level 1:colcon.colcon_core.package_identification:_identify(external/ipopt/coinbrew/build/Ipopt/3.14.19/tutorial/CodingExercise/Matlab/1-skeleton) by extension 'cmake'
[0.118s] Level 1:colcon.colcon_core.package_identification:_identify(external/ipopt/coinbrew/build/Ipopt/3.14.19/tutorial/CodingExercise/Matlab/1-skeleton) by extension 'python'
[0.118s] Level 1:colcon.colcon_core.package_identification:_identify(external/ipopt/coinbrew/build/Ipopt/3.14.19/tutorial/CodingExercise/Matlab/1-skeleton) by extensions ['python_setup_py']
[0.118s] Level 1:colcon.colcon_core.package_identification:_identify(external/ipopt/coinbrew/build/Ipopt/3.14.19/tutorial/CodingExercise/Matlab/1-skeleton) by extension 'python_setup_py'
[0.118s] Level 1:colcon.colcon_core.package_identification:_identify(external/ipopt/coinbrew/build/Ipopt/3.14.19/tutorial/CodingExercise/Matlab/2-mistake) by extensions ['ignore', 'ignore_ament_install']
[0.118s] Level 1:colcon.colcon_core.package_identification:_identify(external/ipopt/coinbrew/build/Ipopt/3.14.19/tutorial/CodingExercise/Matlab/2-mistake) by extension 'ignore'
[0.118s] Level 1:colcon.colcon_core.package_identification:_identify(external/ipopt/coinbrew/build/Ipopt/3.14.19/tutorial/CodingExercise/Matlab/2-mistake) by extension 'ignore_ament_install'
[0.118s] Level 1:colcon.colcon_core.package_identification:_identify(external/ipopt/coinbrew/build/Ipopt/3.14.19/tutorial/CodingExercise/Matlab/2-mistake) by extensions ['colcon_pkg']
[0.118s] Level 1:colcon.colcon_core.package_identification:_identify(external/ipopt/coinbrew/build/Ipopt/3.14.19/tutorial/CodingExercise/Matlab/2-mistake) by extension 'colcon_pkg'
[0.118s] Level 1:colcon.colcon_core.package_identification:_identify(external/ipopt/coinbrew/build/Ipopt/3.14.19/tutorial/CodingExercise/Matlab/2-mistake) by extensions ['colcon_meta']
[0.118s] Level 1:colcon.colcon_core.package_identification:_identify(external/ipopt/coinbrew/build/Ipopt/3.14.19/tutorial/CodingExercise/Matlab/2-mistake) by extension 'colcon_meta'
[0.118s] Level 1:colcon.colcon_core.package_identification:_identify(external/ipopt/coinbrew/build/Ipopt/3.14.19/tutorial/CodingExercise/Matlab/2-mistake) by extensions ['ros']
[0.118s] Level 1:colcon.colcon_core.package_identification:_identify(external/ipopt/coinbrew/build/Ipopt/3.14.19/tutorial/CodingExercise/Matlab/2-mistake) by extension 'ros'
[0.118s] Level 1:colcon.colcon_core.package_identification:_identify(external/ipopt/coinbrew/build/Ipopt/3.14.19/tutorial/CodingExercise/Matlab/2-mistake) by extensions ['cmake', 'python']
[0.118s] Level 1:colcon.colcon_core.package_identification:_identify(external/ipopt/coinbrew/build/Ipopt/3.14.19/tutorial/CodingExercise/Matlab/2-mistake) by extension 'cmake'
[0.118s] Level 1:colcon.colcon_core.package_identification:_identify(external/ipopt/coinbrew/build/Ipopt/3.14.19/tutorial/CodingExercise/Matlab/2-mistake) by extension 'python'
[0.118s] Level 1:colcon.colcon_core.package_identification:_identify(external/ipopt/coinbrew/build/Ipopt/3.14.19/tutorial/CodingExercise/Matlab/2-mistake) by extensions ['python_setup_py']
[0.118s] Level 1:colcon.colcon_core.package_identification:_identify(external/ipopt/coinbrew/build/Ipopt/3.14.19/tutorial/CodingExercise/Matlab/2-mistake) by extension 'python_setup_py'
[0.119s] Level 1:colcon.colcon_core.package_identification:_identify(external/ipopt/coinbrew/build/Ipopt/3.14.19/tutorial/CodingExercise/Matlab/3-solution) by extensions ['ignore', 'ignore_ament_install']
[0.119s] Level 1:colcon.colcon_core.package_identification:_identify(external/ipopt/coinbrew/build/Ipopt/3.14.19/tutorial/CodingExercise/Matlab/3-solution) by extension 'ignore'
[0.119s] Level 1:colcon.colcon_core.package_identification:_identify(external/ipopt/coinbrew/build/Ipopt/3.14.19/tutorial/CodingExercise/Matlab/3-solution) by extension 'ignore_ament_install'
[0.119s] Level 1:colcon.colcon_core.package_identification:_identify(external/ipopt/coinbrew/build/Ipopt/3.14.19/tutorial/CodingExercise/Matlab/3-solution) by extensions ['colcon_pkg']
[0.119s] Level 1:colcon.colcon_core.package_identification:_identify(external/ipopt/coinbrew/build/Ipopt/3.14.19/tutorial/CodingExercise/Matlab/3-solution) by extension 'colcon_pkg'
[0.119s] Level 1:colcon.colcon_core.package_identification:_identify(external/ipopt/coinbrew/build/Ipopt/3.14.19/tutorial/CodingExercise/Matlab/3-solution) by extensions ['colcon_meta']
[0.119s] Level 1:colcon.colcon_core.package_identification:_identify(external/ipopt/coinbrew/build/Ipopt/3.14.19/tutorial/CodingExercise/Matlab/3-solution) by extension 'colcon_meta'
[0.119s] Level 1:colcon.colcon_core.package_identification:_identify(external/ipopt/coinbrew/build/Ipopt/3.14.19/tutorial/CodingExercise/Matlab/3-solution) by extensions ['ros']
[0.119s] Level 1:colcon.colcon_core.package_identification:_identify(external/ipopt/coinbrew/build/Ipopt/3.14.19/tutorial/CodingExercise/Matlab/3-solution) by extension 'ros'
[0.119s] Level 1:colcon.colcon_core.package_identification:_identify(external/ipopt/coinbrew/build/Ipopt/3.14.19/tutorial/CodingExercise/Matlab/3-solution) by extensions ['cmake', 'python']
[0.119s] Level 1:colcon.colcon_core.package_identification:_identify(external/ipopt/coinbrew/build/Ipopt/3.14.19/tutorial/CodingExercise/Matlab/3-solution) by extension 'cmake'
[0.119s] Level 1:colcon.colcon_core.package_identification:_identify(external/ipopt/coinbrew/build/Ipopt/3.14.19/tutorial/CodingExercise/Matlab/3-solution) by extension 'python'
[0.119s] Level 1:colcon.colcon_core.package_identification:_identify(external/ipopt/coinbrew/build/Ipopt/3.14.19/tutorial/CodingExercise/Matlab/3-solution) by extensions ['python_setup_py']
[0.119s] Level 1:colcon.colcon_core.package_identification:_identify(external/ipopt/coinbrew/build/Ipopt/3.14.19/tutorial/CodingExercise/Matlab/3-solution) by extension 'python_setup_py'
[0.119s] Level 1:colcon.colcon_core.package_identification:_identify(external/ipopt/coinbrew/build/Ipopt/3.14.19/tutorial/Modeling) by extensions ['ignore', 'ignore_ament_install']
[0.119s] Level 1:colcon.colcon_core.package_identification:_identify(external/ipopt/coinbrew/build/Ipopt/3.14.19/tutorial/Modeling) by extension 'ignore'
[0.119s] Level 1:colcon.colcon_core.package_identification:_identify(external/ipopt/coinbrew/build/Ipopt/3.14.19/tutorial/Modeling) by extension 'ignore_ament_install'
[0.119s] Level 1:colcon.colcon_core.package_identification:_identify(external/ipopt/coinbrew/build/Ipopt/3.14.19/tutorial/Modeling) by extensions ['colcon_pkg']
[0.119s] Level 1:colcon.colcon_core.package_identification:_identify(external/ipopt/coinbrew/build/Ipopt/3.14.19/tutorial/Modeling) by extension 'colcon_pkg'
[0.119s] Level 1:colcon.colcon_core.package_identification:_identify(external/ipopt/coinbrew/build/Ipopt/3.14.19/tutorial/Modeling) by extensions ['colcon_meta']
[0.119s] Level 1:colcon.colcon_core.package_identification:_identify(external/ipopt/coinbrew/build/Ipopt/3.14.19/tutorial/Modeling) by extension 'colcon_meta'
[0.119s] Level 1:colcon.colcon_core.package_identification:_identify(external/ipopt/coinbrew/build/Ipopt/3.14.19/tutorial/Modeling) by extensions ['ros']
[0.119s] Level 1:colcon.colcon_core.package_identification:_identify(external/ipopt/coinbrew/build/Ipopt/3.14.19/tutorial/Modeling) by extension 'ros'
[0.119s] Level 1:colcon.colcon_core.package_identification:_identify(external/ipopt/coinbrew/build/Ipopt/3.14.19/tutorial/Modeling) by extensions ['cmake', 'python']
[0.119s] Level 1:colcon.colcon_core.package_identification:_identify(external/ipopt/coinbrew/build/Ipopt/3.14.19/tutorial/Modeling) by extension 'cmake'
[0.119s] Level 1:colcon.colcon_core.package_identification:_identify(external/ipopt/coinbrew/build/Ipopt/3.14.19/tutorial/Modeling) by extension 'python'
[0.119s] Level 1:colcon.colcon_core.package_identification:_identify(external/ipopt/coinbrew/build/Ipopt/3.14.19/tutorial/Modeling) by extensions ['python_setup_py']
[0.119s] Level 1:colcon.colcon_core.package_identification:_identify(external/ipopt/coinbrew/build/Ipopt/3.14.19/tutorial/Modeling) by extension 'python_setup_py'
[0.119s] Level 1:colcon.colcon_core.package_identification:_identify(external/ipopt/coinbrew/build/ThirdParty) by extensions ['ignore', 'ignore_ament_install']
[0.119s] Level 1:colcon.colcon_core.package_identification:_identify(external/ipopt/coinbrew/build/ThirdParty) by extension 'ignore'
[0.119s] Level 1:colcon.colcon_core.package_identification:_identify(external/ipopt/coinbrew/build/ThirdParty) by extension 'ignore_ament_install'
[0.119s] Level 1:colcon.colcon_core.package_identification:_identify(external/ipopt/coinbrew/build/ThirdParty) by extensions ['colcon_pkg']
[0.119s] Level 1:colcon.colcon_core.package_identification:_identify(external/ipopt/coinbrew/build/ThirdParty) by extension 'colcon_pkg'
[0.119s] Level 1:colcon.colcon_core.package_identification:_identify(external/ipopt/coinbrew/build/ThirdParty) by extensions ['colcon_meta']
[0.119s] Level 1:colcon.colcon_core.package_identification:_identify(external/ipopt/coinbrew/build/ThirdParty) by extension 'colcon_meta'
[0.119s] Level 1:colcon.colcon_core.package_identification:_identify(external/ipopt/coinbrew/build/ThirdParty) by extensions ['ros']
[0.119s] Level 1:colcon.colcon_core.package_identification:_identify(external/ipopt/coinbrew/build/ThirdParty) by extension 'ros'
[0.119s] Level 1:colcon.colcon_core.package_identification:_identify(external/ipopt/coinbrew/build/ThirdParty) by extensions ['cmake', 'python']
[0.119s] Level 1:colcon.colcon_core.package_identification:_identify(external/ipopt/coinbrew/build/ThirdParty) by extension 'cmake'
[0.119s] Level 1:colcon.colcon_core.package_identification:_identify(external/ipopt/coinbrew/build/ThirdParty) by extension 'python'
[0.119s] Level 1:colcon.colcon_core.package_identification:_identify(external/ipopt/coinbrew/build/ThirdParty) by extensions ['python_setup_py']
[0.119s] Level 1:colcon.colcon_core.package_identification:_identify(external/ipopt/coinbrew/build/ThirdParty) by extension 'python_setup_py'
[0.119s] Level 1:colcon.colcon_core.package_identification:_identify(external/ipopt/coinbrew/build/ThirdParty/ASL) by extensions ['ignore', 'ignore_ament_install']
[0.119s] Level 1:colcon.colcon_core.package_identification:_identify(external/ipopt/coinbrew/build/ThirdParty/ASL) by extension 'ignore'
[0.119s] Level 1:colcon.colcon_core.package_identification:_identify(external/ipopt/coinbrew/build/ThirdParty/ASL) by extension 'ignore_ament_install'
[0.119s] Level 1:colcon.colcon_core.package_identification:_identify(external/ipopt/coinbrew/build/ThirdParty/ASL) by extensions ['colcon_pkg']
[0.119s] Level 1:colcon.colcon_core.package_identification:_identify(external/ipopt/coinbrew/build/ThirdParty/ASL) by extension 'colcon_pkg'
[0.119s] Level 1:colcon.colcon_core.package_identification:_identify(external/ipopt/coinbrew/build/ThirdParty/ASL) by extensions ['colcon_meta']
[0.119s] Level 1:colcon.colcon_core.package_identification:_identify(external/ipopt/coinbrew/build/ThirdParty/ASL) by extension 'colcon_meta'
[0.119s] Level 1:colcon.colcon_core.package_identification:_identify(external/ipopt/coinbrew/build/ThirdParty/ASL) by extensions ['ros']
[0.119s] Level 1:colcon.colcon_core.package_identification:_identify(external/ipopt/coinbrew/build/ThirdParty/ASL) by extension 'ros'
[0.119s] Level 1:colcon.colcon_core.package_identification:_identify(external/ipopt/coinbrew/build/ThirdParty/ASL) by extensions ['cmake', 'python']
[0.119s] Level 1:colcon.colcon_core.package_identification:_identify(external/ipopt/coinbrew/build/ThirdParty/ASL) by extension 'cmake'
[0.119s] Level 1:colcon.colcon_core.package_identification:_identify(external/ipopt/coinbrew/build/ThirdParty/ASL) by extension 'python'
[0.119s] Level 1:colcon.colcon_core.package_identification:_identify(external/ipopt/coinbrew/build/ThirdParty/ASL) by extensions ['python_setup_py']
[0.119s] Level 1:colcon.colcon_core.package_identification:_identify(external/ipopt/coinbrew/build/ThirdParty/ASL) by extension 'python_setup_py'
[0.119s] Level 1:colcon.colcon_core.package_identification:_identify(external/ipopt/coinbrew/build/ThirdParty/ASL/2.0.2) by extensions ['ignore', 'ignore_ament_install']
[0.119s] Level 1:colcon.colcon_core.package_identification:_identify(external/ipopt/coinbrew/build/ThirdParty/ASL/2.0.2) by extension 'ignore'
[0.119s] Level 1:colcon.colcon_core.package_identification:_identify(external/ipopt/coinbrew/build/ThirdParty/ASL/2.0.2) by extension 'ignore_ament_install'
[0.119s] Level 1:colcon.colcon_core.package_identification:_identify(external/ipopt/coinbrew/build/ThirdParty/ASL/2.0.2) by extensions ['colcon_pkg']
[0.120s] Level 1:colcon.colcon_core.package_identification:_identify(external/ipopt/coinbrew/build/ThirdParty/ASL/2.0.2) by extension 'colcon_pkg'
[0.120s] Level 1:colcon.colcon_core.package_identification:_identify(external/ipopt/coinbrew/build/ThirdParty/ASL/2.0.2) by extensions ['colcon_meta']
[0.120s] Level 1:colcon.colcon_core.package_identification:_identify(external/ipopt/coinbrew/build/ThirdParty/ASL/2.0.2) by extension 'colcon_meta'
[0.120s] Level 1:colcon.colcon_core.package_identification:_identify(external/ipopt/coinbrew/build/ThirdParty/ASL/2.0.2) by extensions ['ros']
[0.120s] Level 1:colcon.colcon_core.package_identification:_identify(external/ipopt/coinbrew/build/ThirdParty/ASL/2.0.2) by extension 'ros'
[0.120s] Level 1:colcon.colcon_core.package_identification:_identify(external/ipopt/coinbrew/build/ThirdParty/ASL/2.0.2) by extensions ['cmake', 'python']
[0.120s] Level 1:colcon.colcon_core.package_identification:_identify(external/ipopt/coinbrew/build/ThirdParty/ASL/2.0.2) by extension 'cmake'
[0.120s] Level 1:colcon.colcon_core.package_identification:_identify(external/ipopt/coinbrew/build/ThirdParty/ASL/2.0.2) by extension 'python'
[0.120s] Level 1:colcon.colcon_core.package_identification:_identify(external/ipopt/coinbrew/build/ThirdParty/ASL/2.0.2) by extensions ['python_setup_py']
[0.120s] Level 1:colcon.colcon_core.package_identification:_identify(external/ipopt/coinbrew/build/ThirdParty/ASL/2.0.2) by extension 'python_setup_py'
[0.120s] Level 1:colcon.colcon_core.package_identification:_identify(external/ipopt/coinbrew/build/ThirdParty/ASL/2.0.2/solvers) by extensions ['ignore', 'ignore_ament_install']
[0.120s] Level 1:colcon.colcon_core.package_identification:_identify(external/ipopt/coinbrew/build/ThirdParty/ASL/2.0.2/solvers) by extension 'ignore'
[0.120s] Level 1:colcon.colcon_core.package_identification:_identify(external/ipopt/coinbrew/build/ThirdParty/ASL/2.0.2/solvers) by extension 'ignore_ament_install'
[0.120s] Level 1:colcon.colcon_core.package_identification:_identify(external/ipopt/coinbrew/build/ThirdParty/ASL/2.0.2/solvers) by extensions ['colcon_pkg']
[0.120s] Level 1:colcon.colcon_core.package_identification:_identify(external/ipopt/coinbrew/build/ThirdParty/ASL/2.0.2/solvers) by extension 'colcon_pkg'
[0.120s] Level 1:colcon.colcon_core.package_identification:_identify(external/ipopt/coinbrew/build/ThirdParty/ASL/2.0.2/solvers) by extensions ['colcon_meta']
[0.120s] Level 1:colcon.colcon_core.package_identification:_identify(external/ipopt/coinbrew/build/ThirdParty/ASL/2.0.2/solvers) by extension 'colcon_meta'
[0.120s] Level 1:colcon.colcon_core.package_identification:_identify(external/ipopt/coinbrew/build/ThirdParty/ASL/2.0.2/solvers) by extensions ['ros']
[0.120s] Level 1:colcon.colcon_core.package_identification:_identify(external/ipopt/coinbrew/build/ThirdParty/ASL/2.0.2/solvers) by extension 'ros'
[0.120s] Level 1:colcon.colcon_core.package_identification:_identify(external/ipopt/coinbrew/build/ThirdParty/ASL/2.0.2/solvers) by extensions ['cmake', 'python']
[0.120s] Level 1:colcon.colcon_core.package_identification:_identify(external/ipopt/coinbrew/build/ThirdParty/ASL/2.0.2/solvers) by extension 'cmake'
[0.120s] Level 1:colcon.colcon_core.package_identification:_identify(external/ipopt/coinbrew/build/ThirdParty/ASL/2.0.2/solvers) by extension 'python'
[0.120s] Level 1:colcon.colcon_core.package_identification:_identify(external/ipopt/coinbrew/build/ThirdParty/ASL/2.0.2/solvers) by extensions ['python_setup_py']
[0.120s] Level 1:colcon.colcon_core.package_identification:_identify(external/ipopt/coinbrew/build/ThirdParty/ASL/2.0.2/solvers) by extension 'python_setup_py'
[0.120s] Level 1:colcon.colcon_core.package_identification:_identify(external/ipopt/coinbrew/build/ThirdParty/HSL) by extensions ['ignore', 'ignore_ament_install']
[0.120s] Level 1:colcon.colcon_core.package_identification:_identify(external/ipopt/coinbrew/build/ThirdParty/HSL) by extension 'ignore'
[0.120s] Level 1:colcon.colcon_core.package_identification:_identify(external/ipopt/coinbrew/build/ThirdParty/HSL) by extension 'ignore_ament_install'
[0.120s] Level 1:colcon.colcon_core.package_identification:_identify(external/ipopt/coinbrew/build/ThirdParty/HSL) by extensions ['colcon_pkg']
[0.120s] Level 1:colcon.colcon_core.package_identification:_identify(external/ipopt/coinbrew/build/ThirdParty/HSL) by extension 'colcon_pkg'
[0.120s] Level 1:colcon.colcon_core.package_identification:_identify(external/ipopt/coinbrew/build/ThirdParty/HSL) by extensions ['colcon_meta']
[0.120s] Level 1:colcon.colcon_core.package_identification:_identify(external/ipopt/coinbrew/build/ThirdParty/HSL) by extension 'colcon_meta'
[0.120s] Level 1:colcon.colcon_core.package_identification:_identify(external/ipopt/coinbrew/build/ThirdParty/HSL) by extensions ['ros']
[0.120s] Level 1:colcon.colcon_core.package_identification:_identify(external/ipopt/coinbrew/build/ThirdParty/HSL) by extension 'ros'
[0.120s] Level 1:colcon.colcon_core.package_identification:_identify(external/ipopt/coinbrew/build/ThirdParty/HSL) by extensions ['cmake', 'python']
[0.120s] Level 1:colcon.colcon_core.package_identification:_identify(external/ipopt/coinbrew/build/ThirdParty/HSL) by extension 'cmake'
[0.120s] Level 1:colcon.colcon_core.package_identification:_identify(external/ipopt/coinbrew/build/ThirdParty/HSL) by extension 'python'
[0.120s] Level 1:colcon.colcon_core.package_identification:_identify(external/ipopt/coinbrew/build/ThirdParty/HSL) by extensions ['python_setup_py']
[0.120s] Level 1:colcon.colcon_core.package_identification:_identify(external/ipopt/coinbrew/build/ThirdParty/HSL) by extension 'python_setup_py'
[0.120s] Level 1:colcon.colcon_core.package_identification:_identify(external/ipopt/coinbrew/build/ThirdParty/HSL/2.2.6) by extensions ['ignore', 'ignore_ament_install']
[0.120s] Level 1:colcon.colcon_core.package_identification:_identify(external/ipopt/coinbrew/build/ThirdParty/HSL/2.2.6) by extension 'ignore'
[0.120s] Level 1:colcon.colcon_core.package_identification:_identify(external/ipopt/coinbrew/build/ThirdParty/HSL/2.2.6) by extension 'ignore_ament_install'
[0.120s] Level 1:colcon.colcon_core.package_identification:_identify(external/ipopt/coinbrew/build/ThirdParty/HSL/2.2.6) by extensions ['colcon_pkg']
[0.120s] Level 1:colcon.colcon_core.package_identification:_identify(external/ipopt/coinbrew/build/ThirdParty/HSL/2.2.6) by extension 'colcon_pkg'
[0.120s] Level 1:colcon.colcon_core.package_identification:_identify(external/ipopt/coinbrew/build/ThirdParty/HSL/2.2.6) by extensions ['colcon_meta']
[0.120s] Level 1:colcon.colcon_core.package_identification:_identify(external/ipopt/coinbrew/build/ThirdParty/HSL/2.2.6) by extension 'colcon_meta'
[0.120s] Level 1:colcon.colcon_core.package_identification:_identify(external/ipopt/coinbrew/build/ThirdParty/HSL/2.2.6) by extensions ['ros']
[0.120s] Level 1:colcon.colcon_core.package_identification:_identify(external/ipopt/coinbrew/build/ThirdParty/HSL/2.2.6) by extension 'ros'
[0.120s] Level 1:colcon.colcon_core.package_identification:_identify(external/ipopt/coinbrew/build/ThirdParty/HSL/2.2.6) by extensions ['cmake', 'python']
[0.120s] Level 1:colcon.colcon_core.package_identification:_identify(external/ipopt/coinbrew/build/ThirdParty/HSL/2.2.6) by extension 'cmake'
[0.120s] Level 1:colcon.colcon_core.package_identification:_identify(external/ipopt/coinbrew/build/ThirdParty/HSL/2.2.6) by extension 'python'
[0.120s] Level 1:colcon.colcon_core.package_identification:_identify(external/ipopt/coinbrew/build/ThirdParty/HSL/2.2.6) by extensions ['python_setup_py']
[0.120s] Level 1:colcon.colcon_core.package_identification:_identify(external/ipopt/coinbrew/build/ThirdParty/HSL/2.2.6) by extension 'python_setup_py'
[0.120s] Level 1:colcon.colcon_core.package_identification:_identify(external/ipopt/coinbrew/build/ThirdParty/HSL/2.2.6/coinhsl) by extensions ['ignore', 'ignore_ament_install']
[0.120s] Level 1:colcon.colcon_core.package_identification:_identify(external/ipopt/coinbrew/build/ThirdParty/HSL/2.2.6/coinhsl) by extension 'ignore'
[0.120s] Level 1:colcon.colcon_core.package_identification:_identify(external/ipopt/coinbrew/build/ThirdParty/HSL/2.2.6/coinhsl) by extension 'ignore_ament_install'
[0.120s] Level 1:colcon.colcon_core.package_identification:_identify(external/ipopt/coinbrew/build/ThirdParty/HSL/2.2.6/coinhsl) by extensions ['colcon_pkg']
[0.120s] Level 1:colcon.colcon_core.package_identification:_identify(external/ipopt/coinbrew/build/ThirdParty/HSL/2.2.6/coinhsl) by extension 'colcon_pkg'
[0.120s] Level 1:colcon.colcon_core.package_identification:_identify(external/ipopt/coinbrew/build/ThirdParty/HSL/2.2.6/coinhsl) by extensions ['colcon_meta']
[0.120s] Level 1:colcon.colcon_core.package_identification:_identify(external/ipopt/coinbrew/build/ThirdParty/HSL/2.2.6/coinhsl) by extension 'colcon_meta'
[0.120s] Level 1:colcon.colcon_core.package_identification:_identify(external/ipopt/coinbrew/build/ThirdParty/HSL/2.2.6/coinhsl) by extensions ['ros']
[0.120s] Level 1:colcon.colcon_core.package_identification:_identify(external/ipopt/coinbrew/build/ThirdParty/HSL/2.2.6/coinhsl) by extension 'ros'
[0.120s] Level 1:colcon.colcon_core.package_identification:_identify(external/ipopt/coinbrew/build/ThirdParty/HSL/2.2.6/coinhsl) by extensions ['cmake', 'python']
[0.120s] Level 1:colcon.colcon_core.package_identification:_identify(external/ipopt/coinbrew/build/ThirdParty/HSL/2.2.6/coinhsl) by extension 'cmake'
[0.121s] Level 1:colcon.colcon_core.package_identification:_identify(external/ipopt/coinbrew/build/ThirdParty/HSL/2.2.6/coinhsl) by extension 'python'
[0.121s] Level 1:colcon.colcon_core.package_identification:_identify(external/ipopt/coinbrew/build/ThirdParty/HSL/2.2.6/coinhsl) by extensions ['python_setup_py']
[0.121s] Level 1:colcon.colcon_core.package_identification:_identify(external/ipopt/coinbrew/build/ThirdParty/HSL/2.2.6/coinhsl) by extension 'python_setup_py'
[0.121s] Level 1:colcon.colcon_core.package_identification:_identify(external/ipopt/coinbrew/build/ThirdParty/HSL/2.2.6/coinhsl/common) by extensions ['ignore', 'ignore_ament_install']
[0.121s] Level 1:colcon.colcon_core.package_identification:_identify(external/ipopt/coinbrew/build/ThirdParty/HSL/2.2.6/coinhsl/common) by extension 'ignore'
[0.121s] Level 1:colcon.colcon_core.package_identification:_identify(external/ipopt/coinbrew/build/ThirdParty/HSL/2.2.6/coinhsl/common) by extension 'ignore_ament_install'
[0.121s] Level 1:colcon.colcon_core.package_identification:_identify(external/ipopt/coinbrew/build/ThirdParty/HSL/2.2.6/coinhsl/common) by extensions ['colcon_pkg']
[0.121s] Level 1:colcon.colcon_core.package_identification:_identify(external/ipopt/coinbrew/build/ThirdParty/HSL/2.2.6/coinhsl/common) by extension 'colcon_pkg'
[0.121s] Level 1:colcon.colcon_core.package_identification:_identify(external/ipopt/coinbrew/build/ThirdParty/HSL/2.2.6/coinhsl/common) by extensions ['colcon_meta']
[0.121s] Level 1:colcon.colcon_core.package_identification:_identify(external/ipopt/coinbrew/build/ThirdParty/HSL/2.2.6/coinhsl/common) by extension 'colcon_meta'
[0.121s] Level 1:colcon.colcon_core.package_identification:_identify(external/ipopt/coinbrew/build/ThirdParty/HSL/2.2.6/coinhsl/common) by extensions ['ros']
[0.121s] Level 1:colcon.colcon_core.package_identification:_identify(external/ipopt/coinbrew/build/ThirdParty/HSL/2.2.6/coinhsl/common) by extension 'ros'
[0.121s] Level 1:colcon.colcon_core.package_identification:_identify(external/ipopt/coinbrew/build/ThirdParty/HSL/2.2.6/coinhsl/common) by extensions ['cmake', 'python']
[0.121s] Level 1:colcon.colcon_core.package_identification:_identify(external/ipopt/coinbrew/build/ThirdParty/HSL/2.2.6/coinhsl/common) by extension 'cmake'
[0.121s] Level 1:colcon.colcon_core.package_identification:_identify(external/ipopt/coinbrew/build/ThirdParty/HSL/2.2.6/coinhsl/common) by extension 'python'
[0.121s] Level 1:colcon.colcon_core.package_identification:_identify(external/ipopt/coinbrew/build/ThirdParty/HSL/2.2.6/coinhsl/common) by extensions ['python_setup_py']
[0.121s] Level 1:colcon.colcon_core.package_identification:_identify(external/ipopt/coinbrew/build/ThirdParty/HSL/2.2.6/coinhsl/common) by extension 'python_setup_py'
[0.121s] Level 1:colcon.colcon_core.package_identification:_identify(external/ipopt/coinbrew/build/ThirdParty/HSL/2.2.6/coinhsl/ma27) by extensions ['ignore', 'ignore_ament_install']
[0.121s] Level 1:colcon.colcon_core.package_identification:_identify(external/ipopt/coinbrew/build/ThirdParty/HSL/2.2.6/coinhsl/ma27) by extension 'ignore'
[0.121s] Level 1:colcon.colcon_core.package_identification:_identify(external/ipopt/coinbrew/build/ThirdParty/HSL/2.2.6/coinhsl/ma27) by extension 'ignore_ament_install'
[0.121s] Level 1:colcon.colcon_core.package_identification:_identify(external/ipopt/coinbrew/build/ThirdParty/HSL/2.2.6/coinhsl/ma27) by extensions ['colcon_pkg']
[0.121s] Level 1:colcon.colcon_core.package_identification:_identify(external/ipopt/coinbrew/build/ThirdParty/HSL/2.2.6/coinhsl/ma27) by extension 'colcon_pkg'
[0.121s] Level 1:colcon.colcon_core.package_identification:_identify(external/ipopt/coinbrew/build/ThirdParty/HSL/2.2.6/coinhsl/ma27) by extensions ['colcon_meta']
[0.121s] Level 1:colcon.colcon_core.package_identification:_identify(external/ipopt/coinbrew/build/ThirdParty/HSL/2.2.6/coinhsl/ma27) by extension 'colcon_meta'
[0.121s] Level 1:colcon.colcon_core.package_identification:_identify(external/ipopt/coinbrew/build/ThirdParty/HSL/2.2.6/coinhsl/ma27) by extensions ['ros']
[0.121s] Level 1:colcon.colcon_core.package_identification:_identify(external/ipopt/coinbrew/build/ThirdParty/HSL/2.2.6/coinhsl/ma27) by extension 'ros'
[0.121s] Level 1:colcon.colcon_core.package_identification:_identify(external/ipopt/coinbrew/build/ThirdParty/HSL/2.2.6/coinhsl/ma27) by extensions ['cmake', 'python']
[0.121s] Level 1:colcon.colcon_core.package_identification:_identify(external/ipopt/coinbrew/build/ThirdParty/HSL/2.2.6/coinhsl/ma27) by extension 'cmake'
[0.121s] Level 1:colcon.colcon_core.package_identification:_identify(external/ipopt/coinbrew/build/ThirdParty/HSL/2.2.6/coinhsl/ma27) by extension 'python'
[0.121s] Level 1:colcon.colcon_core.package_identification:_identify(external/ipopt/coinbrew/build/ThirdParty/HSL/2.2.6/coinhsl/ma27) by extensions ['python_setup_py']
[0.121s] Level 1:colcon.colcon_core.package_identification:_identify(external/ipopt/coinbrew/build/ThirdParty/HSL/2.2.6/coinhsl/ma27) by extension 'python_setup_py'
[0.121s] Level 1:colcon.colcon_core.package_identification:_identify(external/ipopt/coinbrew/build/ThirdParty/HSL/2.2.6/coinhsl/ma28) by extensions ['ignore', 'ignore_ament_install']
[0.121s] Level 1:colcon.colcon_core.package_identification:_identify(external/ipopt/coinbrew/build/ThirdParty/HSL/2.2.6/coinhsl/ma28) by extension 'ignore'
[0.121s] Level 1:colcon.colcon_core.package_identification:_identify(external/ipopt/coinbrew/build/ThirdParty/HSL/2.2.6/coinhsl/ma28) by extension 'ignore_ament_install'
[0.121s] Level 1:colcon.colcon_core.package_identification:_identify(external/ipopt/coinbrew/build/ThirdParty/HSL/2.2.6/coinhsl/ma28) by extensions ['colcon_pkg']
[0.121s] Level 1:colcon.colcon_core.package_identification:_identify(external/ipopt/coinbrew/build/ThirdParty/HSL/2.2.6/coinhsl/ma28) by extension 'colcon_pkg'
[0.121s] Level 1:colcon.colcon_core.package_identification:_identify(external/ipopt/coinbrew/build/ThirdParty/HSL/2.2.6/coinhsl/ma28) by extensions ['colcon_meta']
[0.121s] Level 1:colcon.colcon_core.package_identification:_identify(external/ipopt/coinbrew/build/ThirdParty/HSL/2.2.6/coinhsl/ma28) by extension 'colcon_meta'
[0.121s] Level 1:colcon.colcon_core.package_identification:_identify(external/ipopt/coinbrew/build/ThirdParty/HSL/2.2.6/coinhsl/ma28) by extensions ['ros']
[0.121s] Level 1:colcon.colcon_core.package_identification:_identify(external/ipopt/coinbrew/build/ThirdParty/HSL/2.2.6/coinhsl/ma28) by extension 'ros'
[0.121s] Level 1:colcon.colcon_core.package_identification:_identify(external/ipopt/coinbrew/build/ThirdParty/HSL/2.2.6/coinhsl/ma28) by extensions ['cmake', 'python']
[0.121s] Level 1:colcon.colcon_core.package_identification:_identify(external/ipopt/coinbrew/build/ThirdParty/HSL/2.2.6/coinhsl/ma28) by extension 'cmake'
[0.121s] Level 1:colcon.colcon_core.package_identification:_identify(external/ipopt/coinbrew/build/ThirdParty/HSL/2.2.6/coinhsl/ma28) by extension 'python'
[0.121s] Level 1:colcon.colcon_core.package_identification:_identify(external/ipopt/coinbrew/build/ThirdParty/HSL/2.2.6/coinhsl/ma28) by extensions ['python_setup_py']
[0.121s] Level 1:colcon.colcon_core.package_identification:_identify(external/ipopt/coinbrew/build/ThirdParty/HSL/2.2.6/coinhsl/ma28) by extension 'python_setup_py'
[0.121s] Level 1:colcon.colcon_core.package_identification:_identify(external/ipopt/coinbrew/build/ThirdParty/HSL/2.2.6/coinhsl/mc19) by extensions ['ignore', 'ignore_ament_install']
[0.121s] Level 1:colcon.colcon_core.package_identification:_identify(external/ipopt/coinbrew/build/ThirdParty/HSL/2.2.6/coinhsl/mc19) by extension 'ignore'
[0.121s] Level 1:colcon.colcon_core.package_identification:_identify(external/ipopt/coinbrew/build/ThirdParty/HSL/2.2.6/coinhsl/mc19) by extension 'ignore_ament_install'
[0.121s] Level 1:colcon.colcon_core.package_identification:_identify(external/ipopt/coinbrew/build/ThirdParty/HSL/2.2.6/coinhsl/mc19) by extensions ['colcon_pkg']
[0.121s] Level 1:colcon.colcon_core.package_identification:_identify(external/ipopt/coinbrew/build/ThirdParty/HSL/2.2.6/coinhsl/mc19) by extension 'colcon_pkg'
[0.121s] Level 1:colcon.colcon_core.package_identification:_identify(external/ipopt/coinbrew/build/ThirdParty/HSL/2.2.6/coinhsl/mc19) by extensions ['colcon_meta']
[0.121s] Level 1:colcon.colcon_core.package_identification:_identify(external/ipopt/coinbrew/build/ThirdParty/HSL/2.2.6/coinhsl/mc19) by extension 'colcon_meta'
[0.121s] Level 1:colcon.colcon_core.package_identification:_identify(external/ipopt/coinbrew/build/ThirdParty/HSL/2.2.6/coinhsl/mc19) by extensions ['ros']
[0.121s] Level 1:colcon.colcon_core.package_identification:_identify(external/ipopt/coinbrew/build/ThirdParty/HSL/2.2.6/coinhsl/mc19) by extension 'ros'
[0.121s] Level 1:colcon.colcon_core.package_identification:_identify(external/ipopt/coinbrew/build/ThirdParty/HSL/2.2.6/coinhsl/mc19) by extensions ['cmake', 'python']
[0.121s] Level 1:colcon.colcon_core.package_identification:_identify(external/ipopt/coinbrew/build/ThirdParty/HSL/2.2.6/coinhsl/mc19) by extension 'cmake'
[0.121s] Level 1:colcon.colcon_core.package_identification:_identify(external/ipopt/coinbrew/build/ThirdParty/HSL/2.2.6/coinhsl/mc19) by extension 'python'
[0.121s] Level 1:colcon.colcon_core.package_identification:_identify(external/ipopt/coinbrew/build/ThirdParty/HSL/2.2.6/coinhsl/mc19) by extensions ['python_setup_py']
[0.121s] Level 1:colcon.colcon_core.package_identification:_identify(external/ipopt/coinbrew/build/ThirdParty/HSL/2.2.6/coinhsl/mc19) by extension 'python_setup_py'
[0.121s] Level 1:colcon.colcon_core.package_identification:_identify(external/ipopt/coinbrew/build/ThirdParty/Mumps) by extensions ['ignore', 'ignore_ament_install']
[0.121s] Level 1:colcon.colcon_core.package_identification:_identify(external/ipopt/coinbrew/build/ThirdParty/Mumps) by extension 'ignore'
[0.121s] Level 1:colcon.colcon_core.package_identification:_identify(external/ipopt/coinbrew/build/ThirdParty/Mumps) by extension 'ignore_ament_install'
[0.122s] Level 1:colcon.colcon_core.package_identification:_identify(external/ipopt/coinbrew/build/ThirdParty/Mumps) by extensions ['colcon_pkg']
[0.122s] Level 1:colcon.colcon_core.package_identification:_identify(external/ipopt/coinbrew/build/ThirdParty/Mumps) by extension 'colcon_pkg'
[0.122s] Level 1:colcon.colcon_core.package_identification:_identify(external/ipopt/coinbrew/build/ThirdParty/Mumps) by extensions ['colcon_meta']
[0.122s] Level 1:colcon.colcon_core.package_identification:_identify(external/ipopt/coinbrew/build/ThirdParty/Mumps) by extension 'colcon_meta'
[0.122s] Level 1:colcon.colcon_core.package_identification:_identify(external/ipopt/coinbrew/build/ThirdParty/Mumps) by extensions ['ros']
[0.122s] Level 1:colcon.colcon_core.package_identification:_identify(external/ipopt/coinbrew/build/ThirdParty/Mumps) by extension 'ros'
[0.122s] Level 1:colcon.colcon_core.package_identification:_identify(external/ipopt/coinbrew/build/ThirdParty/Mumps) by extensions ['cmake', 'python']
[0.122s] Level 1:colcon.colcon_core.package_identification:_identify(external/ipopt/coinbrew/build/ThirdParty/Mumps) by extension 'cmake'
[0.122s] Level 1:colcon.colcon_core.package_identification:_identify(external/ipopt/coinbrew/build/ThirdParty/Mumps) by extension 'python'
[0.122s] Level 1:colcon.colcon_core.package_identification:_identify(external/ipopt/coinbrew/build/ThirdParty/Mumps) by extensions ['python_setup_py']
[0.122s] Level 1:colcon.colcon_core.package_identification:_identify(external/ipopt/coinbrew/build/ThirdParty/Mumps) by extension 'python_setup_py'
[0.122s] Level 1:colcon.colcon_core.package_identification:_identify(external/ipopt/coinbrew/build/ThirdParty/Mumps/3.0.10) by extensions ['ignore', 'ignore_ament_install']
[0.122s] Level 1:colcon.colcon_core.package_identification:_identify(external/ipopt/coinbrew/build/ThirdParty/Mumps/3.0.10) by extension 'ignore'
[0.122s] Level 1:colcon.colcon_core.package_identification:_identify(external/ipopt/coinbrew/build/ThirdParty/Mumps/3.0.10) by extension 'ignore_ament_install'
[0.122s] Level 1:colcon.colcon_core.package_identification:_identify(external/ipopt/coinbrew/build/ThirdParty/Mumps/3.0.10) by extensions ['colcon_pkg']
[0.122s] Level 1:colcon.colcon_core.package_identification:_identify(external/ipopt/coinbrew/build/ThirdParty/Mumps/3.0.10) by extension 'colcon_pkg'
[0.122s] Level 1:colcon.colcon_core.package_identification:_identify(external/ipopt/coinbrew/build/ThirdParty/Mumps/3.0.10) by extensions ['colcon_meta']
[0.122s] Level 1:colcon.colcon_core.package_identification:_identify(external/ipopt/coinbrew/build/ThirdParty/Mumps/3.0.10) by extension 'colcon_meta'
[0.122s] Level 1:colcon.colcon_core.package_identification:_identify(external/ipopt/coinbrew/build/ThirdParty/Mumps/3.0.10) by extensions ['ros']
[0.122s] Level 1:colcon.colcon_core.package_identification:_identify(external/ipopt/coinbrew/build/ThirdParty/Mumps/3.0.10) by extension 'ros'
[0.122s] Level 1:colcon.colcon_core.package_identification:_identify(external/ipopt/coinbrew/build/ThirdParty/Mumps/3.0.10) by extensions ['cmake', 'python']
[0.122s] Level 1:colcon.colcon_core.package_identification:_identify(external/ipopt/coinbrew/build/ThirdParty/Mumps/3.0.10) by extension 'cmake'
[0.122s] Level 1:colcon.colcon_core.package_identification:_identify(external/ipopt/coinbrew/build/ThirdParty/Mumps/3.0.10) by extension 'python'
[0.122s] Level 1:colcon.colcon_core.package_identification:_identify(external/ipopt/coinbrew/build/ThirdParty/Mumps/3.0.10) by extensions ['python_setup_py']
[0.122s] Level 1:colcon.colcon_core.package_identification:_identify(external/ipopt/coinbrew/build/ThirdParty/Mumps/3.0.10) by extension 'python_setup_py'
[0.122s] Level 1:colcon.colcon_core.package_identification:_identify(external/ipopt/coinbrew/build/ThirdParty/Mumps/3.0.10/MUMPS) by extensions ['ignore', 'ignore_ament_install']
[0.122s] Level 1:colcon.colcon_core.package_identification:_identify(external/ipopt/coinbrew/build/ThirdParty/Mumps/3.0.10/MUMPS) by extension 'ignore'
[0.122s] Level 1:colcon.colcon_core.package_identification:_identify(external/ipopt/coinbrew/build/ThirdParty/Mumps/3.0.10/MUMPS) by extension 'ignore_ament_install'
[0.122s] Level 1:colcon.colcon_core.package_identification:_identify(external/ipopt/coinbrew/build/ThirdParty/Mumps/3.0.10/MUMPS) by extensions ['colcon_pkg']
[0.122s] Level 1:colcon.colcon_core.package_identification:_identify(external/ipopt/coinbrew/build/ThirdParty/Mumps/3.0.10/MUMPS) by extension 'colcon_pkg'
[0.122s] Level 1:colcon.colcon_core.package_identification:_identify(external/ipopt/coinbrew/build/ThirdParty/Mumps/3.0.10/MUMPS) by extensions ['colcon_meta']
[0.122s] Level 1:colcon.colcon_core.package_identification:_identify(external/ipopt/coinbrew/build/ThirdParty/Mumps/3.0.10/MUMPS) by extension 'colcon_meta'
[0.122s] Level 1:colcon.colcon_core.package_identification:_identify(external/ipopt/coinbrew/build/ThirdParty/Mumps/3.0.10/MUMPS) by extensions ['ros']
[0.122s] Level 1:colcon.colcon_core.package_identification:_identify(external/ipopt/coinbrew/build/ThirdParty/Mumps/3.0.10/MUMPS) by extension 'ros'
[0.122s] Level 1:colcon.colcon_core.package_identification:_identify(external/ipopt/coinbrew/build/ThirdParty/Mumps/3.0.10/MUMPS) by extensions ['cmake', 'python']
[0.122s] Level 1:colcon.colcon_core.package_identification:_identify(external/ipopt/coinbrew/build/ThirdParty/Mumps/3.0.10/MUMPS) by extension 'cmake'
[0.122s] Level 1:colcon.colcon_core.package_identification:_identify(external/ipopt/coinbrew/build/ThirdParty/Mumps/3.0.10/MUMPS) by extension 'python'
[0.122s] Level 1:colcon.colcon_core.package_identification:_identify(external/ipopt/coinbrew/build/ThirdParty/Mumps/3.0.10/MUMPS) by extensions ['python_setup_py']
[0.122s] Level 1:colcon.colcon_core.package_identification:_identify(external/ipopt/coinbrew/build/ThirdParty/Mumps/3.0.10/MUMPS) by extension 'python_setup_py'
[0.122s] Level 1:colcon.colcon_core.package_identification:_identify(external/ipopt/coinbrew/build/ThirdParty/Mumps/3.0.10/MUMPS/libseq) by extensions ['ignore', 'ignore_ament_install']
[0.122s] Level 1:colcon.colcon_core.package_identification:_identify(external/ipopt/coinbrew/build/ThirdParty/Mumps/3.0.10/MUMPS/libseq) by extension 'ignore'
[0.122s] Level 1:colcon.colcon_core.package_identification:_identify(external/ipopt/coinbrew/build/ThirdParty/Mumps/3.0.10/MUMPS/libseq) by extension 'ignore_ament_install'
[0.122s] Level 1:colcon.colcon_core.package_identification:_identify(external/ipopt/coinbrew/build/ThirdParty/Mumps/3.0.10/MUMPS/libseq) by extensions ['colcon_pkg']
[0.122s] Level 1:colcon.colcon_core.package_identification:_identify(external/ipopt/coinbrew/build/ThirdParty/Mumps/3.0.10/MUMPS/libseq) by extension 'colcon_pkg'
[0.122s] Level 1:colcon.colcon_core.package_identification:_identify(external/ipopt/coinbrew/build/ThirdParty/Mumps/3.0.10/MUMPS/libseq) by extensions ['colcon_meta']
[0.122s] Level 1:colcon.colcon_core.package_identification:_identify(external/ipopt/coinbrew/build/ThirdParty/Mumps/3.0.10/MUMPS/libseq) by extension 'colcon_meta'
[0.122s] Level 1:colcon.colcon_core.package_identification:_identify(external/ipopt/coinbrew/build/ThirdParty/Mumps/3.0.10/MUMPS/libseq) by extensions ['ros']
[0.122s] Level 1:colcon.colcon_core.package_identification:_identify(external/ipopt/coinbrew/build/ThirdParty/Mumps/3.0.10/MUMPS/libseq) by extension 'ros'
[0.122s] Level 1:colcon.colcon_core.package_identification:_identify(external/ipopt/coinbrew/build/ThirdParty/Mumps/3.0.10/MUMPS/libseq) by extensions ['cmake', 'python']
[0.122s] Level 1:colcon.colcon_core.package_identification:_identify(external/ipopt/coinbrew/build/ThirdParty/Mumps/3.0.10/MUMPS/libseq) by extension 'cmake'
[0.122s] Level 1:colcon.colcon_core.package_identification:_identify(external/ipopt/coinbrew/build/ThirdParty/Mumps/3.0.10/MUMPS/libseq) by extension 'python'
[0.122s] Level 1:colcon.colcon_core.package_identification:_identify(external/ipopt/coinbrew/build/ThirdParty/Mumps/3.0.10/MUMPS/libseq) by extensions ['python_setup_py']
[0.122s] Level 1:colcon.colcon_core.package_identification:_identify(external/ipopt/coinbrew/build/ThirdParty/Mumps/3.0.10/MUMPS/libseq) by extension 'python_setup_py'
[0.122s] Level 1:colcon.colcon_core.package_identification:_identify(external/ipopt/coinbrew/build/ThirdParty/Mumps/3.0.10/MUMPS/src) by extensions ['ignore', 'ignore_ament_install']
[0.122s] Level 1:colcon.colcon_core.package_identification:_identify(external/ipopt/coinbrew/build/ThirdParty/Mumps/3.0.10/MUMPS/src) by extension 'ignore'
[0.122s] Level 1:colcon.colcon_core.package_identification:_identify(external/ipopt/coinbrew/build/ThirdParty/Mumps/3.0.10/MUMPS/src) by extension 'ignore_ament_install'
[0.122s] Level 1:colcon.colcon_core.package_identification:_identify(external/ipopt/coinbrew/build/ThirdParty/Mumps/3.0.10/MUMPS/src) by extensions ['colcon_pkg']
[0.123s] Level 1:colcon.colcon_core.package_identification:_identify(external/ipopt/coinbrew/build/ThirdParty/Mumps/3.0.10/MUMPS/src) by extension 'colcon_pkg'
[0.123s] Level 1:colcon.colcon_core.package_identification:_identify(external/ipopt/coinbrew/build/ThirdParty/Mumps/3.0.10/MUMPS/src) by extensions ['colcon_meta']
[0.123s] Level 1:colcon.colcon_core.package_identification:_identify(external/ipopt/coinbrew/build/ThirdParty/Mumps/3.0.10/MUMPS/src) by extension 'colcon_meta'
[0.123s] Level 1:colcon.colcon_core.package_identification:_identify(external/ipopt/coinbrew/build/ThirdParty/Mumps/3.0.10/MUMPS/src) by extensions ['ros']
[0.123s] Level 1:colcon.colcon_core.package_identification:_identify(external/ipopt/coinbrew/build/ThirdParty/Mumps/3.0.10/MUMPS/src) by extension 'ros'
[0.123s] Level 1:colcon.colcon_core.package_identification:_identify(external/ipopt/coinbrew/build/ThirdParty/Mumps/3.0.10/MUMPS/src) by extensions ['cmake', 'python']
[0.123s] Level 1:colcon.colcon_core.package_identification:_identify(external/ipopt/coinbrew/build/ThirdParty/Mumps/3.0.10/MUMPS/src) by extension 'cmake'
[0.123s] Level 1:colcon.colcon_core.package_identification:_identify(external/ipopt/coinbrew/build/ThirdParty/Mumps/3.0.10/MUMPS/src) by extension 'python'
[0.123s] Level 1:colcon.colcon_core.package_identification:_identify(external/ipopt/coinbrew/build/ThirdParty/Mumps/3.0.10/MUMPS/src) by extensions ['python_setup_py']
[0.123s] Level 1:colcon.colcon_core.package_identification:_identify(external/ipopt/coinbrew/build/ThirdParty/Mumps/3.0.10/MUMPS/src) by extension 'python_setup_py'
[0.123s] Level 1:colcon.colcon_core.package_identification:_identify(external/ipopt/coinhsl) by extensions ['ignore', 'ignore_ament_install']
[0.123s] Level 1:colcon.colcon_core.package_identification:_identify(external/ipopt/coinhsl) by extension 'ignore'
[0.123s] Level 1:colcon.colcon_core.package_identification:_identify(external/ipopt/coinhsl) by extension 'ignore_ament_install'
[0.123s] Level 1:colcon.colcon_core.package_identification:_identify(external/ipopt/coinhsl) by extensions ['colcon_pkg']
[0.123s] Level 1:colcon.colcon_core.package_identification:_identify(external/ipopt/coinhsl) by extension 'colcon_pkg'
[0.123s] Level 1:colcon.colcon_core.package_identification:_identify(external/ipopt/coinhsl) by extensions ['colcon_meta']
[0.123s] Level 1:colcon.colcon_core.package_identification:_identify(external/ipopt/coinhsl) by extension 'colcon_meta'
[0.123s] Level 1:colcon.colcon_core.package_identification:_identify(external/ipopt/coinhsl) by extensions ['ros']
[0.123s] Level 1:colcon.colcon_core.package_identification:_identify(external/ipopt/coinhsl) by extension 'ros'
[0.123s] Level 1:colcon.colcon_core.package_identification:_identify(external/ipopt/coinhsl) by extensions ['cmake', 'python']
[0.123s] Level 1:colcon.colcon_core.package_identification:_identify(external/ipopt/coinhsl) by extension 'cmake'
[0.123s] Level 1:colcon.colcon_core.package_identification:_identify(external/ipopt/coinhsl) by extension 'python'
[0.123s] Level 1:colcon.colcon_core.package_identification:_identify(external/ipopt/coinhsl) by extensions ['python_setup_py']
[0.123s] Level 1:colcon.colcon_core.package_identification:_identify(external/ipopt/coinhsl) by extension 'python_setup_py'
[0.123s] Level 1:colcon.colcon_core.package_identification:_identify(external/ipopt/coinhsl/autom4te.cache) by extensions ['ignore', 'ignore_ament_install']
[0.123s] Level 1:colcon.colcon_core.package_identification:_identify(external/ipopt/coinhsl/autom4te.cache) by extension 'ignore'
[0.123s] Level 1:colcon.colcon_core.package_identification:_identify(external/ipopt/coinhsl/autom4te.cache) by extension 'ignore_ament_install'
[0.123s] Level 1:colcon.colcon_core.package_identification:_identify(external/ipopt/coinhsl/autom4te.cache) by extensions ['colcon_pkg']
[0.123s] Level 1:colcon.colcon_core.package_identification:_identify(external/ipopt/coinhsl/autom4te.cache) by extension 'colcon_pkg'
[0.123s] Level 1:colcon.colcon_core.package_identification:_identify(external/ipopt/coinhsl/autom4te.cache) by extensions ['colcon_meta']
[0.123s] Level 1:colcon.colcon_core.package_identification:_identify(external/ipopt/coinhsl/autom4te.cache) by extension 'colcon_meta'
[0.123s] Level 1:colcon.colcon_core.package_identification:_identify(external/ipopt/coinhsl/autom4te.cache) by extensions ['ros']
[0.123s] Level 1:colcon.colcon_core.package_identification:_identify(external/ipopt/coinhsl/autom4te.cache) by extension 'ros'
[0.123s] Level 1:colcon.colcon_core.package_identification:_identify(external/ipopt/coinhsl/autom4te.cache) by extensions ['cmake', 'python']
[0.123s] Level 1:colcon.colcon_core.package_identification:_identify(external/ipopt/coinhsl/autom4te.cache) by extension 'cmake'
[0.123s] Level 1:colcon.colcon_core.package_identification:_identify(external/ipopt/coinhsl/autom4te.cache) by extension 'python'
[0.123s] Level 1:colcon.colcon_core.package_identification:_identify(external/ipopt/coinhsl/autom4te.cache) by extensions ['python_setup_py']
[0.123s] Level 1:colcon.colcon_core.package_identification:_identify(external/ipopt/coinhsl/autom4te.cache) by extension 'python_setup_py'
[0.123s] Level 1:colcon.colcon_core.package_identification:_identify(external/ipopt/coinhsl/common) by extensions ['ignore', 'ignore_ament_install']
[0.123s] Level 1:colcon.colcon_core.package_identification:_identify(external/ipopt/coinhsl/common) by extension 'ignore'
[0.123s] Level 1:colcon.colcon_core.package_identification:_identify(external/ipopt/coinhsl/common) by extension 'ignore_ament_install'
[0.123s] Level 1:colcon.colcon_core.package_identification:_identify(external/ipopt/coinhsl/common) by extensions ['colcon_pkg']
[0.123s] Level 1:colcon.colcon_core.package_identification:_identify(external/ipopt/coinhsl/common) by extension 'colcon_pkg'
[0.123s] Level 1:colcon.colcon_core.package_identification:_identify(external/ipopt/coinhsl/common) by extensions ['colcon_meta']
[0.123s] Level 1:colcon.colcon_core.package_identification:_identify(external/ipopt/coinhsl/common) by extension 'colcon_meta'
[0.123s] Level 1:colcon.colcon_core.package_identification:_identify(external/ipopt/coinhsl/common) by extensions ['ros']
[0.123s] Level 1:colcon.colcon_core.package_identification:_identify(external/ipopt/coinhsl/common) by extension 'ros'
[0.123s] Level 1:colcon.colcon_core.package_identification:_identify(external/ipopt/coinhsl/common) by extensions ['cmake', 'python']
[0.123s] Level 1:colcon.colcon_core.package_identification:_identify(external/ipopt/coinhsl/common) by extension 'cmake'
[0.123s] Level 1:colcon.colcon_core.package_identification:_identify(external/ipopt/coinhsl/common) by extension 'python'
[0.123s] Level 1:colcon.colcon_core.package_identification:_identify(external/ipopt/coinhsl/common) by extensions ['python_setup_py']
[0.123s] Level 1:colcon.colcon_core.package_identification:_identify(external/ipopt/coinhsl/common) by extension 'python_setup_py'
[0.123s] Level 1:colcon.colcon_core.package_identification:_identify(external/ipopt/coinhsl/loadmetis) by extensions ['ignore', 'ignore_ament_install']
[0.123s] Level 1:colcon.colcon_core.package_identification:_identify(external/ipopt/coinhsl/loadmetis) by extension 'ignore'
[0.123s] Level 1:colcon.colcon_core.package_identification:_identify(external/ipopt/coinhsl/loadmetis) by extension 'ignore_ament_install'
[0.123s] Level 1:colcon.colcon_core.package_identification:_identify(external/ipopt/coinhsl/loadmetis) by extensions ['colcon_pkg']
[0.123s] Level 1:colcon.colcon_core.package_identification:_identify(external/ipopt/coinhsl/loadmetis) by extension 'colcon_pkg'
[0.123s] Level 1:colcon.colcon_core.package_identification:_identify(external/ipopt/coinhsl/loadmetis) by extensions ['colcon_meta']
[0.123s] Level 1:colcon.colcon_core.package_identification:_identify(external/ipopt/coinhsl/loadmetis) by extension 'colcon_meta'
[0.123s] Level 1:colcon.colcon_core.package_identification:_identify(external/ipopt/coinhsl/loadmetis) by extensions ['ros']
[0.123s] Level 1:colcon.colcon_core.package_identification:_identify(external/ipopt/coinhsl/loadmetis) by extension 'ros'
[0.123s] Level 1:colcon.colcon_core.package_identification:_identify(external/ipopt/coinhsl/loadmetis) by extensions ['cmake', 'python']
[0.123s] Level 1:colcon.colcon_core.package_identification:_identify(external/ipopt/coinhsl/loadmetis) by extension 'cmake'
[0.123s] Level 1:colcon.colcon_core.package_identification:_identify(external/ipopt/coinhsl/loadmetis) by extension 'python'
[0.123s] Level 1:colcon.colcon_core.package_identification:_identify(external/ipopt/coinhsl/loadmetis) by extensions ['python_setup_py']
[0.123s] Level 1:colcon.colcon_core.package_identification:_identify(external/ipopt/coinhsl/loadmetis) by extension 'python_setup_py'
[0.123s] Level 1:colcon.colcon_core.package_identification:_identify(external/ipopt/coinhsl/m4) by extensions ['ignore', 'ignore_ament_install']
[0.124s] Level 1:colcon.colcon_core.package_identification:_identify(external/ipopt/coinhsl/m4) by extension 'ignore'
[0.124s] Level 1:colcon.colcon_core.package_identification:_identify(external/ipopt/coinhsl/m4) by extension 'ignore_ament_install'
[0.124s] Level 1:colcon.colcon_core.package_identification:_identify(external/ipopt/coinhsl/m4) by extensions ['colcon_pkg']
[0.124s] Level 1:colcon.colcon_core.package_identification:_identify(external/ipopt/coinhsl/m4) by extension 'colcon_pkg'
[0.124s] Level 1:colcon.colcon_core.package_identification:_identify(external/ipopt/coinhsl/m4) by extensions ['colcon_meta']
[0.124s] Level 1:colcon.colcon_core.package_identification:_identify(external/ipopt/coinhsl/m4) by extension 'colcon_meta'
[0.124s] Level 1:colcon.colcon_core.package_identification:_identify(external/ipopt/coinhsl/m4) by extensions ['ros']
[0.124s] Level 1:colcon.colcon_core.package_identification:_identify(external/ipopt/coinhsl/m4) by extension 'ros'
[0.124s] Level 1:colcon.colcon_core.package_identification:_identify(external/ipopt/coinhsl/m4) by extensions ['cmake', 'python']
[0.124s] Level 1:colcon.colcon_core.package_identification:_identify(external/ipopt/coinhsl/m4) by extension 'cmake'
[0.124s] Level 1:colcon.colcon_core.package_identification:_identify(external/ipopt/coinhsl/m4) by extension 'python'
[0.124s] Level 1:colcon.colcon_core.package_identification:_identify(external/ipopt/coinhsl/m4) by extensions ['python_setup_py']
[0.124s] Level 1:colcon.colcon_core.package_identification:_identify(external/ipopt/coinhsl/m4) by extension 'python_setup_py'
[0.124s] Level 1:colcon.colcon_core.package_identification:_identify(external/ipopt/coinhsl/ma27) by extensions ['ignore', 'ignore_ament_install']
[0.124s] Level 1:colcon.colcon_core.package_identification:_identify(external/ipopt/coinhsl/ma27) by extension 'ignore'
[0.124s] Level 1:colcon.colcon_core.package_identification:_identify(external/ipopt/coinhsl/ma27) by extension 'ignore_ament_install'
[0.124s] Level 1:colcon.colcon_core.package_identification:_identify(external/ipopt/coinhsl/ma27) by extensions ['colcon_pkg']
[0.124s] Level 1:colcon.colcon_core.package_identification:_identify(external/ipopt/coinhsl/ma27) by extension 'colcon_pkg'
[0.124s] Level 1:colcon.colcon_core.package_identification:_identify(external/ipopt/coinhsl/ma27) by extensions ['colcon_meta']
[0.124s] Level 1:colcon.colcon_core.package_identification:_identify(external/ipopt/coinhsl/ma27) by extension 'colcon_meta'
[0.124s] Level 1:colcon.colcon_core.package_identification:_identify(external/ipopt/coinhsl/ma27) by extensions ['ros']
[0.124s] Level 1:colcon.colcon_core.package_identification:_identify(external/ipopt/coinhsl/ma27) by extension 'ros'
[0.124s] Level 1:colcon.colcon_core.package_identification:_identify(external/ipopt/coinhsl/ma27) by extensions ['cmake', 'python']
[0.124s] Level 1:colcon.colcon_core.package_identification:_identify(external/ipopt/coinhsl/ma27) by extension 'cmake'
[0.124s] Level 1:colcon.colcon_core.package_identification:_identify(external/ipopt/coinhsl/ma27) by extension 'python'
[0.124s] Level 1:colcon.colcon_core.package_identification:_identify(external/ipopt/coinhsl/ma27) by extensions ['python_setup_py']
[0.124s] Level 1:colcon.colcon_core.package_identification:_identify(external/ipopt/coinhsl/ma27) by extension 'python_setup_py'
[0.124s] Level 1:colcon.colcon_core.package_identification:_identify(external/ipopt/coinhsl/ma28) by extensions ['ignore', 'ignore_ament_install']
[0.124s] Level 1:colcon.colcon_core.package_identification:_identify(external/ipopt/coinhsl/ma28) by extension 'ignore'
[0.124s] Level 1:colcon.colcon_core.package_identification:_identify(external/ipopt/coinhsl/ma28) by extension 'ignore_ament_install'
[0.124s] Level 1:colcon.colcon_core.package_identification:_identify(external/ipopt/coinhsl/ma28) by extensions ['colcon_pkg']
[0.124s] Level 1:colcon.colcon_core.package_identification:_identify(external/ipopt/coinhsl/ma28) by extension 'colcon_pkg'
[0.124s] Level 1:colcon.colcon_core.package_identification:_identify(external/ipopt/coinhsl/ma28) by extensions ['colcon_meta']
[0.124s] Level 1:colcon.colcon_core.package_identification:_identify(external/ipopt/coinhsl/ma28) by extension 'colcon_meta'
[0.124s] Level 1:colcon.colcon_core.package_identification:_identify(external/ipopt/coinhsl/ma28) by extensions ['ros']
[0.124s] Level 1:colcon.colcon_core.package_identification:_identify(external/ipopt/coinhsl/ma28) by extension 'ros'
[0.124s] Level 1:colcon.colcon_core.package_identification:_identify(external/ipopt/coinhsl/ma28) by extensions ['cmake', 'python']
[0.124s] Level 1:colcon.colcon_core.package_identification:_identify(external/ipopt/coinhsl/ma28) by extension 'cmake'
[0.124s] Level 1:colcon.colcon_core.package_identification:_identify(external/ipopt/coinhsl/ma28) by extension 'python'
[0.124s] Level 1:colcon.colcon_core.package_identification:_identify(external/ipopt/coinhsl/ma28) by extensions ['python_setup_py']
[0.124s] Level 1:colcon.colcon_core.package_identification:_identify(external/ipopt/coinhsl/ma28) by extension 'python_setup_py'
[0.124s] Level 1:colcon.colcon_core.package_identification:_identify(external/ipopt/coinhsl/mc19) by extensions ['ignore', 'ignore_ament_install']
[0.124s] Level 1:colcon.colcon_core.package_identification:_identify(external/ipopt/coinhsl/mc19) by extension 'ignore'
[0.124s] Level 1:colcon.colcon_core.package_identification:_identify(external/ipopt/coinhsl/mc19) by extension 'ignore_ament_install'
[0.124s] Level 1:colcon.colcon_core.package_identification:_identify(external/ipopt/coinhsl/mc19) by extensions ['colcon_pkg']
[0.124s] Level 1:colcon.colcon_core.package_identification:_identify(external/ipopt/coinhsl/mc19) by extension 'colcon_pkg'
[0.124s] Level 1:colcon.colcon_core.package_identification:_identify(external/ipopt/coinhsl/mc19) by extensions ['colcon_meta']
[0.124s] Level 1:colcon.colcon_core.package_identification:_identify(external/ipopt/coinhsl/mc19) by extension 'colcon_meta'
[0.124s] Level 1:colcon.colcon_core.package_identification:_identify(external/ipopt/coinhsl/mc19) by extensions ['ros']
[0.124s] Level 1:colcon.colcon_core.package_identification:_identify(external/ipopt/coinhsl/mc19) by extension 'ros'
[0.124s] Level 1:colcon.colcon_core.package_identification:_identify(external/ipopt/coinhsl/mc19) by extensions ['cmake', 'python']
[0.124s] Level 1:colcon.colcon_core.package_identification:_identify(external/ipopt/coinhsl/mc19) by extension 'cmake'
[0.124s] Level 1:colcon.colcon_core.package_identification:_identify(external/ipopt/coinhsl/mc19) by extension 'python'
[0.124s] Level 1:colcon.colcon_core.package_identification:_identify(external/ipopt/coinhsl/mc19) by extensions ['python_setup_py']
[0.124s] Level 1:colcon.colcon_core.package_identification:_identify(external/ipopt/coinhsl/mc19) by extension 'python_setup_py'
[0.124s] Level 1:colcon.colcon_core.package_identification:_identify(external/mblink) by extensions ['ignore', 'ignore_ament_install']
[0.124s] Level 1:colcon.colcon_core.package_identification:_identify(external/mblink) by extension 'ignore'
[0.124s] Level 1:colcon.colcon_core.package_identification:_identify(external/mblink) by extension 'ignore_ament_install'
[0.124s] Level 1:colcon.colcon_core.package_identification:_identify(external/mblink) by extensions ['colcon_pkg']
[0.124s] Level 1:colcon.colcon_core.package_identification:_identify(external/mblink) by extension 'colcon_pkg'
[0.124s] Level 1:colcon.colcon_core.package_identification:_identify(external/mblink) by extensions ['colcon_meta']
[0.124s] Level 1:colcon.colcon_core.package_identification:_identify(external/mblink) by extension 'colcon_meta'
[0.124s] Level 1:colcon.colcon_core.package_identification:_identify(external/mblink) by extensions ['ros']
[0.124s] Level 1:colcon.colcon_core.package_identification:_identify(external/mblink) by extension 'ros'
[0.124s] Level 1:colcon.colcon_core.package_identification:_identify(external/mblink) by extensions ['cmake', 'python']
[0.124s] Level 1:colcon.colcon_core.package_identification:_identify(external/mblink) by extension 'cmake'
[0.124s] Level 1:colcon.colcon_core.package_identification:_identify(external/mblink) by extension 'python'
[0.124s] Level 1:colcon.colcon_core.package_identification:_identify(external/mblink) by extensions ['python_setup_py']
[0.124s] Level 1:colcon.colcon_core.package_identification:_identify(external/mblink) by extension 'python_setup_py'
[0.124s] Level 1:colcon.colcon_core.package_identification:_identify(external/mblink/include) by extensions ['ignore', 'ignore_ament_install']
[0.124s] Level 1:colcon.colcon_core.package_identification:_identify(external/mblink/include) by extension 'ignore'
[0.125s] Level 1:colcon.colcon_core.package_identification:_identify(external/mblink/include) by extension 'ignore_ament_install'
[0.125s] Level 1:colcon.colcon_core.package_identification:_identify(external/mblink/include) by extensions ['colcon_pkg']
[0.125s] Level 1:colcon.colcon_core.package_identification:_identify(external/mblink/include) by extension 'colcon_pkg'
[0.125s] Level 1:colcon.colcon_core.package_identification:_identify(external/mblink/include) by extensions ['colcon_meta']
[0.125s] Level 1:colcon.colcon_core.package_identification:_identify(external/mblink/include) by extension 'colcon_meta'
[0.125s] Level 1:colcon.colcon_core.package_identification:_identify(external/mblink/include) by extensions ['ros']
[0.125s] Level 1:colcon.colcon_core.package_identification:_identify(external/mblink/include) by extension 'ros'
[0.125s] Level 1:colcon.colcon_core.package_identification:_identify(external/mblink/include) by extensions ['cmake', 'python']
[0.125s] Level 1:colcon.colcon_core.package_identification:_identify(external/mblink/include) by extension 'cmake'
[0.125s] Level 1:colcon.colcon_core.package_identification:_identify(external/mblink/include) by extension 'python'
[0.125s] Level 1:colcon.colcon_core.package_identification:_identify(external/mblink/include) by extensions ['python_setup_py']
[0.125s] Level 1:colcon.colcon_core.package_identification:_identify(external/mblink/include) by extension 'python_setup_py'
[0.125s] Level 1:colcon.colcon_core.package_identification:_identify(external/mblink/include/mavlink) by extensions ['ignore', 'ignore_ament_install']
[0.125s] Level 1:colcon.colcon_core.package_identification:_identify(external/mblink/include/mavlink) by extension 'ignore'
[0.125s] Level 1:colcon.colcon_core.package_identification:_identify(external/mblink/include/mavlink) by extension 'ignore_ament_install'
[0.125s] Level 1:colcon.colcon_core.package_identification:_identify(external/mblink/include/mavlink) by extensions ['colcon_pkg']
[0.125s] Level 1:colcon.colcon_core.package_identification:_identify(external/mblink/include/mavlink) by extension 'colcon_pkg'
[0.125s] Level 1:colcon.colcon_core.package_identification:_identify(external/mblink/include/mavlink) by extensions ['colcon_meta']
[0.125s] Level 1:colcon.colcon_core.package_identification:_identify(external/mblink/include/mavlink) by extension 'colcon_meta'
[0.125s] Level 1:colcon.colcon_core.package_identification:_identify(external/mblink/include/mavlink) by extensions ['ros']
[0.125s] Level 1:colcon.colcon_core.package_identification:_identify(external/mblink/include/mavlink) by extension 'ros'
[0.125s] Level 1:colcon.colcon_core.package_identification:_identify(external/mblink/include/mavlink) by extensions ['cmake', 'python']
[0.125s] Level 1:colcon.colcon_core.package_identification:_identify(external/mblink/include/mavlink) by extension 'cmake'
[0.125s] Level 1:colcon.colcon_core.package_identification:_identify(external/mblink/include/mavlink) by extension 'python'
[0.125s] Level 1:colcon.colcon_core.package_identification:_identify(external/mblink/include/mavlink) by extensions ['python_setup_py']
[0.125s] Level 1:colcon.colcon_core.package_identification:_identify(external/mblink/include/mavlink) by extension 'python_setup_py'
[0.125s] Level 1:colcon.colcon_core.package_identification:_identify(external/mblink/include/mavlink/common) by extensions ['ignore', 'ignore_ament_install']
[0.125s] Level 1:colcon.colcon_core.package_identification:_identify(external/mblink/include/mavlink/common) by extension 'ignore'
[0.125s] Level 1:colcon.colcon_core.package_identification:_identify(external/mblink/include/mavlink/common) by extension 'ignore_ament_install'
[0.125s] Level 1:colcon.colcon_core.package_identification:_identify(external/mblink/include/mavlink/common) by extensions ['colcon_pkg']
[0.125s] Level 1:colcon.colcon_core.package_identification:_identify(external/mblink/include/mavlink/common) by extension 'colcon_pkg'
[0.125s] Level 1:colcon.colcon_core.package_identification:_identify(external/mblink/include/mavlink/common) by extensions ['colcon_meta']
[0.125s] Level 1:colcon.colcon_core.package_identification:_identify(external/mblink/include/mavlink/common) by extension 'colcon_meta'
[0.125s] Level 1:colcon.colcon_core.package_identification:_identify(external/mblink/include/mavlink/common) by extensions ['ros']
[0.125s] Level 1:colcon.colcon_core.package_identification:_identify(external/mblink/include/mavlink/common) by extension 'ros'
[0.125s] Level 1:colcon.colcon_core.package_identification:_identify(external/mblink/include/mavlink/common) by extensions ['cmake', 'python']
[0.125s] Level 1:colcon.colcon_core.package_identification:_identify(external/mblink/include/mavlink/common) by extension 'cmake'
[0.125s] Level 1:colcon.colcon_core.package_identification:_identify(external/mblink/include/mavlink/common) by extension 'python'
[0.125s] Level 1:colcon.colcon_core.package_identification:_identify(external/mblink/include/mavlink/common) by extensions ['python_setup_py']
[0.125s] Level 1:colcon.colcon_core.package_identification:_identify(external/mblink/include/mavlink/common) by extension 'python_setup_py'
[0.125s] Level 1:colcon.colcon_core.package_identification:_identify(external/mblink/include/mavlink/minimal) by extensions ['ignore', 'ignore_ament_install']
[0.125s] Level 1:colcon.colcon_core.package_identification:_identify(external/mblink/include/mavlink/minimal) by extension 'ignore'
[0.125s] Level 1:colcon.colcon_core.package_identification:_identify(external/mblink/include/mavlink/minimal) by extension 'ignore_ament_install'
[0.125s] Level 1:colcon.colcon_core.package_identification:_identify(external/mblink/include/mavlink/minimal) by extensions ['colcon_pkg']
[0.125s] Level 1:colcon.colcon_core.package_identification:_identify(external/mblink/include/mavlink/minimal) by extension 'colcon_pkg'
[0.125s] Level 1:colcon.colcon_core.package_identification:_identify(external/mblink/include/mavlink/minimal) by extensions ['colcon_meta']
[0.125s] Level 1:colcon.colcon_core.package_identification:_identify(external/mblink/include/mavlink/minimal) by extension 'colcon_meta'
[0.125s] Level 1:colcon.colcon_core.package_identification:_identify(external/mblink/include/mavlink/minimal) by extensions ['ros']
[0.125s] Level 1:colcon.colcon_core.package_identification:_identify(external/mblink/include/mavlink/minimal) by extension 'ros'
[0.125s] Level 1:colcon.colcon_core.package_identification:_identify(external/mblink/include/mavlink/minimal) by extensions ['cmake', 'python']
[0.125s] Level 1:colcon.colcon_core.package_identification:_identify(external/mblink/include/mavlink/minimal) by extension 'cmake'
[0.125s] Level 1:colcon.colcon_core.package_identification:_identify(external/mblink/include/mavlink/minimal) by extension 'python'
[0.125s] Level 1:colcon.colcon_core.package_identification:_identify(external/mblink/include/mavlink/minimal) by extensions ['python_setup_py']
[0.125s] Level 1:colcon.colcon_core.package_identification:_identify(external/mblink/include/mavlink/minimal) by extension 'python_setup_py'
[0.125s] Level 1:colcon.colcon_core.package_identification:_identify(external/mblink/include/mavlink/standard) by extensions ['ignore', 'ignore_ament_install']
[0.125s] Level 1:colcon.colcon_core.package_identification:_identify(external/mblink/include/mavlink/standard) by extension 'ignore'
[0.125s] Level 1:colcon.colcon_core.package_identification:_identify(external/mblink/include/mavlink/standard) by extension 'ignore_ament_install'
[0.125s] Level 1:colcon.colcon_core.package_identification:_identify(external/mblink/include/mavlink/standard) by extensions ['colcon_pkg']
[0.125s] Level 1:colcon.colcon_core.package_identification:_identify(external/mblink/include/mavlink/standard) by extension 'colcon_pkg'
[0.125s] Level 1:colcon.colcon_core.package_identification:_identify(external/mblink/include/mavlink/standard) by extensions ['colcon_meta']
[0.125s] Level 1:colcon.colcon_core.package_identification:_identify(external/mblink/include/mavlink/standard) by extension 'colcon_meta'
[0.125s] Level 1:colcon.colcon_core.package_identification:_identify(external/mblink/include/mavlink/standard) by extensions ['ros']
[0.125s] Level 1:colcon.colcon_core.package_identification:_identify(external/mblink/include/mavlink/standard) by extension 'ros'
[0.125s] Level 1:colcon.colcon_core.package_identification:_identify(external/mblink/include/mavlink/standard) by extensions ['cmake', 'python']
[0.125s] Level 1:colcon.colcon_core.package_identification:_identify(external/mblink/include/mavlink/standard) by extension 'cmake'
[0.125s] Level 1:colcon.colcon_core.package_identification:_identify(external/mblink/include/mavlink/standard) by extension 'python'
[0.126s] Level 1:colcon.colcon_core.package_identification:_identify(external/mblink/include/mavlink/standard) by extensions ['python_setup_py']
[0.126s] Level 1:colcon.colcon_core.package_identification:_identify(external/mblink/include/mavlink/standard) by extension 'python_setup_py'
[0.126s] Level 1:colcon.colcon_core.package_identification:_identify(external/mblink/include/mblink) by extensions ['ignore', 'ignore_ament_install']
[0.126s] Level 1:colcon.colcon_core.package_identification:_identify(external/mblink/include/mblink) by extension 'ignore'
[0.126s] Level 1:colcon.colcon_core.package_identification:_identify(external/mblink/include/mblink) by extension 'ignore_ament_install'
[0.126s] Level 1:colcon.colcon_core.package_identification:_identify(external/mblink/include/mblink) by extensions ['colcon_pkg']
[0.126s] Level 1:colcon.colcon_core.package_identification:_identify(external/mblink/include/mblink) by extension 'colcon_pkg'
[0.126s] Level 1:colcon.colcon_core.package_identification:_identify(external/mblink/include/mblink) by extensions ['colcon_meta']
[0.126s] Level 1:colcon.colcon_core.package_identification:_identify(external/mblink/include/mblink) by extension 'colcon_meta'
[0.126s] Level 1:colcon.colcon_core.package_identification:_identify(external/mblink/include/mblink) by extensions ['ros']
[0.126s] Level 1:colcon.colcon_core.package_identification:_identify(external/mblink/include/mblink) by extension 'ros'
[0.126s] Level 1:colcon.colcon_core.package_identification:_identify(external/mblink/include/mblink) by extensions ['cmake', 'python']
[0.126s] Level 1:colcon.colcon_core.package_identification:_identify(external/mblink/include/mblink) by extension 'cmake'
[0.126s] Level 1:colcon.colcon_core.package_identification:_identify(external/mblink/include/mblink) by extension 'python'
[0.126s] Level 1:colcon.colcon_core.package_identification:_identify(external/mblink/include/mblink) by extensions ['python_setup_py']
[0.126s] Level 1:colcon.colcon_core.package_identification:_identify(external/mblink/include/mblink) by extension 'python_setup_py'
[0.126s] Level 1:colcon.colcon_core.package_identification:_identify(external/mblink/lib) by extensions ['ignore', 'ignore_ament_install']
[0.126s] Level 1:colcon.colcon_core.package_identification:_identify(external/mblink/lib) by extension 'ignore'
[0.126s] Level 1:colcon.colcon_core.package_identification:_identify(external/mblink/lib) by extension 'ignore_ament_install'
[0.126s] Level 1:colcon.colcon_core.package_identification:_identify(external/mblink/lib) by extensions ['colcon_pkg']
[0.126s] Level 1:colcon.colcon_core.package_identification:_identify(external/mblink/lib) by extension 'colcon_pkg'
[0.126s] Level 1:colcon.colcon_core.package_identification:_identify(external/mblink/lib) by extensions ['colcon_meta']
[0.126s] Level 1:colcon.colcon_core.package_identification:_identify(external/mblink/lib) by extension 'colcon_meta'
[0.126s] Level 1:colcon.colcon_core.package_identification:_identify(external/mblink/lib) by extensions ['ros']
[0.126s] Level 1:colcon.colcon_core.package_identification:_identify(external/mblink/lib) by extension 'ros'
[0.126s] Level 1:colcon.colcon_core.package_identification:_identify(external/mblink/lib) by extensions ['cmake', 'python']
[0.126s] Level 1:colcon.colcon_core.package_identification:_identify(external/mblink/lib) by extension 'cmake'
[0.126s] Level 1:colcon.colcon_core.package_identification:_identify(external/mblink/lib) by extension 'python'
[0.126s] Level 1:colcon.colcon_core.package_identification:_identify(external/mblink/lib) by extensions ['python_setup_py']
[0.126s] Level 1:colcon.colcon_core.package_identification:_identify(external/mblink/lib) by extension 'python_setup_py'
[0.126s] Level 1:colcon.colcon_core.package_identification:_identify(external/mocap_optitrack) by extensions ['ignore', 'ignore_ament_install']
[0.126s] Level 1:colcon.colcon_core.package_identification:_identify(external/mocap_optitrack) by extension 'ignore'
[0.126s] Level 1:colcon.colcon_core.package_identification:_identify(external/mocap_optitrack) by extension 'ignore_ament_install'
[0.126s] Level 1:colcon.colcon_core.package_identification:_identify(external/mocap_optitrack) by extensions ['colcon_pkg']
[0.126s] Level 1:colcon.colcon_core.package_identification:_identify(external/mocap_optitrack) by extension 'colcon_pkg'
[0.126s] Level 1:colcon.colcon_core.package_identification:_identify(external/mocap_optitrack) by extensions ['colcon_meta']
[0.126s] Level 1:colcon.colcon_core.package_identification:_identify(external/mocap_optitrack) by extension 'colcon_meta'
[0.126s] Level 1:colcon.colcon_core.package_identification:_identify(external/mocap_optitrack) by extensions ['ros']
[0.126s] Level 1:colcon.colcon_core.package_identification:_identify(external/mocap_optitrack) by extension 'ros'
[0.126s] DEBUG:colcon.colcon_core.package_identification:Package 'external/mocap_optitrack' with type 'ros.ament_cmake' and name 'mocap_optitrack'
[0.126s] Level 1:colcon.colcon_core.package_identification:_identify(external/rbdl-orb) by extensions ['ignore', 'ignore_ament_install']
[0.127s] Level 1:colcon.colcon_core.package_identification:_identify(external/rbdl-orb) by extension 'ignore'
[0.127s] Level 1:colcon.colcon_core.package_identification:_identify(external/rbdl-orb) by extension 'ignore_ament_install'
[0.127s] Level 1:colcon.colcon_core.package_identification:_identify(external/rbdl-orb) by extensions ['colcon_pkg']
[0.127s] Level 1:colcon.colcon_core.package_identification:_identify(external/rbdl-orb) by extension 'colcon_pkg'
[0.127s] Level 1:colcon.colcon_core.package_identification:_identify(external/rbdl-orb) by extensions ['colcon_meta']
[0.127s] Level 1:colcon.colcon_core.package_identification:_identify(external/rbdl-orb) by extension 'colcon_meta'
[0.127s] Level 1:colcon.colcon_core.package_identification:_identify(external/rbdl-orb) by extensions ['ros']
[0.127s] Level 1:colcon.colcon_core.package_identification:_identify(external/rbdl-orb) by extension 'ros'
[0.127s] Level 1:colcon.colcon_core.package_identification:_identify(external/rbdl-orb) by extensions ['cmake', 'python']
[0.127s] Level 1:colcon.colcon_core.package_identification:_identify(external/rbdl-orb) by extension 'cmake'
[0.141s] Level 1:colcon.colcon_core.package_identification:_identify(external/rbdl-orb) by extension 'python'
[0.141s] DEBUG:colcon.colcon_core.package_identification:Package 'external/rbdl-orb' with type 'cmake' and name 'RBDL'
[0.141s] Level 1:colcon.colcon_core.package_identification:_identify(external/teleop_twist_joy) by extensions ['ignore', 'ignore_ament_install']
[0.141s] Level 1:colcon.colcon_core.package_identification:_identify(external/teleop_twist_joy) by extension 'ignore'
[0.141s] Level 1:colcon.colcon_core.package_identification:_identify(external/teleop_twist_joy) by extension 'ignore_ament_install'
[0.141s] Level 1:colcon.colcon_core.package_identification:_identify(external/teleop_twist_joy) by extensions ['colcon_pkg']
[0.141s] Level 1:colcon.colcon_core.package_identification:_identify(external/teleop_twist_joy) by extension 'colcon_pkg'
[0.141s] Level 1:colcon.colcon_core.package_identification:_identify(external/teleop_twist_joy) by extensions ['colcon_meta']
[0.141s] Level 1:colcon.colcon_core.package_identification:_identify(external/teleop_twist_joy) by extension 'colcon_meta'
[0.141s] Level 1:colcon.colcon_core.package_identification:_identify(external/teleop_twist_joy) by extensions ['ros']
[0.141s] Level 1:colcon.colcon_core.package_identification:_identify(external/teleop_twist_joy) by extension 'ros'
[0.141s] DEBUG:colcon.colcon_core.package_identification:Package 'external/teleop_twist_joy' with type 'ros.ament_cmake' and name 'teleop_twist_joy'
[0.141s] Level 1:colcon.colcon_core.package_identification:_identify(external/teleop_twist_keyboard) by extensions ['ignore', 'ignore_ament_install']
[0.141s] Level 1:colcon.colcon_core.package_identification:_identify(external/teleop_twist_keyboard) by extension 'ignore'
[0.141s] Level 1:colcon.colcon_core.package_identification:_identify(external/teleop_twist_keyboard) by extension 'ignore_ament_install'
[0.141s] Level 1:colcon.colcon_core.package_identification:_identify(external/teleop_twist_keyboard) by extensions ['colcon_pkg']
[0.141s] Level 1:colcon.colcon_core.package_identification:_identify(external/teleop_twist_keyboard) by extension 'colcon_pkg'
[0.141s] Level 1:colcon.colcon_core.package_identification:_identify(external/teleop_twist_keyboard) by extensions ['colcon_meta']
[0.141s] Level 1:colcon.colcon_core.package_identification:_identify(external/teleop_twist_keyboard) by extension 'colcon_meta'
[0.141s] Level 1:colcon.colcon_core.package_identification:_identify(external/teleop_twist_keyboard) by extensions ['ros']
[0.141s] Level 1:colcon.colcon_core.package_identification:_identify(external/teleop_twist_keyboard) by extension 'ros'
[0.142s] DEBUG:colcon.colcon_core.package_identification:Package 'external/teleop_twist_keyboard' with type 'ros.ament_python' and name 'teleop_twist_keyboard'
[0.142s] Level 1:colcon.colcon_core.package_identification:_identify(external/unitree_sdk2) by extensions ['ignore', 'ignore_ament_install']
[0.142s] Level 1:colcon.colcon_core.package_identification:_identify(external/unitree_sdk2) by extension 'ignore'
[0.142s] Level 1:colcon.colcon_core.package_identification:_identify(external/unitree_sdk2) by extension 'ignore_ament_install'
[0.142s] Level 1:colcon.colcon_core.package_identification:_identify(external/unitree_sdk2) by extensions ['colcon_pkg']
[0.142s] Level 1:colcon.colcon_core.package_identification:_identify(external/unitree_sdk2) by extension 'colcon_pkg'
[0.142s] Level 1:colcon.colcon_core.package_identification:_identify(external/unitree_sdk2) by extensions ['colcon_meta']
[0.142s] Level 1:colcon.colcon_core.package_identification:_identify(external/unitree_sdk2) by extension 'colcon_meta'
[0.142s] Level 1:colcon.colcon_core.package_identification:_identify(external/unitree_sdk2) by extensions ['ros']
[0.142s] Level 1:colcon.colcon_core.package_identification:_identify(external/unitree_sdk2) by extension 'ros'
[0.142s] Level 1:colcon.colcon_core.package_identification:_identify(external/unitree_sdk2) by extensions ['cmake', 'python']
[0.142s] Level 1:colcon.colcon_core.package_identification:_identify(external/unitree_sdk2) by extension 'cmake'
[0.147s] Level 1:colcon.colcon_core.package_identification:_identify(external/unitree_sdk2) by extension 'python'
[0.147s] DEBUG:colcon.colcon_core.package_identification:Package 'external/unitree_sdk2' with type 'cmake' and name 'unitree_sdk2'
[0.147s] Level 1:colcon.colcon_core.package_identification:_identify(force_applicator) by extensions ['ignore', 'ignore_ament_install']
[0.147s] Level 1:colcon.colcon_core.package_identification:_identify(force_applicator) by extension 'ignore'
[0.148s] Level 1:colcon.colcon_core.package_identification:_identify(force_applicator) by extension 'ignore_ament_install'
[0.148s] Level 1:colcon.colcon_core.package_identification:_identify(force_applicator) by extensions ['colcon_pkg']
[0.148s] Level 1:colcon.colcon_core.package_identification:_identify(force_applicator) by extension 'colcon_pkg'
[0.148s] Level 1:colcon.colcon_core.package_identification:_identify(force_applicator) by extensions ['colcon_meta']
[0.148s] Level 1:colcon.colcon_core.package_identification:_identify(force_applicator) by extension 'colcon_meta'
[0.148s] Level 1:colcon.colcon_core.package_identification:_identify(force_applicator) by extensions ['ros']
[0.148s] Level 1:colcon.colcon_core.package_identification:_identify(force_applicator) by extension 'ros'
[0.148s] DEBUG:colcon.colcon_core.package_identification:Package 'force_applicator' with type 'ros.ament_cmake' and name 'force_applicator'
[0.148s] Level 1:colcon.colcon_core.package_identification:_identify(global_body_planner) by extensions ['ignore', 'ignore_ament_install']
[0.148s] Level 1:colcon.colcon_core.package_identification:_identify(global_body_planner) by extension 'ignore'
[0.148s] Level 1:colcon.colcon_core.package_identification:_identify(global_body_planner) by extension 'ignore_ament_install'
[0.148s] Level 1:colcon.colcon_core.package_identification:_identify(global_body_planner) by extensions ['colcon_pkg']
[0.148s] Level 1:colcon.colcon_core.package_identification:_identify(global_body_planner) by extension 'colcon_pkg'
[0.148s] Level 1:colcon.colcon_core.package_identification:_identify(global_body_planner) by extensions ['colcon_meta']
[0.148s] Level 1:colcon.colcon_core.package_identification:_identify(global_body_planner) by extension 'colcon_meta'
[0.148s] Level 1:colcon.colcon_core.package_identification:_identify(global_body_planner) by extensions ['ros']
[0.148s] Level 1:colcon.colcon_core.package_identification:_identify(global_body_planner) by extension 'ros'
[0.149s] DEBUG:colcon.colcon_core.package_identification:Package 'global_body_planner' with type 'ros.ament_cmake' and name 'global_body_planner'
[0.149s] Level 1:colcon.colcon_core.package_identification:_identify(install) by extensions ['ignore', 'ignore_ament_install']
[0.149s] Level 1:colcon.colcon_core.package_identification:_identify(install) by extension 'ignore'
[0.149s] Level 1:colcon.colcon_core.package_identification:_identify(install) ignored
[0.149s] Level 1:colcon.colcon_core.package_identification:_identify(local_planner) by extensions ['ignore', 'ignore_ament_install']
[0.149s] Level 1:colcon.colcon_core.package_identification:_identify(local_planner) by extension 'ignore'
[0.149s] Level 1:colcon.colcon_core.package_identification:_identify(local_planner) by extension 'ignore_ament_install'
[0.149s] Level 1:colcon.colcon_core.package_identification:_identify(local_planner) by extensions ['colcon_pkg']
[0.149s] Level 1:colcon.colcon_core.package_identification:_identify(local_planner) by extension 'colcon_pkg'
[0.149s] Level 1:colcon.colcon_core.package_identification:_identify(local_planner) by extensions ['colcon_meta']
[0.149s] Level 1:colcon.colcon_core.package_identification:_identify(local_planner) by extension 'colcon_meta'
[0.149s] Level 1:colcon.colcon_core.package_identification:_identify(local_planner) by extensions ['ros']
[0.149s] Level 1:colcon.colcon_core.package_identification:_identify(local_planner) by extension 'ros'
[0.149s] DEBUG:colcon.colcon_core.package_identification:Package 'local_planner' with type 'ros.ament_cmake' and name 'local_planner'
[0.149s] Level 1:colcon.colcon_core.package_identification:_identify(log) by extensions ['ignore', 'ignore_ament_install']
[0.149s] Level 1:colcon.colcon_core.package_identification:_identify(log) by extension 'ignore'
[0.149s] Level 1:colcon.colcon_core.package_identification:_identify(log) ignored
[0.149s] Level 1:colcon.colcon_core.package_identification:_identify(mujoco_ros2_control) by extensions ['ignore', 'ignore_ament_install']
[0.150s] Level 1:colcon.colcon_core.package_identification:_identify(mujoco_ros2_control) by extension 'ignore'
[0.150s] Level 1:colcon.colcon_core.package_identification:_identify(mujoco_ros2_control) by extension 'ignore_ament_install'
[0.150s] Level 1:colcon.colcon_core.package_identification:_identify(mujoco_ros2_control) by extensions ['colcon_pkg']
[0.150s] Level 1:colcon.colcon_core.package_identification:_identify(mujoco_ros2_control) by extension 'colcon_pkg'
[0.150s] Level 1:colcon.colcon_core.package_identification:_identify(mujoco_ros2_control) by extensions ['colcon_meta']
[0.150s] Level 1:colcon.colcon_core.package_identification:_identify(mujoco_ros2_control) by extension 'colcon_meta'
[0.150s] Level 1:colcon.colcon_core.package_identification:_identify(mujoco_ros2_control) by extensions ['ros']
[0.150s] Level 1:colcon.colcon_core.package_identification:_identify(mujoco_ros2_control) by extension 'ros'
[0.150s] Level 1:colcon.colcon_core.package_identification:_identify(mujoco_ros2_control) by extensions ['cmake', 'python']
[0.150s] Level 1:colcon.colcon_core.package_identification:_identify(mujoco_ros2_control) by extension 'cmake'
[0.150s] Level 1:colcon.colcon_core.package_identification:_identify(mujoco_ros2_control) by extension 'python'
[0.150s] Level 1:colcon.colcon_core.package_identification:_identify(mujoco_ros2_control) by extensions ['python_setup_py']
[0.150s] Level 1:colcon.colcon_core.package_identification:_identify(mujoco_ros2_control) by extension 'python_setup_py'
[0.150s] Level 1:colcon.colcon_core.package_identification:_identify(mujoco_ros2_control/doc) by extensions ['ignore', 'ignore_ament_install']
[0.150s] Level 1:colcon.colcon_core.package_identification:_identify(mujoco_ros2_control/doc) by extension 'ignore'
[0.150s] Level 1:colcon.colcon_core.package_identification:_identify(mujoco_ros2_control/doc) by extension 'ignore_ament_install'
[0.150s] Level 1:colcon.colcon_core.package_identification:_identify(mujoco_ros2_control/doc) by extensions ['colcon_pkg']
[0.150s] Level 1:colcon.colcon_core.package_identification:_identify(mujoco_ros2_control/doc) by extension 'colcon_pkg'
[0.150s] Level 1:colcon.colcon_core.package_identification:_identify(mujoco_ros2_control/doc) by extensions ['colcon_meta']
[0.150s] Level 1:colcon.colcon_core.package_identification:_identify(mujoco_ros2_control/doc) by extension 'colcon_meta'
[0.150s] Level 1:colcon.colcon_core.package_identification:_identify(mujoco_ros2_control/doc) by extensions ['ros']
[0.150s] Level 1:colcon.colcon_core.package_identification:_identify(mujoco_ros2_control/doc) by extension 'ros'
[0.150s] Level 1:colcon.colcon_core.package_identification:_identify(mujoco_ros2_control/doc) by extensions ['cmake', 'python']
[0.150s] Level 1:colcon.colcon_core.package_identification:_identify(mujoco_ros2_control/doc) by extension 'cmake'
[0.150s] Level 1:colcon.colcon_core.package_identification:_identify(mujoco_ros2_control/doc) by extension 'python'
[0.150s] Level 1:colcon.colcon_core.package_identification:_identify(mujoco_ros2_control/doc) by extensions ['python_setup_py']
[0.150s] Level 1:colcon.colcon_core.package_identification:_identify(mujoco_ros2_control/doc) by extension 'python_setup_py'
[0.150s] Level 1:colcon.colcon_core.package_identification:_identify(mujoco_ros2_control/doc/images) by extensions ['ignore', 'ignore_ament_install']
[0.150s] Level 1:colcon.colcon_core.package_identification:_identify(mujoco_ros2_control/doc/images) by extension 'ignore'
[0.150s] Level 1:colcon.colcon_core.package_identification:_identify(mujoco_ros2_control/doc/images) by extension 'ignore_ament_install'
[0.150s] Level 1:colcon.colcon_core.package_identification:_identify(mujoco_ros2_control/doc/images) by extensions ['colcon_pkg']
[0.150s] Level 1:colcon.colcon_core.package_identification:_identify(mujoco_ros2_control/doc/images) by extension 'colcon_pkg'
[0.150s] Level 1:colcon.colcon_core.package_identification:_identify(mujoco_ros2_control/doc/images) by extensions ['colcon_meta']
[0.150s] Level 1:colcon.colcon_core.package_identification:_identify(mujoco_ros2_control/doc/images) by extension 'colcon_meta'
[0.150s] Level 1:colcon.colcon_core.package_identification:_identify(mujoco_ros2_control/doc/images) by extensions ['ros']
[0.150s] Level 1:colcon.colcon_core.package_identification:_identify(mujoco_ros2_control/doc/images) by extension 'ros'
[0.150s] Level 1:colcon.colcon_core.package_identification:_identify(mujoco_ros2_control/doc/images) by extensions ['cmake', 'python']
[0.150s] Level 1:colcon.colcon_core.package_identification:_identify(mujoco_ros2_control/doc/images) by extension 'cmake'
[0.150s] Level 1:colcon.colcon_core.package_identification:_identify(mujoco_ros2_control/doc/images) by extension 'python'
[0.150s] Level 1:colcon.colcon_core.package_identification:_identify(mujoco_ros2_control/doc/images) by extensions ['python_setup_py']
[0.150s] Level 1:colcon.colcon_core.package_identification:_identify(mujoco_ros2_control/doc/images) by extension 'python_setup_py'
[0.150s] Level 1:colcon.colcon_core.package_identification:_identify(mujoco_ros2_control/docker) by extensions ['ignore', 'ignore_ament_install']
[0.150s] Level 1:colcon.colcon_core.package_identification:_identify(mujoco_ros2_control/docker) by extension 'ignore'
[0.150s] Level 1:colcon.colcon_core.package_identification:_identify(mujoco_ros2_control/docker) by extension 'ignore_ament_install'
[0.150s] Level 1:colcon.colcon_core.package_identification:_identify(mujoco_ros2_control/docker) by extensions ['colcon_pkg']
[0.150s] Level 1:colcon.colcon_core.package_identification:_identify(mujoco_ros2_control/docker) by extension 'colcon_pkg'
[0.150s] Level 1:colcon.colcon_core.package_identification:_identify(mujoco_ros2_control/docker) by extensions ['colcon_meta']
[0.150s] Level 1:colcon.colcon_core.package_identification:_identify(mujoco_ros2_control/docker) by extension 'colcon_meta'
[0.150s] Level 1:colcon.colcon_core.package_identification:_identify(mujoco_ros2_control/docker) by extensions ['ros']
[0.150s] Level 1:colcon.colcon_core.package_identification:_identify(mujoco_ros2_control/docker) by extension 'ros'
[0.150s] Level 1:colcon.colcon_core.package_identification:_identify(mujoco_ros2_control/docker) by extensions ['cmake', 'python']
[0.150s] Level 1:colcon.colcon_core.package_identification:_identify(mujoco_ros2_control/docker) by extension 'cmake'
[0.150s] Level 1:colcon.colcon_core.package_identification:_identify(mujoco_ros2_control/docker) by extension 'python'
[0.150s] Level 1:colcon.colcon_core.package_identification:_identify(mujoco_ros2_control/docker) by extensions ['python_setup_py']
[0.150s] Level 1:colcon.colcon_core.package_identification:_identify(mujoco_ros2_control/docker) by extension 'python_setup_py'
[0.150s] Level 1:colcon.colcon_core.package_identification:_identify(mujoco_ros2_control/mujoco_ros2_control) by extensions ['ignore', 'ignore_ament_install']
[0.150s] Level 1:colcon.colcon_core.package_identification:_identify(mujoco_ros2_control/mujoco_ros2_control) by extension 'ignore'
[0.150s] Level 1:colcon.colcon_core.package_identification:_identify(mujoco_ros2_control/mujoco_ros2_control) by extension 'ignore_ament_install'
[0.150s] Level 1:colcon.colcon_core.package_identification:_identify(mujoco_ros2_control/mujoco_ros2_control) by extensions ['colcon_pkg']
[0.150s] Level 1:colcon.colcon_core.package_identification:_identify(mujoco_ros2_control/mujoco_ros2_control) by extension 'colcon_pkg'
[0.150s] Level 1:colcon.colcon_core.package_identification:_identify(mujoco_ros2_control/mujoco_ros2_control) by extensions ['colcon_meta']
[0.150s] Level 1:colcon.colcon_core.package_identification:_identify(mujoco_ros2_control/mujoco_ros2_control) by extension 'colcon_meta'
[0.150s] Level 1:colcon.colcon_core.package_identification:_identify(mujoco_ros2_control/mujoco_ros2_control) by extensions ['ros']
[0.150s] Level 1:colcon.colcon_core.package_identification:_identify(mujoco_ros2_control/mujoco_ros2_control) by extension 'ros'
[0.151s] DEBUG:colcon.colcon_core.package_identification:Package 'mujoco_ros2_control/mujoco_ros2_control' with type 'ros.ament_cmake' and name 'mujoco_ros2_control'
[0.151s] Level 1:colcon.colcon_core.package_identification:_identify(mujoco_ros2_control/mujoco_ros2_control_demos) by extensions ['ignore', 'ignore_ament_install']
[0.151s] Level 1:colcon.colcon_core.package_identification:_identify(mujoco_ros2_control/mujoco_ros2_control_demos) by extension 'ignore'
[0.151s] Level 1:colcon.colcon_core.package_identification:_identify(mujoco_ros2_control/mujoco_ros2_control_demos) by extension 'ignore_ament_install'
[0.151s] Level 1:colcon.colcon_core.package_identification:_identify(mujoco_ros2_control/mujoco_ros2_control_demos) by extensions ['colcon_pkg']
[0.151s] Level 1:colcon.colcon_core.package_identification:_identify(mujoco_ros2_control/mujoco_ros2_control_demos) by extension 'colcon_pkg'
[0.151s] Level 1:colcon.colcon_core.package_identification:_identify(mujoco_ros2_control/mujoco_ros2_control_demos) by extensions ['colcon_meta']
[0.151s] Level 1:colcon.colcon_core.package_identification:_identify(mujoco_ros2_control/mujoco_ros2_control_demos) by extension 'colcon_meta'
[0.151s] Level 1:colcon.colcon_core.package_identification:_identify(mujoco_ros2_control/mujoco_ros2_control_demos) by extensions ['ros']
[0.151s] Level 1:colcon.colcon_core.package_identification:_identify(mujoco_ros2_control/mujoco_ros2_control_demos) by extension 'ros'
[0.151s] DEBUG:colcon.colcon_core.package_identification:Package 'mujoco_ros2_control/mujoco_ros2_control_demos' with type 'ros.ament_cmake' and name 'mujoco_ros2_control_demos'
[0.151s] Level 1:colcon.colcon_core.package_identification:_identify(nmpc_controller) by extensions ['ignore', 'ignore_ament_install']
[0.151s] Level 1:colcon.colcon_core.package_identification:_identify(nmpc_controller) by extension 'ignore'
[0.151s] Level 1:colcon.colcon_core.package_identification:_identify(nmpc_controller) by extension 'ignore_ament_install'
[0.151s] Level 1:colcon.colcon_core.package_identification:_identify(nmpc_controller) by extensions ['colcon_pkg']
[0.151s] Level 1:colcon.colcon_core.package_identification:_identify(nmpc_controller) by extension 'colcon_pkg'
[0.151s] Level 1:colcon.colcon_core.package_identification:_identify(nmpc_controller) by extensions ['colcon_meta']
[0.151s] Level 1:colcon.colcon_core.package_identification:_identify(nmpc_controller) by extension 'colcon_meta'
[0.151s] Level 1:colcon.colcon_core.package_identification:_identify(nmpc_controller) by extensions ['ros']
[0.151s] Level 1:colcon.colcon_core.package_identification:_identify(nmpc_controller) by extension 'ros'
[0.152s] DEBUG:colcon.colcon_core.package_identification:Package 'nmpc_controller' with type 'ros.ament_cmake' and name 'nmpc_controller'
[0.152s] Level 1:colcon.colcon_core.package_identification:_identify(quad_logger) by extensions ['ignore', 'ignore_ament_install']
[0.152s] Level 1:colcon.colcon_core.package_identification:_identify(quad_logger) by extension 'ignore'
[0.152s] Level 1:colcon.colcon_core.package_identification:_identify(quad_logger) by extension 'ignore_ament_install'
[0.152s] Level 1:colcon.colcon_core.package_identification:_identify(quad_logger) by extensions ['colcon_pkg']
[0.152s] Level 1:colcon.colcon_core.package_identification:_identify(quad_logger) by extension 'colcon_pkg'
[0.152s] Level 1:colcon.colcon_core.package_identification:_identify(quad_logger) by extensions ['colcon_meta']
[0.152s] Level 1:colcon.colcon_core.package_identification:_identify(quad_logger) by extension 'colcon_meta'
[0.152s] Level 1:colcon.colcon_core.package_identification:_identify(quad_logger) by extensions ['ros']
[0.152s] Level 1:colcon.colcon_core.package_identification:_identify(quad_logger) by extension 'ros'
[0.152s] DEBUG:colcon.colcon_core.package_identification:Package 'quad_logger' with type 'ros.ament_cmake' and name 'quad_logger'
[0.152s] Level 1:colcon.colcon_core.package_identification:_identify(quad_msgs) by extensions ['ignore', 'ignore_ament_install']
[0.152s] Level 1:colcon.colcon_core.package_identification:_identify(quad_msgs) by extension 'ignore'
[0.152s] Level 1:colcon.colcon_core.package_identification:_identify(quad_msgs) by extension 'ignore_ament_install'
[0.152s] Level 1:colcon.colcon_core.package_identification:_identify(quad_msgs) by extensions ['colcon_pkg']
[0.152s] Level 1:colcon.colcon_core.package_identification:_identify(quad_msgs) by extension 'colcon_pkg'
[0.152s] Level 1:colcon.colcon_core.package_identification:_identify(quad_msgs) by extensions ['colcon_meta']
[0.152s] Level 1:colcon.colcon_core.package_identification:_identify(quad_msgs) by extension 'colcon_meta'
[0.152s] Level 1:colcon.colcon_core.package_identification:_identify(quad_msgs) by extensions ['ros']
[0.152s] Level 1:colcon.colcon_core.package_identification:_identify(quad_msgs) by extension 'ros'
[0.153s] DEBUG:colcon.colcon_core.package_identification:Package 'quad_msgs' with type 'ros.ament_cmake' and name 'quad_msgs'
[0.153s] Level 1:colcon.colcon_core.package_identification:_identify(quad_perf_tests) by extensions ['ignore', 'ignore_ament_install']
[0.153s] Level 1:colcon.colcon_core.package_identification:_identify(quad_perf_tests) by extension 'ignore'
[0.153s] Level 1:colcon.colcon_core.package_identification:_identify(quad_perf_tests) by extension 'ignore_ament_install'
[0.153s] Level 1:colcon.colcon_core.package_identification:_identify(quad_perf_tests) by extensions ['colcon_pkg']
[0.153s] Level 1:colcon.colcon_core.package_identification:_identify(quad_perf_tests) by extension 'colcon_pkg'
[0.153s] Level 1:colcon.colcon_core.package_identification:_identify(quad_perf_tests) by extensions ['colcon_meta']
[0.153s] Level 1:colcon.colcon_core.package_identification:_identify(quad_perf_tests) by extension 'colcon_meta'
[0.153s] Level 1:colcon.colcon_core.package_identification:_identify(quad_perf_tests) by extensions ['ros']
[0.153s] Level 1:colcon.colcon_core.package_identification:_identify(quad_perf_tests) by extension 'ros'
[0.153s] DEBUG:colcon.colcon_core.package_identification:Package 'quad_perf_tests' with type 'ros.ament_cmake' and name 'quad_perf_tests'
[0.153s] Level 1:colcon.colcon_core.package_identification:_identify(quad_simulator) by extensions ['ignore', 'ignore_ament_install']
[0.153s] Level 1:colcon.colcon_core.package_identification:_identify(quad_simulator) by extension 'ignore'
[0.153s] Level 1:colcon.colcon_core.package_identification:_identify(quad_simulator) by extension 'ignore_ament_install'
[0.153s] Level 1:colcon.colcon_core.package_identification:_identify(quad_simulator) by extensions ['colcon_pkg']
[0.153s] Level 1:colcon.colcon_core.package_identification:_identify(quad_simulator) by extension 'colcon_pkg'
[0.153s] Level 1:colcon.colcon_core.package_identification:_identify(quad_simulator) by extensions ['colcon_meta']
[0.153s] Level 1:colcon.colcon_core.package_identification:_identify(quad_simulator) by extension 'colcon_meta'
[0.153s] Level 1:colcon.colcon_core.package_identification:_identify(quad_simulator) by extensions ['ros']
[0.153s] Level 1:colcon.colcon_core.package_identification:_identify(quad_simulator) by extension 'ros'
[0.153s] Level 1:colcon.colcon_core.package_identification:_identify(quad_simulator) by extensions ['cmake', 'python']
[0.153s] Level 1:colcon.colcon_core.package_identification:_identify(quad_simulator) by extension 'cmake'
[0.153s] Level 1:colcon.colcon_core.package_identification:_identify(quad_simulator) by extension 'python'
[0.153s] Level 1:colcon.colcon_core.package_identification:_identify(quad_simulator) by extensions ['python_setup_py']
[0.153s] Level 1:colcon.colcon_core.package_identification:_identify(quad_simulator) by extension 'python_setup_py'
[0.153s] Level 1:colcon.colcon_core.package_identification:_identify(quad_simulator/a1_description) by extensions ['ignore', 'ignore_ament_install']
[0.153s] Level 1:colcon.colcon_core.package_identification:_identify(quad_simulator/a1_description) by extension 'ignore'
[0.153s] Level 1:colcon.colcon_core.package_identification:_identify(quad_simulator/a1_description) by extension 'ignore_ament_install'
[0.153s] Level 1:colcon.colcon_core.package_identification:_identify(quad_simulator/a1_description) by extensions ['colcon_pkg']
[0.153s] Level 1:colcon.colcon_core.package_identification:_identify(quad_simulator/a1_description) by extension 'colcon_pkg'
[0.153s] Level 1:colcon.colcon_core.package_identification:_identify(quad_simulator/a1_description) by extensions ['colcon_meta']
[0.153s] Level 1:colcon.colcon_core.package_identification:_identify(quad_simulator/a1_description) by extension 'colcon_meta'
[0.153s] Level 1:colcon.colcon_core.package_identification:_identify(quad_simulator/a1_description) by extensions ['ros']
[0.153s] Level 1:colcon.colcon_core.package_identification:_identify(quad_simulator/a1_description) by extension 'ros'
[0.153s] DEBUG:colcon.colcon_core.package_identification:Package 'quad_simulator/a1_description' with type 'ros.ament_cmake' and name 'a1_description'
[0.153s] Level 1:colcon.colcon_core.package_identification:_identify(quad_simulator/b2_description) by extensions ['ignore', 'ignore_ament_install']
[0.153s] Level 1:colcon.colcon_core.package_identification:_identify(quad_simulator/b2_description) by extension 'ignore'
[0.153s] Level 1:colcon.colcon_core.package_identification:_identify(quad_simulator/b2_description) by extension 'ignore_ament_install'
[0.154s] Level 1:colcon.colcon_core.package_identification:_identify(quad_simulator/b2_description) by extensions ['colcon_pkg']
[0.154s] Level 1:colcon.colcon_core.package_identification:_identify(quad_simulator/b2_description) by extension 'colcon_pkg'
[0.154s] Level 1:colcon.colcon_core.package_identification:_identify(quad_simulator/b2_description) by extensions ['colcon_meta']
[0.154s] Level 1:colcon.colcon_core.package_identification:_identify(quad_simulator/b2_description) by extension 'colcon_meta'
[0.154s] Level 1:colcon.colcon_core.package_identification:_identify(quad_simulator/b2_description) by extensions ['ros']
[0.154s] Level 1:colcon.colcon_core.package_identification:_identify(quad_simulator/b2_description) by extension 'ros'
[0.154s] DEBUG:colcon.colcon_core.package_identification:Package 'quad_simulator/b2_description' with type 'ros.ament_cmake' and name 'b2_description'
[0.154s] Level 1:colcon.colcon_core.package_identification:_identify(quad_simulator/gazebo_plugins) by extensions ['ignore', 'ignore_ament_install']
[0.154s] Level 1:colcon.colcon_core.package_identification:_identify(quad_simulator/gazebo_plugins) by extension 'ignore'
[0.154s] Level 1:colcon.colcon_core.package_identification:_identify(quad_simulator/gazebo_plugins) by extension 'ignore_ament_install'
[0.154s] Level 1:colcon.colcon_core.package_identification:_identify(quad_simulator/gazebo_plugins) by extensions ['colcon_pkg']
[0.154s] Level 1:colcon.colcon_core.package_identification:_identify(quad_simulator/gazebo_plugins) by extension 'colcon_pkg'
[0.154s] Level 1:colcon.colcon_core.package_identification:_identify(quad_simulator/gazebo_plugins) by extensions ['colcon_meta']
[0.154s] Level 1:colcon.colcon_core.package_identification:_identify(quad_simulator/gazebo_plugins) by extension 'colcon_meta'
[0.154s] Level 1:colcon.colcon_core.package_identification:_identify(quad_simulator/gazebo_plugins) by extensions ['ros']
[0.154s] Level 1:colcon.colcon_core.package_identification:_identify(quad_simulator/gazebo_plugins) by extension 'ros'
[0.154s] DEBUG:colcon.colcon_core.package_identification:Package 'quad_simulator/gazebo_plugins' with type 'ros.ament_cmake' and name 'gazebo_plugins'
[0.154s] Level 1:colcon.colcon_core.package_identification:_identify(quad_simulator/gazebo_scripts) by extensions ['ignore', 'ignore_ament_install']
[0.154s] Level 1:colcon.colcon_core.package_identification:_identify(quad_simulator/gazebo_scripts) by extension 'ignore'
[0.154s] Level 1:colcon.colcon_core.package_identification:_identify(quad_simulator/gazebo_scripts) by extension 'ignore_ament_install'
[0.154s] Level 1:colcon.colcon_core.package_identification:_identify(quad_simulator/gazebo_scripts) by extensions ['colcon_pkg']
[0.154s] Level 1:colcon.colcon_core.package_identification:_identify(quad_simulator/gazebo_scripts) by extension 'colcon_pkg'
[0.154s] Level 1:colcon.colcon_core.package_identification:_identify(quad_simulator/gazebo_scripts) by extensions ['colcon_meta']
[0.154s] Level 1:colcon.colcon_core.package_identification:_identify(quad_simulator/gazebo_scripts) by extension 'colcon_meta'
[0.154s] Level 1:colcon.colcon_core.package_identification:_identify(quad_simulator/gazebo_scripts) by extensions ['ros']
[0.154s] Level 1:colcon.colcon_core.package_identification:_identify(quad_simulator/gazebo_scripts) by extension 'ros'
[0.155s] DEBUG:colcon.colcon_core.package_identification:Package 'quad_simulator/gazebo_scripts' with type 'ros.ament_cmake' and name 'gazebo_scripts'
[0.155s] Level 1:colcon.colcon_core.package_identification:_identify(quad_simulator/go2_description) by extensions ['ignore', 'ignore_ament_install']
[0.155s] Level 1:colcon.colcon_core.package_identification:_identify(quad_simulator/go2_description) by extension 'ignore'
[0.155s] Level 1:colcon.colcon_core.package_identification:_identify(quad_simulator/go2_description) by extension 'ignore_ament_install'
[0.155s] Level 1:colcon.colcon_core.package_identification:_identify(quad_simulator/go2_description) by extensions ['colcon_pkg']
[0.155s] Level 1:colcon.colcon_core.package_identification:_identify(quad_simulator/go2_description) by extension 'colcon_pkg'
[0.155s] Level 1:colcon.colcon_core.package_identification:_identify(quad_simulator/go2_description) by extensions ['colcon_meta']
[0.155s] Level 1:colcon.colcon_core.package_identification:_identify(quad_simulator/go2_description) by extension 'colcon_meta'
[0.155s] Level 1:colcon.colcon_core.package_identification:_identify(quad_simulator/go2_description) by extensions ['ros']
[0.155s] Level 1:colcon.colcon_core.package_identification:_identify(quad_simulator/go2_description) by extension 'ros'
[0.155s] DEBUG:colcon.colcon_core.package_identification:Package 'quad_simulator/go2_description' with type 'ros.ament_cmake' and name 'go2_description'
[0.155s] Level 1:colcon.colcon_core.package_identification:_identify(quad_simulator/go2w_description) by extensions ['ignore', 'ignore_ament_install']
[0.155s] Level 1:colcon.colcon_core.package_identification:_identify(quad_simulator/go2w_description) by extension 'ignore'
[0.155s] Level 1:colcon.colcon_core.package_identification:_identify(quad_simulator/go2w_description) by extension 'ignore_ament_install'
[0.155s] Level 1:colcon.colcon_core.package_identification:_identify(quad_simulator/go2w_description) by extensions ['colcon_pkg']
[0.155s] Level 1:colcon.colcon_core.package_identification:_identify(quad_simulator/go2w_description) by extension 'colcon_pkg'
[0.155s] Level 1:colcon.colcon_core.package_identification:_identify(quad_simulator/go2w_description) by extensions ['colcon_meta']
[0.155s] Level 1:colcon.colcon_core.package_identification:_identify(quad_simulator/go2w_description) by extension 'colcon_meta'
[0.155s] Level 1:colcon.colcon_core.package_identification:_identify(quad_simulator/go2w_description) by extensions ['ros']
[0.155s] Level 1:colcon.colcon_core.package_identification:_identify(quad_simulator/go2w_description) by extension 'ros'
[0.155s] DEBUG:colcon.colcon_core.package_identification:Package 'quad_simulator/go2w_description' with type 'ros.ament_cmake' and name 'go2w_description'
[0.155s] Level 1:colcon.colcon_core.package_identification:_identify(quad_simulator/mujoco_sim) by extensions ['ignore', 'ignore_ament_install']
[0.155s] Level 1:colcon.colcon_core.package_identification:_identify(quad_simulator/mujoco_sim) by extension 'ignore'
[0.155s] Level 1:colcon.colcon_core.package_identification:_identify(quad_simulator/mujoco_sim) by extension 'ignore_ament_install'
[0.155s] Level 1:colcon.colcon_core.package_identification:_identify(quad_simulator/mujoco_sim) by extensions ['colcon_pkg']
[0.155s] Level 1:colcon.colcon_core.package_identification:_identify(quad_simulator/mujoco_sim) by extension 'colcon_pkg'
[0.155s] Level 1:colcon.colcon_core.package_identification:_identify(quad_simulator/mujoco_sim) by extensions ['colcon_meta']
[0.155s] Level 1:colcon.colcon_core.package_identification:_identify(quad_simulator/mujoco_sim) by extension 'colcon_meta'
[0.155s] Level 1:colcon.colcon_core.package_identification:_identify(quad_simulator/mujoco_sim) by extensions ['ros']
[0.155s] Level 1:colcon.colcon_core.package_identification:_identify(quad_simulator/mujoco_sim) by extension 'ros'
[0.156s] DEBUG:colcon.colcon_core.package_identification:Package 'quad_simulator/mujoco_sim' with type 'ros.ament_cmake' and name 'mujoco_sim'
[0.156s] Level 1:colcon.colcon_core.package_identification:_identify(quad_simulator/other) by extensions ['ignore', 'ignore_ament_install']
[0.156s] Level 1:colcon.colcon_core.package_identification:_identify(quad_simulator/other) by extension 'ignore'
[0.156s] Level 1:colcon.colcon_core.package_identification:_identify(quad_simulator/other) by extension 'ignore_ament_install'
[0.156s] Level 1:colcon.colcon_core.package_identification:_identify(quad_simulator/other) by extensions ['colcon_pkg']
[0.156s] Level 1:colcon.colcon_core.package_identification:_identify(quad_simulator/other) by extension 'colcon_pkg'
[0.156s] Level 1:colcon.colcon_core.package_identification:_identify(quad_simulator/other) by extensions ['colcon_meta']
[0.156s] Level 1:colcon.colcon_core.package_identification:_identify(quad_simulator/other) by extension 'colcon_meta'
[0.156s] Level 1:colcon.colcon_core.package_identification:_identify(quad_simulator/other) by extensions ['ros']
[0.156s] Level 1:colcon.colcon_core.package_identification:_identify(quad_simulator/other) by extension 'ros'
[0.156s] Level 1:colcon.colcon_core.package_identification:_identify(quad_simulator/other) by extensions ['cmake', 'python']
[0.156s] Level 1:colcon.colcon_core.package_identification:_identify(quad_simulator/other) by extension 'cmake'
[0.156s] Level 1:colcon.colcon_core.package_identification:_identify(quad_simulator/other) by extension 'python'
[0.156s] Level 1:colcon.colcon_core.package_identification:_identify(quad_simulator/other) by extensions ['python_setup_py']
[0.156s] Level 1:colcon.colcon_core.package_identification:_identify(quad_simulator/other) by extension 'python_setup_py'
[0.156s] Level 1:colcon.colcon_core.package_identification:_identify(quad_simulator/other/objects_description) by extensions ['ignore', 'ignore_ament_install']
[0.156s] Level 1:colcon.colcon_core.package_identification:_identify(quad_simulator/other/objects_description) by extension 'ignore'
[0.156s] Level 1:colcon.colcon_core.package_identification:_identify(quad_simulator/other/objects_description) by extension 'ignore_ament_install'
[0.156s] Level 1:colcon.colcon_core.package_identification:_identify(quad_simulator/other/objects_description) by extensions ['colcon_pkg']
[0.156s] Level 1:colcon.colcon_core.package_identification:_identify(quad_simulator/other/objects_description) by extension 'colcon_pkg'
[0.156s] Level 1:colcon.colcon_core.package_identification:_identify(quad_simulator/other/objects_description) by extensions ['colcon_meta']
[0.156s] Level 1:colcon.colcon_core.package_identification:_identify(quad_simulator/other/objects_description) by extension 'colcon_meta'
[0.156s] Level 1:colcon.colcon_core.package_identification:_identify(quad_simulator/other/objects_description) by extensions ['ros']
[0.156s] Level 1:colcon.colcon_core.package_identification:_identify(quad_simulator/other/objects_description) by extension 'ros'
[0.156s] DEBUG:colcon.colcon_core.package_identification:Package 'quad_simulator/other/objects_description' with type 'ros.ament_cmake' and name 'objects_description'
[0.156s] Level 1:colcon.colcon_core.package_identification:_identify(quad_simulator/other/sensor_description) by extensions ['ignore', 'ignore_ament_install']
[0.156s] Level 1:colcon.colcon_core.package_identification:_identify(quad_simulator/other/sensor_description) by extension 'ignore'
[0.156s] Level 1:colcon.colcon_core.package_identification:_identify(quad_simulator/other/sensor_description) by extension 'ignore_ament_install'
[0.156s] Level 1:colcon.colcon_core.package_identification:_identify(quad_simulator/other/sensor_description) by extensions ['colcon_pkg']
[0.156s] Level 1:colcon.colcon_core.package_identification:_identify(quad_simulator/other/sensor_description) by extension 'colcon_pkg'
[0.156s] Level 1:colcon.colcon_core.package_identification:_identify(quad_simulator/other/sensor_description) by extensions ['colcon_meta']
[0.156s] Level 1:colcon.colcon_core.package_identification:_identify(quad_simulator/other/sensor_description) by extension 'colcon_meta'
[0.156s] Level 1:colcon.colcon_core.package_identification:_identify(quad_simulator/other/sensor_description) by extensions ['ros']
[0.156s] Level 1:colcon.colcon_core.package_identification:_identify(quad_simulator/other/sensor_description) by extension 'ros'
[0.157s] DEBUG:colcon.colcon_core.package_identification:Package 'quad_simulator/other/sensor_description' with type 'ros.ament_cmake' and name 'sensor_description'
[0.157s] Level 1:colcon.colcon_core.package_identification:_identify(quad_simulator/spirit_description) by extensions ['ignore', 'ignore_ament_install']
[0.157s] Level 1:colcon.colcon_core.package_identification:_identify(quad_simulator/spirit_description) by extension 'ignore'
[0.157s] Level 1:colcon.colcon_core.package_identification:_identify(quad_simulator/spirit_description) by extension 'ignore_ament_install'
[0.157s] Level 1:colcon.colcon_core.package_identification:_identify(quad_simulator/spirit_description) by extensions ['colcon_pkg']
[0.157s] Level 1:colcon.colcon_core.package_identification:_identify(quad_simulator/spirit_description) by extension 'colcon_pkg'
[0.157s] Level 1:colcon.colcon_core.package_identification:_identify(quad_simulator/spirit_description) by extensions ['colcon_meta']
[0.157s] Level 1:colcon.colcon_core.package_identification:_identify(quad_simulator/spirit_description) by extension 'colcon_meta'
[0.157s] Level 1:colcon.colcon_core.package_identification:_identify(quad_simulator/spirit_description) by extensions ['ros']
[0.157s] Level 1:colcon.colcon_core.package_identification:_identify(quad_simulator/spirit_description) by extension 'ros'
[0.157s] DEBUG:colcon.colcon_core.package_identification:Package 'quad_simulator/spirit_description' with type 'ros.ament_cmake' and name 'spirit_description'
[0.157s] Level 1:colcon.colcon_core.package_identification:_identify(quad_simulator/underbrush_description) by extensions ['ignore', 'ignore_ament_install']
[0.157s] Level 1:colcon.colcon_core.package_identification:_identify(quad_simulator/underbrush_description) by extension 'ignore'
[0.157s] Level 1:colcon.colcon_core.package_identification:_identify(quad_simulator/underbrush_description) by extension 'ignore_ament_install'
[0.157s] Level 1:colcon.colcon_core.package_identification:_identify(quad_simulator/underbrush_description) by extensions ['colcon_pkg']
[0.157s] Level 1:colcon.colcon_core.package_identification:_identify(quad_simulator/underbrush_description) by extension 'colcon_pkg'
[0.157s] Level 1:colcon.colcon_core.package_identification:_identify(quad_simulator/underbrush_description) by extensions ['colcon_meta']
[0.157s] Level 1:colcon.colcon_core.package_identification:_identify(quad_simulator/underbrush_description) by extension 'colcon_meta'
[0.157s] Level 1:colcon.colcon_core.package_identification:_identify(quad_simulator/underbrush_description) by extensions ['ros']
[0.157s] Level 1:colcon.colcon_core.package_identification:_identify(quad_simulator/underbrush_description) by extension 'ros'
[0.157s] DEBUG:colcon.colcon_core.package_identification:Package 'quad_simulator/underbrush_description' with type 'ros.ament_cmake' and name 'underbrush_description'
[0.157s] Level 1:colcon.colcon_core.package_identification:_identify(quad_utils) by extensions ['ignore', 'ignore_ament_install']
[0.157s] Level 1:colcon.colcon_core.package_identification:_identify(quad_utils) by extension 'ignore'
[0.157s] Level 1:colcon.colcon_core.package_identification:_identify(quad_utils) by extension 'ignore_ament_install'
[0.157s] Level 1:colcon.colcon_core.package_identification:_identify(quad_utils) by extensions ['colcon_pkg']
[0.157s] Level 1:colcon.colcon_core.package_identification:_identify(quad_utils) by extension 'colcon_pkg'
[0.157s] Level 1:colcon.colcon_core.package_identification:_identify(quad_utils) by extensions ['colcon_meta']
[0.157s] Level 1:colcon.colcon_core.package_identification:_identify(quad_utils) by extension 'colcon_meta'
[0.157s] Level 1:colcon.colcon_core.package_identification:_identify(quad_utils) by extensions ['ros']
[0.157s] Level 1:colcon.colcon_core.package_identification:_identify(quad_utils) by extension 'ros'
[0.158s] DEBUG:colcon.colcon_core.package_identification:Package 'quad_utils' with type 'ros.ament_cmake' and name 'quad_utils'
[0.158s] Level 1:colcon.colcon_core.package_identification:_identify(robot_driver) by extensions ['ignore', 'ignore_ament_install']
[0.158s] Level 1:colcon.colcon_core.package_identification:_identify(robot_driver) by extension 'ignore'
[0.158s] Level 1:colcon.colcon_core.package_identification:_identify(robot_driver) by extension 'ignore_ament_install'
[0.158s] Level 1:colcon.colcon_core.package_identification:_identify(robot_driver) by extensions ['colcon_pkg']
[0.158s] Level 1:colcon.colcon_core.package_identification:_identify(robot_driver) by extension 'colcon_pkg'
[0.158s] Level 1:colcon.colcon_core.package_identification:_identify(robot_driver) by extensions ['colcon_meta']
[0.158s] Level 1:colcon.colcon_core.package_identification:_identify(robot_driver) by extension 'colcon_meta'
[0.158s] Level 1:colcon.colcon_core.package_identification:_identify(robot_driver) by extensions ['ros']
[0.158s] Level 1:colcon.colcon_core.package_identification:_identify(robot_driver) by extension 'ros'
[0.158s] DEBUG:colcon.colcon_core.package_identification:Package 'robot_driver' with type 'ros.ament_cmake' and name 'robot_driver'
[0.158s] Level 1:colcon.colcon_core.package_identification:_identify(scripts) by extensions ['ignore', 'ignore_ament_install']
[0.159s] Level 1:colcon.colcon_core.package_identification:_identify(scripts) by extension 'ignore'
[0.159s] Level 1:colcon.colcon_core.package_identification:_identify(scripts) by extension 'ignore_ament_install'
[0.159s] Level 1:colcon.colcon_core.package_identification:_identify(scripts) by extensions ['colcon_pkg']
[0.159s] Level 1:colcon.colcon_core.package_identification:_identify(scripts) by extension 'colcon_pkg'
[0.159s] Level 1:colcon.colcon_core.package_identification:_identify(scripts) by extensions ['colcon_meta']
[0.159s] Level 1:colcon.colcon_core.package_identification:_identify(scripts) by extension 'colcon_meta'
[0.159s] Level 1:colcon.colcon_core.package_identification:_identify(scripts) by extensions ['ros']
[0.159s] Level 1:colcon.colcon_core.package_identification:_identify(scripts) by extension 'ros'
[0.159s] Level 1:colcon.colcon_core.package_identification:_identify(scripts) by extensions ['cmake', 'python']
[0.159s] Level 1:colcon.colcon_core.package_identification:_identify(scripts) by extension 'cmake'
[0.159s] Level 1:colcon.colcon_core.package_identification:_identify(scripts) by extension 'python'
[0.159s] Level 1:colcon.colcon_core.package_identification:_identify(scripts) by extensions ['python_setup_py']
[0.159s] Level 1:colcon.colcon_core.package_identification:_identify(scripts) by extension 'python_setup_py'
[0.159s] Level 1:colcon.colcon_core.package_discovery:discover_packages(recursive) using defaults
[0.159s] Level 1:colcon.colcon_core.package_discovery:discover_packages(ignore) discover
[0.159s] Level 1:colcon.colcon_core.package_discovery:discover_packages(ignore) using defaults
[0.159s] Level 1:colcon.colcon_core.package_discovery:discover_packages(path) discover
[0.159s] Level 1:colcon.colcon_core.package_discovery:discover_packages(path) using defaults
[0.168s] INFO:colcon.colcon_core.package_selection:Skipping package 'local_planner' in 'local_planner'
[0.168s] INFO:colcon.colcon_core.package_selection:Skipping package 'robot_driver' in 'robot_driver'
[0.168s] INFO:colcon.colcon_core.package_selection:Skipping package 'quad_perf_tests' in 'quad_perf_tests'
[0.168s] INFO:colcon.colcon_core.package_selection:Skipping package 'nmpc_controller' in 'nmpc_controller'
[0.168s] INFO:colcon.colcon_core.package_selection:Skipping package 'global_body_planner' in 'global_body_planner'
[0.168s] INFO:colcon.colcon_core.package_selection:Skipping package 'gazebo_scripts' in 'quad_simulator/gazebo_scripts'
[0.168s] INFO:colcon.colcon_core.package_selection:Skipping package 'gazebo_plugins' in 'quad_simulator/gazebo_plugins'
[0.168s] INFO:colcon.colcon_core.package_selection:Skipping package 'force_applicator' in 'force_applicator'
[0.168s] INFO:colcon.colcon_core.package_selection:Skipping package 'body_force_estimator' in 'body_force_estimator'
[0.168s] INFO:colcon.colcon_core.package_selection:Skipping package 'quad_utils' in 'quad_utils'
[0.168s] INFO:colcon.colcon_core.package_selection:Skipping package 'unitree_sdk2' in 'external/unitree_sdk2'
[0.168s] INFO:colcon.colcon_core.package_selection:Skipping package 'underbrush_description' in 'quad_simulator/underbrush_description'
[0.168s] INFO:colcon.colcon_core.package_selection:Skipping package 'teleop_twist_keyboard' in 'external/teleop_twist_keyboard'
[0.168s] INFO:colcon.colcon_core.package_selection:Skipping package 'teleop_twist_joy' in 'external/teleop_twist_joy'
[0.168s] INFO:colcon.colcon_core.package_selection:Skipping package 'spirit_description' in 'quad_simulator/spirit_description'
[0.168s] INFO:colcon.colcon_core.package_selection:Skipping package 'sensor_description' in 'quad_simulator/other/sensor_description'
[0.168s] INFO:colcon.colcon_core.package_selection:Skipping package 'quad_msgs' in 'quad_msgs'
[0.168s] INFO:colcon.colcon_core.package_selection:Skipping package 'quad_logger' in 'quad_logger'
[0.168s] INFO:colcon.colcon_core.package_selection:Skipping package 'objects_description' in 'quad_simulator/other/objects_description'
[0.168s] INFO:colcon.colcon_core.package_selection:Skipping package 'mujoco_ros2_control_demos' in 'mujoco_ros2_control/mujoco_ros2_control_demos'
[0.168s] INFO:colcon.colcon_core.package_selection:Skipping package 'mocap_optitrack' in 'external/mocap_optitrack'
[0.168s] INFO:colcon.colcon_core.package_selection:Skipping package 'go2w_description' in 'quad_simulator/go2w_description'
[0.168s] INFO:colcon.colcon_core.package_selection:Skipping package 'go2_description' in 'quad_simulator/go2_description'
[0.168s] INFO:colcon.colcon_core.package_selection:Skipping package 'b2_description' in 'quad_simulator/b2_description'
[0.168s] INFO:colcon.colcon_core.package_selection:Skipping package 'a1_description' in 'quad_simulator/a1_description'
[0.168s] INFO:colcon.colcon_core.package_selection:Skipping package 'RBDL' in 'external/rbdl-orb'
[0.168s] Level 1:colcon.colcon_core.package_discovery:discover_packages(prefix_path) check parameters
[0.169s] Level 1:colcon.colcon_core.package_discovery:discover_packages(prefix_path) discover
[0.170s] DEBUG:colcon.colcon_installed_package_information.package_discovery:Found 27 installed packages in /home/rml/ros2_ws/src/quad-sdk/install
[0.171s] DEBUG:colcon.colcon_installed_package_information.package_discovery:Found 408 installed packages in /opt/ros/jazzy
[0.171s] Level 1:colcon.colcon_core.package_discovery:discover_packages(prefix_path) using defaults
[0.195s] Level 5:colcon.colcon_core.verb:set package 'mujoco_ros2_control' build argument 'cmake_args' from command line to '['-DCMAKE_BUILD_TYPE=Release']'
[0.195s] Level 5:colcon.colcon_core.verb:set package 'mujoco_ros2_control' build argument 'cmake_target' from command line to 'None'
[0.195s] Level 5:colcon.colcon_core.verb:set package 'mujoco_ros2_control' build argument 'cmake_target_skip_unavailable' from command line to 'False'
[0.195s] Level 5:colcon.colcon_core.verb:set package 'mujoco_ros2_control' build argument 'cmake_clean_cache' from command line to 'False'
[0.195s] Level 5:colcon.colcon_core.verb:set package 'mujoco_ros2_control' build argument 'cmake_clean_first' from command line to 'False'
[0.195s] Level 5:colcon.colcon_core.verb:set package 'mujoco_ros2_control' build argument 'cmake_force_configure' from command line to 'False'
[0.195s] Level 5:colcon.colcon_core.verb:set package 'mujoco_ros2_control' build argument 'ament_cmake_args' from command line to 'None'
[0.195s] Level 5:colcon.colcon_core.verb:set package 'mujoco_ros2_control' build argument 'catkin_cmake_args' from command line to 'None'
[0.195s] Level 5:colcon.colcon_core.verb:set package 'mujoco_ros2_control' build argument 'catkin_skip_building_tests' from command line to 'False'
[0.195s] DEBUG:colcon.colcon_core.verb:Building package 'mujoco_ros2_control' with the following arguments: {'ament_cmake_args': None, 'build_base': '/home/rml/ros2_ws/src/quad-sdk/build/mujoco_ros2_control', 'catkin_cmake_args': None, 'catkin_skip_building_tests': False, 'cmake_args': ['-DCMAKE_BUILD_TYPE=Release'], 'cmake_clean_cache': False, 'cmake_clean_first': False, 'cmake_force_configure': False, 'cmake_target': None, 'cmake_target_skip_unavailable': False, 'install_base': '/home/rml/ros2_ws/src/quad-sdk/install/mujoco_ros2_control', 'merge_install': False, 'path': '/home/rml/ros2_ws/src/quad-sdk/mujoco_ros2_control/mujoco_ros2_control', 'symlink_install': False, 'test_result_base': None}
[0.195s] Level 5:colcon.colcon_core.verb:set package 'mujoco_sim' build argument 'cmake_args' from command line to '['-DCMAKE_BUILD_TYPE=Release']'
[0.195s] Level 5:colcon.colcon_core.verb:set package 'mujoco_sim' build argument 'cmake_target' from command line to 'None'
[0.195s] Level 5:colcon.colcon_core.verb:set package 'mujoco_sim' build argument 'cmake_target_skip_unavailable' from command line to 'False'
[0.195s] Level 5:colcon.colcon_core.verb:set package 'mujoco_sim' build argument 'cmake_clean_cache' from command line to 'False'
[0.195s] Level 5:colcon.colcon_core.verb:set package 'mujoco_sim' build argument 'cmake_clean_first' from command line to 'False'
[0.195s] Level 5:colcon.colcon_core.verb:set package 'mujoco_sim' build argument 'cmake_force_configure' from command line to 'False'
[0.195s] Level 5:colcon.colcon_core.verb:set package 'mujoco_sim' build argument 'ament_cmake_args' from command line to 'None'
[0.195s] Level 5:colcon.colcon_core.verb:set package 'mujoco_sim' build argument 'catkin_cmake_args' from command line to 'None'
[0.195s] Level 5:colcon.colcon_core.verb:set package 'mujoco_sim' build argument 'catkin_skip_building_tests' from command line to 'False'
[0.195s] DEBUG:colcon.colcon_core.verb:Building package 'mujoco_sim' with the following arguments: {'ament_cmake_args': None, 'build_base': '/home/rml/ros2_ws/src/quad-sdk/build/mujoco_sim', 'catkin_cmake_args': None, 'catkin_skip_building_tests': False, 'cmake_args': ['-DCMAKE_BUILD_TYPE=Release'], 'cmake_clean_cache': False, 'cmake_clean_first': False, 'cmake_force_configure': False, 'cmake_target': None, 'cmake_target_skip_unavailable': False, 'install_base': '/home/rml/ros2_ws/src/quad-sdk/install/mujoco_sim', 'merge_install': False, 'path': '/home/rml/ros2_ws/src/quad-sdk/quad_simulator/mujoco_sim', 'symlink_install': False, 'test_result_base': None}
[0.195s] INFO:colcon.colcon_core.executor:Executing jobs using 'parallel' executor
[0.196s] DEBUG:colcon.colcon_parallel_executor.executor.parallel:run_until_complete
[0.196s] INFO:colcon.colcon_ros.task.ament_cmake.build:Building ROS package in '/home/rml/ros2_ws/src/quad-sdk/mujoco_ros2_control/mujoco_ros2_control' with build type 'ament_cmake'
[0.196s] INFO:colcon.colcon_cmake.task.cmake.build:Building CMake package in '/home/rml/ros2_ws/src/quad-sdk/mujoco_ros2_control/mujoco_ros2_control'
[0.197s] INFO:colcon.colcon_core.plugin_system:Skipping extension 'colcon_core.shell.bat': Not used on non-Windows systems
[0.197s] INFO:colcon.colcon_core.shell:Skip shell extension 'powershell' for command environment: Not usable outside of PowerShell
[0.197s] DEBUG:colcon.colcon_core.shell:Skip shell extension 'dsv' for command environment
[0.201s] DEBUG:colcon.colcon_core.event_handler.log_command:Invoking command in '/home/rml/ros2_ws/src/quad-sdk/build/mujoco_ros2_control': CMAKE_PREFIX_PATH=${CMAKE_PREFIX_PATH}:/home/rml/ros2_ws/src/quad-sdk/install/teleop_twist_keyboard:/opt/ros/jazzy CONDA_PROMPT_MODIFIER=(mujoco) DEBUGINFOD_URLS=https://debuginfod.ubuntu.com /usr/bin/cmake /home/rml/ros2_ws/src/quad-sdk/mujoco_ros2_control/mujoco_ros2_control -DCMAKE_BUILD_TYPE=Release -DCMAKE_INSTALL_PREFIX=/home/rml/ros2_ws/src/quad-sdk/install/mujoco_ros2_control
[0.652s] DEBUG:colcon.colcon_core.event_handler.log_command:Invoked command in '/home/rml/ros2_ws/src/quad-sdk/build/mujoco_ros2_control' returned '1': CMAKE_PREFIX_PATH=${CMAKE_PREFIX_PATH}:/home/rml/ros2_ws/src/quad-sdk/install/teleop_twist_keyboard:/opt/ros/jazzy CONDA_PROMPT_MODIFIER=(mujoco) DEBUGINFOD_URLS=https://debuginfod.ubuntu.com /usr/bin/cmake /home/rml/ros2_ws/src/quad-sdk/mujoco_ros2_control/mujoco_ros2_control -DCMAKE_BUILD_TYPE=Release -DCMAKE_INSTALL_PREFIX=/home/rml/ros2_ws/src/quad-sdk/install/mujoco_ros2_control
[0.658s] Level 1:colcon.colcon_core.environment:create_environment_scripts_only(mujoco_ros2_control)
[0.659s] Level 1:colcon.colcon_core.environment:checking '/home/rml/ros2_ws/src/quad-sdk/install/mujoco_ros2_control' for CMake module files
[0.659s] Level 1:colcon.colcon_core.environment:checking '/home/rml/ros2_ws/src/quad-sdk/install/mujoco_ros2_control' for CMake config files
[0.659s] Level 1:colcon.colcon_core.environment:checking '/home/rml/ros2_ws/src/quad-sdk/install/mujoco_ros2_control/bin'
[0.659s] Level 1:colcon.colcon_core.environment:checking '/home/rml/ros2_ws/src/quad-sdk/install/mujoco_ros2_control/lib/pkgconfig/mujoco_ros2_control.pc'
[0.659s] Level 1:colcon.colcon_core.environment:checking '/home/rml/ros2_ws/src/quad-sdk/install/mujoco_ros2_control/lib/python3.12/site-packages'
[0.659s] Level 1:colcon.colcon_core.environment:checking '/home/rml/ros2_ws/src/quad-sdk/install/mujoco_ros2_control/bin'
[0.660s] INFO:colcon.colcon_core.shell:Creating package script '/home/rml/ros2_ws/src/quad-sdk/install/mujoco_ros2_control/share/mujoco_ros2_control/package.ps1'
[0.660s] INFO:colcon.colcon_core.shell:Creating package descriptor '/home/rml/ros2_ws/src/quad-sdk/install/mujoco_ros2_control/share/mujoco_ros2_control/package.dsv'
[0.660s] INFO:colcon.colcon_core.shell:Creating package script '/home/rml/ros2_ws/src/quad-sdk/install/mujoco_ros2_control/share/mujoco_ros2_control/package.sh'
[0.660s] INFO:colcon.colcon_core.shell:Creating package script '/home/rml/ros2_ws/src/quad-sdk/install/mujoco_ros2_control/share/mujoco_ros2_control/package.bash'
[0.660s] INFO:colcon.colcon_core.shell:Creating package script '/home/rml/ros2_ws/src/quad-sdk/install/mujoco_ros2_control/share/mujoco_ros2_control/package.zsh'
[0.661s] Level 1:colcon.colcon_core.environment:create_file_with_runtime_dependencies(/home/rml/ros2_ws/src/quad-sdk/install/mujoco_ros2_control/share/colcon-core/packages/mujoco_ros2_control)
[0.671s] DEBUG:colcon.colcon_parallel_executor.executor.parallel:closing loop
[0.671s] DEBUG:colcon.colcon_parallel_executor.executor.parallel:loop closed
[0.671s] DEBUG:colcon.colcon_parallel_executor.executor.parallel:run_until_complete finished with '1'
[0.671s] DEBUG:colcon.colcon_core.event_reactor:joining thread
[0.673s] INFO:colcon.colcon_core.plugin_system:Skipping extension 'colcon_notification.desktop_notification.terminal_notifier': Not used on non-Darwin systems
[0.673s] INFO:colcon.colcon_core.plugin_system:Skipping extension 'colcon_notification.desktop_notification.win32': Not used on non-Windows systems
[0.673s] INFO:colcon.colcon_notification.desktop_notification:Sending desktop notification using 'notify2'
[0.680s] DEBUG:colcon.colcon_core.event_reactor:joined thread
[0.680s] INFO:colcon.colcon_core.shell:Creating prefix script '/home/rml/ros2_ws/src/quad-sdk/install/local_setup.ps1'
[0.680s] INFO:colcon.colcon_core.shell:Creating prefix util module '/home/rml/ros2_ws/src/quad-sdk/install/_local_setup_util_ps1.py'
[0.681s] INFO:colcon.colcon_core.shell:Creating prefix chain script '/home/rml/ros2_ws/src/quad-sdk/install/setup.ps1'
[0.681s] INFO:colcon.colcon_core.shell:Creating prefix script '/home/rml/ros2_ws/src/quad-sdk/install/local_setup.sh'
[0.682s] INFO:colcon.colcon_core.shell:Creating prefix util module '/home/rml/ros2_ws/src/quad-sdk/install/_local_setup_util_sh.py'
[0.682s] INFO:colcon.colcon_core.shell:Creating prefix chain script '/home/rml/ros2_ws/src/quad-sdk/install/setup.sh'
[0.682s] INFO:colcon.colcon_core.shell:Creating prefix script '/home/rml/ros2_ws/src/quad-sdk/install/local_setup.bash'
[0.683s] INFO:colcon.colcon_core.shell:Creating prefix chain script '/home/rml/ros2_ws/src/quad-sdk/install/setup.bash'
[0.683s] INFO:colcon.colcon_core.shell:Creating prefix script '/home/rml/ros2_ws/src/quad-sdk/install/local_setup.zsh'
[0.683s] INFO:colcon.colcon_core.shell:Creating prefix chain script '/home/rml/ros2_ws/src/quad-sdk/install/setup.zsh'
