[0.064s] DEBUG:colcon:Command line arguments: ['/usr/bin/colcon', 'list', '-p', '--base-paths', '/home/rml/ros2_ws/src/quad-sdk', '--log-base', '/dev/null']
[0.064s] DEBUG:colcon:Parsed command line arguments: Namespace(log_base=None, log_level=None, verb_name='list', build_base='build', ignore_user_meta=False, metas=['./colcon.meta'], base_paths=['/home/rml/ros2_ws/src/quad-sdk', '--log-base', '/dev/null'], packages_ignore=None, packages_ignore_regex=None, paths=None, packages_up_to=None, packages_up_to_regex=None, packages_above=None, packages_above_and_dependencies=None, packages_above_depth=None, packages_select_by_dep=None, packages_skip_by_dep=None, packages_skip_up_to=None, packages_select_build_failed=False, packages_skip_build_finished=False, packages_select_test_failures=False, packages_skip_test_passed=False, packages_select=None, packages_skip=None, packages_select_regex=None, packages_skip_regex=None, packages_start=None, packages_end=None, allow_overriding=[], topological_order=False, names_only=False, paths_only=True, topological_graph=False, topological_graph_dot=False, topological_graph_density=False, topological_graph_legend=False, topological_graph_dot_cluster=False, topological_graph_dot_include_skipped=False, verb_parser=<colcon_defaults.argument_parser.defaults.DefaultArgumentsDecorator object at 0x7df67dba8bf0>, verb_extension=<colcon_package_information.verb.list.ListVerb object at 0x7df67dba8170>, main=<bound method ListVerb.main of <colcon_package_information.verb.list.ListVerb object at 0x7df67dba8170>>)
[0.085s] Level 1:colcon.colcon_core.package_discovery:discover_packages(colcon_meta) check parameters
[0.085s] Level 1:colcon.colcon_core.package_discovery:discover_packages(recursive) check parameters
[0.085s] Level 1:colcon.colcon_core.package_discovery:discover_packages(ignore) check parameters
[0.085s] Level 1:colcon.colcon_core.package_discovery:discover_packages(path) check parameters
[0.085s] Level 1:colcon.colcon_core.package_discovery:discover_packages(recursive) discover
[0.085s] INFO:colcon.colcon_core.package_discovery:Crawling recursively for packages in '/home/rml/ros2_ws/src/quad-sdk', '/home/rml/ros2_ws/src/quad-sdk/--log-base', '/dev/null'
[0.085s] Level 1:colcon.colcon_core.package_identification:_identify(/home/rml/ros2_ws/src/quad-sdk) by extensions ['ignore', 'ignore_ament_install']
[0.085s] Level 1:colcon.colcon_core.package_identification:_identify(/home/rml/ros2_ws/src/quad-sdk) by extension 'ignore'
[0.085s] Level 1:colcon.colcon_core.package_identification:_identify(/home/rml/ros2_ws/src/quad-sdk) by extension 'ignore_ament_install'
[0.085s] Level 1:colcon.colcon_core.package_identification:_identify(/home/rml/ros2_ws/src/quad-sdk) by extensions ['colcon_pkg']
[0.085s] Level 1:colcon.colcon_core.package_identification:_identify(/home/rml/ros2_ws/src/quad-sdk) by extension 'colcon_pkg'
[0.085s] Level 1:colcon.colcon_core.package_identification:_identify(/home/rml/ros2_ws/src/quad-sdk) by extensions ['colcon_meta']
[0.085s] Level 1:colcon.colcon_core.package_identification:_identify(/home/rml/ros2_ws/src/quad-sdk) by extension 'colcon_meta'
[0.085s] Level 1:colcon.colcon_core.package_identification:_identify(/home/rml/ros2_ws/src/quad-sdk) by extensions ['ros']
[0.085s] Level 1:colcon.colcon_core.package_identification:_identify(/home/rml/ros2_ws/src/quad-sdk) by extension 'ros'
[0.098s] Level 1:colcon.colcon_core.package_identification:_identify(/home/rml/ros2_ws/src/quad-sdk) by extensions ['cmake', 'python']
[0.098s] Level 1:colcon.colcon_core.package_identification:_identify(/home/rml/ros2_ws/src/quad-sdk) by extension 'cmake'
[0.098s] Level 1:colcon.colcon_core.package_identification:_identify(/home/rml/ros2_ws/src/quad-sdk) by extension 'python'
[0.098s] Level 1:colcon.colcon_core.package_identification:_identify(/home/rml/ros2_ws/src/quad-sdk) by extensions ['python_setup_py']
[0.098s] Level 1:colcon.colcon_core.package_identification:_identify(/home/rml/ros2_ws/src/quad-sdk) by extension 'python_setup_py'
[0.098s] Level 1:colcon.colcon_core.package_identification:_identify(/home/rml/ros2_ws/src/quad-sdk/body_force_estimator) by extensions ['ignore', 'ignore_ament_install']
[0.098s] Level 1:colcon.colcon_core.package_identification:_identify(/home/rml/ros2_ws/src/quad-sdk/body_force_estimator) by extension 'ignore'
[0.098s] Level 1:colcon.colcon_core.package_identification:_identify(/home/rml/ros2_ws/src/quad-sdk/body_force_estimator) by extension 'ignore_ament_install'
[0.098s] Level 1:colcon.colcon_core.package_identification:_identify(/home/rml/ros2_ws/src/quad-sdk/body_force_estimator) by extensions ['colcon_pkg']
[0.098s] Level 1:colcon.colcon_core.package_identification:_identify(/home/rml/ros2_ws/src/quad-sdk/body_force_estimator) by extension 'colcon_pkg'
[0.098s] Level 1:colcon.colcon_core.package_identification:_identify(/home/rml/ros2_ws/src/quad-sdk/body_force_estimator) by extensions ['colcon_meta']
[0.098s] Level 1:colcon.colcon_core.package_identification:_identify(/home/rml/ros2_ws/src/quad-sdk/body_force_estimator) by extension 'colcon_meta'
[0.098s] Level 1:colcon.colcon_core.package_identification:_identify(/home/rml/ros2_ws/src/quad-sdk/body_force_estimator) by extensions ['ros']
[0.098s] Level 1:colcon.colcon_core.package_identification:_identify(/home/rml/ros2_ws/src/quad-sdk/body_force_estimator) by extension 'ros'
[0.100s] DEBUG:colcon.colcon_core.package_identification:Package '/home/rml/ros2_ws/src/quad-sdk/body_force_estimator' with type 'ros.ament_cmake' and name 'body_force_estimator'
[0.100s] Level 1:colcon.colcon_core.package_identification:_identify(/home/rml/ros2_ws/src/quad-sdk/doc) by extensions ['ignore', 'ignore_ament_install']
[0.100s] Level 1:colcon.colcon_core.package_identification:_identify(/home/rml/ros2_ws/src/quad-sdk/doc) by extension 'ignore'
[0.100s] Level 1:colcon.colcon_core.package_identification:_identify(/home/rml/ros2_ws/src/quad-sdk/doc) by extension 'ignore_ament_install'
[0.100s] Level 1:colcon.colcon_core.package_identification:_identify(/home/rml/ros2_ws/src/quad-sdk/doc) by extensions ['colcon_pkg']
[0.100s] Level 1:colcon.colcon_core.package_identification:_identify(/home/rml/ros2_ws/src/quad-sdk/doc) by extension 'colcon_pkg'
[0.100s] Level 1:colcon.colcon_core.package_identification:_identify(/home/rml/ros2_ws/src/quad-sdk/doc) by extensions ['colcon_meta']
[0.100s] Level 1:colcon.colcon_core.package_identification:_identify(/home/rml/ros2_ws/src/quad-sdk/doc) by extension 'colcon_meta'
[0.100s] Level 1:colcon.colcon_core.package_identification:_identify(/home/rml/ros2_ws/src/quad-sdk/doc) by extensions ['ros']
[0.100s] Level 1:colcon.colcon_core.package_identification:_identify(/home/rml/ros2_ws/src/quad-sdk/doc) by extension 'ros'
[0.100s] Level 1:colcon.colcon_core.package_identification:_identify(/home/rml/ros2_ws/src/quad-sdk/doc) by extensions ['cmake', 'python']
[0.100s] Level 1:colcon.colcon_core.package_identification:_identify(/home/rml/ros2_ws/src/quad-sdk/doc) by extension 'cmake'
[0.100s] Level 1:colcon.colcon_core.package_identification:_identify(/home/rml/ros2_ws/src/quad-sdk/doc) by extension 'python'
[0.100s] Level 1:colcon.colcon_core.package_identification:_identify(/home/rml/ros2_ws/src/quad-sdk/doc) by extensions ['python_setup_py']
[0.100s] Level 1:colcon.colcon_core.package_identification:_identify(/home/rml/ros2_ws/src/quad-sdk/doc) by extension 'python_setup_py'
[0.100s] Level 1:colcon.colcon_core.package_identification:_identify(/home/rml/ros2_ws/src/quad-sdk/external) by extensions ['ignore', 'ignore_ament_install']
[0.100s] Level 1:colcon.colcon_core.package_identification:_identify(/home/rml/ros2_ws/src/quad-sdk/external) by extension 'ignore'
[0.100s] Level 1:colcon.colcon_core.package_identification:_identify(/home/rml/ros2_ws/src/quad-sdk/external) by extension 'ignore_ament_install'
[0.100s] Level 1:colcon.colcon_core.package_identification:_identify(/home/rml/ros2_ws/src/quad-sdk/external) by extensions ['colcon_pkg']
[0.100s] Level 1:colcon.colcon_core.package_identification:_identify(/home/rml/ros2_ws/src/quad-sdk/external) by extension 'colcon_pkg'
[0.100s] Level 1:colcon.colcon_core.package_identification:_identify(/home/rml/ros2_ws/src/quad-sdk/external) by extensions ['colcon_meta']
[0.101s] Level 1:colcon.colcon_core.package_identification:_identify(/home/rml/ros2_ws/src/quad-sdk/external) by extension 'colcon_meta'
[0.101s] Level 1:colcon.colcon_core.package_identification:_identify(/home/rml/ros2_ws/src/quad-sdk/external) by extensions ['ros']
[0.101s] Level 1:colcon.colcon_core.package_identification:_identify(/home/rml/ros2_ws/src/quad-sdk/external) by extension 'ros'
[0.101s] Level 1:colcon.colcon_core.package_identification:_identify(/home/rml/ros2_ws/src/quad-sdk/external) by extensions ['cmake', 'python']
[0.101s] Level 1:colcon.colcon_core.package_identification:_identify(/home/rml/ros2_ws/src/quad-sdk/external) by extension 'cmake'
[0.101s] Level 1:colcon.colcon_core.package_identification:_identify(/home/rml/ros2_ws/src/quad-sdk/external) by extension 'python'
[0.101s] Level 1:colcon.colcon_core.package_identification:_identify(/home/rml/ros2_ws/src/quad-sdk/external) by extensions ['python_setup_py']
[0.101s] Level 1:colcon.colcon_core.package_identification:_identify(/home/rml/ros2_ws/src/quad-sdk/external) by extension 'python_setup_py'
[0.101s] Level 1:colcon.colcon_core.package_identification:_identify(/home/rml/ros2_ws/src/quad-sdk/external/ipopt) by extensions ['ignore', 'ignore_ament_install']
[0.101s] Level 1:colcon.colcon_core.package_identification:_identify(/home/rml/ros2_ws/src/quad-sdk/external/ipopt) by extension 'ignore'
[0.101s] Level 1:colcon.colcon_core.package_identification:_identify(/home/rml/ros2_ws/src/quad-sdk/external/ipopt) by extension 'ignore_ament_install'
[0.101s] Level 1:colcon.colcon_core.package_identification:_identify(/home/rml/ros2_ws/src/quad-sdk/external/ipopt) by extensions ['colcon_pkg']
[0.101s] Level 1:colcon.colcon_core.package_identification:_identify(/home/rml/ros2_ws/src/quad-sdk/external/ipopt) by extension 'colcon_pkg'
[0.101s] Level 1:colcon.colcon_core.package_identification:_identify(/home/rml/ros2_ws/src/quad-sdk/external/ipopt) by extensions ['colcon_meta']
[0.101s] Level 1:colcon.colcon_core.package_identification:_identify(/home/rml/ros2_ws/src/quad-sdk/external/ipopt) by extension 'colcon_meta'
[0.101s] Level 1:colcon.colcon_core.package_identification:_identify(/home/rml/ros2_ws/src/quad-sdk/external/ipopt) by extensions ['ros']
[0.101s] Level 1:colcon.colcon_core.package_identification:_identify(/home/rml/ros2_ws/src/quad-sdk/external/ipopt) by extension 'ros'
[0.101s] Level 1:colcon.colcon_core.package_identification:_identify(/home/rml/ros2_ws/src/quad-sdk/external/ipopt) by extensions ['cmake', 'python']
[0.101s] Level 1:colcon.colcon_core.package_identification:_identify(/home/rml/ros2_ws/src/quad-sdk/external/ipopt) by extension 'cmake'
[0.101s] Level 1:colcon.colcon_core.package_identification:_identify(/home/rml/ros2_ws/src/quad-sdk/external/ipopt) by extension 'python'
[0.101s] Level 1:colcon.colcon_core.package_identification:_identify(/home/rml/ros2_ws/src/quad-sdk/external/ipopt) by extensions ['python_setup_py']
[0.101s] Level 1:colcon.colcon_core.package_identification:_identify(/home/rml/ros2_ws/src/quad-sdk/external/ipopt) by extension 'python_setup_py'
[0.101s] Level 1:colcon.colcon_core.package_identification:_identify(/home/rml/ros2_ws/src/quad-sdk/external/ipopt/coinbrew) by extensions ['ignore', 'ignore_ament_install']
[0.101s] Level 1:colcon.colcon_core.package_identification:_identify(/home/rml/ros2_ws/src/quad-sdk/external/ipopt/coinbrew) by extension 'ignore'
[0.101s] Level 1:colcon.colcon_core.package_identification:_identify(/home/rml/ros2_ws/src/quad-sdk/external/ipopt/coinbrew) by extension 'ignore_ament_install'
[0.101s] Level 1:colcon.colcon_core.package_identification:_identify(/home/rml/ros2_ws/src/quad-sdk/external/ipopt/coinbrew) by extensions ['colcon_pkg']
[0.101s] Level 1:colcon.colcon_core.package_identification:_identify(/home/rml/ros2_ws/src/quad-sdk/external/ipopt/coinbrew) by extension 'colcon_pkg'
[0.101s] Level 1:colcon.colcon_core.package_identification:_identify(/home/rml/ros2_ws/src/quad-sdk/external/ipopt/coinbrew) by extensions ['colcon_meta']
[0.101s] Level 1:colcon.colcon_core.package_identification:_identify(/home/rml/ros2_ws/src/quad-sdk/external/ipopt/coinbrew) by extension 'colcon_meta'
[0.101s] Level 1:colcon.colcon_core.package_identification:_identify(/home/rml/ros2_ws/src/quad-sdk/external/ipopt/coinbrew) by extensions ['ros']
[0.101s] Level 1:colcon.colcon_core.package_identification:_identify(/home/rml/ros2_ws/src/quad-sdk/external/ipopt/coinbrew) by extension 'ros'
[0.101s] Level 1:colcon.colcon_core.package_identification:_identify(/home/rml/ros2_ws/src/quad-sdk/external/ipopt/coinbrew) by extensions ['cmake', 'python']
[0.101s] Level 1:colcon.colcon_core.package_identification:_identify(/home/rml/ros2_ws/src/quad-sdk/external/ipopt/coinbrew) by extension 'cmake'
[0.101s] Level 1:colcon.colcon_core.package_identification:_identify(/home/rml/ros2_ws/src/quad-sdk/external/ipopt/coinbrew) by extension 'python'
[0.101s] Level 1:colcon.colcon_core.package_identification:_identify(/home/rml/ros2_ws/src/quad-sdk/external/ipopt/coinbrew) by extensions ['python_setup_py']
[0.101s] Level 1:colcon.colcon_core.package_identification:_identify(/home/rml/ros2_ws/src/quad-sdk/external/ipopt/coinbrew) by extension 'python_setup_py'
[0.101s] Level 1:colcon.colcon_core.package_identification:_identify(/home/rml/ros2_ws/src/quad-sdk/external/ipopt/coinbrew/Ipopt) by extensions ['ignore', 'ignore_ament_install']
[0.101s] Level 1:colcon.colcon_core.package_identification:_identify(/home/rml/ros2_ws/src/quad-sdk/external/ipopt/coinbrew/Ipopt) by extension 'ignore'
[0.101s] Level 1:colcon.colcon_core.package_identification:_identify(/home/rml/ros2_ws/src/quad-sdk/external/ipopt/coinbrew/Ipopt) by extension 'ignore_ament_install'
[0.101s] Level 1:colcon.colcon_core.package_identification:_identify(/home/rml/ros2_ws/src/quad-sdk/external/ipopt/coinbrew/Ipopt) by extensions ['colcon_pkg']
[0.101s] Level 1:colcon.colcon_core.package_identification:_identify(/home/rml/ros2_ws/src/quad-sdk/external/ipopt/coinbrew/Ipopt) by extension 'colcon_pkg'
[0.101s] Level 1:colcon.colcon_core.package_identification:_identify(/home/rml/ros2_ws/src/quad-sdk/external/ipopt/coinbrew/Ipopt) by extensions ['colcon_meta']
[0.101s] Level 1:colcon.colcon_core.package_identification:_identify(/home/rml/ros2_ws/src/quad-sdk/external/ipopt/coinbrew/Ipopt) by extension 'colcon_meta'
[0.101s] Level 1:colcon.colcon_core.package_identification:_identify(/home/rml/ros2_ws/src/quad-sdk/external/ipopt/coinbrew/Ipopt) by extensions ['ros']
[0.101s] Level 1:colcon.colcon_core.package_identification:_identify(/home/rml/ros2_ws/src/quad-sdk/external/ipopt/coinbrew/Ipopt) by extension 'ros'
[0.101s] Level 1:colcon.colcon_core.package_identification:_identify(/home/rml/ros2_ws/src/quad-sdk/external/ipopt/coinbrew/Ipopt) by extensions ['cmake', 'python']
[0.101s] Level 1:colcon.colcon_core.package_identification:_identify(/home/rml/ros2_ws/src/quad-sdk/external/ipopt/coinbrew/Ipopt) by extension 'cmake'
[0.101s] Level 1:colcon.colcon_core.package_identification:_identify(/home/rml/ros2_ws/src/quad-sdk/external/ipopt/coinbrew/Ipopt) by extension 'python'
[0.101s] Level 1:colcon.colcon_core.package_identification:_identify(/home/rml/ros2_ws/src/quad-sdk/external/ipopt/coinbrew/Ipopt) by extensions ['python_setup_py']
[0.101s] Level 1:colcon.colcon_core.package_identification:_identify(/home/rml/ros2_ws/src/quad-sdk/external/ipopt/coinbrew/Ipopt) by extension 'python_setup_py'
[0.101s] Level 1:colcon.colcon_core.package_identification:_identify(/home/rml/ros2_ws/src/quad-sdk/external/ipopt/coinbrew/Ipopt/contrib) by extensions ['ignore', 'ignore_ament_install']
[0.102s] Level 1:colcon.colcon_core.package_identification:_identify(/home/rml/ros2_ws/src/quad-sdk/external/ipopt/coinbrew/Ipopt/contrib) by extension 'ignore'
[0.102s] Level 1:colcon.colcon_core.package_identification:_identify(/home/rml/ros2_ws/src/quad-sdk/external/ipopt/coinbrew/Ipopt/contrib) by extension 'ignore_ament_install'
[0.102s] Level 1:colcon.colcon_core.package_identification:_identify(/home/rml/ros2_ws/src/quad-sdk/external/ipopt/coinbrew/Ipopt/contrib) by extensions ['colcon_pkg']
[0.102s] Level 1:colcon.colcon_core.package_identification:_identify(/home/rml/ros2_ws/src/quad-sdk/external/ipopt/coinbrew/Ipopt/contrib) by extension 'colcon_pkg'
[0.102s] Level 1:colcon.colcon_core.package_identification:_identify(/home/rml/ros2_ws/src/quad-sdk/external/ipopt/coinbrew/Ipopt/contrib) by extensions ['colcon_meta']
[0.102s] Level 1:colcon.colcon_core.package_identification:_identify(/home/rml/ros2_ws/src/quad-sdk/external/ipopt/coinbrew/Ipopt/contrib) by extension 'colcon_meta'
[0.102s] Level 1:colcon.colcon_core.package_identification:_identify(/home/rml/ros2_ws/src/quad-sdk/external/ipopt/coinbrew/Ipopt/contrib) by extensions ['ros']
[0.102s] Level 1:colcon.colcon_core.package_identification:_identify(/home/rml/ros2_ws/src/quad-sdk/external/ipopt/coinbrew/Ipopt/contrib) by extension 'ros'
[0.102s] Level 1:colcon.colcon_core.package_identification:_identify(/home/rml/ros2_ws/src/quad-sdk/external/ipopt/coinbrew/Ipopt/contrib) by extensions ['cmake', 'python']
[0.102s] Level 1:colcon.colcon_core.package_identification:_identify(/home/rml/ros2_ws/src/quad-sdk/external/ipopt/coinbrew/Ipopt/contrib) by extension 'cmake'
[0.102s] Level 1:colcon.colcon_core.package_identification:_identify(/home/rml/ros2_ws/src/quad-sdk/external/ipopt/coinbrew/Ipopt/contrib) by extension 'python'
[0.102s] Level 1:colcon.colcon_core.package_identification:_identify(/home/rml/ros2_ws/src/quad-sdk/external/ipopt/coinbrew/Ipopt/contrib) by extensions ['python_setup_py']
[0.102s] Level 1:colcon.colcon_core.package_identification:_identify(/home/rml/ros2_ws/src/quad-sdk/external/ipopt/coinbrew/Ipopt/contrib) by extension 'python_setup_py'
[0.102s] Level 1:colcon.colcon_core.package_identification:_identify(/home/rml/ros2_ws/src/quad-sdk/external/ipopt/coinbrew/Ipopt/contrib/RInterface) by extensions ['ignore', 'ignore_ament_install']
[0.102s] Level 1:colcon.colcon_core.package_identification:_identify(/home/rml/ros2_ws/src/quad-sdk/external/ipopt/coinbrew/Ipopt/contrib/RInterface) by extension 'ignore'
[0.102s] Level 1:colcon.colcon_core.package_identification:_identify(/home/rml/ros2_ws/src/quad-sdk/external/ipopt/coinbrew/Ipopt/contrib/RInterface) by extension 'ignore_ament_install'
[0.102s] Level 1:colcon.colcon_core.package_identification:_identify(/home/rml/ros2_ws/src/quad-sdk/external/ipopt/coinbrew/Ipopt/contrib/RInterface) by extensions ['colcon_pkg']
[0.102s] Level 1:colcon.colcon_core.package_identification:_identify(/home/rml/ros2_ws/src/quad-sdk/external/ipopt/coinbrew/Ipopt/contrib/RInterface) by extension 'colcon_pkg'
[0.102s] Level 1:colcon.colcon_core.package_identification:_identify(/home/rml/ros2_ws/src/quad-sdk/external/ipopt/coinbrew/Ipopt/contrib/RInterface) by extensions ['colcon_meta']
[0.102s] Level 1:colcon.colcon_core.package_identification:_identify(/home/rml/ros2_ws/src/quad-sdk/external/ipopt/coinbrew/Ipopt/contrib/RInterface) by extension 'colcon_meta'
[0.102s] Level 1:colcon.colcon_core.package_identification:_identify(/home/rml/ros2_ws/src/quad-sdk/external/ipopt/coinbrew/Ipopt/contrib/RInterface) by extensions ['ros']
[0.102s] Level 1:colcon.colcon_core.package_identification:_identify(/home/rml/ros2_ws/src/quad-sdk/external/ipopt/coinbrew/Ipopt/contrib/RInterface) by extension 'ros'
[0.102s] Level 1:colcon.colcon_core.package_identification:_identify(/home/rml/ros2_ws/src/quad-sdk/external/ipopt/coinbrew/Ipopt/contrib/RInterface) by extensions ['cmake', 'python']
[0.102s] Level 1:colcon.colcon_core.package_identification:_identify(/home/rml/ros2_ws/src/quad-sdk/external/ipopt/coinbrew/Ipopt/contrib/RInterface) by extension 'cmake'
[0.102s] Level 1:colcon.colcon_core.package_identification:_identify(/home/rml/ros2_ws/src/quad-sdk/external/ipopt/coinbrew/Ipopt/contrib/RInterface) by extension 'python'
[0.102s] Level 1:colcon.colcon_core.package_identification:_identify(/home/rml/ros2_ws/src/quad-sdk/external/ipopt/coinbrew/Ipopt/contrib/RInterface) by extensions ['python_setup_py']
[0.102s] Level 1:colcon.colcon_core.package_identification:_identify(/home/rml/ros2_ws/src/quad-sdk/external/ipopt/coinbrew/Ipopt/contrib/RInterface) by extension 'python_setup_py'
[0.102s] Level 1:colcon.colcon_core.package_identification:_identify(/home/rml/ros2_ws/src/quad-sdk/external/ipopt/coinbrew/Ipopt/contrib/RInterface/R) by extensions ['ignore', 'ignore_ament_install']
[0.102s] Level 1:colcon.colcon_core.package_identification:_identify(/home/rml/ros2_ws/src/quad-sdk/external/ipopt/coinbrew/Ipopt/contrib/RInterface/R) by extension 'ignore'
[0.102s] Level 1:colcon.colcon_core.package_identification:_identify(/home/rml/ros2_ws/src/quad-sdk/external/ipopt/coinbrew/Ipopt/contrib/RInterface/R) by extension 'ignore_ament_install'
[0.102s] Level 1:colcon.colcon_core.package_identification:_identify(/home/rml/ros2_ws/src/quad-sdk/external/ipopt/coinbrew/Ipopt/contrib/RInterface/R) by extensions ['colcon_pkg']
[0.102s] Level 1:colcon.colcon_core.package_identification:_identify(/home/rml/ros2_ws/src/quad-sdk/external/ipopt/coinbrew/Ipopt/contrib/RInterface/R) by extension 'colcon_pkg'
[0.102s] Level 1:colcon.colcon_core.package_identification:_identify(/home/rml/ros2_ws/src/quad-sdk/external/ipopt/coinbrew/Ipopt/contrib/RInterface/R) by extensions ['colcon_meta']
[0.102s] Level 1:colcon.colcon_core.package_identification:_identify(/home/rml/ros2_ws/src/quad-sdk/external/ipopt/coinbrew/Ipopt/contrib/RInterface/R) by extension 'colcon_meta'
[0.102s] Level 1:colcon.colcon_core.package_identification:_identify(/home/rml/ros2_ws/src/quad-sdk/external/ipopt/coinbrew/Ipopt/contrib/RInterface/R) by extensions ['ros']
[0.102s] Level 1:colcon.colcon_core.package_identification:_identify(/home/rml/ros2_ws/src/quad-sdk/external/ipopt/coinbrew/Ipopt/contrib/RInterface/R) by extension 'ros'
[0.102s] Level 1:colcon.colcon_core.package_identification:_identify(/home/rml/ros2_ws/src/quad-sdk/external/ipopt/coinbrew/Ipopt/contrib/RInterface/R) by extensions ['cmake', 'python']
[0.102s] Level 1:colcon.colcon_core.package_identification:_identify(/home/rml/ros2_ws/src/quad-sdk/external/ipopt/coinbrew/Ipopt/contrib/RInterface/R) by extension 'cmake'
[0.102s] Level 1:colcon.colcon_core.package_identification:_identify(/home/rml/ros2_ws/src/quad-sdk/external/ipopt/coinbrew/Ipopt/contrib/RInterface/R) by extension 'python'
[0.102s] Level 1:colcon.colcon_core.package_identification:_identify(/home/rml/ros2_ws/src/quad-sdk/external/ipopt/coinbrew/Ipopt/contrib/RInterface/R) by extensions ['python_setup_py']
[0.102s] Level 1:colcon.colcon_core.package_identification:_identify(/home/rml/ros2_ws/src/quad-sdk/external/ipopt/coinbrew/Ipopt/contrib/RInterface/R) by extension 'python_setup_py'
[0.102s] Level 1:colcon.colcon_core.package_identification:_identify(/home/rml/ros2_ws/src/quad-sdk/external/ipopt/coinbrew/Ipopt/contrib/RInterface/inst) by extensions ['ignore', 'ignore_ament_install']
[0.102s] Level 1:colcon.colcon_core.package_identification:_identify(/home/rml/ros2_ws/src/quad-sdk/external/ipopt/coinbrew/Ipopt/contrib/RInterface/inst) by extension 'ignore'
[0.102s] Level 1:colcon.colcon_core.package_identification:_identify(/home/rml/ros2_ws/src/quad-sdk/external/ipopt/coinbrew/Ipopt/contrib/RInterface/inst) by extension 'ignore_ament_install'
[0.102s] Level 1:colcon.colcon_core.package_identification:_identify(/home/rml/ros2_ws/src/quad-sdk/external/ipopt/coinbrew/Ipopt/contrib/RInterface/inst) by extensions ['colcon_pkg']
[0.102s] Level 1:colcon.colcon_core.package_identification:_identify(/home/rml/ros2_ws/src/quad-sdk/external/ipopt/coinbrew/Ipopt/contrib/RInterface/inst) by extension 'colcon_pkg'
[0.102s] Level 1:colcon.colcon_core.package_identification:_identify(/home/rml/ros2_ws/src/quad-sdk/external/ipopt/coinbrew/Ipopt/contrib/RInterface/inst) by extensions ['colcon_meta']
[0.102s] Level 1:colcon.colcon_core.package_identification:_identify(/home/rml/ros2_ws/src/quad-sdk/external/ipopt/coinbrew/Ipopt/contrib/RInterface/inst) by extension 'colcon_meta'
[0.102s] Level 1:colcon.colcon_core.package_identification:_identify(/home/rml/ros2_ws/src/quad-sdk/external/ipopt/coinbrew/Ipopt/contrib/RInterface/inst) by extensions ['ros']
[0.102s] Level 1:colcon.colcon_core.package_identification:_identify(/home/rml/ros2_ws/src/quad-sdk/external/ipopt/coinbrew/Ipopt/contrib/RInterface/inst) by extension 'ros'
[0.102s] Level 1:colcon.colcon_core.package_identification:_identify(/home/rml/ros2_ws/src/quad-sdk/external/ipopt/coinbrew/Ipopt/contrib/RInterface/inst) by extensions ['cmake', 'python']
[0.102s] Level 1:colcon.colcon_core.package_identification:_identify(/home/rml/ros2_ws/src/quad-sdk/external/ipopt/coinbrew/Ipopt/contrib/RInterface/inst) by extension 'cmake'
[0.102s] Level 1:colcon.colcon_core.package_identification:_identify(/home/rml/ros2_ws/src/quad-sdk/external/ipopt/coinbrew/Ipopt/contrib/RInterface/inst) by extension 'python'
[0.102s] Level 1:colcon.colcon_core.package_identification:_identify(/home/rml/ros2_ws/src/quad-sdk/external/ipopt/coinbrew/Ipopt/contrib/RInterface/inst) by extensions ['python_setup_py']
[0.102s] Level 1:colcon.colcon_core.package_identification:_identify(/home/rml/ros2_ws/src/quad-sdk/external/ipopt/coinbrew/Ipopt/contrib/RInterface/inst) by extension 'python_setup_py'
[0.102s] Level 1:colcon.colcon_core.package_identification:_identify(/home/rml/ros2_ws/src/quad-sdk/external/ipopt/coinbrew/Ipopt/contrib/RInterface/inst/doc) by extensions ['ignore', 'ignore_ament_install']
[0.103s] Level 1:colcon.colcon_core.package_identification:_identify(/home/rml/ros2_ws/src/quad-sdk/external/ipopt/coinbrew/Ipopt/contrib/RInterface/inst/doc) by extension 'ignore'
[0.103s] Level 1:colcon.colcon_core.package_identification:_identify(/home/rml/ros2_ws/src/quad-sdk/external/ipopt/coinbrew/Ipopt/contrib/RInterface/inst/doc) by extension 'ignore_ament_install'
[0.103s] Level 1:colcon.colcon_core.package_identification:_identify(/home/rml/ros2_ws/src/quad-sdk/external/ipopt/coinbrew/Ipopt/contrib/RInterface/inst/doc) by extensions ['colcon_pkg']
[0.103s] Level 1:colcon.colcon_core.package_identification:_identify(/home/rml/ros2_ws/src/quad-sdk/external/ipopt/coinbrew/Ipopt/contrib/RInterface/inst/doc) by extension 'colcon_pkg'
[0.103s] Level 1:colcon.colcon_core.package_identification:_identify(/home/rml/ros2_ws/src/quad-sdk/external/ipopt/coinbrew/Ipopt/contrib/RInterface/inst/doc) by extensions ['colcon_meta']
[0.103s] Level 1:colcon.colcon_core.package_identification:_identify(/home/rml/ros2_ws/src/quad-sdk/external/ipopt/coinbrew/Ipopt/contrib/RInterface/inst/doc) by extension 'colcon_meta'
[0.103s] Level 1:colcon.colcon_core.package_identification:_identify(/home/rml/ros2_ws/src/quad-sdk/external/ipopt/coinbrew/Ipopt/contrib/RInterface/inst/doc) by extensions ['ros']
[0.103s] Level 1:colcon.colcon_core.package_identification:_identify(/home/rml/ros2_ws/src/quad-sdk/external/ipopt/coinbrew/Ipopt/contrib/RInterface/inst/doc) by extension 'ros'
[0.103s] Level 1:colcon.colcon_core.package_identification:_identify(/home/rml/ros2_ws/src/quad-sdk/external/ipopt/coinbrew/Ipopt/contrib/RInterface/inst/doc) by extensions ['cmake', 'python']
[0.103s] Level 1:colcon.colcon_core.package_identification:_identify(/home/rml/ros2_ws/src/quad-sdk/external/ipopt/coinbrew/Ipopt/contrib/RInterface/inst/doc) by extension 'cmake'
[0.103s] Level 1:colcon.colcon_core.package_identification:_identify(/home/rml/ros2_ws/src/quad-sdk/external/ipopt/coinbrew/Ipopt/contrib/RInterface/inst/doc) by extension 'python'
[0.103s] Level 1:colcon.colcon_core.package_identification:_identify(/home/rml/ros2_ws/src/quad-sdk/external/ipopt/coinbrew/Ipopt/contrib/RInterface/inst/doc) by extensions ['python_setup_py']
[0.103s] Level 1:colcon.colcon_core.package_identification:_identify(/home/rml/ros2_ws/src/quad-sdk/external/ipopt/coinbrew/Ipopt/contrib/RInterface/inst/doc) by extension 'python_setup_py'
[0.103s] Level 1:colcon.colcon_core.package_identification:_identify(/home/rml/ros2_ws/src/quad-sdk/external/ipopt/coinbrew/Ipopt/contrib/RInterface/man) by extensions ['ignore', 'ignore_ament_install']
[0.103s] Level 1:colcon.colcon_core.package_identification:_identify(/home/rml/ros2_ws/src/quad-sdk/external/ipopt/coinbrew/Ipopt/contrib/RInterface/man) by extension 'ignore'
[0.103s] Level 1:colcon.colcon_core.package_identification:_identify(/home/rml/ros2_ws/src/quad-sdk/external/ipopt/coinbrew/Ipopt/contrib/RInterface/man) by extension 'ignore_ament_install'
[0.103s] Level 1:colcon.colcon_core.package_identification:_identify(/home/rml/ros2_ws/src/quad-sdk/external/ipopt/coinbrew/Ipopt/contrib/RInterface/man) by extensions ['colcon_pkg']
[0.103s] Level 1:colcon.colcon_core.package_identification:_identify(/home/rml/ros2_ws/src/quad-sdk/external/ipopt/coinbrew/Ipopt/contrib/RInterface/man) by extension 'colcon_pkg'
[0.103s] Level 1:colcon.colcon_core.package_identification:_identify(/home/rml/ros2_ws/src/quad-sdk/external/ipopt/coinbrew/Ipopt/contrib/RInterface/man) by extensions ['colcon_meta']
[0.103s] Level 1:colcon.colcon_core.package_identification:_identify(/home/rml/ros2_ws/src/quad-sdk/external/ipopt/coinbrew/Ipopt/contrib/RInterface/man) by extension 'colcon_meta'
[0.103s] Level 1:colcon.colcon_core.package_identification:_identify(/home/rml/ros2_ws/src/quad-sdk/external/ipopt/coinbrew/Ipopt/contrib/RInterface/man) by extensions ['ros']
[0.103s] Level 1:colcon.colcon_core.package_identification:_identify(/home/rml/ros2_ws/src/quad-sdk/external/ipopt/coinbrew/Ipopt/contrib/RInterface/man) by extension 'ros'
[0.103s] Level 1:colcon.colcon_core.package_identification:_identify(/home/rml/ros2_ws/src/quad-sdk/external/ipopt/coinbrew/Ipopt/contrib/RInterface/man) by extensions ['cmake', 'python']
[0.103s] Level 1:colcon.colcon_core.package_identification:_identify(/home/rml/ros2_ws/src/quad-sdk/external/ipopt/coinbrew/Ipopt/contrib/RInterface/man) by extension 'cmake'
[0.103s] Level 1:colcon.colcon_core.package_identification:_identify(/home/rml/ros2_ws/src/quad-sdk/external/ipopt/coinbrew/Ipopt/contrib/RInterface/man) by extension 'python'
[0.103s] Level 1:colcon.colcon_core.package_identification:_identify(/home/rml/ros2_ws/src/quad-sdk/external/ipopt/coinbrew/Ipopt/contrib/RInterface/man) by extensions ['python_setup_py']
[0.103s] Level 1:colcon.colcon_core.package_identification:_identify(/home/rml/ros2_ws/src/quad-sdk/external/ipopt/coinbrew/Ipopt/contrib/RInterface/man) by extension 'python_setup_py'
[0.103s] Level 1:colcon.colcon_core.package_identification:_identify(/home/rml/ros2_ws/src/quad-sdk/external/ipopt/coinbrew/Ipopt/contrib/RInterface/src) by extensions ['ignore', 'ignore_ament_install']
[0.103s] Level 1:colcon.colcon_core.package_identification:_identify(/home/rml/ros2_ws/src/quad-sdk/external/ipopt/coinbrew/Ipopt/contrib/RInterface/src) by extension 'ignore'
[0.103s] Level 1:colcon.colcon_core.package_identification:_identify(/home/rml/ros2_ws/src/quad-sdk/external/ipopt/coinbrew/Ipopt/contrib/RInterface/src) by extension 'ignore_ament_install'
[0.103s] Level 1:colcon.colcon_core.package_identification:_identify(/home/rml/ros2_ws/src/quad-sdk/external/ipopt/coinbrew/Ipopt/contrib/RInterface/src) by extensions ['colcon_pkg']
[0.103s] Level 1:colcon.colcon_core.package_identification:_identify(/home/rml/ros2_ws/src/quad-sdk/external/ipopt/coinbrew/Ipopt/contrib/RInterface/src) by extension 'colcon_pkg'
[0.103s] Level 1:colcon.colcon_core.package_identification:_identify(/home/rml/ros2_ws/src/quad-sdk/external/ipopt/coinbrew/Ipopt/contrib/RInterface/src) by extensions ['colcon_meta']
[0.103s] Level 1:colcon.colcon_core.package_identification:_identify(/home/rml/ros2_ws/src/quad-sdk/external/ipopt/coinbrew/Ipopt/contrib/RInterface/src) by extension 'colcon_meta'
[0.103s] Level 1:colcon.colcon_core.package_identification:_identify(/home/rml/ros2_ws/src/quad-sdk/external/ipopt/coinbrew/Ipopt/contrib/RInterface/src) by extensions ['ros']
[0.103s] Level 1:colcon.colcon_core.package_identification:_identify(/home/rml/ros2_ws/src/quad-sdk/external/ipopt/coinbrew/Ipopt/contrib/RInterface/src) by extension 'ros'
[0.103s] Level 1:colcon.colcon_core.package_identification:_identify(/home/rml/ros2_ws/src/quad-sdk/external/ipopt/coinbrew/Ipopt/contrib/RInterface/src) by extensions ['cmake', 'python']
[0.103s] Level 1:colcon.colcon_core.package_identification:_identify(/home/rml/ros2_ws/src/quad-sdk/external/ipopt/coinbrew/Ipopt/contrib/RInterface/src) by extension 'cmake'
[0.103s] Level 1:colcon.colcon_core.package_identification:_identify(/home/rml/ros2_ws/src/quad-sdk/external/ipopt/coinbrew/Ipopt/contrib/RInterface/src) by extension 'python'
[0.103s] Level 1:colcon.colcon_core.package_identification:_identify(/home/rml/ros2_ws/src/quad-sdk/external/ipopt/coinbrew/Ipopt/contrib/RInterface/src) by extensions ['python_setup_py']
[0.103s] Level 1:colcon.colcon_core.package_identification:_identify(/home/rml/ros2_ws/src/quad-sdk/external/ipopt/coinbrew/Ipopt/contrib/RInterface/src) by extension 'python_setup_py'
[0.103s] Level 1:colcon.colcon_core.package_identification:_identify(/home/rml/ros2_ws/src/quad-sdk/external/ipopt/coinbrew/Ipopt/contrib/RInterface/tests) by extensions ['ignore', 'ignore_ament_install']
[0.103s] Level 1:colcon.colcon_core.package_identification:_identify(/home/rml/ros2_ws/src/quad-sdk/external/ipopt/coinbrew/Ipopt/contrib/RInterface/tests) by extension 'ignore'
[0.103s] Level 1:colcon.colcon_core.package_identification:_identify(/home/rml/ros2_ws/src/quad-sdk/external/ipopt/coinbrew/Ipopt/contrib/RInterface/tests) by extension 'ignore_ament_install'
[0.104s] Level 1:colcon.colcon_core.package_identification:_identify(/home/rml/ros2_ws/src/quad-sdk/external/ipopt/coinbrew/Ipopt/contrib/RInterface/tests) by extensions ['colcon_pkg']
[0.104s] Level 1:colcon.colcon_core.package_identification:_identify(/home/rml/ros2_ws/src/quad-sdk/external/ipopt/coinbrew/Ipopt/contrib/RInterface/tests) by extension 'colcon_pkg'
[0.104s] Level 1:colcon.colcon_core.package_identification:_identify(/home/rml/ros2_ws/src/quad-sdk/external/ipopt/coinbrew/Ipopt/contrib/RInterface/tests) by extensions ['colcon_meta']
[0.104s] Level 1:colcon.colcon_core.package_identification:_identify(/home/rml/ros2_ws/src/quad-sdk/external/ipopt/coinbrew/Ipopt/contrib/RInterface/tests) by extension 'colcon_meta'
[0.104s] Level 1:colcon.colcon_core.package_identification:_identify(/home/rml/ros2_ws/src/quad-sdk/external/ipopt/coinbrew/Ipopt/contrib/RInterface/tests) by extensions ['ros']
[0.104s] Level 1:colcon.colcon_core.package_identification:_identify(/home/rml/ros2_ws/src/quad-sdk/external/ipopt/coinbrew/Ipopt/contrib/RInterface/tests) by extension 'ros'
[0.104s] Level 1:colcon.colcon_core.package_identification:_identify(/home/rml/ros2_ws/src/quad-sdk/external/ipopt/coinbrew/Ipopt/contrib/RInterface/tests) by extensions ['cmake', 'python']
[0.104s] Level 1:colcon.colcon_core.package_identification:_identify(/home/rml/ros2_ws/src/quad-sdk/external/ipopt/coinbrew/Ipopt/contrib/RInterface/tests) by extension 'cmake'
[0.104s] Level 1:colcon.colcon_core.package_identification:_identify(/home/rml/ros2_ws/src/quad-sdk/external/ipopt/coinbrew/Ipopt/contrib/RInterface/tests) by extension 'python'
[0.104s] Level 1:colcon.colcon_core.package_identification:_identify(/home/rml/ros2_ws/src/quad-sdk/external/ipopt/coinbrew/Ipopt/contrib/RInterface/tests) by extensions ['python_setup_py']
[0.104s] Level 1:colcon.colcon_core.package_identification:_identify(/home/rml/ros2_ws/src/quad-sdk/external/ipopt/coinbrew/Ipopt/contrib/RInterface/tests) by extension 'python_setup_py'
[0.104s] Level 1:colcon.colcon_core.package_identification:_identify(/home/rml/ros2_ws/src/quad-sdk/external/ipopt/coinbrew/Ipopt/contrib/sIPOPT) by extensions ['ignore', 'ignore_ament_install']
[0.104s] Level 1:colcon.colcon_core.package_identification:_identify(/home/rml/ros2_ws/src/quad-sdk/external/ipopt/coinbrew/Ipopt/contrib/sIPOPT) by extension 'ignore'
[0.104s] Level 1:colcon.colcon_core.package_identification:_identify(/home/rml/ros2_ws/src/quad-sdk/external/ipopt/coinbrew/Ipopt/contrib/sIPOPT) by extension 'ignore_ament_install'
[0.104s] Level 1:colcon.colcon_core.package_identification:_identify(/home/rml/ros2_ws/src/quad-sdk/external/ipopt/coinbrew/Ipopt/contrib/sIPOPT) by extensions ['colcon_pkg']
[0.104s] Level 1:colcon.colcon_core.package_identification:_identify(/home/rml/ros2_ws/src/quad-sdk/external/ipopt/coinbrew/Ipopt/contrib/sIPOPT) by extension 'colcon_pkg'
[0.104s] Level 1:colcon.colcon_core.package_identification:_identify(/home/rml/ros2_ws/src/quad-sdk/external/ipopt/coinbrew/Ipopt/contrib/sIPOPT) by extensions ['colcon_meta']
[0.104s] Level 1:colcon.colcon_core.package_identification:_identify(/home/rml/ros2_ws/src/quad-sdk/external/ipopt/coinbrew/Ipopt/contrib/sIPOPT) by extension 'colcon_meta'
[0.104s] Level 1:colcon.colcon_core.package_identification:_identify(/home/rml/ros2_ws/src/quad-sdk/external/ipopt/coinbrew/Ipopt/contrib/sIPOPT) by extensions ['ros']
[0.104s] Level 1:colcon.colcon_core.package_identification:_identify(/home/rml/ros2_ws/src/quad-sdk/external/ipopt/coinbrew/Ipopt/contrib/sIPOPT) by extension 'ros'
[0.104s] Level 1:colcon.colcon_core.package_identification:_identify(/home/rml/ros2_ws/src/quad-sdk/external/ipopt/coinbrew/Ipopt/contrib/sIPOPT) by extensions ['cmake', 'python']
[0.104s] Level 1:colcon.colcon_core.package_identification:_identify(/home/rml/ros2_ws/src/quad-sdk/external/ipopt/coinbrew/Ipopt/contrib/sIPOPT) by extension 'cmake'
[0.104s] Level 1:colcon.colcon_core.package_identification:_identify(/home/rml/ros2_ws/src/quad-sdk/external/ipopt/coinbrew/Ipopt/contrib/sIPOPT) by extension 'python'
[0.104s] Level 1:colcon.colcon_core.package_identification:_identify(/home/rml/ros2_ws/src/quad-sdk/external/ipopt/coinbrew/Ipopt/contrib/sIPOPT) by extensions ['python_setup_py']
[0.104s] Level 1:colcon.colcon_core.package_identification:_identify(/home/rml/ros2_ws/src/quad-sdk/external/ipopt/coinbrew/Ipopt/contrib/sIPOPT) by extension 'python_setup_py'
[0.104s] Level 1:colcon.colcon_core.package_identification:_identify(/home/rml/ros2_ws/src/quad-sdk/external/ipopt/coinbrew/Ipopt/contrib/sIPOPT/AmplSolver) by extensions ['ignore', 'ignore_ament_install']
[0.104s] Level 1:colcon.colcon_core.package_identification:_identify(/home/rml/ros2_ws/src/quad-sdk/external/ipopt/coinbrew/Ipopt/contrib/sIPOPT/AmplSolver) by extension 'ignore'
[0.104s] Level 1:colcon.colcon_core.package_identification:_identify(/home/rml/ros2_ws/src/quad-sdk/external/ipopt/coinbrew/Ipopt/contrib/sIPOPT/AmplSolver) by extension 'ignore_ament_install'
[0.104s] Level 1:colcon.colcon_core.package_identification:_identify(/home/rml/ros2_ws/src/quad-sdk/external/ipopt/coinbrew/Ipopt/contrib/sIPOPT/AmplSolver) by extensions ['colcon_pkg']
[0.104s] Level 1:colcon.colcon_core.package_identification:_identify(/home/rml/ros2_ws/src/quad-sdk/external/ipopt/coinbrew/Ipopt/contrib/sIPOPT/AmplSolver) by extension 'colcon_pkg'
[0.104s] Level 1:colcon.colcon_core.package_identification:_identify(/home/rml/ros2_ws/src/quad-sdk/external/ipopt/coinbrew/Ipopt/contrib/sIPOPT/AmplSolver) by extensions ['colcon_meta']
[0.104s] Level 1:colcon.colcon_core.package_identification:_identify(/home/rml/ros2_ws/src/quad-sdk/external/ipopt/coinbrew/Ipopt/contrib/sIPOPT/AmplSolver) by extension 'colcon_meta'
[0.104s] Level 1:colcon.colcon_core.package_identification:_identify(/home/rml/ros2_ws/src/quad-sdk/external/ipopt/coinbrew/Ipopt/contrib/sIPOPT/AmplSolver) by extensions ['ros']
[0.104s] Level 1:colcon.colcon_core.package_identification:_identify(/home/rml/ros2_ws/src/quad-sdk/external/ipopt/coinbrew/Ipopt/contrib/sIPOPT/AmplSolver) by extension 'ros'
[0.104s] Level 1:colcon.colcon_core.package_identification:_identify(/home/rml/ros2_ws/src/quad-sdk/external/ipopt/coinbrew/Ipopt/contrib/sIPOPT/AmplSolver) by extensions ['cmake', 'python']
[0.104s] Level 1:colcon.colcon_core.package_identification:_identify(/home/rml/ros2_ws/src/quad-sdk/external/ipopt/coinbrew/Ipopt/contrib/sIPOPT/AmplSolver) by extension 'cmake'
[0.104s] Level 1:colcon.colcon_core.package_identification:_identify(/home/rml/ros2_ws/src/quad-sdk/external/ipopt/coinbrew/Ipopt/contrib/sIPOPT/AmplSolver) by extension 'python'
[0.104s] Level 1:colcon.colcon_core.package_identification:_identify(/home/rml/ros2_ws/src/quad-sdk/external/ipopt/coinbrew/Ipopt/contrib/sIPOPT/AmplSolver) by extensions ['python_setup_py']
[0.104s] Level 1:colcon.colcon_core.package_identification:_identify(/home/rml/ros2_ws/src/quad-sdk/external/ipopt/coinbrew/Ipopt/contrib/sIPOPT/AmplSolver) by extension 'python_setup_py'
[0.104s] Level 1:colcon.colcon_core.package_identification:_identify(/home/rml/ros2_ws/src/quad-sdk/external/ipopt/coinbrew/Ipopt/contrib/sIPOPT/doc) by extensions ['ignore', 'ignore_ament_install']
[0.104s] Level 1:colcon.colcon_core.package_identification:_identify(/home/rml/ros2_ws/src/quad-sdk/external/ipopt/coinbrew/Ipopt/contrib/sIPOPT/doc) by extension 'ignore'
[0.104s] Level 1:colcon.colcon_core.package_identification:_identify(/home/rml/ros2_ws/src/quad-sdk/external/ipopt/coinbrew/Ipopt/contrib/sIPOPT/doc) by extension 'ignore_ament_install'
[0.104s] Level 1:colcon.colcon_core.package_identification:_identify(/home/rml/ros2_ws/src/quad-sdk/external/ipopt/coinbrew/Ipopt/contrib/sIPOPT/doc) by extensions ['colcon_pkg']
[0.104s] Level 1:colcon.colcon_core.package_identification:_identify(/home/rml/ros2_ws/src/quad-sdk/external/ipopt/coinbrew/Ipopt/contrib/sIPOPT/doc) by extension 'colcon_pkg'
[0.104s] Level 1:colcon.colcon_core.package_identification:_identify(/home/rml/ros2_ws/src/quad-sdk/external/ipopt/coinbrew/Ipopt/contrib/sIPOPT/doc) by extensions ['colcon_meta']
[0.104s] Level 1:colcon.colcon_core.package_identification:_identify(/home/rml/ros2_ws/src/quad-sdk/external/ipopt/coinbrew/Ipopt/contrib/sIPOPT/doc) by extension 'colcon_meta'
[0.104s] Level 1:colcon.colcon_core.package_identification:_identify(/home/rml/ros2_ws/src/quad-sdk/external/ipopt/coinbrew/Ipopt/contrib/sIPOPT/doc) by extensions ['ros']
[0.104s] Level 1:colcon.colcon_core.package_identification:_identify(/home/rml/ros2_ws/src/quad-sdk/external/ipopt/coinbrew/Ipopt/contrib/sIPOPT/doc) by extension 'ros'
[0.105s] Level 1:colcon.colcon_core.package_identification:_identify(/home/rml/ros2_ws/src/quad-sdk/external/ipopt/coinbrew/Ipopt/contrib/sIPOPT/doc) by extensions ['cmake', 'python']
[0.105s] Level 1:colcon.colcon_core.package_identification:_identify(/home/rml/ros2_ws/src/quad-sdk/external/ipopt/coinbrew/Ipopt/contrib/sIPOPT/doc) by extension 'cmake'
[0.105s] Level 1:colcon.colcon_core.package_identification:_identify(/home/rml/ros2_ws/src/quad-sdk/external/ipopt/coinbrew/Ipopt/contrib/sIPOPT/doc) by extension 'python'
[0.105s] Level 1:colcon.colcon_core.package_identification:_identify(/home/rml/ros2_ws/src/quad-sdk/external/ipopt/coinbrew/Ipopt/contrib/sIPOPT/doc) by extensions ['python_setup_py']
[0.105s] Level 1:colcon.colcon_core.package_identification:_identify(/home/rml/ros2_ws/src/quad-sdk/external/ipopt/coinbrew/Ipopt/contrib/sIPOPT/doc) by extension 'python_setup_py'
[0.105s] Level 1:colcon.colcon_core.package_identification:_identify(/home/rml/ros2_ws/src/quad-sdk/external/ipopt/coinbrew/Ipopt/contrib/sIPOPT/examples) by extensions ['ignore', 'ignore_ament_install']
[0.105s] Level 1:colcon.colcon_core.package_identification:_identify(/home/rml/ros2_ws/src/quad-sdk/external/ipopt/coinbrew/Ipopt/contrib/sIPOPT/examples) by extension 'ignore'
[0.105s] Level 1:colcon.colcon_core.package_identification:_identify(/home/rml/ros2_ws/src/quad-sdk/external/ipopt/coinbrew/Ipopt/contrib/sIPOPT/examples) by extension 'ignore_ament_install'
[0.105s] Level 1:colcon.colcon_core.package_identification:_identify(/home/rml/ros2_ws/src/quad-sdk/external/ipopt/coinbrew/Ipopt/contrib/sIPOPT/examples) by extensions ['colcon_pkg']
[0.105s] Level 1:colcon.colcon_core.package_identification:_identify(/home/rml/ros2_ws/src/quad-sdk/external/ipopt/coinbrew/Ipopt/contrib/sIPOPT/examples) by extension 'colcon_pkg'
[0.105s] Level 1:colcon.colcon_core.package_identification:_identify(/home/rml/ros2_ws/src/quad-sdk/external/ipopt/coinbrew/Ipopt/contrib/sIPOPT/examples) by extensions ['colcon_meta']
[0.105s] Level 1:colcon.colcon_core.package_identification:_identify(/home/rml/ros2_ws/src/quad-sdk/external/ipopt/coinbrew/Ipopt/contrib/sIPOPT/examples) by extension 'colcon_meta'
[0.105s] Level 1:colcon.colcon_core.package_identification:_identify(/home/rml/ros2_ws/src/quad-sdk/external/ipopt/coinbrew/Ipopt/contrib/sIPOPT/examples) by extensions ['ros']
[0.105s] Level 1:colcon.colcon_core.package_identification:_identify(/home/rml/ros2_ws/src/quad-sdk/external/ipopt/coinbrew/Ipopt/contrib/sIPOPT/examples) by extension 'ros'
[0.105s] Level 1:colcon.colcon_core.package_identification:_identify(/home/rml/ros2_ws/src/quad-sdk/external/ipopt/coinbrew/Ipopt/contrib/sIPOPT/examples) by extensions ['cmake', 'python']
[0.105s] Level 1:colcon.colcon_core.package_identification:_identify(/home/rml/ros2_ws/src/quad-sdk/external/ipopt/coinbrew/Ipopt/contrib/sIPOPT/examples) by extension 'cmake'
[0.105s] Level 1:colcon.colcon_core.package_identification:_identify(/home/rml/ros2_ws/src/quad-sdk/external/ipopt/coinbrew/Ipopt/contrib/sIPOPT/examples) by extension 'python'
[0.105s] Level 1:colcon.colcon_core.package_identification:_identify(/home/rml/ros2_ws/src/quad-sdk/external/ipopt/coinbrew/Ipopt/contrib/sIPOPT/examples) by extensions ['python_setup_py']
[0.105s] Level 1:colcon.colcon_core.package_identification:_identify(/home/rml/ros2_ws/src/quad-sdk/external/ipopt/coinbrew/Ipopt/contrib/sIPOPT/examples) by extension 'python_setup_py'
[0.105s] Level 1:colcon.colcon_core.package_identification:_identify(/home/rml/ros2_ws/src/quad-sdk/external/ipopt/coinbrew/Ipopt/contrib/sIPOPT/examples/hicks_ampl) by extensions ['ignore', 'ignore_ament_install']
[0.105s] Level 1:colcon.colcon_core.package_identification:_identify(/home/rml/ros2_ws/src/quad-sdk/external/ipopt/coinbrew/Ipopt/contrib/sIPOPT/examples/hicks_ampl) by extension 'ignore'
[0.105s] Level 1:colcon.colcon_core.package_identification:_identify(/home/rml/ros2_ws/src/quad-sdk/external/ipopt/coinbrew/Ipopt/contrib/sIPOPT/examples/hicks_ampl) by extension 'ignore_ament_install'
[0.105s] Level 1:colcon.colcon_core.package_identification:_identify(/home/rml/ros2_ws/src/quad-sdk/external/ipopt/coinbrew/Ipopt/contrib/sIPOPT/examples/hicks_ampl) by extensions ['colcon_pkg']
[0.105s] Level 1:colcon.colcon_core.package_identification:_identify(/home/rml/ros2_ws/src/quad-sdk/external/ipopt/coinbrew/Ipopt/contrib/sIPOPT/examples/hicks_ampl) by extension 'colcon_pkg'
[0.105s] Level 1:colcon.colcon_core.package_identification:_identify(/home/rml/ros2_ws/src/quad-sdk/external/ipopt/coinbrew/Ipopt/contrib/sIPOPT/examples/hicks_ampl) by extensions ['colcon_meta']
[0.105s] Level 1:colcon.colcon_core.package_identification:_identify(/home/rml/ros2_ws/src/quad-sdk/external/ipopt/coinbrew/Ipopt/contrib/sIPOPT/examples/hicks_ampl) by extension 'colcon_meta'
[0.105s] Level 1:colcon.colcon_core.package_identification:_identify(/home/rml/ros2_ws/src/quad-sdk/external/ipopt/coinbrew/Ipopt/contrib/sIPOPT/examples/hicks_ampl) by extensions ['ros']
[0.105s] Level 1:colcon.colcon_core.package_identification:_identify(/home/rml/ros2_ws/src/quad-sdk/external/ipopt/coinbrew/Ipopt/contrib/sIPOPT/examples/hicks_ampl) by extension 'ros'
[0.105s] Level 1:colcon.colcon_core.package_identification:_identify(/home/rml/ros2_ws/src/quad-sdk/external/ipopt/coinbrew/Ipopt/contrib/sIPOPT/examples/hicks_ampl) by extensions ['cmake', 'python']
[0.105s] Level 1:colcon.colcon_core.package_identification:_identify(/home/rml/ros2_ws/src/quad-sdk/external/ipopt/coinbrew/Ipopt/contrib/sIPOPT/examples/hicks_ampl) by extension 'cmake'
[0.105s] Level 1:colcon.colcon_core.package_identification:_identify(/home/rml/ros2_ws/src/quad-sdk/external/ipopt/coinbrew/Ipopt/contrib/sIPOPT/examples/hicks_ampl) by extension 'python'
[0.105s] Level 1:colcon.colcon_core.package_identification:_identify(/home/rml/ros2_ws/src/quad-sdk/external/ipopt/coinbrew/Ipopt/contrib/sIPOPT/examples/hicks_ampl) by extensions ['python_setup_py']
[0.105s] Level 1:colcon.colcon_core.package_identification:_identify(/home/rml/ros2_ws/src/quad-sdk/external/ipopt/coinbrew/Ipopt/contrib/sIPOPT/examples/hicks_ampl) by extension 'python_setup_py'
[0.105s] Level 1:colcon.colcon_core.package_identification:_identify(/home/rml/ros2_ws/src/quad-sdk/external/ipopt/coinbrew/Ipopt/contrib/sIPOPT/examples/parametric_ampl) by extensions ['ignore', 'ignore_ament_install']
[0.105s] Level 1:colcon.colcon_core.package_identification:_identify(/home/rml/ros2_ws/src/quad-sdk/external/ipopt/coinbrew/Ipopt/contrib/sIPOPT/examples/parametric_ampl) by extension 'ignore'
[0.105s] Level 1:colcon.colcon_core.package_identification:_identify(/home/rml/ros2_ws/src/quad-sdk/external/ipopt/coinbrew/Ipopt/contrib/sIPOPT/examples/parametric_ampl) by extension 'ignore_ament_install'
[0.105s] Level 1:colcon.colcon_core.package_identification:_identify(/home/rml/ros2_ws/src/quad-sdk/external/ipopt/coinbrew/Ipopt/contrib/sIPOPT/examples/parametric_ampl) by extensions ['colcon_pkg']
[0.105s] Level 1:colcon.colcon_core.package_identification:_identify(/home/rml/ros2_ws/src/quad-sdk/external/ipopt/coinbrew/Ipopt/contrib/sIPOPT/examples/parametric_ampl) by extension 'colcon_pkg'
[0.105s] Level 1:colcon.colcon_core.package_identification:_identify(/home/rml/ros2_ws/src/quad-sdk/external/ipopt/coinbrew/Ipopt/contrib/sIPOPT/examples/parametric_ampl) by extensions ['colcon_meta']
[0.105s] Level 1:colcon.colcon_core.package_identification:_identify(/home/rml/ros2_ws/src/quad-sdk/external/ipopt/coinbrew/Ipopt/contrib/sIPOPT/examples/parametric_ampl) by extension 'colcon_meta'
[0.105s] Level 1:colcon.colcon_core.package_identification:_identify(/home/rml/ros2_ws/src/quad-sdk/external/ipopt/coinbrew/Ipopt/contrib/sIPOPT/examples/parametric_ampl) by extensions ['ros']
[0.105s] Level 1:colcon.colcon_core.package_identification:_identify(/home/rml/ros2_ws/src/quad-sdk/external/ipopt/coinbrew/Ipopt/contrib/sIPOPT/examples/parametric_ampl) by extension 'ros'
[0.105s] Level 1:colcon.colcon_core.package_identification:_identify(/home/rml/ros2_ws/src/quad-sdk/external/ipopt/coinbrew/Ipopt/contrib/sIPOPT/examples/parametric_ampl) by extensions ['cmake', 'python']
[0.106s] Level 1:colcon.colcon_core.package_identification:_identify(/home/rml/ros2_ws/src/quad-sdk/external/ipopt/coinbrew/Ipopt/contrib/sIPOPT/examples/parametric_ampl) by extension 'cmake'
[0.106s] Level 1:colcon.colcon_core.package_identification:_identify(/home/rml/ros2_ws/src/quad-sdk/external/ipopt/coinbrew/Ipopt/contrib/sIPOPT/examples/parametric_ampl) by extension 'python'
[0.106s] Level 1:colcon.colcon_core.package_identification:_identify(/home/rml/ros2_ws/src/quad-sdk/external/ipopt/coinbrew/Ipopt/contrib/sIPOPT/examples/parametric_ampl) by extensions ['python_setup_py']
[0.106s] Level 1:colcon.colcon_core.package_identification:_identify(/home/rml/ros2_ws/src/quad-sdk/external/ipopt/coinbrew/Ipopt/contrib/sIPOPT/examples/parametric_ampl) by extension 'python_setup_py'
[0.106s] Level 1:colcon.colcon_core.package_identification:_identify(/home/rml/ros2_ws/src/quad-sdk/external/ipopt/coinbrew/Ipopt/contrib/sIPOPT/examples/parametric_cpp) by extensions ['ignore', 'ignore_ament_install']
[0.106s] Level 1:colcon.colcon_core.package_identification:_identify(/home/rml/ros2_ws/src/quad-sdk/external/ipopt/coinbrew/Ipopt/contrib/sIPOPT/examples/parametric_cpp) by extension 'ignore'
[0.106s] Level 1:colcon.colcon_core.package_identification:_identify(/home/rml/ros2_ws/src/quad-sdk/external/ipopt/coinbrew/Ipopt/contrib/sIPOPT/examples/parametric_cpp) by extension 'ignore_ament_install'
[0.106s] Level 1:colcon.colcon_core.package_identification:_identify(/home/rml/ros2_ws/src/quad-sdk/external/ipopt/coinbrew/Ipopt/contrib/sIPOPT/examples/parametric_cpp) by extensions ['colcon_pkg']
[0.106s] Level 1:colcon.colcon_core.package_identification:_identify(/home/rml/ros2_ws/src/quad-sdk/external/ipopt/coinbrew/Ipopt/contrib/sIPOPT/examples/parametric_cpp) by extension 'colcon_pkg'
[0.106s] Level 1:colcon.colcon_core.package_identification:_identify(/home/rml/ros2_ws/src/quad-sdk/external/ipopt/coinbrew/Ipopt/contrib/sIPOPT/examples/parametric_cpp) by extensions ['colcon_meta']
[0.106s] Level 1:colcon.colcon_core.package_identification:_identify(/home/rml/ros2_ws/src/quad-sdk/external/ipopt/coinbrew/Ipopt/contrib/sIPOPT/examples/parametric_cpp) by extension 'colcon_meta'
[0.106s] Level 1:colcon.colcon_core.package_identification:_identify(/home/rml/ros2_ws/src/quad-sdk/external/ipopt/coinbrew/Ipopt/contrib/sIPOPT/examples/parametric_cpp) by extensions ['ros']
[0.106s] Level 1:colcon.colcon_core.package_identification:_identify(/home/rml/ros2_ws/src/quad-sdk/external/ipopt/coinbrew/Ipopt/contrib/sIPOPT/examples/parametric_cpp) by extension 'ros'
[0.106s] Level 1:colcon.colcon_core.package_identification:_identify(/home/rml/ros2_ws/src/quad-sdk/external/ipopt/coinbrew/Ipopt/contrib/sIPOPT/examples/parametric_cpp) by extensions ['cmake', 'python']
[0.106s] Level 1:colcon.colcon_core.package_identification:_identify(/home/rml/ros2_ws/src/quad-sdk/external/ipopt/coinbrew/Ipopt/contrib/sIPOPT/examples/parametric_cpp) by extension 'cmake'
[0.106s] Level 1:colcon.colcon_core.package_identification:_identify(/home/rml/ros2_ws/src/quad-sdk/external/ipopt/coinbrew/Ipopt/contrib/sIPOPT/examples/parametric_cpp) by extension 'python'
[0.106s] Level 1:colcon.colcon_core.package_identification:_identify(/home/rml/ros2_ws/src/quad-sdk/external/ipopt/coinbrew/Ipopt/contrib/sIPOPT/examples/parametric_cpp) by extensions ['python_setup_py']
[0.106s] Level 1:colcon.colcon_core.package_identification:_identify(/home/rml/ros2_ws/src/quad-sdk/external/ipopt/coinbrew/Ipopt/contrib/sIPOPT/examples/parametric_cpp) by extension 'python_setup_py'
[0.106s] Level 1:colcon.colcon_core.package_identification:_identify(/home/rml/ros2_ws/src/quad-sdk/external/ipopt/coinbrew/Ipopt/contrib/sIPOPT/examples/parametric_dsdp_cpp) by extensions ['ignore', 'ignore_ament_install']
[0.106s] Level 1:colcon.colcon_core.package_identification:_identify(/home/rml/ros2_ws/src/quad-sdk/external/ipopt/coinbrew/Ipopt/contrib/sIPOPT/examples/parametric_dsdp_cpp) by extension 'ignore'
[0.106s] Level 1:colcon.colcon_core.package_identification:_identify(/home/rml/ros2_ws/src/quad-sdk/external/ipopt/coinbrew/Ipopt/contrib/sIPOPT/examples/parametric_dsdp_cpp) by extension 'ignore_ament_install'
[0.106s] Level 1:colcon.colcon_core.package_identification:_identify(/home/rml/ros2_ws/src/quad-sdk/external/ipopt/coinbrew/Ipopt/contrib/sIPOPT/examples/parametric_dsdp_cpp) by extensions ['colcon_pkg']
[0.106s] Level 1:colcon.colcon_core.package_identification:_identify(/home/rml/ros2_ws/src/quad-sdk/external/ipopt/coinbrew/Ipopt/contrib/sIPOPT/examples/parametric_dsdp_cpp) by extension 'colcon_pkg'
[0.106s] Level 1:colcon.colcon_core.package_identification:_identify(/home/rml/ros2_ws/src/quad-sdk/external/ipopt/coinbrew/Ipopt/contrib/sIPOPT/examples/parametric_dsdp_cpp) by extensions ['colcon_meta']
[0.106s] Level 1:colcon.colcon_core.package_identification:_identify(/home/rml/ros2_ws/src/quad-sdk/external/ipopt/coinbrew/Ipopt/contrib/sIPOPT/examples/parametric_dsdp_cpp) by extension 'colcon_meta'
[0.106s] Level 1:colcon.colcon_core.package_identification:_identify(/home/rml/ros2_ws/src/quad-sdk/external/ipopt/coinbrew/Ipopt/contrib/sIPOPT/examples/parametric_dsdp_cpp) by extensions ['ros']
[0.106s] Level 1:colcon.colcon_core.package_identification:_identify(/home/rml/ros2_ws/src/quad-sdk/external/ipopt/coinbrew/Ipopt/contrib/sIPOPT/examples/parametric_dsdp_cpp) by extension 'ros'
[0.106s] Level 1:colcon.colcon_core.package_identification:_identify(/home/rml/ros2_ws/src/quad-sdk/external/ipopt/coinbrew/Ipopt/contrib/sIPOPT/examples/parametric_dsdp_cpp) by extensions ['cmake', 'python']
[0.106s] Level 1:colcon.colcon_core.package_identification:_identify(/home/rml/ros2_ws/src/quad-sdk/external/ipopt/coinbrew/Ipopt/contrib/sIPOPT/examples/parametric_dsdp_cpp) by extension 'cmake'
[0.106s] Level 1:colcon.colcon_core.package_identification:_identify(/home/rml/ros2_ws/src/quad-sdk/external/ipopt/coinbrew/Ipopt/contrib/sIPOPT/examples/parametric_dsdp_cpp) by extension 'python'
[0.106s] Level 1:colcon.colcon_core.package_identification:_identify(/home/rml/ros2_ws/src/quad-sdk/external/ipopt/coinbrew/Ipopt/contrib/sIPOPT/examples/parametric_dsdp_cpp) by extensions ['python_setup_py']
[0.106s] Level 1:colcon.colcon_core.package_identification:_identify(/home/rml/ros2_ws/src/quad-sdk/external/ipopt/coinbrew/Ipopt/contrib/sIPOPT/examples/parametric_dsdp_cpp) by extension 'python_setup_py'
[0.106s] Level 1:colcon.colcon_core.package_identification:_identify(/home/rml/ros2_ws/src/quad-sdk/external/ipopt/coinbrew/Ipopt/contrib/sIPOPT/examples/redhess_ampl) by extensions ['ignore', 'ignore_ament_install']
[0.106s] Level 1:colcon.colcon_core.package_identification:_identify(/home/rml/ros2_ws/src/quad-sdk/external/ipopt/coinbrew/Ipopt/contrib/sIPOPT/examples/redhess_ampl) by extension 'ignore'
[0.106s] Level 1:colcon.colcon_core.package_identification:_identify(/home/rml/ros2_ws/src/quad-sdk/external/ipopt/coinbrew/Ipopt/contrib/sIPOPT/examples/redhess_ampl) by extension 'ignore_ament_install'
[0.106s] Level 1:colcon.colcon_core.package_identification:_identify(/home/rml/ros2_ws/src/quad-sdk/external/ipopt/coinbrew/Ipopt/contrib/sIPOPT/examples/redhess_ampl) by extensions ['colcon_pkg']
[0.106s] Level 1:colcon.colcon_core.package_identification:_identify(/home/rml/ros2_ws/src/quad-sdk/external/ipopt/coinbrew/Ipopt/contrib/sIPOPT/examples/redhess_ampl) by extension 'colcon_pkg'
[0.106s] Level 1:colcon.colcon_core.package_identification:_identify(/home/rml/ros2_ws/src/quad-sdk/external/ipopt/coinbrew/Ipopt/contrib/sIPOPT/examples/redhess_ampl) by extensions ['colcon_meta']
[0.106s] Level 1:colcon.colcon_core.package_identification:_identify(/home/rml/ros2_ws/src/quad-sdk/external/ipopt/coinbrew/Ipopt/contrib/sIPOPT/examples/redhess_ampl) by extension 'colcon_meta'
[0.106s] Level 1:colcon.colcon_core.package_identification:_identify(/home/rml/ros2_ws/src/quad-sdk/external/ipopt/coinbrew/Ipopt/contrib/sIPOPT/examples/redhess_ampl) by extensions ['ros']
[0.106s] Level 1:colcon.colcon_core.package_identification:_identify(/home/rml/ros2_ws/src/quad-sdk/external/ipopt/coinbrew/Ipopt/contrib/sIPOPT/examples/redhess_ampl) by extension 'ros'
[0.106s] Level 1:colcon.colcon_core.package_identification:_identify(/home/rml/ros2_ws/src/quad-sdk/external/ipopt/coinbrew/Ipopt/contrib/sIPOPT/examples/redhess_ampl) by extensions ['cmake', 'python']
[0.106s] Level 1:colcon.colcon_core.package_identification:_identify(/home/rml/ros2_ws/src/quad-sdk/external/ipopt/coinbrew/Ipopt/contrib/sIPOPT/examples/redhess_ampl) by extension 'cmake'
[0.106s] Level 1:colcon.colcon_core.package_identification:_identify(/home/rml/ros2_ws/src/quad-sdk/external/ipopt/coinbrew/Ipopt/contrib/sIPOPT/examples/redhess_ampl) by extension 'python'
[0.106s] Level 1:colcon.colcon_core.package_identification:_identify(/home/rml/ros2_ws/src/quad-sdk/external/ipopt/coinbrew/Ipopt/contrib/sIPOPT/examples/redhess_ampl) by extensions ['python_setup_py']
[0.106s] Level 1:colcon.colcon_core.package_identification:_identify(/home/rml/ros2_ws/src/quad-sdk/external/ipopt/coinbrew/Ipopt/contrib/sIPOPT/examples/redhess_ampl) by extension 'python_setup_py'
[0.107s] Level 1:colcon.colcon_core.package_identification:_identify(/home/rml/ros2_ws/src/quad-sdk/external/ipopt/coinbrew/Ipopt/contrib/sIPOPT/examples/redhess_cpp) by extensions ['ignore', 'ignore_ament_install']
[0.107s] Level 1:colcon.colcon_core.package_identification:_identify(/home/rml/ros2_ws/src/quad-sdk/external/ipopt/coinbrew/Ipopt/contrib/sIPOPT/examples/redhess_cpp) by extension 'ignore'
[0.107s] Level 1:colcon.colcon_core.package_identification:_identify(/home/rml/ros2_ws/src/quad-sdk/external/ipopt/coinbrew/Ipopt/contrib/sIPOPT/examples/redhess_cpp) by extension 'ignore_ament_install'
[0.107s] Level 1:colcon.colcon_core.package_identification:_identify(/home/rml/ros2_ws/src/quad-sdk/external/ipopt/coinbrew/Ipopt/contrib/sIPOPT/examples/redhess_cpp) by extensions ['colcon_pkg']
[0.107s] Level 1:colcon.colcon_core.package_identification:_identify(/home/rml/ros2_ws/src/quad-sdk/external/ipopt/coinbrew/Ipopt/contrib/sIPOPT/examples/redhess_cpp) by extension 'colcon_pkg'
[0.107s] Level 1:colcon.colcon_core.package_identification:_identify(/home/rml/ros2_ws/src/quad-sdk/external/ipopt/coinbrew/Ipopt/contrib/sIPOPT/examples/redhess_cpp) by extensions ['colcon_meta']
[0.107s] Level 1:colcon.colcon_core.package_identification:_identify(/home/rml/ros2_ws/src/quad-sdk/external/ipopt/coinbrew/Ipopt/contrib/sIPOPT/examples/redhess_cpp) by extension 'colcon_meta'
[0.107s] Level 1:colcon.colcon_core.package_identification:_identify(/home/rml/ros2_ws/src/quad-sdk/external/ipopt/coinbrew/Ipopt/contrib/sIPOPT/examples/redhess_cpp) by extensions ['ros']
[0.107s] Level 1:colcon.colcon_core.package_identification:_identify(/home/rml/ros2_ws/src/quad-sdk/external/ipopt/coinbrew/Ipopt/contrib/sIPOPT/examples/redhess_cpp) by extension 'ros'
[0.107s] Level 1:colcon.colcon_core.package_identification:_identify(/home/rml/ros2_ws/src/quad-sdk/external/ipopt/coinbrew/Ipopt/contrib/sIPOPT/examples/redhess_cpp) by extensions ['cmake', 'python']
[0.107s] Level 1:colcon.colcon_core.package_identification:_identify(/home/rml/ros2_ws/src/quad-sdk/external/ipopt/coinbrew/Ipopt/contrib/sIPOPT/examples/redhess_cpp) by extension 'cmake'
[0.107s] Level 1:colcon.colcon_core.package_identification:_identify(/home/rml/ros2_ws/src/quad-sdk/external/ipopt/coinbrew/Ipopt/contrib/sIPOPT/examples/redhess_cpp) by extension 'python'
[0.107s] Level 1:colcon.colcon_core.package_identification:_identify(/home/rml/ros2_ws/src/quad-sdk/external/ipopt/coinbrew/Ipopt/contrib/sIPOPT/examples/redhess_cpp) by extensions ['python_setup_py']
[0.107s] Level 1:colcon.colcon_core.package_identification:_identify(/home/rml/ros2_ws/src/quad-sdk/external/ipopt/coinbrew/Ipopt/contrib/sIPOPT/examples/redhess_cpp) by extension 'python_setup_py'
[0.107s] Level 1:colcon.colcon_core.package_identification:_identify(/home/rml/ros2_ws/src/quad-sdk/external/ipopt/coinbrew/Ipopt/contrib/sIPOPT/src) by extensions ['ignore', 'ignore_ament_install']
[0.107s] Level 1:colcon.colcon_core.package_identification:_identify(/home/rml/ros2_ws/src/quad-sdk/external/ipopt/coinbrew/Ipopt/contrib/sIPOPT/src) by extension 'ignore'
[0.107s] Level 1:colcon.colcon_core.package_identification:_identify(/home/rml/ros2_ws/src/quad-sdk/external/ipopt/coinbrew/Ipopt/contrib/sIPOPT/src) by extension 'ignore_ament_install'
[0.107s] Level 1:colcon.colcon_core.package_identification:_identify(/home/rml/ros2_ws/src/quad-sdk/external/ipopt/coinbrew/Ipopt/contrib/sIPOPT/src) by extensions ['colcon_pkg']
[0.107s] Level 1:colcon.colcon_core.package_identification:_identify(/home/rml/ros2_ws/src/quad-sdk/external/ipopt/coinbrew/Ipopt/contrib/sIPOPT/src) by extension 'colcon_pkg'
[0.107s] Level 1:colcon.colcon_core.package_identification:_identify(/home/rml/ros2_ws/src/quad-sdk/external/ipopt/coinbrew/Ipopt/contrib/sIPOPT/src) by extensions ['colcon_meta']
[0.107s] Level 1:colcon.colcon_core.package_identification:_identify(/home/rml/ros2_ws/src/quad-sdk/external/ipopt/coinbrew/Ipopt/contrib/sIPOPT/src) by extension 'colcon_meta'
[0.107s] Level 1:colcon.colcon_core.package_identification:_identify(/home/rml/ros2_ws/src/quad-sdk/external/ipopt/coinbrew/Ipopt/contrib/sIPOPT/src) by extensions ['ros']
[0.107s] Level 1:colcon.colcon_core.package_identification:_identify(/home/rml/ros2_ws/src/quad-sdk/external/ipopt/coinbrew/Ipopt/contrib/sIPOPT/src) by extension 'ros'
[0.107s] Level 1:colcon.colcon_core.package_identification:_identify(/home/rml/ros2_ws/src/quad-sdk/external/ipopt/coinbrew/Ipopt/contrib/sIPOPT/src) by extensions ['cmake', 'python']
[0.107s] Level 1:colcon.colcon_core.package_identification:_identify(/home/rml/ros2_ws/src/quad-sdk/external/ipopt/coinbrew/Ipopt/contrib/sIPOPT/src) by extension 'cmake'
[0.107s] Level 1:colcon.colcon_core.package_identification:_identify(/home/rml/ros2_ws/src/quad-sdk/external/ipopt/coinbrew/Ipopt/contrib/sIPOPT/src) by extension 'python'
[0.107s] Level 1:colcon.colcon_core.package_identification:_identify(/home/rml/ros2_ws/src/quad-sdk/external/ipopt/coinbrew/Ipopt/contrib/sIPOPT/src) by extensions ['python_setup_py']
[0.107s] Level 1:colcon.colcon_core.package_identification:_identify(/home/rml/ros2_ws/src/quad-sdk/external/ipopt/coinbrew/Ipopt/contrib/sIPOPT/src) by extension 'python_setup_py'
[0.107s] Level 1:colcon.colcon_core.package_identification:_identify(/home/rml/ros2_ws/src/quad-sdk/external/ipopt/coinbrew/Ipopt/doc) by extensions ['ignore', 'ignore_ament_install']
[0.107s] Level 1:colcon.colcon_core.package_identification:_identify(/home/rml/ros2_ws/src/quad-sdk/external/ipopt/coinbrew/Ipopt/doc) by extension 'ignore'
[0.107s] Level 1:colcon.colcon_core.package_identification:_identify(/home/rml/ros2_ws/src/quad-sdk/external/ipopt/coinbrew/Ipopt/doc) by extension 'ignore_ament_install'
[0.107s] Level 1:colcon.colcon_core.package_identification:_identify(/home/rml/ros2_ws/src/quad-sdk/external/ipopt/coinbrew/Ipopt/doc) by extensions ['colcon_pkg']
[0.107s] Level 1:colcon.colcon_core.package_identification:_identify(/home/rml/ros2_ws/src/quad-sdk/external/ipopt/coinbrew/Ipopt/doc) by extension 'colcon_pkg'
[0.107s] Level 1:colcon.colcon_core.package_identification:_identify(/home/rml/ros2_ws/src/quad-sdk/external/ipopt/coinbrew/Ipopt/doc) by extensions ['colcon_meta']
[0.107s] Level 1:colcon.colcon_core.package_identification:_identify(/home/rml/ros2_ws/src/quad-sdk/external/ipopt/coinbrew/Ipopt/doc) by extension 'colcon_meta'
[0.107s] Level 1:colcon.colcon_core.package_identification:_identify(/home/rml/ros2_ws/src/quad-sdk/external/ipopt/coinbrew/Ipopt/doc) by extensions ['ros']
[0.107s] Level 1:colcon.colcon_core.package_identification:_identify(/home/rml/ros2_ws/src/quad-sdk/external/ipopt/coinbrew/Ipopt/doc) by extension 'ros'
[0.107s] Level 1:colcon.colcon_core.package_identification:_identify(/home/rml/ros2_ws/src/quad-sdk/external/ipopt/coinbrew/Ipopt/doc) by extensions ['cmake', 'python']
[0.107s] Level 1:colcon.colcon_core.package_identification:_identify(/home/rml/ros2_ws/src/quad-sdk/external/ipopt/coinbrew/Ipopt/doc) by extension 'cmake'
[0.107s] Level 1:colcon.colcon_core.package_identification:_identify(/home/rml/ros2_ws/src/quad-sdk/external/ipopt/coinbrew/Ipopt/doc) by extension 'python'
[0.107s] Level 1:colcon.colcon_core.package_identification:_identify(/home/rml/ros2_ws/src/quad-sdk/external/ipopt/coinbrew/Ipopt/doc) by extensions ['python_setup_py']
[0.107s] Level 1:colcon.colcon_core.package_identification:_identify(/home/rml/ros2_ws/src/quad-sdk/external/ipopt/coinbrew/Ipopt/doc) by extension 'python_setup_py'
[0.108s] Level 1:colcon.colcon_core.package_identification:_identify(/home/rml/ros2_ws/src/quad-sdk/external/ipopt/coinbrew/Ipopt/examples) by extensions ['ignore', 'ignore_ament_install']
[0.108s] Level 1:colcon.colcon_core.package_identification:_identify(/home/rml/ros2_ws/src/quad-sdk/external/ipopt/coinbrew/Ipopt/examples) by extension 'ignore'
[0.108s] Level 1:colcon.colcon_core.package_identification:_identify(/home/rml/ros2_ws/src/quad-sdk/external/ipopt/coinbrew/Ipopt/examples) by extension 'ignore_ament_install'
[0.108s] Level 1:colcon.colcon_core.package_identification:_identify(/home/rml/ros2_ws/src/quad-sdk/external/ipopt/coinbrew/Ipopt/examples) by extensions ['colcon_pkg']
[0.108s] Level 1:colcon.colcon_core.package_identification:_identify(/home/rml/ros2_ws/src/quad-sdk/external/ipopt/coinbrew/Ipopt/examples) by extension 'colcon_pkg'
[0.108s] Level 1:colcon.colcon_core.package_identification:_identify(/home/rml/ros2_ws/src/quad-sdk/external/ipopt/coinbrew/Ipopt/examples) by extensions ['colcon_meta']
[0.108s] Level 1:colcon.colcon_core.package_identification:_identify(/home/rml/ros2_ws/src/quad-sdk/external/ipopt/coinbrew/Ipopt/examples) by extension 'colcon_meta'
[0.108s] Level 1:colcon.colcon_core.package_identification:_identify(/home/rml/ros2_ws/src/quad-sdk/external/ipopt/coinbrew/Ipopt/examples) by extensions ['ros']
[0.108s] Level 1:colcon.colcon_core.package_identification:_identify(/home/rml/ros2_ws/src/quad-sdk/external/ipopt/coinbrew/Ipopt/examples) by extension 'ros'
[0.108s] Level 1:colcon.colcon_core.package_identification:_identify(/home/rml/ros2_ws/src/quad-sdk/external/ipopt/coinbrew/Ipopt/examples) by extensions ['cmake', 'python']
[0.108s] Level 1:colcon.colcon_core.package_identification:_identify(/home/rml/ros2_ws/src/quad-sdk/external/ipopt/coinbrew/Ipopt/examples) by extension 'cmake'
[0.108s] Level 1:colcon.colcon_core.package_identification:_identify(/home/rml/ros2_ws/src/quad-sdk/external/ipopt/coinbrew/Ipopt/examples) by extension 'python'
[0.108s] Level 1:colcon.colcon_core.package_identification:_identify(/home/rml/ros2_ws/src/quad-sdk/external/ipopt/coinbrew/Ipopt/examples) by extensions ['python_setup_py']
[0.108s] Level 1:colcon.colcon_core.package_identification:_identify(/home/rml/ros2_ws/src/quad-sdk/external/ipopt/coinbrew/Ipopt/examples) by extension 'python_setup_py'
[0.108s] Level 1:colcon.colcon_core.package_identification:_identify(/home/rml/ros2_ws/src/quad-sdk/external/ipopt/coinbrew/Ipopt/examples/Cpp_example) by extensions ['ignore', 'ignore_ament_install']
[0.108s] Level 1:colcon.colcon_core.package_identification:_identify(/home/rml/ros2_ws/src/quad-sdk/external/ipopt/coinbrew/Ipopt/examples/Cpp_example) by extension 'ignore'
[0.108s] Level 1:colcon.colcon_core.package_identification:_identify(/home/rml/ros2_ws/src/quad-sdk/external/ipopt/coinbrew/Ipopt/examples/Cpp_example) by extension 'ignore_ament_install'
[0.108s] Level 1:colcon.colcon_core.package_identification:_identify(/home/rml/ros2_ws/src/quad-sdk/external/ipopt/coinbrew/Ipopt/examples/Cpp_example) by extensions ['colcon_pkg']
[0.108s] Level 1:colcon.colcon_core.package_identification:_identify(/home/rml/ros2_ws/src/quad-sdk/external/ipopt/coinbrew/Ipopt/examples/Cpp_example) by extension 'colcon_pkg'
[0.108s] Level 1:colcon.colcon_core.package_identification:_identify(/home/rml/ros2_ws/src/quad-sdk/external/ipopt/coinbrew/Ipopt/examples/Cpp_example) by extensions ['colcon_meta']
[0.108s] Level 1:colcon.colcon_core.package_identification:_identify(/home/rml/ros2_ws/src/quad-sdk/external/ipopt/coinbrew/Ipopt/examples/Cpp_example) by extension 'colcon_meta'
[0.108s] Level 1:colcon.colcon_core.package_identification:_identify(/home/rml/ros2_ws/src/quad-sdk/external/ipopt/coinbrew/Ipopt/examples/Cpp_example) by extensions ['ros']
[0.108s] Level 1:colcon.colcon_core.package_identification:_identify(/home/rml/ros2_ws/src/quad-sdk/external/ipopt/coinbrew/Ipopt/examples/Cpp_example) by extension 'ros'
[0.108s] Level 1:colcon.colcon_core.package_identification:_identify(/home/rml/ros2_ws/src/quad-sdk/external/ipopt/coinbrew/Ipopt/examples/Cpp_example) by extensions ['cmake', 'python']
[0.108s] Level 1:colcon.colcon_core.package_identification:_identify(/home/rml/ros2_ws/src/quad-sdk/external/ipopt/coinbrew/Ipopt/examples/Cpp_example) by extension 'cmake'
[0.108s] Level 1:colcon.colcon_core.package_identification:_identify(/home/rml/ros2_ws/src/quad-sdk/external/ipopt/coinbrew/Ipopt/examples/Cpp_example) by extension 'python'
[0.108s] Level 1:colcon.colcon_core.package_identification:_identify(/home/rml/ros2_ws/src/quad-sdk/external/ipopt/coinbrew/Ipopt/examples/Cpp_example) by extensions ['python_setup_py']
[0.108s] Level 1:colcon.colcon_core.package_identification:_identify(/home/rml/ros2_ws/src/quad-sdk/external/ipopt/coinbrew/Ipopt/examples/Cpp_example) by extension 'python_setup_py'
[0.108s] Level 1:colcon.colcon_core.package_identification:_identify(/home/rml/ros2_ws/src/quad-sdk/external/ipopt/coinbrew/Ipopt/examples/ScalableProblems) by extensions ['ignore', 'ignore_ament_install']
[0.108s] Level 1:colcon.colcon_core.package_identification:_identify(/home/rml/ros2_ws/src/quad-sdk/external/ipopt/coinbrew/Ipopt/examples/ScalableProblems) by extension 'ignore'
[0.108s] Level 1:colcon.colcon_core.package_identification:_identify(/home/rml/ros2_ws/src/quad-sdk/external/ipopt/coinbrew/Ipopt/examples/ScalableProblems) by extension 'ignore_ament_install'
[0.108s] Level 1:colcon.colcon_core.package_identification:_identify(/home/rml/ros2_ws/src/quad-sdk/external/ipopt/coinbrew/Ipopt/examples/ScalableProblems) by extensions ['colcon_pkg']
[0.108s] Level 1:colcon.colcon_core.package_identification:_identify(/home/rml/ros2_ws/src/quad-sdk/external/ipopt/coinbrew/Ipopt/examples/ScalableProblems) by extension 'colcon_pkg'
[0.108s] Level 1:colcon.colcon_core.package_identification:_identify(/home/rml/ros2_ws/src/quad-sdk/external/ipopt/coinbrew/Ipopt/examples/ScalableProblems) by extensions ['colcon_meta']
[0.108s] Level 1:colcon.colcon_core.package_identification:_identify(/home/rml/ros2_ws/src/quad-sdk/external/ipopt/coinbrew/Ipopt/examples/ScalableProblems) by extension 'colcon_meta'
[0.108s] Level 1:colcon.colcon_core.package_identification:_identify(/home/rml/ros2_ws/src/quad-sdk/external/ipopt/coinbrew/Ipopt/examples/ScalableProblems) by extensions ['ros']
[0.108s] Level 1:colcon.colcon_core.package_identification:_identify(/home/rml/ros2_ws/src/quad-sdk/external/ipopt/coinbrew/Ipopt/examples/ScalableProblems) by extension 'ros'
[0.108s] Level 1:colcon.colcon_core.package_identification:_identify(/home/rml/ros2_ws/src/quad-sdk/external/ipopt/coinbrew/Ipopt/examples/ScalableProblems) by extensions ['cmake', 'python']
[0.108s] Level 1:colcon.colcon_core.package_identification:_identify(/home/rml/ros2_ws/src/quad-sdk/external/ipopt/coinbrew/Ipopt/examples/ScalableProblems) by extension 'cmake'
[0.108s] Level 1:colcon.colcon_core.package_identification:_identify(/home/rml/ros2_ws/src/quad-sdk/external/ipopt/coinbrew/Ipopt/examples/ScalableProblems) by extension 'python'
[0.108s] Level 1:colcon.colcon_core.package_identification:_identify(/home/rml/ros2_ws/src/quad-sdk/external/ipopt/coinbrew/Ipopt/examples/ScalableProblems) by extensions ['python_setup_py']
[0.108s] Level 1:colcon.colcon_core.package_identification:_identify(/home/rml/ros2_ws/src/quad-sdk/external/ipopt/coinbrew/Ipopt/examples/ScalableProblems) by extension 'python_setup_py'
[0.108s] Level 1:colcon.colcon_core.package_identification:_identify(/home/rml/ros2_ws/src/quad-sdk/external/ipopt/coinbrew/Ipopt/examples/ScalableProblems_java) by extensions ['ignore', 'ignore_ament_install']
[0.108s] Level 1:colcon.colcon_core.package_identification:_identify(/home/rml/ros2_ws/src/quad-sdk/external/ipopt/coinbrew/Ipopt/examples/ScalableProblems_java) by extension 'ignore'
[0.108s] Level 1:colcon.colcon_core.package_identification:_identify(/home/rml/ros2_ws/src/quad-sdk/external/ipopt/coinbrew/Ipopt/examples/ScalableProblems_java) by extension 'ignore_ament_install'
[0.108s] Level 1:colcon.colcon_core.package_identification:_identify(/home/rml/ros2_ws/src/quad-sdk/external/ipopt/coinbrew/Ipopt/examples/ScalableProblems_java) by extensions ['colcon_pkg']
[0.108s] Level 1:colcon.colcon_core.package_identification:_identify(/home/rml/ros2_ws/src/quad-sdk/external/ipopt/coinbrew/Ipopt/examples/ScalableProblems_java) by extension 'colcon_pkg'
[0.108s] Level 1:colcon.colcon_core.package_identification:_identify(/home/rml/ros2_ws/src/quad-sdk/external/ipopt/coinbrew/Ipopt/examples/ScalableProblems_java) by extensions ['colcon_meta']
[0.108s] Level 1:colcon.colcon_core.package_identification:_identify(/home/rml/ros2_ws/src/quad-sdk/external/ipopt/coinbrew/Ipopt/examples/ScalableProblems_java) by extension 'colcon_meta'
[0.108s] Level 1:colcon.colcon_core.package_identification:_identify(/home/rml/ros2_ws/src/quad-sdk/external/ipopt/coinbrew/Ipopt/examples/ScalableProblems_java) by extensions ['ros']
[0.108s] Level 1:colcon.colcon_core.package_identification:_identify(/home/rml/ros2_ws/src/quad-sdk/external/ipopt/coinbrew/Ipopt/examples/ScalableProblems_java) by extension 'ros'
[0.108s] Level 1:colcon.colcon_core.package_identification:_identify(/home/rml/ros2_ws/src/quad-sdk/external/ipopt/coinbrew/Ipopt/examples/ScalableProblems_java) by extensions ['cmake', 'python']
[0.108s] Level 1:colcon.colcon_core.package_identification:_identify(/home/rml/ros2_ws/src/quad-sdk/external/ipopt/coinbrew/Ipopt/examples/ScalableProblems_java) by extension 'cmake'
[0.109s] Level 1:colcon.colcon_core.package_identification:_identify(/home/rml/ros2_ws/src/quad-sdk/external/ipopt/coinbrew/Ipopt/examples/ScalableProblems_java) by extension 'python'
[0.109s] Level 1:colcon.colcon_core.package_identification:_identify(/home/rml/ros2_ws/src/quad-sdk/external/ipopt/coinbrew/Ipopt/examples/ScalableProblems_java) by extensions ['python_setup_py']
[0.109s] Level 1:colcon.colcon_core.package_identification:_identify(/home/rml/ros2_ws/src/quad-sdk/external/ipopt/coinbrew/Ipopt/examples/ScalableProblems_java) by extension 'python_setup_py'
[0.109s] Level 1:colcon.colcon_core.package_identification:_identify(/home/rml/ros2_ws/src/quad-sdk/external/ipopt/coinbrew/Ipopt/examples/hs071_c) by extensions ['ignore', 'ignore_ament_install']
[0.109s] Level 1:colcon.colcon_core.package_identification:_identify(/home/rml/ros2_ws/src/quad-sdk/external/ipopt/coinbrew/Ipopt/examples/hs071_c) by extension 'ignore'
[0.109s] Level 1:colcon.colcon_core.package_identification:_identify(/home/rml/ros2_ws/src/quad-sdk/external/ipopt/coinbrew/Ipopt/examples/hs071_c) by extension 'ignore_ament_install'
[0.109s] Level 1:colcon.colcon_core.package_identification:_identify(/home/rml/ros2_ws/src/quad-sdk/external/ipopt/coinbrew/Ipopt/examples/hs071_c) by extensions ['colcon_pkg']
[0.109s] Level 1:colcon.colcon_core.package_identification:_identify(/home/rml/ros2_ws/src/quad-sdk/external/ipopt/coinbrew/Ipopt/examples/hs071_c) by extension 'colcon_pkg'
[0.109s] Level 1:colcon.colcon_core.package_identification:_identify(/home/rml/ros2_ws/src/quad-sdk/external/ipopt/coinbrew/Ipopt/examples/hs071_c) by extensions ['colcon_meta']
[0.109s] Level 1:colcon.colcon_core.package_identification:_identify(/home/rml/ros2_ws/src/quad-sdk/external/ipopt/coinbrew/Ipopt/examples/hs071_c) by extension 'colcon_meta'
[0.109s] Level 1:colcon.colcon_core.package_identification:_identify(/home/rml/ros2_ws/src/quad-sdk/external/ipopt/coinbrew/Ipopt/examples/hs071_c) by extensions ['ros']
[0.109s] Level 1:colcon.colcon_core.package_identification:_identify(/home/rml/ros2_ws/src/quad-sdk/external/ipopt/coinbrew/Ipopt/examples/hs071_c) by extension 'ros'
[0.109s] Level 1:colcon.colcon_core.package_identification:_identify(/home/rml/ros2_ws/src/quad-sdk/external/ipopt/coinbrew/Ipopt/examples/hs071_c) by extensions ['cmake', 'python']
[0.109s] Level 1:colcon.colcon_core.package_identification:_identify(/home/rml/ros2_ws/src/quad-sdk/external/ipopt/coinbrew/Ipopt/examples/hs071_c) by extension 'cmake'
[0.109s] Level 1:colcon.colcon_core.package_identification:_identify(/home/rml/ros2_ws/src/quad-sdk/external/ipopt/coinbrew/Ipopt/examples/hs071_c) by extension 'python'
[0.109s] Level 1:colcon.colcon_core.package_identification:_identify(/home/rml/ros2_ws/src/quad-sdk/external/ipopt/coinbrew/Ipopt/examples/hs071_c) by extensions ['python_setup_py']
[0.109s] Level 1:colcon.colcon_core.package_identification:_identify(/home/rml/ros2_ws/src/quad-sdk/external/ipopt/coinbrew/Ipopt/examples/hs071_c) by extension 'python_setup_py'
[0.109s] Level 1:colcon.colcon_core.package_identification:_identify(/home/rml/ros2_ws/src/quad-sdk/external/ipopt/coinbrew/Ipopt/examples/hs071_cpp) by extensions ['ignore', 'ignore_ament_install']
[0.109s] Level 1:colcon.colcon_core.package_identification:_identify(/home/rml/ros2_ws/src/quad-sdk/external/ipopt/coinbrew/Ipopt/examples/hs071_cpp) by extension 'ignore'
[0.109s] Level 1:colcon.colcon_core.package_identification:_identify(/home/rml/ros2_ws/src/quad-sdk/external/ipopt/coinbrew/Ipopt/examples/hs071_cpp) by extension 'ignore_ament_install'
[0.109s] Level 1:colcon.colcon_core.package_identification:_identify(/home/rml/ros2_ws/src/quad-sdk/external/ipopt/coinbrew/Ipopt/examples/hs071_cpp) by extensions ['colcon_pkg']
[0.109s] Level 1:colcon.colcon_core.package_identification:_identify(/home/rml/ros2_ws/src/quad-sdk/external/ipopt/coinbrew/Ipopt/examples/hs071_cpp) by extension 'colcon_pkg'
[0.109s] Level 1:colcon.colcon_core.package_identification:_identify(/home/rml/ros2_ws/src/quad-sdk/external/ipopt/coinbrew/Ipopt/examples/hs071_cpp) by extensions ['colcon_meta']
[0.109s] Level 1:colcon.colcon_core.package_identification:_identify(/home/rml/ros2_ws/src/quad-sdk/external/ipopt/coinbrew/Ipopt/examples/hs071_cpp) by extension 'colcon_meta'
[0.109s] Level 1:colcon.colcon_core.package_identification:_identify(/home/rml/ros2_ws/src/quad-sdk/external/ipopt/coinbrew/Ipopt/examples/hs071_cpp) by extensions ['ros']
[0.109s] Level 1:colcon.colcon_core.package_identification:_identify(/home/rml/ros2_ws/src/quad-sdk/external/ipopt/coinbrew/Ipopt/examples/hs071_cpp) by extension 'ros'
[0.109s] Level 1:colcon.colcon_core.package_identification:_identify(/home/rml/ros2_ws/src/quad-sdk/external/ipopt/coinbrew/Ipopt/examples/hs071_cpp) by extensions ['cmake', 'python']
[0.109s] Level 1:colcon.colcon_core.package_identification:_identify(/home/rml/ros2_ws/src/quad-sdk/external/ipopt/coinbrew/Ipopt/examples/hs071_cpp) by extension 'cmake'
[0.109s] Level 1:colcon.colcon_core.package_identification:_identify(/home/rml/ros2_ws/src/quad-sdk/external/ipopt/coinbrew/Ipopt/examples/hs071_cpp) by extension 'python'
[0.109s] Level 1:colcon.colcon_core.package_identification:_identify(/home/rml/ros2_ws/src/quad-sdk/external/ipopt/coinbrew/Ipopt/examples/hs071_cpp) by extensions ['python_setup_py']
[0.109s] Level 1:colcon.colcon_core.package_identification:_identify(/home/rml/ros2_ws/src/quad-sdk/external/ipopt/coinbrew/Ipopt/examples/hs071_cpp) by extension 'python_setup_py'
[0.109s] Level 1:colcon.colcon_core.package_identification:_identify(/home/rml/ros2_ws/src/quad-sdk/external/ipopt/coinbrew/Ipopt/examples/hs071_f) by extensions ['ignore', 'ignore_ament_install']
[0.109s] Level 1:colcon.colcon_core.package_identification:_identify(/home/rml/ros2_ws/src/quad-sdk/external/ipopt/coinbrew/Ipopt/examples/hs071_f) by extension 'ignore'
[0.109s] Level 1:colcon.colcon_core.package_identification:_identify(/home/rml/ros2_ws/src/quad-sdk/external/ipopt/coinbrew/Ipopt/examples/hs071_f) by extension 'ignore_ament_install'
[0.109s] Level 1:colcon.colcon_core.package_identification:_identify(/home/rml/ros2_ws/src/quad-sdk/external/ipopt/coinbrew/Ipopt/examples/hs071_f) by extensions ['colcon_pkg']
[0.109s] Level 1:colcon.colcon_core.package_identification:_identify(/home/rml/ros2_ws/src/quad-sdk/external/ipopt/coinbrew/Ipopt/examples/hs071_f) by extension 'colcon_pkg'
[0.109s] Level 1:colcon.colcon_core.package_identification:_identify(/home/rml/ros2_ws/src/quad-sdk/external/ipopt/coinbrew/Ipopt/examples/hs071_f) by extensions ['colcon_meta']
[0.109s] Level 1:colcon.colcon_core.package_identification:_identify(/home/rml/ros2_ws/src/quad-sdk/external/ipopt/coinbrew/Ipopt/examples/hs071_f) by extension 'colcon_meta'
[0.109s] Level 1:colcon.colcon_core.package_identification:_identify(/home/rml/ros2_ws/src/quad-sdk/external/ipopt/coinbrew/Ipopt/examples/hs071_f) by extensions ['ros']
[0.109s] Level 1:colcon.colcon_core.package_identification:_identify(/home/rml/ros2_ws/src/quad-sdk/external/ipopt/coinbrew/Ipopt/examples/hs071_f) by extension 'ros'
[0.109s] Level 1:colcon.colcon_core.package_identification:_identify(/home/rml/ros2_ws/src/quad-sdk/external/ipopt/coinbrew/Ipopt/examples/hs071_f) by extensions ['cmake', 'python']
[0.109s] Level 1:colcon.colcon_core.package_identification:_identify(/home/rml/ros2_ws/src/quad-sdk/external/ipopt/coinbrew/Ipopt/examples/hs071_f) by extension 'cmake'
[0.109s] Level 1:colcon.colcon_core.package_identification:_identify(/home/rml/ros2_ws/src/quad-sdk/external/ipopt/coinbrew/Ipopt/examples/hs071_f) by extension 'python'
[0.109s] Level 1:colcon.colcon_core.package_identification:_identify(/home/rml/ros2_ws/src/quad-sdk/external/ipopt/coinbrew/Ipopt/examples/hs071_f) by extensions ['python_setup_py']
[0.109s] Level 1:colcon.colcon_core.package_identification:_identify(/home/rml/ros2_ws/src/quad-sdk/external/ipopt/coinbrew/Ipopt/examples/hs071_f) by extension 'python_setup_py'
[0.109s] Level 1:colcon.colcon_core.package_identification:_identify(/home/rml/ros2_ws/src/quad-sdk/external/ipopt/coinbrew/Ipopt/examples/hs071_java) by extensions ['ignore', 'ignore_ament_install']
[0.109s] Level 1:colcon.colcon_core.package_identification:_identify(/home/rml/ros2_ws/src/quad-sdk/external/ipopt/coinbrew/Ipopt/examples/hs071_java) by extension 'ignore'
[0.109s] Level 1:colcon.colcon_core.package_identification:_identify(/home/rml/ros2_ws/src/quad-sdk/external/ipopt/coinbrew/Ipopt/examples/hs071_java) by extension 'ignore_ament_install'
[0.109s] Level 1:colcon.colcon_core.package_identification:_identify(/home/rml/ros2_ws/src/quad-sdk/external/ipopt/coinbrew/Ipopt/examples/hs071_java) by extensions ['colcon_pkg']
[0.109s] Level 1:colcon.colcon_core.package_identification:_identify(/home/rml/ros2_ws/src/quad-sdk/external/ipopt/coinbrew/Ipopt/examples/hs071_java) by extension 'colcon_pkg'
[0.109s] Level 1:colcon.colcon_core.package_identification:_identify(/home/rml/ros2_ws/src/quad-sdk/external/ipopt/coinbrew/Ipopt/examples/hs071_java) by extensions ['colcon_meta']
[0.109s] Level 1:colcon.colcon_core.package_identification:_identify(/home/rml/ros2_ws/src/quad-sdk/external/ipopt/coinbrew/Ipopt/examples/hs071_java) by extension 'colcon_meta'
[0.109s] Level 1:colcon.colcon_core.package_identification:_identify(/home/rml/ros2_ws/src/quad-sdk/external/ipopt/coinbrew/Ipopt/examples/hs071_java) by extensions ['ros']
[0.109s] Level 1:colcon.colcon_core.package_identification:_identify(/home/rml/ros2_ws/src/quad-sdk/external/ipopt/coinbrew/Ipopt/examples/hs071_java) by extension 'ros'
[0.109s] Level 1:colcon.colcon_core.package_identification:_identify(/home/rml/ros2_ws/src/quad-sdk/external/ipopt/coinbrew/Ipopt/examples/hs071_java) by extensions ['cmake', 'python']
[0.109s] Level 1:colcon.colcon_core.package_identification:_identify(/home/rml/ros2_ws/src/quad-sdk/external/ipopt/coinbrew/Ipopt/examples/hs071_java) by extension 'cmake'
[0.109s] Level 1:colcon.colcon_core.package_identification:_identify(/home/rml/ros2_ws/src/quad-sdk/external/ipopt/coinbrew/Ipopt/examples/hs071_java) by extension 'python'
[0.109s] Level 1:colcon.colcon_core.package_identification:_identify(/home/rml/ros2_ws/src/quad-sdk/external/ipopt/coinbrew/Ipopt/examples/hs071_java) by extensions ['python_setup_py']
[0.109s] Level 1:colcon.colcon_core.package_identification:_identify(/home/rml/ros2_ws/src/quad-sdk/external/ipopt/coinbrew/Ipopt/examples/hs071_java) by extension 'python_setup_py'
[0.110s] Level 1:colcon.colcon_core.package_identification:_identify(/home/rml/ros2_ws/src/quad-sdk/external/ipopt/coinbrew/Ipopt/examples/recursive_nlp) by extensions ['ignore', 'ignore_ament_install']
[0.110s] Level 1:colcon.colcon_core.package_identification:_identify(/home/rml/ros2_ws/src/quad-sdk/external/ipopt/coinbrew/Ipopt/examples/recursive_nlp) by extension 'ignore'
[0.110s] Level 1:colcon.colcon_core.package_identification:_identify(/home/rml/ros2_ws/src/quad-sdk/external/ipopt/coinbrew/Ipopt/examples/recursive_nlp) by extension 'ignore_ament_install'
[0.110s] Level 1:colcon.colcon_core.package_identification:_identify(/home/rml/ros2_ws/src/quad-sdk/external/ipopt/coinbrew/Ipopt/examples/recursive_nlp) by extensions ['colcon_pkg']
[0.110s] Level 1:colcon.colcon_core.package_identification:_identify(/home/rml/ros2_ws/src/quad-sdk/external/ipopt/coinbrew/Ipopt/examples/recursive_nlp) by extension 'colcon_pkg'
[0.110s] Level 1:colcon.colcon_core.package_identification:_identify(/home/rml/ros2_ws/src/quad-sdk/external/ipopt/coinbrew/Ipopt/examples/recursive_nlp) by extensions ['colcon_meta']
[0.110s] Level 1:colcon.colcon_core.package_identification:_identify(/home/rml/ros2_ws/src/quad-sdk/external/ipopt/coinbrew/Ipopt/examples/recursive_nlp) by extension 'colcon_meta'
[0.110s] Level 1:colcon.colcon_core.package_identification:_identify(/home/rml/ros2_ws/src/quad-sdk/external/ipopt/coinbrew/Ipopt/examples/recursive_nlp) by extensions ['ros']
[0.110s] Level 1:colcon.colcon_core.package_identification:_identify(/home/rml/ros2_ws/src/quad-sdk/external/ipopt/coinbrew/Ipopt/examples/recursive_nlp) by extension 'ros'
[0.110s] Level 1:colcon.colcon_core.package_identification:_identify(/home/rml/ros2_ws/src/quad-sdk/external/ipopt/coinbrew/Ipopt/examples/recursive_nlp) by extensions ['cmake', 'python']
[0.110s] Level 1:colcon.colcon_core.package_identification:_identify(/home/rml/ros2_ws/src/quad-sdk/external/ipopt/coinbrew/Ipopt/examples/recursive_nlp) by extension 'cmake'
[0.110s] Level 1:colcon.colcon_core.package_identification:_identify(/home/rml/ros2_ws/src/quad-sdk/external/ipopt/coinbrew/Ipopt/examples/recursive_nlp) by extension 'python'
[0.110s] Level 1:colcon.colcon_core.package_identification:_identify(/home/rml/ros2_ws/src/quad-sdk/external/ipopt/coinbrew/Ipopt/examples/recursive_nlp) by extensions ['python_setup_py']
[0.110s] Level 1:colcon.colcon_core.package_identification:_identify(/home/rml/ros2_ws/src/quad-sdk/external/ipopt/coinbrew/Ipopt/examples/recursive_nlp) by extension 'python_setup_py'
[0.110s] Level 1:colcon.colcon_core.package_identification:_identify(/home/rml/ros2_ws/src/quad-sdk/external/ipopt/coinbrew/Ipopt/src) by extensions ['ignore', 'ignore_ament_install']
[0.110s] Level 1:colcon.colcon_core.package_identification:_identify(/home/rml/ros2_ws/src/quad-sdk/external/ipopt/coinbrew/Ipopt/src) by extension 'ignore'
[0.110s] Level 1:colcon.colcon_core.package_identification:_identify(/home/rml/ros2_ws/src/quad-sdk/external/ipopt/coinbrew/Ipopt/src) by extension 'ignore_ament_install'
[0.110s] Level 1:colcon.colcon_core.package_identification:_identify(/home/rml/ros2_ws/src/quad-sdk/external/ipopt/coinbrew/Ipopt/src) by extensions ['colcon_pkg']
[0.110s] Level 1:colcon.colcon_core.package_identification:_identify(/home/rml/ros2_ws/src/quad-sdk/external/ipopt/coinbrew/Ipopt/src) by extension 'colcon_pkg'
[0.110s] Level 1:colcon.colcon_core.package_identification:_identify(/home/rml/ros2_ws/src/quad-sdk/external/ipopt/coinbrew/Ipopt/src) by extensions ['colcon_meta']
[0.110s] Level 1:colcon.colcon_core.package_identification:_identify(/home/rml/ros2_ws/src/quad-sdk/external/ipopt/coinbrew/Ipopt/src) by extension 'colcon_meta'
[0.110s] Level 1:colcon.colcon_core.package_identification:_identify(/home/rml/ros2_ws/src/quad-sdk/external/ipopt/coinbrew/Ipopt/src) by extensions ['ros']
[0.110s] Level 1:colcon.colcon_core.package_identification:_identify(/home/rml/ros2_ws/src/quad-sdk/external/ipopt/coinbrew/Ipopt/src) by extension 'ros'
[0.110s] Level 1:colcon.colcon_core.package_identification:_identify(/home/rml/ros2_ws/src/quad-sdk/external/ipopt/coinbrew/Ipopt/src) by extensions ['cmake', 'python']
[0.110s] Level 1:colcon.colcon_core.package_identification:_identify(/home/rml/ros2_ws/src/quad-sdk/external/ipopt/coinbrew/Ipopt/src) by extension 'cmake'
[0.110s] Level 1:colcon.colcon_core.package_identification:_identify(/home/rml/ros2_ws/src/quad-sdk/external/ipopt/coinbrew/Ipopt/src) by extension 'python'
[0.110s] Level 1:colcon.colcon_core.package_identification:_identify(/home/rml/ros2_ws/src/quad-sdk/external/ipopt/coinbrew/Ipopt/src) by extensions ['python_setup_py']
[0.110s] Level 1:colcon.colcon_core.package_identification:_identify(/home/rml/ros2_ws/src/quad-sdk/external/ipopt/coinbrew/Ipopt/src) by extension 'python_setup_py'
[0.110s] Level 1:colcon.colcon_core.package_identification:_identify(/home/rml/ros2_ws/src/quad-sdk/external/ipopt/coinbrew/Ipopt/src/Algorithm) by extensions ['ignore', 'ignore_ament_install']
[0.110s] Level 1:colcon.colcon_core.package_identification:_identify(/home/rml/ros2_ws/src/quad-sdk/external/ipopt/coinbrew/Ipopt/src/Algorithm) by extension 'ignore'
[0.110s] Level 1:colcon.colcon_core.package_identification:_identify(/home/rml/ros2_ws/src/quad-sdk/external/ipopt/coinbrew/Ipopt/src/Algorithm) by extension 'ignore_ament_install'
[0.110s] Level 1:colcon.colcon_core.package_identification:_identify(/home/rml/ros2_ws/src/quad-sdk/external/ipopt/coinbrew/Ipopt/src/Algorithm) by extensions ['colcon_pkg']
[0.110s] Level 1:colcon.colcon_core.package_identification:_identify(/home/rml/ros2_ws/src/quad-sdk/external/ipopt/coinbrew/Ipopt/src/Algorithm) by extension 'colcon_pkg'
[0.110s] Level 1:colcon.colcon_core.package_identification:_identify(/home/rml/ros2_ws/src/quad-sdk/external/ipopt/coinbrew/Ipopt/src/Algorithm) by extensions ['colcon_meta']
[0.110s] Level 1:colcon.colcon_core.package_identification:_identify(/home/rml/ros2_ws/src/quad-sdk/external/ipopt/coinbrew/Ipopt/src/Algorithm) by extension 'colcon_meta'
[0.110s] Level 1:colcon.colcon_core.package_identification:_identify(/home/rml/ros2_ws/src/quad-sdk/external/ipopt/coinbrew/Ipopt/src/Algorithm) by extensions ['ros']
[0.110s] Level 1:colcon.colcon_core.package_identification:_identify(/home/rml/ros2_ws/src/quad-sdk/external/ipopt/coinbrew/Ipopt/src/Algorithm) by extension 'ros'
[0.110s] Level 1:colcon.colcon_core.package_identification:_identify(/home/rml/ros2_ws/src/quad-sdk/external/ipopt/coinbrew/Ipopt/src/Algorithm) by extensions ['cmake', 'python']
[0.110s] Level 1:colcon.colcon_core.package_identification:_identify(/home/rml/ros2_ws/src/quad-sdk/external/ipopt/coinbrew/Ipopt/src/Algorithm) by extension 'cmake'
[0.110s] Level 1:colcon.colcon_core.package_identification:_identify(/home/rml/ros2_ws/src/quad-sdk/external/ipopt/coinbrew/Ipopt/src/Algorithm) by extension 'python'
[0.110s] Level 1:colcon.colcon_core.package_identification:_identify(/home/rml/ros2_ws/src/quad-sdk/external/ipopt/coinbrew/Ipopt/src/Algorithm) by extensions ['python_setup_py']
[0.110s] Level 1:colcon.colcon_core.package_identification:_identify(/home/rml/ros2_ws/src/quad-sdk/external/ipopt/coinbrew/Ipopt/src/Algorithm) by extension 'python_setup_py'
[0.110s] Level 1:colcon.colcon_core.package_identification:_identify(/home/rml/ros2_ws/src/quad-sdk/external/ipopt/coinbrew/Ipopt/src/Algorithm/Inexact) by extensions ['ignore', 'ignore_ament_install']
[0.110s] Level 1:colcon.colcon_core.package_identification:_identify(/home/rml/ros2_ws/src/quad-sdk/external/ipopt/coinbrew/Ipopt/src/Algorithm/Inexact) by extension 'ignore'
[0.110s] Level 1:colcon.colcon_core.package_identification:_identify(/home/rml/ros2_ws/src/quad-sdk/external/ipopt/coinbrew/Ipopt/src/Algorithm/Inexact) by extension 'ignore_ament_install'
[0.110s] Level 1:colcon.colcon_core.package_identification:_identify(/home/rml/ros2_ws/src/quad-sdk/external/ipopt/coinbrew/Ipopt/src/Algorithm/Inexact) by extensions ['colcon_pkg']
[0.110s] Level 1:colcon.colcon_core.package_identification:_identify(/home/rml/ros2_ws/src/quad-sdk/external/ipopt/coinbrew/Ipopt/src/Algorithm/Inexact) by extension 'colcon_pkg'
[0.110s] Level 1:colcon.colcon_core.package_identification:_identify(/home/rml/ros2_ws/src/quad-sdk/external/ipopt/coinbrew/Ipopt/src/Algorithm/Inexact) by extensions ['colcon_meta']
[0.110s] Level 1:colcon.colcon_core.package_identification:_identify(/home/rml/ros2_ws/src/quad-sdk/external/ipopt/coinbrew/Ipopt/src/Algorithm/Inexact) by extension 'colcon_meta'
[0.110s] Level 1:colcon.colcon_core.package_identification:_identify(/home/rml/ros2_ws/src/quad-sdk/external/ipopt/coinbrew/Ipopt/src/Algorithm/Inexact) by extensions ['ros']
[0.110s] Level 1:colcon.colcon_core.package_identification:_identify(/home/rml/ros2_ws/src/quad-sdk/external/ipopt/coinbrew/Ipopt/src/Algorithm/Inexact) by extension 'ros'
[0.110s] Level 1:colcon.colcon_core.package_identification:_identify(/home/rml/ros2_ws/src/quad-sdk/external/ipopt/coinbrew/Ipopt/src/Algorithm/Inexact) by extensions ['cmake', 'python']
[0.110s] Level 1:colcon.colcon_core.package_identification:_identify(/home/rml/ros2_ws/src/quad-sdk/external/ipopt/coinbrew/Ipopt/src/Algorithm/Inexact) by extension 'cmake'
[0.110s] Level 1:colcon.colcon_core.package_identification:_identify(/home/rml/ros2_ws/src/quad-sdk/external/ipopt/coinbrew/Ipopt/src/Algorithm/Inexact) by extension 'python'
[0.110s] Level 1:colcon.colcon_core.package_identification:_identify(/home/rml/ros2_ws/src/quad-sdk/external/ipopt/coinbrew/Ipopt/src/Algorithm/Inexact) by extensions ['python_setup_py']
[0.110s] Level 1:colcon.colcon_core.package_identification:_identify(/home/rml/ros2_ws/src/quad-sdk/external/ipopt/coinbrew/Ipopt/src/Algorithm/Inexact) by extension 'python_setup_py'
[0.111s] Level 1:colcon.colcon_core.package_identification:_identify(/home/rml/ros2_ws/src/quad-sdk/external/ipopt/coinbrew/Ipopt/src/Algorithm/LinearSolvers) by extensions ['ignore', 'ignore_ament_install']
[0.111s] Level 1:colcon.colcon_core.package_identification:_identify(/home/rml/ros2_ws/src/quad-sdk/external/ipopt/coinbrew/Ipopt/src/Algorithm/LinearSolvers) by extension 'ignore'
[0.111s] Level 1:colcon.colcon_core.package_identification:_identify(/home/rml/ros2_ws/src/quad-sdk/external/ipopt/coinbrew/Ipopt/src/Algorithm/LinearSolvers) by extension 'ignore_ament_install'
[0.111s] Level 1:colcon.colcon_core.package_identification:_identify(/home/rml/ros2_ws/src/quad-sdk/external/ipopt/coinbrew/Ipopt/src/Algorithm/LinearSolvers) by extensions ['colcon_pkg']
[0.111s] Level 1:colcon.colcon_core.package_identification:_identify(/home/rml/ros2_ws/src/quad-sdk/external/ipopt/coinbrew/Ipopt/src/Algorithm/LinearSolvers) by extension 'colcon_pkg'
[0.111s] Level 1:colcon.colcon_core.package_identification:_identify(/home/rml/ros2_ws/src/quad-sdk/external/ipopt/coinbrew/Ipopt/src/Algorithm/LinearSolvers) by extensions ['colcon_meta']
[0.111s] Level 1:colcon.colcon_core.package_identification:_identify(/home/rml/ros2_ws/src/quad-sdk/external/ipopt/coinbrew/Ipopt/src/Algorithm/LinearSolvers) by extension 'colcon_meta'
[0.111s] Level 1:colcon.colcon_core.package_identification:_identify(/home/rml/ros2_ws/src/quad-sdk/external/ipopt/coinbrew/Ipopt/src/Algorithm/LinearSolvers) by extensions ['ros']
[0.111s] Level 1:colcon.colcon_core.package_identification:_identify(/home/rml/ros2_ws/src/quad-sdk/external/ipopt/coinbrew/Ipopt/src/Algorithm/LinearSolvers) by extension 'ros'
[0.111s] Level 1:colcon.colcon_core.package_identification:_identify(/home/rml/ros2_ws/src/quad-sdk/external/ipopt/coinbrew/Ipopt/src/Algorithm/LinearSolvers) by extensions ['cmake', 'python']
[0.111s] Level 1:colcon.colcon_core.package_identification:_identify(/home/rml/ros2_ws/src/quad-sdk/external/ipopt/coinbrew/Ipopt/src/Algorithm/LinearSolvers) by extension 'cmake'
[0.111s] Level 1:colcon.colcon_core.package_identification:_identify(/home/rml/ros2_ws/src/quad-sdk/external/ipopt/coinbrew/Ipopt/src/Algorithm/LinearSolvers) by extension 'python'
[0.111s] Level 1:colcon.colcon_core.package_identification:_identify(/home/rml/ros2_ws/src/quad-sdk/external/ipopt/coinbrew/Ipopt/src/Algorithm/LinearSolvers) by extensions ['python_setup_py']
[0.111s] Level 1:colcon.colcon_core.package_identification:_identify(/home/rml/ros2_ws/src/quad-sdk/external/ipopt/coinbrew/Ipopt/src/Algorithm/LinearSolvers) by extension 'python_setup_py'
[0.111s] Level 1:colcon.colcon_core.package_identification:_identify(/home/rml/ros2_ws/src/quad-sdk/external/ipopt/coinbrew/Ipopt/src/Apps) by extensions ['ignore', 'ignore_ament_install']
[0.111s] Level 1:colcon.colcon_core.package_identification:_identify(/home/rml/ros2_ws/src/quad-sdk/external/ipopt/coinbrew/Ipopt/src/Apps) by extension 'ignore'
[0.111s] Level 1:colcon.colcon_core.package_identification:_identify(/home/rml/ros2_ws/src/quad-sdk/external/ipopt/coinbrew/Ipopt/src/Apps) by extension 'ignore_ament_install'
[0.111s] Level 1:colcon.colcon_core.package_identification:_identify(/home/rml/ros2_ws/src/quad-sdk/external/ipopt/coinbrew/Ipopt/src/Apps) by extensions ['colcon_pkg']
[0.111s] Level 1:colcon.colcon_core.package_identification:_identify(/home/rml/ros2_ws/src/quad-sdk/external/ipopt/coinbrew/Ipopt/src/Apps) by extension 'colcon_pkg'
[0.111s] Level 1:colcon.colcon_core.package_identification:_identify(/home/rml/ros2_ws/src/quad-sdk/external/ipopt/coinbrew/Ipopt/src/Apps) by extensions ['colcon_meta']
[0.111s] Level 1:colcon.colcon_core.package_identification:_identify(/home/rml/ros2_ws/src/quad-sdk/external/ipopt/coinbrew/Ipopt/src/Apps) by extension 'colcon_meta'
[0.111s] Level 1:colcon.colcon_core.package_identification:_identify(/home/rml/ros2_ws/src/quad-sdk/external/ipopt/coinbrew/Ipopt/src/Apps) by extensions ['ros']
[0.111s] Level 1:colcon.colcon_core.package_identification:_identify(/home/rml/ros2_ws/src/quad-sdk/external/ipopt/coinbrew/Ipopt/src/Apps) by extension 'ros'
[0.111s] Level 1:colcon.colcon_core.package_identification:_identify(/home/rml/ros2_ws/src/quad-sdk/external/ipopt/coinbrew/Ipopt/src/Apps) by extensions ['cmake', 'python']
[0.111s] Level 1:colcon.colcon_core.package_identification:_identify(/home/rml/ros2_ws/src/quad-sdk/external/ipopt/coinbrew/Ipopt/src/Apps) by extension 'cmake'
[0.111s] Level 1:colcon.colcon_core.package_identification:_identify(/home/rml/ros2_ws/src/quad-sdk/external/ipopt/coinbrew/Ipopt/src/Apps) by extension 'python'
[0.111s] Level 1:colcon.colcon_core.package_identification:_identify(/home/rml/ros2_ws/src/quad-sdk/external/ipopt/coinbrew/Ipopt/src/Apps) by extensions ['python_setup_py']
[0.111s] Level 1:colcon.colcon_core.package_identification:_identify(/home/rml/ros2_ws/src/quad-sdk/external/ipopt/coinbrew/Ipopt/src/Apps) by extension 'python_setup_py'
[0.111s] Level 1:colcon.colcon_core.package_identification:_identify(/home/rml/ros2_ws/src/quad-sdk/external/ipopt/coinbrew/Ipopt/src/Apps/AmplSolver) by extensions ['ignore', 'ignore_ament_install']
[0.111s] Level 1:colcon.colcon_core.package_identification:_identify(/home/rml/ros2_ws/src/quad-sdk/external/ipopt/coinbrew/Ipopt/src/Apps/AmplSolver) by extension 'ignore'
[0.111s] Level 1:colcon.colcon_core.package_identification:_identify(/home/rml/ros2_ws/src/quad-sdk/external/ipopt/coinbrew/Ipopt/src/Apps/AmplSolver) by extension 'ignore_ament_install'
[0.111s] Level 1:colcon.colcon_core.package_identification:_identify(/home/rml/ros2_ws/src/quad-sdk/external/ipopt/coinbrew/Ipopt/src/Apps/AmplSolver) by extensions ['colcon_pkg']
[0.111s] Level 1:colcon.colcon_core.package_identification:_identify(/home/rml/ros2_ws/src/quad-sdk/external/ipopt/coinbrew/Ipopt/src/Apps/AmplSolver) by extension 'colcon_pkg'
[0.111s] Level 1:colcon.colcon_core.package_identification:_identify(/home/rml/ros2_ws/src/quad-sdk/external/ipopt/coinbrew/Ipopt/src/Apps/AmplSolver) by extensions ['colcon_meta']
[0.111s] Level 1:colcon.colcon_core.package_identification:_identify(/home/rml/ros2_ws/src/quad-sdk/external/ipopt/coinbrew/Ipopt/src/Apps/AmplSolver) by extension 'colcon_meta'
[0.111s] Level 1:colcon.colcon_core.package_identification:_identify(/home/rml/ros2_ws/src/quad-sdk/external/ipopt/coinbrew/Ipopt/src/Apps/AmplSolver) by extensions ['ros']
[0.111s] Level 1:colcon.colcon_core.package_identification:_identify(/home/rml/ros2_ws/src/quad-sdk/external/ipopt/coinbrew/Ipopt/src/Apps/AmplSolver) by extension 'ros'
[0.111s] Level 1:colcon.colcon_core.package_identification:_identify(/home/rml/ros2_ws/src/quad-sdk/external/ipopt/coinbrew/Ipopt/src/Apps/AmplSolver) by extensions ['cmake', 'python']
[0.111s] Level 1:colcon.colcon_core.package_identification:_identify(/home/rml/ros2_ws/src/quad-sdk/external/ipopt/coinbrew/Ipopt/src/Apps/AmplSolver) by extension 'cmake'
[0.111s] Level 1:colcon.colcon_core.package_identification:_identify(/home/rml/ros2_ws/src/quad-sdk/external/ipopt/coinbrew/Ipopt/src/Apps/AmplSolver) by extension 'python'
[0.111s] Level 1:colcon.colcon_core.package_identification:_identify(/home/rml/ros2_ws/src/quad-sdk/external/ipopt/coinbrew/Ipopt/src/Apps/AmplSolver) by extensions ['python_setup_py']
[0.111s] Level 1:colcon.colcon_core.package_identification:_identify(/home/rml/ros2_ws/src/quad-sdk/external/ipopt/coinbrew/Ipopt/src/Apps/AmplSolver) by extension 'python_setup_py'
[0.111s] Level 1:colcon.colcon_core.package_identification:_identify(/home/rml/ros2_ws/src/quad-sdk/external/ipopt/coinbrew/Ipopt/src/Common) by extensions ['ignore', 'ignore_ament_install']
[0.111s] Level 1:colcon.colcon_core.package_identification:_identify(/home/rml/ros2_ws/src/quad-sdk/external/ipopt/coinbrew/Ipopt/src/Common) by extension 'ignore'
[0.111s] Level 1:colcon.colcon_core.package_identification:_identify(/home/rml/ros2_ws/src/quad-sdk/external/ipopt/coinbrew/Ipopt/src/Common) by extension 'ignore_ament_install'
[0.111s] Level 1:colcon.colcon_core.package_identification:_identify(/home/rml/ros2_ws/src/quad-sdk/external/ipopt/coinbrew/Ipopt/src/Common) by extensions ['colcon_pkg']
[0.111s] Level 1:colcon.colcon_core.package_identification:_identify(/home/rml/ros2_ws/src/quad-sdk/external/ipopt/coinbrew/Ipopt/src/Common) by extension 'colcon_pkg'
[0.111s] Level 1:colcon.colcon_core.package_identification:_identify(/home/rml/ros2_ws/src/quad-sdk/external/ipopt/coinbrew/Ipopt/src/Common) by extensions ['colcon_meta']
[0.111s] Level 1:colcon.colcon_core.package_identification:_identify(/home/rml/ros2_ws/src/quad-sdk/external/ipopt/coinbrew/Ipopt/src/Common) by extension 'colcon_meta'
[0.111s] Level 1:colcon.colcon_core.package_identification:_identify(/home/rml/ros2_ws/src/quad-sdk/external/ipopt/coinbrew/Ipopt/src/Common) by extensions ['ros']
[0.111s] Level 1:colcon.colcon_core.package_identification:_identify(/home/rml/ros2_ws/src/quad-sdk/external/ipopt/coinbrew/Ipopt/src/Common) by extension 'ros'
[0.111s] Level 1:colcon.colcon_core.package_identification:_identify(/home/rml/ros2_ws/src/quad-sdk/external/ipopt/coinbrew/Ipopt/src/Common) by extensions ['cmake', 'python']
[0.111s] Level 1:colcon.colcon_core.package_identification:_identify(/home/rml/ros2_ws/src/quad-sdk/external/ipopt/coinbrew/Ipopt/src/Common) by extension 'cmake'
[0.111s] Level 1:colcon.colcon_core.package_identification:_identify(/home/rml/ros2_ws/src/quad-sdk/external/ipopt/coinbrew/Ipopt/src/Common) by extension 'python'
[0.112s] Level 1:colcon.colcon_core.package_identification:_identify(/home/rml/ros2_ws/src/quad-sdk/external/ipopt/coinbrew/Ipopt/src/Common) by extensions ['python_setup_py']
[0.112s] Level 1:colcon.colcon_core.package_identification:_identify(/home/rml/ros2_ws/src/quad-sdk/external/ipopt/coinbrew/Ipopt/src/Common) by extension 'python_setup_py'
[0.112s] Level 1:colcon.colcon_core.package_identification:_identify(/home/rml/ros2_ws/src/quad-sdk/external/ipopt/coinbrew/Ipopt/src/Interfaces) by extensions ['ignore', 'ignore_ament_install']
[0.112s] Level 1:colcon.colcon_core.package_identification:_identify(/home/rml/ros2_ws/src/quad-sdk/external/ipopt/coinbrew/Ipopt/src/Interfaces) by extension 'ignore'
[0.112s] Level 1:colcon.colcon_core.package_identification:_identify(/home/rml/ros2_ws/src/quad-sdk/external/ipopt/coinbrew/Ipopt/src/Interfaces) by extension 'ignore_ament_install'
[0.112s] Level 1:colcon.colcon_core.package_identification:_identify(/home/rml/ros2_ws/src/quad-sdk/external/ipopt/coinbrew/Ipopt/src/Interfaces) by extensions ['colcon_pkg']
[0.112s] Level 1:colcon.colcon_core.package_identification:_identify(/home/rml/ros2_ws/src/quad-sdk/external/ipopt/coinbrew/Ipopt/src/Interfaces) by extension 'colcon_pkg'
[0.112s] Level 1:colcon.colcon_core.package_identification:_identify(/home/rml/ros2_ws/src/quad-sdk/external/ipopt/coinbrew/Ipopt/src/Interfaces) by extensions ['colcon_meta']
[0.112s] Level 1:colcon.colcon_core.package_identification:_identify(/home/rml/ros2_ws/src/quad-sdk/external/ipopt/coinbrew/Ipopt/src/Interfaces) by extension 'colcon_meta'
[0.112s] Level 1:colcon.colcon_core.package_identification:_identify(/home/rml/ros2_ws/src/quad-sdk/external/ipopt/coinbrew/Ipopt/src/Interfaces) by extensions ['ros']
[0.112s] Level 1:colcon.colcon_core.package_identification:_identify(/home/rml/ros2_ws/src/quad-sdk/external/ipopt/coinbrew/Ipopt/src/Interfaces) by extension 'ros'
[0.112s] Level 1:colcon.colcon_core.package_identification:_identify(/home/rml/ros2_ws/src/quad-sdk/external/ipopt/coinbrew/Ipopt/src/Interfaces) by extensions ['cmake', 'python']
[0.112s] Level 1:colcon.colcon_core.package_identification:_identify(/home/rml/ros2_ws/src/quad-sdk/external/ipopt/coinbrew/Ipopt/src/Interfaces) by extension 'cmake'
[0.112s] Level 1:colcon.colcon_core.package_identification:_identify(/home/rml/ros2_ws/src/quad-sdk/external/ipopt/coinbrew/Ipopt/src/Interfaces) by extension 'python'
[0.112s] Level 1:colcon.colcon_core.package_identification:_identify(/home/rml/ros2_ws/src/quad-sdk/external/ipopt/coinbrew/Ipopt/src/Interfaces) by extensions ['python_setup_py']
[0.112s] Level 1:colcon.colcon_core.package_identification:_identify(/home/rml/ros2_ws/src/quad-sdk/external/ipopt/coinbrew/Ipopt/src/Interfaces) by extension 'python_setup_py'
[0.112s] Level 1:colcon.colcon_core.package_identification:_identify(/home/rml/ros2_ws/src/quad-sdk/external/ipopt/coinbrew/Ipopt/src/LinAlg) by extensions ['ignore', 'ignore_ament_install']
[0.112s] Level 1:colcon.colcon_core.package_identification:_identify(/home/rml/ros2_ws/src/quad-sdk/external/ipopt/coinbrew/Ipopt/src/LinAlg) by extension 'ignore'
[0.112s] Level 1:colcon.colcon_core.package_identification:_identify(/home/rml/ros2_ws/src/quad-sdk/external/ipopt/coinbrew/Ipopt/src/LinAlg) by extension 'ignore_ament_install'
[0.112s] Level 1:colcon.colcon_core.package_identification:_identify(/home/rml/ros2_ws/src/quad-sdk/external/ipopt/coinbrew/Ipopt/src/LinAlg) by extensions ['colcon_pkg']
[0.112s] Level 1:colcon.colcon_core.package_identification:_identify(/home/rml/ros2_ws/src/quad-sdk/external/ipopt/coinbrew/Ipopt/src/LinAlg) by extension 'colcon_pkg'
[0.112s] Level 1:colcon.colcon_core.package_identification:_identify(/home/rml/ros2_ws/src/quad-sdk/external/ipopt/coinbrew/Ipopt/src/LinAlg) by extensions ['colcon_meta']
[0.112s] Level 1:colcon.colcon_core.package_identification:_identify(/home/rml/ros2_ws/src/quad-sdk/external/ipopt/coinbrew/Ipopt/src/LinAlg) by extension 'colcon_meta'
[0.112s] Level 1:colcon.colcon_core.package_identification:_identify(/home/rml/ros2_ws/src/quad-sdk/external/ipopt/coinbrew/Ipopt/src/LinAlg) by extensions ['ros']
[0.112s] Level 1:colcon.colcon_core.package_identification:_identify(/home/rml/ros2_ws/src/quad-sdk/external/ipopt/coinbrew/Ipopt/src/LinAlg) by extension 'ros'
[0.112s] Level 1:colcon.colcon_core.package_identification:_identify(/home/rml/ros2_ws/src/quad-sdk/external/ipopt/coinbrew/Ipopt/src/LinAlg) by extensions ['cmake', 'python']
[0.112s] Level 1:colcon.colcon_core.package_identification:_identify(/home/rml/ros2_ws/src/quad-sdk/external/ipopt/coinbrew/Ipopt/src/LinAlg) by extension 'cmake'
[0.112s] Level 1:colcon.colcon_core.package_identification:_identify(/home/rml/ros2_ws/src/quad-sdk/external/ipopt/coinbrew/Ipopt/src/LinAlg) by extension 'python'
[0.112s] Level 1:colcon.colcon_core.package_identification:_identify(/home/rml/ros2_ws/src/quad-sdk/external/ipopt/coinbrew/Ipopt/src/LinAlg) by extensions ['python_setup_py']
[0.112s] Level 1:colcon.colcon_core.package_identification:_identify(/home/rml/ros2_ws/src/quad-sdk/external/ipopt/coinbrew/Ipopt/src/LinAlg) by extension 'python_setup_py'
[0.112s] Level 1:colcon.colcon_core.package_identification:_identify(/home/rml/ros2_ws/src/quad-sdk/external/ipopt/coinbrew/Ipopt/src/LinAlg/TMatrices) by extensions ['ignore', 'ignore_ament_install']
[0.112s] Level 1:colcon.colcon_core.package_identification:_identify(/home/rml/ros2_ws/src/quad-sdk/external/ipopt/coinbrew/Ipopt/src/LinAlg/TMatrices) by extension 'ignore'
[0.112s] Level 1:colcon.colcon_core.package_identification:_identify(/home/rml/ros2_ws/src/quad-sdk/external/ipopt/coinbrew/Ipopt/src/LinAlg/TMatrices) by extension 'ignore_ament_install'
[0.112s] Level 1:colcon.colcon_core.package_identification:_identify(/home/rml/ros2_ws/src/quad-sdk/external/ipopt/coinbrew/Ipopt/src/LinAlg/TMatrices) by extensions ['colcon_pkg']
[0.112s] Level 1:colcon.colcon_core.package_identification:_identify(/home/rml/ros2_ws/src/quad-sdk/external/ipopt/coinbrew/Ipopt/src/LinAlg/TMatrices) by extension 'colcon_pkg'
[0.112s] Level 1:colcon.colcon_core.package_identification:_identify(/home/rml/ros2_ws/src/quad-sdk/external/ipopt/coinbrew/Ipopt/src/LinAlg/TMatrices) by extensions ['colcon_meta']
[0.112s] Level 1:colcon.colcon_core.package_identification:_identify(/home/rml/ros2_ws/src/quad-sdk/external/ipopt/coinbrew/Ipopt/src/LinAlg/TMatrices) by extension 'colcon_meta'
[0.112s] Level 1:colcon.colcon_core.package_identification:_identify(/home/rml/ros2_ws/src/quad-sdk/external/ipopt/coinbrew/Ipopt/src/LinAlg/TMatrices) by extensions ['ros']
[0.112s] Level 1:colcon.colcon_core.package_identification:_identify(/home/rml/ros2_ws/src/quad-sdk/external/ipopt/coinbrew/Ipopt/src/LinAlg/TMatrices) by extension 'ros'
[0.112s] Level 1:colcon.colcon_core.package_identification:_identify(/home/rml/ros2_ws/src/quad-sdk/external/ipopt/coinbrew/Ipopt/src/LinAlg/TMatrices) by extensions ['cmake', 'python']
[0.112s] Level 1:colcon.colcon_core.package_identification:_identify(/home/rml/ros2_ws/src/quad-sdk/external/ipopt/coinbrew/Ipopt/src/LinAlg/TMatrices) by extension 'cmake'
[0.112s] Level 1:colcon.colcon_core.package_identification:_identify(/home/rml/ros2_ws/src/quad-sdk/external/ipopt/coinbrew/Ipopt/src/LinAlg/TMatrices) by extension 'python'
[0.112s] Level 1:colcon.colcon_core.package_identification:_identify(/home/rml/ros2_ws/src/quad-sdk/external/ipopt/coinbrew/Ipopt/src/LinAlg/TMatrices) by extensions ['python_setup_py']
[0.112s] Level 1:colcon.colcon_core.package_identification:_identify(/home/rml/ros2_ws/src/quad-sdk/external/ipopt/coinbrew/Ipopt/src/LinAlg/TMatrices) by extension 'python_setup_py'
[0.112s] Level 1:colcon.colcon_core.package_identification:_identify(/home/rml/ros2_ws/src/quad-sdk/external/ipopt/coinbrew/Ipopt/src/contrib) by extensions ['ignore', 'ignore_ament_install']
[0.112s] Level 1:colcon.colcon_core.package_identification:_identify(/home/rml/ros2_ws/src/quad-sdk/external/ipopt/coinbrew/Ipopt/src/contrib) by extension 'ignore'
[0.112s] Level 1:colcon.colcon_core.package_identification:_identify(/home/rml/ros2_ws/src/quad-sdk/external/ipopt/coinbrew/Ipopt/src/contrib) by extension 'ignore_ament_install'
[0.112s] Level 1:colcon.colcon_core.package_identification:_identify(/home/rml/ros2_ws/src/quad-sdk/external/ipopt/coinbrew/Ipopt/src/contrib) by extensions ['colcon_pkg']
[0.112s] Level 1:colcon.colcon_core.package_identification:_identify(/home/rml/ros2_ws/src/quad-sdk/external/ipopt/coinbrew/Ipopt/src/contrib) by extension 'colcon_pkg'
[0.112s] Level 1:colcon.colcon_core.package_identification:_identify(/home/rml/ros2_ws/src/quad-sdk/external/ipopt/coinbrew/Ipopt/src/contrib) by extensions ['colcon_meta']
[0.112s] Level 1:colcon.colcon_core.package_identification:_identify(/home/rml/ros2_ws/src/quad-sdk/external/ipopt/coinbrew/Ipopt/src/contrib) by extension 'colcon_meta'
[0.112s] Level 1:colcon.colcon_core.package_identification:_identify(/home/rml/ros2_ws/src/quad-sdk/external/ipopt/coinbrew/Ipopt/src/contrib) by extensions ['ros']
[0.112s] Level 1:colcon.colcon_core.package_identification:_identify(/home/rml/ros2_ws/src/quad-sdk/external/ipopt/coinbrew/Ipopt/src/contrib) by extension 'ros'
[0.112s] Level 1:colcon.colcon_core.package_identification:_identify(/home/rml/ros2_ws/src/quad-sdk/external/ipopt/coinbrew/Ipopt/src/contrib) by extensions ['cmake', 'python']
[0.112s] Level 1:colcon.colcon_core.package_identification:_identify(/home/rml/ros2_ws/src/quad-sdk/external/ipopt/coinbrew/Ipopt/src/contrib) by extension 'cmake'
[0.112s] Level 1:colcon.colcon_core.package_identification:_identify(/home/rml/ros2_ws/src/quad-sdk/external/ipopt/coinbrew/Ipopt/src/contrib) by extension 'python'
[0.112s] Level 1:colcon.colcon_core.package_identification:_identify(/home/rml/ros2_ws/src/quad-sdk/external/ipopt/coinbrew/Ipopt/src/contrib) by extensions ['python_setup_py']
[0.113s] Level 1:colcon.colcon_core.package_identification:_identify(/home/rml/ros2_ws/src/quad-sdk/external/ipopt/coinbrew/Ipopt/src/contrib) by extension 'python_setup_py'
[0.113s] Level 1:colcon.colcon_core.package_identification:_identify(/home/rml/ros2_ws/src/quad-sdk/external/ipopt/coinbrew/Ipopt/src/contrib/CGPenalty) by extensions ['ignore', 'ignore_ament_install']
[0.113s] Level 1:colcon.colcon_core.package_identification:_identify(/home/rml/ros2_ws/src/quad-sdk/external/ipopt/coinbrew/Ipopt/src/contrib/CGPenalty) by extension 'ignore'
[0.113s] Level 1:colcon.colcon_core.package_identification:_identify(/home/rml/ros2_ws/src/quad-sdk/external/ipopt/coinbrew/Ipopt/src/contrib/CGPenalty) by extension 'ignore_ament_install'
[0.113s] Level 1:colcon.colcon_core.package_identification:_identify(/home/rml/ros2_ws/src/quad-sdk/external/ipopt/coinbrew/Ipopt/src/contrib/CGPenalty) by extensions ['colcon_pkg']
[0.113s] Level 1:colcon.colcon_core.package_identification:_identify(/home/rml/ros2_ws/src/quad-sdk/external/ipopt/coinbrew/Ipopt/src/contrib/CGPenalty) by extension 'colcon_pkg'
[0.113s] Level 1:colcon.colcon_core.package_identification:_identify(/home/rml/ros2_ws/src/quad-sdk/external/ipopt/coinbrew/Ipopt/src/contrib/CGPenalty) by extensions ['colcon_meta']
[0.113s] Level 1:colcon.colcon_core.package_identification:_identify(/home/rml/ros2_ws/src/quad-sdk/external/ipopt/coinbrew/Ipopt/src/contrib/CGPenalty) by extension 'colcon_meta'
[0.113s] Level 1:colcon.colcon_core.package_identification:_identify(/home/rml/ros2_ws/src/quad-sdk/external/ipopt/coinbrew/Ipopt/src/contrib/CGPenalty) by extensions ['ros']
[0.113s] Level 1:colcon.colcon_core.package_identification:_identify(/home/rml/ros2_ws/src/quad-sdk/external/ipopt/coinbrew/Ipopt/src/contrib/CGPenalty) by extension 'ros'
[0.113s] Level 1:colcon.colcon_core.package_identification:_identify(/home/rml/ros2_ws/src/quad-sdk/external/ipopt/coinbrew/Ipopt/src/contrib/CGPenalty) by extensions ['cmake', 'python']
[0.113s] Level 1:colcon.colcon_core.package_identification:_identify(/home/rml/ros2_ws/src/quad-sdk/external/ipopt/coinbrew/Ipopt/src/contrib/CGPenalty) by extension 'cmake'
[0.113s] Level 1:colcon.colcon_core.package_identification:_identify(/home/rml/ros2_ws/src/quad-sdk/external/ipopt/coinbrew/Ipopt/src/contrib/CGPenalty) by extension 'python'
[0.113s] Level 1:colcon.colcon_core.package_identification:_identify(/home/rml/ros2_ws/src/quad-sdk/external/ipopt/coinbrew/Ipopt/src/contrib/CGPenalty) by extensions ['python_setup_py']
[0.113s] Level 1:colcon.colcon_core.package_identification:_identify(/home/rml/ros2_ws/src/quad-sdk/external/ipopt/coinbrew/Ipopt/src/contrib/CGPenalty) by extension 'python_setup_py'
[0.113s] Level 1:colcon.colcon_core.package_identification:_identify(/home/rml/ros2_ws/src/quad-sdk/external/ipopt/coinbrew/Ipopt/test) by extensions ['ignore', 'ignore_ament_install']
[0.113s] Level 1:colcon.colcon_core.package_identification:_identify(/home/rml/ros2_ws/src/quad-sdk/external/ipopt/coinbrew/Ipopt/test) by extension 'ignore'
[0.113s] Level 1:colcon.colcon_core.package_identification:_identify(/home/rml/ros2_ws/src/quad-sdk/external/ipopt/coinbrew/Ipopt/test) by extension 'ignore_ament_install'
[0.113s] Level 1:colcon.colcon_core.package_identification:_identify(/home/rml/ros2_ws/src/quad-sdk/external/ipopt/coinbrew/Ipopt/test) by extensions ['colcon_pkg']
[0.113s] Level 1:colcon.colcon_core.package_identification:_identify(/home/rml/ros2_ws/src/quad-sdk/external/ipopt/coinbrew/Ipopt/test) by extension 'colcon_pkg'
[0.113s] Level 1:colcon.colcon_core.package_identification:_identify(/home/rml/ros2_ws/src/quad-sdk/external/ipopt/coinbrew/Ipopt/test) by extensions ['colcon_meta']
[0.113s] Level 1:colcon.colcon_core.package_identification:_identify(/home/rml/ros2_ws/src/quad-sdk/external/ipopt/coinbrew/Ipopt/test) by extension 'colcon_meta'
[0.113s] Level 1:colcon.colcon_core.package_identification:_identify(/home/rml/ros2_ws/src/quad-sdk/external/ipopt/coinbrew/Ipopt/test) by extensions ['ros']
[0.113s] Level 1:colcon.colcon_core.package_identification:_identify(/home/rml/ros2_ws/src/quad-sdk/external/ipopt/coinbrew/Ipopt/test) by extension 'ros'
[0.113s] Level 1:colcon.colcon_core.package_identification:_identify(/home/rml/ros2_ws/src/quad-sdk/external/ipopt/coinbrew/Ipopt/test) by extensions ['cmake', 'python']
[0.113s] Level 1:colcon.colcon_core.package_identification:_identify(/home/rml/ros2_ws/src/quad-sdk/external/ipopt/coinbrew/Ipopt/test) by extension 'cmake'
[0.113s] Level 1:colcon.colcon_core.package_identification:_identify(/home/rml/ros2_ws/src/quad-sdk/external/ipopt/coinbrew/Ipopt/test) by extension 'python'
[0.113s] Level 1:colcon.colcon_core.package_identification:_identify(/home/rml/ros2_ws/src/quad-sdk/external/ipopt/coinbrew/Ipopt/test) by extensions ['python_setup_py']
[0.113s] Level 1:colcon.colcon_core.package_identification:_identify(/home/rml/ros2_ws/src/quad-sdk/external/ipopt/coinbrew/Ipopt/test) by extension 'python_setup_py'
[0.113s] Level 1:colcon.colcon_core.package_identification:_identify(/home/rml/ros2_ws/src/quad-sdk/external/ipopt/coinbrew/Ipopt/tutorial) by extensions ['ignore', 'ignore_ament_install']
[0.113s] Level 1:colcon.colcon_core.package_identification:_identify(/home/rml/ros2_ws/src/quad-sdk/external/ipopt/coinbrew/Ipopt/tutorial) by extension 'ignore'
[0.113s] Level 1:colcon.colcon_core.package_identification:_identify(/home/rml/ros2_ws/src/quad-sdk/external/ipopt/coinbrew/Ipopt/tutorial) by extension 'ignore_ament_install'
[0.113s] Level 1:colcon.colcon_core.package_identification:_identify(/home/rml/ros2_ws/src/quad-sdk/external/ipopt/coinbrew/Ipopt/tutorial) by extensions ['colcon_pkg']
[0.113s] Level 1:colcon.colcon_core.package_identification:_identify(/home/rml/ros2_ws/src/quad-sdk/external/ipopt/coinbrew/Ipopt/tutorial) by extension 'colcon_pkg'
[0.113s] Level 1:colcon.colcon_core.package_identification:_identify(/home/rml/ros2_ws/src/quad-sdk/external/ipopt/coinbrew/Ipopt/tutorial) by extensions ['colcon_meta']
[0.113s] Level 1:colcon.colcon_core.package_identification:_identify(/home/rml/ros2_ws/src/quad-sdk/external/ipopt/coinbrew/Ipopt/tutorial) by extension 'colcon_meta'
[0.113s] Level 1:colcon.colcon_core.package_identification:_identify(/home/rml/ros2_ws/src/quad-sdk/external/ipopt/coinbrew/Ipopt/tutorial) by extensions ['ros']
[0.113s] Level 1:colcon.colcon_core.package_identification:_identify(/home/rml/ros2_ws/src/quad-sdk/external/ipopt/coinbrew/Ipopt/tutorial) by extension 'ros'
[0.113s] Level 1:colcon.colcon_core.package_identification:_identify(/home/rml/ros2_ws/src/quad-sdk/external/ipopt/coinbrew/Ipopt/tutorial) by extensions ['cmake', 'python']
[0.113s] Level 1:colcon.colcon_core.package_identification:_identify(/home/rml/ros2_ws/src/quad-sdk/external/ipopt/coinbrew/Ipopt/tutorial) by extension 'cmake'
[0.113s] Level 1:colcon.colcon_core.package_identification:_identify(/home/rml/ros2_ws/src/quad-sdk/external/ipopt/coinbrew/Ipopt/tutorial) by extension 'python'
[0.113s] Level 1:colcon.colcon_core.package_identification:_identify(/home/rml/ros2_ws/src/quad-sdk/external/ipopt/coinbrew/Ipopt/tutorial) by extensions ['python_setup_py']
[0.113s] Level 1:colcon.colcon_core.package_identification:_identify(/home/rml/ros2_ws/src/quad-sdk/external/ipopt/coinbrew/Ipopt/tutorial) by extension 'python_setup_py'
[0.113s] Level 1:colcon.colcon_core.package_identification:_identify(/home/rml/ros2_ws/src/quad-sdk/external/ipopt/coinbrew/Ipopt/tutorial/AmplExperiments) by extensions ['ignore', 'ignore_ament_install']
[0.113s] Level 1:colcon.colcon_core.package_identification:_identify(/home/rml/ros2_ws/src/quad-sdk/external/ipopt/coinbrew/Ipopt/tutorial/AmplExperiments) by extension 'ignore'
[0.113s] Level 1:colcon.colcon_core.package_identification:_identify(/home/rml/ros2_ws/src/quad-sdk/external/ipopt/coinbrew/Ipopt/tutorial/AmplExperiments) by extension 'ignore_ament_install'
[0.113s] Level 1:colcon.colcon_core.package_identification:_identify(/home/rml/ros2_ws/src/quad-sdk/external/ipopt/coinbrew/Ipopt/tutorial/AmplExperiments) by extensions ['colcon_pkg']
[0.113s] Level 1:colcon.colcon_core.package_identification:_identify(/home/rml/ros2_ws/src/quad-sdk/external/ipopt/coinbrew/Ipopt/tutorial/AmplExperiments) by extension 'colcon_pkg'
[0.113s] Level 1:colcon.colcon_core.package_identification:_identify(/home/rml/ros2_ws/src/quad-sdk/external/ipopt/coinbrew/Ipopt/tutorial/AmplExperiments) by extensions ['colcon_meta']
[0.113s] Level 1:colcon.colcon_core.package_identification:_identify(/home/rml/ros2_ws/src/quad-sdk/external/ipopt/coinbrew/Ipopt/tutorial/AmplExperiments) by extension 'colcon_meta'
[0.113s] Level 1:colcon.colcon_core.package_identification:_identify(/home/rml/ros2_ws/src/quad-sdk/external/ipopt/coinbrew/Ipopt/tutorial/AmplExperiments) by extensions ['ros']
[0.113s] Level 1:colcon.colcon_core.package_identification:_identify(/home/rml/ros2_ws/src/quad-sdk/external/ipopt/coinbrew/Ipopt/tutorial/AmplExperiments) by extension 'ros'
[0.113s] Level 1:colcon.colcon_core.package_identification:_identify(/home/rml/ros2_ws/src/quad-sdk/external/ipopt/coinbrew/Ipopt/tutorial/AmplExperiments) by extensions ['cmake', 'python']
[0.113s] Level 1:colcon.colcon_core.package_identification:_identify(/home/rml/ros2_ws/src/quad-sdk/external/ipopt/coinbrew/Ipopt/tutorial/AmplExperiments) by extension 'cmake'
[0.113s] Level 1:colcon.colcon_core.package_identification:_identify(/home/rml/ros2_ws/src/quad-sdk/external/ipopt/coinbrew/Ipopt/tutorial/AmplExperiments) by extension 'python'
[0.113s] Level 1:colcon.colcon_core.package_identification:_identify(/home/rml/ros2_ws/src/quad-sdk/external/ipopt/coinbrew/Ipopt/tutorial/AmplExperiments) by extensions ['python_setup_py']
[0.113s] Level 1:colcon.colcon_core.package_identification:_identify(/home/rml/ros2_ws/src/quad-sdk/external/ipopt/coinbrew/Ipopt/tutorial/AmplExperiments) by extension 'python_setup_py'
[0.114s] Level 1:colcon.colcon_core.package_identification:_identify(/home/rml/ros2_ws/src/quad-sdk/external/ipopt/coinbrew/Ipopt/tutorial/CodingExercise) by extensions ['ignore', 'ignore_ament_install']
[0.114s] Level 1:colcon.colcon_core.package_identification:_identify(/home/rml/ros2_ws/src/quad-sdk/external/ipopt/coinbrew/Ipopt/tutorial/CodingExercise) by extension 'ignore'
[0.114s] Level 1:colcon.colcon_core.package_identification:_identify(/home/rml/ros2_ws/src/quad-sdk/external/ipopt/coinbrew/Ipopt/tutorial/CodingExercise) by extension 'ignore_ament_install'
[0.114s] Level 1:colcon.colcon_core.package_identification:_identify(/home/rml/ros2_ws/src/quad-sdk/external/ipopt/coinbrew/Ipopt/tutorial/CodingExercise) by extensions ['colcon_pkg']
[0.114s] Level 1:colcon.colcon_core.package_identification:_identify(/home/rml/ros2_ws/src/quad-sdk/external/ipopt/coinbrew/Ipopt/tutorial/CodingExercise) by extension 'colcon_pkg'
[0.114s] Level 1:colcon.colcon_core.package_identification:_identify(/home/rml/ros2_ws/src/quad-sdk/external/ipopt/coinbrew/Ipopt/tutorial/CodingExercise) by extensions ['colcon_meta']
[0.114s] Level 1:colcon.colcon_core.package_identification:_identify(/home/rml/ros2_ws/src/quad-sdk/external/ipopt/coinbrew/Ipopt/tutorial/CodingExercise) by extension 'colcon_meta'
[0.114s] Level 1:colcon.colcon_core.package_identification:_identify(/home/rml/ros2_ws/src/quad-sdk/external/ipopt/coinbrew/Ipopt/tutorial/CodingExercise) by extensions ['ros']
[0.114s] Level 1:colcon.colcon_core.package_identification:_identify(/home/rml/ros2_ws/src/quad-sdk/external/ipopt/coinbrew/Ipopt/tutorial/CodingExercise) by extension 'ros'
[0.114s] Level 1:colcon.colcon_core.package_identification:_identify(/home/rml/ros2_ws/src/quad-sdk/external/ipopt/coinbrew/Ipopt/tutorial/CodingExercise) by extensions ['cmake', 'python']
[0.114s] Level 1:colcon.colcon_core.package_identification:_identify(/home/rml/ros2_ws/src/quad-sdk/external/ipopt/coinbrew/Ipopt/tutorial/CodingExercise) by extension 'cmake'
[0.114s] Level 1:colcon.colcon_core.package_identification:_identify(/home/rml/ros2_ws/src/quad-sdk/external/ipopt/coinbrew/Ipopt/tutorial/CodingExercise) by extension 'python'
[0.114s] Level 1:colcon.colcon_core.package_identification:_identify(/home/rml/ros2_ws/src/quad-sdk/external/ipopt/coinbrew/Ipopt/tutorial/CodingExercise) by extensions ['python_setup_py']
[0.114s] Level 1:colcon.colcon_core.package_identification:_identify(/home/rml/ros2_ws/src/quad-sdk/external/ipopt/coinbrew/Ipopt/tutorial/CodingExercise) by extension 'python_setup_py'
[0.114s] Level 1:colcon.colcon_core.package_identification:_identify(/home/rml/ros2_ws/src/quad-sdk/external/ipopt/coinbrew/Ipopt/tutorial/CodingExercise/C) by extensions ['ignore', 'ignore_ament_install']
[0.114s] Level 1:colcon.colcon_core.package_identification:_identify(/home/rml/ros2_ws/src/quad-sdk/external/ipopt/coinbrew/Ipopt/tutorial/CodingExercise/C) by extension 'ignore'
[0.114s] Level 1:colcon.colcon_core.package_identification:_identify(/home/rml/ros2_ws/src/quad-sdk/external/ipopt/coinbrew/Ipopt/tutorial/CodingExercise/C) by extension 'ignore_ament_install'
[0.114s] Level 1:colcon.colcon_core.package_identification:_identify(/home/rml/ros2_ws/src/quad-sdk/external/ipopt/coinbrew/Ipopt/tutorial/CodingExercise/C) by extensions ['colcon_pkg']
[0.114s] Level 1:colcon.colcon_core.package_identification:_identify(/home/rml/ros2_ws/src/quad-sdk/external/ipopt/coinbrew/Ipopt/tutorial/CodingExercise/C) by extension 'colcon_pkg'
[0.114s] Level 1:colcon.colcon_core.package_identification:_identify(/home/rml/ros2_ws/src/quad-sdk/external/ipopt/coinbrew/Ipopt/tutorial/CodingExercise/C) by extensions ['colcon_meta']
[0.114s] Level 1:colcon.colcon_core.package_identification:_identify(/home/rml/ros2_ws/src/quad-sdk/external/ipopt/coinbrew/Ipopt/tutorial/CodingExercise/C) by extension 'colcon_meta'
[0.114s] Level 1:colcon.colcon_core.package_identification:_identify(/home/rml/ros2_ws/src/quad-sdk/external/ipopt/coinbrew/Ipopt/tutorial/CodingExercise/C) by extensions ['ros']
[0.114s] Level 1:colcon.colcon_core.package_identification:_identify(/home/rml/ros2_ws/src/quad-sdk/external/ipopt/coinbrew/Ipopt/tutorial/CodingExercise/C) by extension 'ros'
[0.114s] Level 1:colcon.colcon_core.package_identification:_identify(/home/rml/ros2_ws/src/quad-sdk/external/ipopt/coinbrew/Ipopt/tutorial/CodingExercise/C) by extensions ['cmake', 'python']
[0.114s] Level 1:colcon.colcon_core.package_identification:_identify(/home/rml/ros2_ws/src/quad-sdk/external/ipopt/coinbrew/Ipopt/tutorial/CodingExercise/C) by extension 'cmake'
[0.114s] Level 1:colcon.colcon_core.package_identification:_identify(/home/rml/ros2_ws/src/quad-sdk/external/ipopt/coinbrew/Ipopt/tutorial/CodingExercise/C) by extension 'python'
[0.114s] Level 1:colcon.colcon_core.package_identification:_identify(/home/rml/ros2_ws/src/quad-sdk/external/ipopt/coinbrew/Ipopt/tutorial/CodingExercise/C) by extensions ['python_setup_py']
[0.114s] Level 1:colcon.colcon_core.package_identification:_identify(/home/rml/ros2_ws/src/quad-sdk/external/ipopt/coinbrew/Ipopt/tutorial/CodingExercise/C) by extension 'python_setup_py'
[0.114s] Level 1:colcon.colcon_core.package_identification:_identify(/home/rml/ros2_ws/src/quad-sdk/external/ipopt/coinbrew/Ipopt/tutorial/CodingExercise/C/1-skeleton) by extensions ['ignore', 'ignore_ament_install']
[0.114s] Level 1:colcon.colcon_core.package_identification:_identify(/home/rml/ros2_ws/src/quad-sdk/external/ipopt/coinbrew/Ipopt/tutorial/CodingExercise/C/1-skeleton) by extension 'ignore'
[0.114s] Level 1:colcon.colcon_core.package_identification:_identify(/home/rml/ros2_ws/src/quad-sdk/external/ipopt/coinbrew/Ipopt/tutorial/CodingExercise/C/1-skeleton) by extension 'ignore_ament_install'
[0.114s] Level 1:colcon.colcon_core.package_identification:_identify(/home/rml/ros2_ws/src/quad-sdk/external/ipopt/coinbrew/Ipopt/tutorial/CodingExercise/C/1-skeleton) by extensions ['colcon_pkg']
[0.114s] Level 1:colcon.colcon_core.package_identification:_identify(/home/rml/ros2_ws/src/quad-sdk/external/ipopt/coinbrew/Ipopt/tutorial/CodingExercise/C/1-skeleton) by extension 'colcon_pkg'
[0.114s] Level 1:colcon.colcon_core.package_identification:_identify(/home/rml/ros2_ws/src/quad-sdk/external/ipopt/coinbrew/Ipopt/tutorial/CodingExercise/C/1-skeleton) by extensions ['colcon_meta']
[0.114s] Level 1:colcon.colcon_core.package_identification:_identify(/home/rml/ros2_ws/src/quad-sdk/external/ipopt/coinbrew/Ipopt/tutorial/CodingExercise/C/1-skeleton) by extension 'colcon_meta'
[0.114s] Level 1:colcon.colcon_core.package_identification:_identify(/home/rml/ros2_ws/src/quad-sdk/external/ipopt/coinbrew/Ipopt/tutorial/CodingExercise/C/1-skeleton) by extensions ['ros']
[0.114s] Level 1:colcon.colcon_core.package_identification:_identify(/home/rml/ros2_ws/src/quad-sdk/external/ipopt/coinbrew/Ipopt/tutorial/CodingExercise/C/1-skeleton) by extension 'ros'
[0.114s] Level 1:colcon.colcon_core.package_identification:_identify(/home/rml/ros2_ws/src/quad-sdk/external/ipopt/coinbrew/Ipopt/tutorial/CodingExercise/C/1-skeleton) by extensions ['cmake', 'python']
[0.114s] Level 1:colcon.colcon_core.package_identification:_identify(/home/rml/ros2_ws/src/quad-sdk/external/ipopt/coinbrew/Ipopt/tutorial/CodingExercise/C/1-skeleton) by extension 'cmake'
[0.114s] Level 1:colcon.colcon_core.package_identification:_identify(/home/rml/ros2_ws/src/quad-sdk/external/ipopt/coinbrew/Ipopt/tutorial/CodingExercise/C/1-skeleton) by extension 'python'
[0.114s] Level 1:colcon.colcon_core.package_identification:_identify(/home/rml/ros2_ws/src/quad-sdk/external/ipopt/coinbrew/Ipopt/tutorial/CodingExercise/C/1-skeleton) by extensions ['python_setup_py']
[0.114s] Level 1:colcon.colcon_core.package_identification:_identify(/home/rml/ros2_ws/src/quad-sdk/external/ipopt/coinbrew/Ipopt/tutorial/CodingExercise/C/1-skeleton) by extension 'python_setup_py'
[0.114s] Level 1:colcon.colcon_core.package_identification:_identify(/home/rml/ros2_ws/src/quad-sdk/external/ipopt/coinbrew/Ipopt/tutorial/CodingExercise/C/2-mistake) by extensions ['ignore', 'ignore_ament_install']
[0.114s] Level 1:colcon.colcon_core.package_identification:_identify(/home/rml/ros2_ws/src/quad-sdk/external/ipopt/coinbrew/Ipopt/tutorial/CodingExercise/C/2-mistake) by extension 'ignore'
[0.114s] Level 1:colcon.colcon_core.package_identification:_identify(/home/rml/ros2_ws/src/quad-sdk/external/ipopt/coinbrew/Ipopt/tutorial/CodingExercise/C/2-mistake) by extension 'ignore_ament_install'
[0.114s] Level 1:colcon.colcon_core.package_identification:_identify(/home/rml/ros2_ws/src/quad-sdk/external/ipopt/coinbrew/Ipopt/tutorial/CodingExercise/C/2-mistake) by extensions ['colcon_pkg']
[0.114s] Level 1:colcon.colcon_core.package_identification:_identify(/home/rml/ros2_ws/src/quad-sdk/external/ipopt/coinbrew/Ipopt/tutorial/CodingExercise/C/2-mistake) by extension 'colcon_pkg'
[0.114s] Level 1:colcon.colcon_core.package_identification:_identify(/home/rml/ros2_ws/src/quad-sdk/external/ipopt/coinbrew/Ipopt/tutorial/CodingExercise/C/2-mistake) by extensions ['colcon_meta']
[0.114s] Level 1:colcon.colcon_core.package_identification:_identify(/home/rml/ros2_ws/src/quad-sdk/external/ipopt/coinbrew/Ipopt/tutorial/CodingExercise/C/2-mistake) by extension 'colcon_meta'
[0.114s] Level 1:colcon.colcon_core.package_identification:_identify(/home/rml/ros2_ws/src/quad-sdk/external/ipopt/coinbrew/Ipopt/tutorial/CodingExercise/C/2-mistake) by extensions ['ros']
[0.114s] Level 1:colcon.colcon_core.package_identification:_identify(/home/rml/ros2_ws/src/quad-sdk/external/ipopt/coinbrew/Ipopt/tutorial/CodingExercise/C/2-mistake) by extension 'ros'
[0.114s] Level 1:colcon.colcon_core.package_identification:_identify(/home/rml/ros2_ws/src/quad-sdk/external/ipopt/coinbrew/Ipopt/tutorial/CodingExercise/C/2-mistake) by extensions ['cmake', 'python']
[0.114s] Level 1:colcon.colcon_core.package_identification:_identify(/home/rml/ros2_ws/src/quad-sdk/external/ipopt/coinbrew/Ipopt/tutorial/CodingExercise/C/2-mistake) by extension 'cmake'
[0.114s] Level 1:colcon.colcon_core.package_identification:_identify(/home/rml/ros2_ws/src/quad-sdk/external/ipopt/coinbrew/Ipopt/tutorial/CodingExercise/C/2-mistake) by extension 'python'
[0.114s] Level 1:colcon.colcon_core.package_identification:_identify(/home/rml/ros2_ws/src/quad-sdk/external/ipopt/coinbrew/Ipopt/tutorial/CodingExercise/C/2-mistake) by extensions ['python_setup_py']
[0.114s] Level 1:colcon.colcon_core.package_identification:_identify(/home/rml/ros2_ws/src/quad-sdk/external/ipopt/coinbrew/Ipopt/tutorial/CodingExercise/C/2-mistake) by extension 'python_setup_py'
[0.115s] Level 1:colcon.colcon_core.package_identification:_identify(/home/rml/ros2_ws/src/quad-sdk/external/ipopt/coinbrew/Ipopt/tutorial/CodingExercise/C/3-solution) by extensions ['ignore', 'ignore_ament_install']
[0.115s] Level 1:colcon.colcon_core.package_identification:_identify(/home/rml/ros2_ws/src/quad-sdk/external/ipopt/coinbrew/Ipopt/tutorial/CodingExercise/C/3-solution) by extension 'ignore'
[0.115s] Level 1:colcon.colcon_core.package_identification:_identify(/home/rml/ros2_ws/src/quad-sdk/external/ipopt/coinbrew/Ipopt/tutorial/CodingExercise/C/3-solution) by extension 'ignore_ament_install'
[0.115s] Level 1:colcon.colcon_core.package_identification:_identify(/home/rml/ros2_ws/src/quad-sdk/external/ipopt/coinbrew/Ipopt/tutorial/CodingExercise/C/3-solution) by extensions ['colcon_pkg']
[0.115s] Level 1:colcon.colcon_core.package_identification:_identify(/home/rml/ros2_ws/src/quad-sdk/external/ipopt/coinbrew/Ipopt/tutorial/CodingExercise/C/3-solution) by extension 'colcon_pkg'
[0.115s] Level 1:colcon.colcon_core.package_identification:_identify(/home/rml/ros2_ws/src/quad-sdk/external/ipopt/coinbrew/Ipopt/tutorial/CodingExercise/C/3-solution) by extensions ['colcon_meta']
[0.115s] Level 1:colcon.colcon_core.package_identification:_identify(/home/rml/ros2_ws/src/quad-sdk/external/ipopt/coinbrew/Ipopt/tutorial/CodingExercise/C/3-solution) by extension 'colcon_meta'
[0.115s] Level 1:colcon.colcon_core.package_identification:_identify(/home/rml/ros2_ws/src/quad-sdk/external/ipopt/coinbrew/Ipopt/tutorial/CodingExercise/C/3-solution) by extensions ['ros']
[0.115s] Level 1:colcon.colcon_core.package_identification:_identify(/home/rml/ros2_ws/src/quad-sdk/external/ipopt/coinbrew/Ipopt/tutorial/CodingExercise/C/3-solution) by extension 'ros'
[0.115s] Level 1:colcon.colcon_core.package_identification:_identify(/home/rml/ros2_ws/src/quad-sdk/external/ipopt/coinbrew/Ipopt/tutorial/CodingExercise/C/3-solution) by extensions ['cmake', 'python']
[0.115s] Level 1:colcon.colcon_core.package_identification:_identify(/home/rml/ros2_ws/src/quad-sdk/external/ipopt/coinbrew/Ipopt/tutorial/CodingExercise/C/3-solution) by extension 'cmake'
[0.115s] Level 1:colcon.colcon_core.package_identification:_identify(/home/rml/ros2_ws/src/quad-sdk/external/ipopt/coinbrew/Ipopt/tutorial/CodingExercise/C/3-solution) by extension 'python'
[0.115s] Level 1:colcon.colcon_core.package_identification:_identify(/home/rml/ros2_ws/src/quad-sdk/external/ipopt/coinbrew/Ipopt/tutorial/CodingExercise/C/3-solution) by extensions ['python_setup_py']
[0.115s] Level 1:colcon.colcon_core.package_identification:_identify(/home/rml/ros2_ws/src/quad-sdk/external/ipopt/coinbrew/Ipopt/tutorial/CodingExercise/C/3-solution) by extension 'python_setup_py'
[0.115s] Level 1:colcon.colcon_core.package_identification:_identify(/home/rml/ros2_ws/src/quad-sdk/external/ipopt/coinbrew/Ipopt/tutorial/CodingExercise/Cpp) by extensions ['ignore', 'ignore_ament_install']
[0.115s] Level 1:colcon.colcon_core.package_identification:_identify(/home/rml/ros2_ws/src/quad-sdk/external/ipopt/coinbrew/Ipopt/tutorial/CodingExercise/Cpp) by extension 'ignore'
[0.115s] Level 1:colcon.colcon_core.package_identification:_identify(/home/rml/ros2_ws/src/quad-sdk/external/ipopt/coinbrew/Ipopt/tutorial/CodingExercise/Cpp) by extension 'ignore_ament_install'
[0.115s] Level 1:colcon.colcon_core.package_identification:_identify(/home/rml/ros2_ws/src/quad-sdk/external/ipopt/coinbrew/Ipopt/tutorial/CodingExercise/Cpp) by extensions ['colcon_pkg']
[0.115s] Level 1:colcon.colcon_core.package_identification:_identify(/home/rml/ros2_ws/src/quad-sdk/external/ipopt/coinbrew/Ipopt/tutorial/CodingExercise/Cpp) by extension 'colcon_pkg'
[0.115s] Level 1:colcon.colcon_core.package_identification:_identify(/home/rml/ros2_ws/src/quad-sdk/external/ipopt/coinbrew/Ipopt/tutorial/CodingExercise/Cpp) by extensions ['colcon_meta']
[0.115s] Level 1:colcon.colcon_core.package_identification:_identify(/home/rml/ros2_ws/src/quad-sdk/external/ipopt/coinbrew/Ipopt/tutorial/CodingExercise/Cpp) by extension 'colcon_meta'
[0.115s] Level 1:colcon.colcon_core.package_identification:_identify(/home/rml/ros2_ws/src/quad-sdk/external/ipopt/coinbrew/Ipopt/tutorial/CodingExercise/Cpp) by extensions ['ros']
[0.115s] Level 1:colcon.colcon_core.package_identification:_identify(/home/rml/ros2_ws/src/quad-sdk/external/ipopt/coinbrew/Ipopt/tutorial/CodingExercise/Cpp) by extension 'ros'
[0.115s] Level 1:colcon.colcon_core.package_identification:_identify(/home/rml/ros2_ws/src/quad-sdk/external/ipopt/coinbrew/Ipopt/tutorial/CodingExercise/Cpp) by extensions ['cmake', 'python']
[0.115s] Level 1:colcon.colcon_core.package_identification:_identify(/home/rml/ros2_ws/src/quad-sdk/external/ipopt/coinbrew/Ipopt/tutorial/CodingExercise/Cpp) by extension 'cmake'
[0.115s] Level 1:colcon.colcon_core.package_identification:_identify(/home/rml/ros2_ws/src/quad-sdk/external/ipopt/coinbrew/Ipopt/tutorial/CodingExercise/Cpp) by extension 'python'
[0.115s] Level 1:colcon.colcon_core.package_identification:_identify(/home/rml/ros2_ws/src/quad-sdk/external/ipopt/coinbrew/Ipopt/tutorial/CodingExercise/Cpp) by extensions ['python_setup_py']
[0.115s] Level 1:colcon.colcon_core.package_identification:_identify(/home/rml/ros2_ws/src/quad-sdk/external/ipopt/coinbrew/Ipopt/tutorial/CodingExercise/Cpp) by extension 'python_setup_py'
[0.115s] Level 1:colcon.colcon_core.package_identification:_identify(/home/rml/ros2_ws/src/quad-sdk/external/ipopt/coinbrew/Ipopt/tutorial/CodingExercise/Cpp/1-skeleton) by extensions ['ignore', 'ignore_ament_install']
[0.115s] Level 1:colcon.colcon_core.package_identification:_identify(/home/rml/ros2_ws/src/quad-sdk/external/ipopt/coinbrew/Ipopt/tutorial/CodingExercise/Cpp/1-skeleton) by extension 'ignore'
[0.115s] Level 1:colcon.colcon_core.package_identification:_identify(/home/rml/ros2_ws/src/quad-sdk/external/ipopt/coinbrew/Ipopt/tutorial/CodingExercise/Cpp/1-skeleton) by extension 'ignore_ament_install'
[0.115s] Level 1:colcon.colcon_core.package_identification:_identify(/home/rml/ros2_ws/src/quad-sdk/external/ipopt/coinbrew/Ipopt/tutorial/CodingExercise/Cpp/1-skeleton) by extensions ['colcon_pkg']
[0.115s] Level 1:colcon.colcon_core.package_identification:_identify(/home/rml/ros2_ws/src/quad-sdk/external/ipopt/coinbrew/Ipopt/tutorial/CodingExercise/Cpp/1-skeleton) by extension 'colcon_pkg'
[0.115s] Level 1:colcon.colcon_core.package_identification:_identify(/home/rml/ros2_ws/src/quad-sdk/external/ipopt/coinbrew/Ipopt/tutorial/CodingExercise/Cpp/1-skeleton) by extensions ['colcon_meta']
[0.115s] Level 1:colcon.colcon_core.package_identification:_identify(/home/rml/ros2_ws/src/quad-sdk/external/ipopt/coinbrew/Ipopt/tutorial/CodingExercise/Cpp/1-skeleton) by extension 'colcon_meta'
[0.115s] Level 1:colcon.colcon_core.package_identification:_identify(/home/rml/ros2_ws/src/quad-sdk/external/ipopt/coinbrew/Ipopt/tutorial/CodingExercise/Cpp/1-skeleton) by extensions ['ros']
[0.115s] Level 1:colcon.colcon_core.package_identification:_identify(/home/rml/ros2_ws/src/quad-sdk/external/ipopt/coinbrew/Ipopt/tutorial/CodingExercise/Cpp/1-skeleton) by extension 'ros'
[0.115s] Level 1:colcon.colcon_core.package_identification:_identify(/home/rml/ros2_ws/src/quad-sdk/external/ipopt/coinbrew/Ipopt/tutorial/CodingExercise/Cpp/1-skeleton) by extensions ['cmake', 'python']
[0.115s] Level 1:colcon.colcon_core.package_identification:_identify(/home/rml/ros2_ws/src/quad-sdk/external/ipopt/coinbrew/Ipopt/tutorial/CodingExercise/Cpp/1-skeleton) by extension 'cmake'
[0.115s] Level 1:colcon.colcon_core.package_identification:_identify(/home/rml/ros2_ws/src/quad-sdk/external/ipopt/coinbrew/Ipopt/tutorial/CodingExercise/Cpp/1-skeleton) by extension 'python'
[0.115s] Level 1:colcon.colcon_core.package_identification:_identify(/home/rml/ros2_ws/src/quad-sdk/external/ipopt/coinbrew/Ipopt/tutorial/CodingExercise/Cpp/1-skeleton) by extensions ['python_setup_py']
[0.115s] Level 1:colcon.colcon_core.package_identification:_identify(/home/rml/ros2_ws/src/quad-sdk/external/ipopt/coinbrew/Ipopt/tutorial/CodingExercise/Cpp/1-skeleton) by extension 'python_setup_py'
[0.115s] Level 1:colcon.colcon_core.package_identification:_identify(/home/rml/ros2_ws/src/quad-sdk/external/ipopt/coinbrew/Ipopt/tutorial/CodingExercise/Cpp/2-mistake) by extensions ['ignore', 'ignore_ament_install']
[0.115s] Level 1:colcon.colcon_core.package_identification:_identify(/home/rml/ros2_ws/src/quad-sdk/external/ipopt/coinbrew/Ipopt/tutorial/CodingExercise/Cpp/2-mistake) by extension 'ignore'
[0.115s] Level 1:colcon.colcon_core.package_identification:_identify(/home/rml/ros2_ws/src/quad-sdk/external/ipopt/coinbrew/Ipopt/tutorial/CodingExercise/Cpp/2-mistake) by extension 'ignore_ament_install'
[0.115s] Level 1:colcon.colcon_core.package_identification:_identify(/home/rml/ros2_ws/src/quad-sdk/external/ipopt/coinbrew/Ipopt/tutorial/CodingExercise/Cpp/2-mistake) by extensions ['colcon_pkg']
[0.115s] Level 1:colcon.colcon_core.package_identification:_identify(/home/rml/ros2_ws/src/quad-sdk/external/ipopt/coinbrew/Ipopt/tutorial/CodingExercise/Cpp/2-mistake) by extension 'colcon_pkg'
[0.115s] Level 1:colcon.colcon_core.package_identification:_identify(/home/rml/ros2_ws/src/quad-sdk/external/ipopt/coinbrew/Ipopt/tutorial/CodingExercise/Cpp/2-mistake) by extensions ['colcon_meta']
[0.115s] Level 1:colcon.colcon_core.package_identification:_identify(/home/rml/ros2_ws/src/quad-sdk/external/ipopt/coinbrew/Ipopt/tutorial/CodingExercise/Cpp/2-mistake) by extension 'colcon_meta'
[0.115s] Level 1:colcon.colcon_core.package_identification:_identify(/home/rml/ros2_ws/src/quad-sdk/external/ipopt/coinbrew/Ipopt/tutorial/CodingExercise/Cpp/2-mistake) by extensions ['ros']
[0.115s] Level 1:colcon.colcon_core.package_identification:_identify(/home/rml/ros2_ws/src/quad-sdk/external/ipopt/coinbrew/Ipopt/tutorial/CodingExercise/Cpp/2-mistake) by extension 'ros'
[0.115s] Level 1:colcon.colcon_core.package_identification:_identify(/home/rml/ros2_ws/src/quad-sdk/external/ipopt/coinbrew/Ipopt/tutorial/CodingExercise/Cpp/2-mistake) by extensions ['cmake', 'python']
[0.115s] Level 1:colcon.colcon_core.package_identification:_identify(/home/rml/ros2_ws/src/quad-sdk/external/ipopt/coinbrew/Ipopt/tutorial/CodingExercise/Cpp/2-mistake) by extension 'cmake'
[0.116s] Level 1:colcon.colcon_core.package_identification:_identify(/home/rml/ros2_ws/src/quad-sdk/external/ipopt/coinbrew/Ipopt/tutorial/CodingExercise/Cpp/2-mistake) by extension 'python'
[0.116s] Level 1:colcon.colcon_core.package_identification:_identify(/home/rml/ros2_ws/src/quad-sdk/external/ipopt/coinbrew/Ipopt/tutorial/CodingExercise/Cpp/2-mistake) by extensions ['python_setup_py']
[0.116s] Level 1:colcon.colcon_core.package_identification:_identify(/home/rml/ros2_ws/src/quad-sdk/external/ipopt/coinbrew/Ipopt/tutorial/CodingExercise/Cpp/2-mistake) by extension 'python_setup_py'
[0.116s] Level 1:colcon.colcon_core.package_identification:_identify(/home/rml/ros2_ws/src/quad-sdk/external/ipopt/coinbrew/Ipopt/tutorial/CodingExercise/Cpp/3-solution) by extensions ['ignore', 'ignore_ament_install']
[0.116s] Level 1:colcon.colcon_core.package_identification:_identify(/home/rml/ros2_ws/src/quad-sdk/external/ipopt/coinbrew/Ipopt/tutorial/CodingExercise/Cpp/3-solution) by extension 'ignore'
[0.116s] Level 1:colcon.colcon_core.package_identification:_identify(/home/rml/ros2_ws/src/quad-sdk/external/ipopt/coinbrew/Ipopt/tutorial/CodingExercise/Cpp/3-solution) by extension 'ignore_ament_install'
[0.116s] Level 1:colcon.colcon_core.package_identification:_identify(/home/rml/ros2_ws/src/quad-sdk/external/ipopt/coinbrew/Ipopt/tutorial/CodingExercise/Cpp/3-solution) by extensions ['colcon_pkg']
[0.116s] Level 1:colcon.colcon_core.package_identification:_identify(/home/rml/ros2_ws/src/quad-sdk/external/ipopt/coinbrew/Ipopt/tutorial/CodingExercise/Cpp/3-solution) by extension 'colcon_pkg'
[0.116s] Level 1:colcon.colcon_core.package_identification:_identify(/home/rml/ros2_ws/src/quad-sdk/external/ipopt/coinbrew/Ipopt/tutorial/CodingExercise/Cpp/3-solution) by extensions ['colcon_meta']
[0.116s] Level 1:colcon.colcon_core.package_identification:_identify(/home/rml/ros2_ws/src/quad-sdk/external/ipopt/coinbrew/Ipopt/tutorial/CodingExercise/Cpp/3-solution) by extension 'colcon_meta'
[0.116s] Level 1:colcon.colcon_core.package_identification:_identify(/home/rml/ros2_ws/src/quad-sdk/external/ipopt/coinbrew/Ipopt/tutorial/CodingExercise/Cpp/3-solution) by extensions ['ros']
[0.116s] Level 1:colcon.colcon_core.package_identification:_identify(/home/rml/ros2_ws/src/quad-sdk/external/ipopt/coinbrew/Ipopt/tutorial/CodingExercise/Cpp/3-solution) by extension 'ros'
[0.116s] Level 1:colcon.colcon_core.package_identification:_identify(/home/rml/ros2_ws/src/quad-sdk/external/ipopt/coinbrew/Ipopt/tutorial/CodingExercise/Cpp/3-solution) by extensions ['cmake', 'python']
[0.116s] Level 1:colcon.colcon_core.package_identification:_identify(/home/rml/ros2_ws/src/quad-sdk/external/ipopt/coinbrew/Ipopt/tutorial/CodingExercise/Cpp/3-solution) by extension 'cmake'
[0.116s] Level 1:colcon.colcon_core.package_identification:_identify(/home/rml/ros2_ws/src/quad-sdk/external/ipopt/coinbrew/Ipopt/tutorial/CodingExercise/Cpp/3-solution) by extension 'python'
[0.116s] Level 1:colcon.colcon_core.package_identification:_identify(/home/rml/ros2_ws/src/quad-sdk/external/ipopt/coinbrew/Ipopt/tutorial/CodingExercise/Cpp/3-solution) by extensions ['python_setup_py']
[0.116s] Level 1:colcon.colcon_core.package_identification:_identify(/home/rml/ros2_ws/src/quad-sdk/external/ipopt/coinbrew/Ipopt/tutorial/CodingExercise/Cpp/3-solution) by extension 'python_setup_py'
[0.116s] Level 1:colcon.colcon_core.package_identification:_identify(/home/rml/ros2_ws/src/quad-sdk/external/ipopt/coinbrew/Ipopt/tutorial/CodingExercise/Fortran) by extensions ['ignore', 'ignore_ament_install']
[0.116s] Level 1:colcon.colcon_core.package_identification:_identify(/home/rml/ros2_ws/src/quad-sdk/external/ipopt/coinbrew/Ipopt/tutorial/CodingExercise/Fortran) by extension 'ignore'
[0.116s] Level 1:colcon.colcon_core.package_identification:_identify(/home/rml/ros2_ws/src/quad-sdk/external/ipopt/coinbrew/Ipopt/tutorial/CodingExercise/Fortran) by extension 'ignore_ament_install'
[0.116s] Level 1:colcon.colcon_core.package_identification:_identify(/home/rml/ros2_ws/src/quad-sdk/external/ipopt/coinbrew/Ipopt/tutorial/CodingExercise/Fortran) by extensions ['colcon_pkg']
[0.116s] Level 1:colcon.colcon_core.package_identification:_identify(/home/rml/ros2_ws/src/quad-sdk/external/ipopt/coinbrew/Ipopt/tutorial/CodingExercise/Fortran) by extension 'colcon_pkg'
[0.116s] Level 1:colcon.colcon_core.package_identification:_identify(/home/rml/ros2_ws/src/quad-sdk/external/ipopt/coinbrew/Ipopt/tutorial/CodingExercise/Fortran) by extensions ['colcon_meta']
[0.116s] Level 1:colcon.colcon_core.package_identification:_identify(/home/rml/ros2_ws/src/quad-sdk/external/ipopt/coinbrew/Ipopt/tutorial/CodingExercise/Fortran) by extension 'colcon_meta'
[0.116s] Level 1:colcon.colcon_core.package_identification:_identify(/home/rml/ros2_ws/src/quad-sdk/external/ipopt/coinbrew/Ipopt/tutorial/CodingExercise/Fortran) by extensions ['ros']
[0.116s] Level 1:colcon.colcon_core.package_identification:_identify(/home/rml/ros2_ws/src/quad-sdk/external/ipopt/coinbrew/Ipopt/tutorial/CodingExercise/Fortran) by extension 'ros'
[0.116s] Level 1:colcon.colcon_core.package_identification:_identify(/home/rml/ros2_ws/src/quad-sdk/external/ipopt/coinbrew/Ipopt/tutorial/CodingExercise/Fortran) by extensions ['cmake', 'python']
[0.116s] Level 1:colcon.colcon_core.package_identification:_identify(/home/rml/ros2_ws/src/quad-sdk/external/ipopt/coinbrew/Ipopt/tutorial/CodingExercise/Fortran) by extension 'cmake'
[0.116s] Level 1:colcon.colcon_core.package_identification:_identify(/home/rml/ros2_ws/src/quad-sdk/external/ipopt/coinbrew/Ipopt/tutorial/CodingExercise/Fortran) by extension 'python'
[0.116s] Level 1:colcon.colcon_core.package_identification:_identify(/home/rml/ros2_ws/src/quad-sdk/external/ipopt/coinbrew/Ipopt/tutorial/CodingExercise/Fortran) by extensions ['python_setup_py']
[0.116s] Level 1:colcon.colcon_core.package_identification:_identify(/home/rml/ros2_ws/src/quad-sdk/external/ipopt/coinbrew/Ipopt/tutorial/CodingExercise/Fortran) by extension 'python_setup_py'
[0.116s] Level 1:colcon.colcon_core.package_identification:_identify(/home/rml/ros2_ws/src/quad-sdk/external/ipopt/coinbrew/Ipopt/tutorial/CodingExercise/Fortran/1-skeleton) by extensions ['ignore', 'ignore_ament_install']
[0.116s] Level 1:colcon.colcon_core.package_identification:_identify(/home/rml/ros2_ws/src/quad-sdk/external/ipopt/coinbrew/Ipopt/tutorial/CodingExercise/Fortran/1-skeleton) by extension 'ignore'
[0.116s] Level 1:colcon.colcon_core.package_identification:_identify(/home/rml/ros2_ws/src/quad-sdk/external/ipopt/coinbrew/Ipopt/tutorial/CodingExercise/Fortran/1-skeleton) by extension 'ignore_ament_install'
[0.116s] Level 1:colcon.colcon_core.package_identification:_identify(/home/rml/ros2_ws/src/quad-sdk/external/ipopt/coinbrew/Ipopt/tutorial/CodingExercise/Fortran/1-skeleton) by extensions ['colcon_pkg']
[0.116s] Level 1:colcon.colcon_core.package_identification:_identify(/home/rml/ros2_ws/src/quad-sdk/external/ipopt/coinbrew/Ipopt/tutorial/CodingExercise/Fortran/1-skeleton) by extension 'colcon_pkg'
[0.116s] Level 1:colcon.colcon_core.package_identification:_identify(/home/rml/ros2_ws/src/quad-sdk/external/ipopt/coinbrew/Ipopt/tutorial/CodingExercise/Fortran/1-skeleton) by extensions ['colcon_meta']
[0.116s] Level 1:colcon.colcon_core.package_identification:_identify(/home/rml/ros2_ws/src/quad-sdk/external/ipopt/coinbrew/Ipopt/tutorial/CodingExercise/Fortran/1-skeleton) by extension 'colcon_meta'
[0.116s] Level 1:colcon.colcon_core.package_identification:_identify(/home/rml/ros2_ws/src/quad-sdk/external/ipopt/coinbrew/Ipopt/tutorial/CodingExercise/Fortran/1-skeleton) by extensions ['ros']
[0.116s] Level 1:colcon.colcon_core.package_identification:_identify(/home/rml/ros2_ws/src/quad-sdk/external/ipopt/coinbrew/Ipopt/tutorial/CodingExercise/Fortran/1-skeleton) by extension 'ros'
[0.116s] Level 1:colcon.colcon_core.package_identification:_identify(/home/rml/ros2_ws/src/quad-sdk/external/ipopt/coinbrew/Ipopt/tutorial/CodingExercise/Fortran/1-skeleton) by extensions ['cmake', 'python']
[0.116s] Level 1:colcon.colcon_core.package_identification:_identify(/home/rml/ros2_ws/src/quad-sdk/external/ipopt/coinbrew/Ipopt/tutorial/CodingExercise/Fortran/1-skeleton) by extension 'cmake'
[0.116s] Level 1:colcon.colcon_core.package_identification:_identify(/home/rml/ros2_ws/src/quad-sdk/external/ipopt/coinbrew/Ipopt/tutorial/CodingExercise/Fortran/1-skeleton) by extension 'python'
[0.116s] Level 1:colcon.colcon_core.package_identification:_identify(/home/rml/ros2_ws/src/quad-sdk/external/ipopt/coinbrew/Ipopt/tutorial/CodingExercise/Fortran/1-skeleton) by extensions ['python_setup_py']
[0.116s] Level 1:colcon.colcon_core.package_identification:_identify(/home/rml/ros2_ws/src/quad-sdk/external/ipopt/coinbrew/Ipopt/tutorial/CodingExercise/Fortran/1-skeleton) by extension 'python_setup_py'
[0.116s] Level 1:colcon.colcon_core.package_identification:_identify(/home/rml/ros2_ws/src/quad-sdk/external/ipopt/coinbrew/Ipopt/tutorial/CodingExercise/Fortran/2-mistake) by extensions ['ignore', 'ignore_ament_install']
[0.116s] Level 1:colcon.colcon_core.package_identification:_identify(/home/rml/ros2_ws/src/quad-sdk/external/ipopt/coinbrew/Ipopt/tutorial/CodingExercise/Fortran/2-mistake) by extension 'ignore'
[0.116s] Level 1:colcon.colcon_core.package_identification:_identify(/home/rml/ros2_ws/src/quad-sdk/external/ipopt/coinbrew/Ipopt/tutorial/CodingExercise/Fortran/2-mistake) by extension 'ignore_ament_install'
[0.116s] Level 1:colcon.colcon_core.package_identification:_identify(/home/rml/ros2_ws/src/quad-sdk/external/ipopt/coinbrew/Ipopt/tutorial/CodingExercise/Fortran/2-mistake) by extensions ['colcon_pkg']
[0.116s] Level 1:colcon.colcon_core.package_identification:_identify(/home/rml/ros2_ws/src/quad-sdk/external/ipopt/coinbrew/Ipopt/tutorial/CodingExercise/Fortran/2-mistake) by extension 'colcon_pkg'
[0.116s] Level 1:colcon.colcon_core.package_identification:_identify(/home/rml/ros2_ws/src/quad-sdk/external/ipopt/coinbrew/Ipopt/tutorial/CodingExercise/Fortran/2-mistake) by extensions ['colcon_meta']
[0.116s] Level 1:colcon.colcon_core.package_identification:_identify(/home/rml/ros2_ws/src/quad-sdk/external/ipopt/coinbrew/Ipopt/tutorial/CodingExercise/Fortran/2-mistake) by extension 'colcon_meta'
[0.116s] Level 1:colcon.colcon_core.package_identification:_identify(/home/rml/ros2_ws/src/quad-sdk/external/ipopt/coinbrew/Ipopt/tutorial/CodingExercise/Fortran/2-mistake) by extensions ['ros']
[0.116s] Level 1:colcon.colcon_core.package_identification:_identify(/home/rml/ros2_ws/src/quad-sdk/external/ipopt/coinbrew/Ipopt/tutorial/CodingExercise/Fortran/2-mistake) by extension 'ros'
[0.116s] Level 1:colcon.colcon_core.package_identification:_identify(/home/rml/ros2_ws/src/quad-sdk/external/ipopt/coinbrew/Ipopt/tutorial/CodingExercise/Fortran/2-mistake) by extensions ['cmake', 'python']
[0.116s] Level 1:colcon.colcon_core.package_identification:_identify(/home/rml/ros2_ws/src/quad-sdk/external/ipopt/coinbrew/Ipopt/tutorial/CodingExercise/Fortran/2-mistake) by extension 'cmake'
[0.117s] Level 1:colcon.colcon_core.package_identification:_identify(/home/rml/ros2_ws/src/quad-sdk/external/ipopt/coinbrew/Ipopt/tutorial/CodingExercise/Fortran/2-mistake) by extension 'python'
[0.117s] Level 1:colcon.colcon_core.package_identification:_identify(/home/rml/ros2_ws/src/quad-sdk/external/ipopt/coinbrew/Ipopt/tutorial/CodingExercise/Fortran/2-mistake) by extensions ['python_setup_py']
[0.117s] Level 1:colcon.colcon_core.package_identification:_identify(/home/rml/ros2_ws/src/quad-sdk/external/ipopt/coinbrew/Ipopt/tutorial/CodingExercise/Fortran/2-mistake) by extension 'python_setup_py'
[0.117s] Level 1:colcon.colcon_core.package_identification:_identify(/home/rml/ros2_ws/src/quad-sdk/external/ipopt/coinbrew/Ipopt/tutorial/CodingExercise/Fortran/3-solution) by extensions ['ignore', 'ignore_ament_install']
[0.117s] Level 1:colcon.colcon_core.package_identification:_identify(/home/rml/ros2_ws/src/quad-sdk/external/ipopt/coinbrew/Ipopt/tutorial/CodingExercise/Fortran/3-solution) by extension 'ignore'
[0.117s] Level 1:colcon.colcon_core.package_identification:_identify(/home/rml/ros2_ws/src/quad-sdk/external/ipopt/coinbrew/Ipopt/tutorial/CodingExercise/Fortran/3-solution) by extension 'ignore_ament_install'
[0.117s] Level 1:colcon.colcon_core.package_identification:_identify(/home/rml/ros2_ws/src/quad-sdk/external/ipopt/coinbrew/Ipopt/tutorial/CodingExercise/Fortran/3-solution) by extensions ['colcon_pkg']
[0.117s] Level 1:colcon.colcon_core.package_identification:_identify(/home/rml/ros2_ws/src/quad-sdk/external/ipopt/coinbrew/Ipopt/tutorial/CodingExercise/Fortran/3-solution) by extension 'colcon_pkg'
[0.117s] Level 1:colcon.colcon_core.package_identification:_identify(/home/rml/ros2_ws/src/quad-sdk/external/ipopt/coinbrew/Ipopt/tutorial/CodingExercise/Fortran/3-solution) by extensions ['colcon_meta']
[0.117s] Level 1:colcon.colcon_core.package_identification:_identify(/home/rml/ros2_ws/src/quad-sdk/external/ipopt/coinbrew/Ipopt/tutorial/CodingExercise/Fortran/3-solution) by extension 'colcon_meta'
[0.117s] Level 1:colcon.colcon_core.package_identification:_identify(/home/rml/ros2_ws/src/quad-sdk/external/ipopt/coinbrew/Ipopt/tutorial/CodingExercise/Fortran/3-solution) by extensions ['ros']
[0.117s] Level 1:colcon.colcon_core.package_identification:_identify(/home/rml/ros2_ws/src/quad-sdk/external/ipopt/coinbrew/Ipopt/tutorial/CodingExercise/Fortran/3-solution) by extension 'ros'
[0.117s] Level 1:colcon.colcon_core.package_identification:_identify(/home/rml/ros2_ws/src/quad-sdk/external/ipopt/coinbrew/Ipopt/tutorial/CodingExercise/Fortran/3-solution) by extensions ['cmake', 'python']
[0.117s] Level 1:colcon.colcon_core.package_identification:_identify(/home/rml/ros2_ws/src/quad-sdk/external/ipopt/coinbrew/Ipopt/tutorial/CodingExercise/Fortran/3-solution) by extension 'cmake'
[0.117s] Level 1:colcon.colcon_core.package_identification:_identify(/home/rml/ros2_ws/src/quad-sdk/external/ipopt/coinbrew/Ipopt/tutorial/CodingExercise/Fortran/3-solution) by extension 'python'
[0.117s] Level 1:colcon.colcon_core.package_identification:_identify(/home/rml/ros2_ws/src/quad-sdk/external/ipopt/coinbrew/Ipopt/tutorial/CodingExercise/Fortran/3-solution) by extensions ['python_setup_py']
[0.117s] Level 1:colcon.colcon_core.package_identification:_identify(/home/rml/ros2_ws/src/quad-sdk/external/ipopt/coinbrew/Ipopt/tutorial/CodingExercise/Fortran/3-solution) by extension 'python_setup_py'
[0.117s] Level 1:colcon.colcon_core.package_identification:_identify(/home/rml/ros2_ws/src/quad-sdk/external/ipopt/coinbrew/Ipopt/tutorial/CodingExercise/Matlab) by extensions ['ignore', 'ignore_ament_install']
[0.117s] Level 1:colcon.colcon_core.package_identification:_identify(/home/rml/ros2_ws/src/quad-sdk/external/ipopt/coinbrew/Ipopt/tutorial/CodingExercise/Matlab) by extension 'ignore'
[0.117s] Level 1:colcon.colcon_core.package_identification:_identify(/home/rml/ros2_ws/src/quad-sdk/external/ipopt/coinbrew/Ipopt/tutorial/CodingExercise/Matlab) by extension 'ignore_ament_install'
[0.117s] Level 1:colcon.colcon_core.package_identification:_identify(/home/rml/ros2_ws/src/quad-sdk/external/ipopt/coinbrew/Ipopt/tutorial/CodingExercise/Matlab) by extensions ['colcon_pkg']
[0.117s] Level 1:colcon.colcon_core.package_identification:_identify(/home/rml/ros2_ws/src/quad-sdk/external/ipopt/coinbrew/Ipopt/tutorial/CodingExercise/Matlab) by extension 'colcon_pkg'
[0.117s] Level 1:colcon.colcon_core.package_identification:_identify(/home/rml/ros2_ws/src/quad-sdk/external/ipopt/coinbrew/Ipopt/tutorial/CodingExercise/Matlab) by extensions ['colcon_meta']
[0.117s] Level 1:colcon.colcon_core.package_identification:_identify(/home/rml/ros2_ws/src/quad-sdk/external/ipopt/coinbrew/Ipopt/tutorial/CodingExercise/Matlab) by extension 'colcon_meta'
[0.117s] Level 1:colcon.colcon_core.package_identification:_identify(/home/rml/ros2_ws/src/quad-sdk/external/ipopt/coinbrew/Ipopt/tutorial/CodingExercise/Matlab) by extensions ['ros']
[0.117s] Level 1:colcon.colcon_core.package_identification:_identify(/home/rml/ros2_ws/src/quad-sdk/external/ipopt/coinbrew/Ipopt/tutorial/CodingExercise/Matlab) by extension 'ros'
[0.117s] Level 1:colcon.colcon_core.package_identification:_identify(/home/rml/ros2_ws/src/quad-sdk/external/ipopt/coinbrew/Ipopt/tutorial/CodingExercise/Matlab) by extensions ['cmake', 'python']
[0.117s] Level 1:colcon.colcon_core.package_identification:_identify(/home/rml/ros2_ws/src/quad-sdk/external/ipopt/coinbrew/Ipopt/tutorial/CodingExercise/Matlab) by extension 'cmake'
[0.117s] Level 1:colcon.colcon_core.package_identification:_identify(/home/rml/ros2_ws/src/quad-sdk/external/ipopt/coinbrew/Ipopt/tutorial/CodingExercise/Matlab) by extension 'python'
[0.117s] Level 1:colcon.colcon_core.package_identification:_identify(/home/rml/ros2_ws/src/quad-sdk/external/ipopt/coinbrew/Ipopt/tutorial/CodingExercise/Matlab) by extensions ['python_setup_py']
[0.117s] Level 1:colcon.colcon_core.package_identification:_identify(/home/rml/ros2_ws/src/quad-sdk/external/ipopt/coinbrew/Ipopt/tutorial/CodingExercise/Matlab) by extension 'python_setup_py'
[0.117s] Level 1:colcon.colcon_core.package_identification:_identify(/home/rml/ros2_ws/src/quad-sdk/external/ipopt/coinbrew/Ipopt/tutorial/CodingExercise/Matlab/1-skeleton) by extensions ['ignore', 'ignore_ament_install']
[0.117s] Level 1:colcon.colcon_core.package_identification:_identify(/home/rml/ros2_ws/src/quad-sdk/external/ipopt/coinbrew/Ipopt/tutorial/CodingExercise/Matlab/1-skeleton) by extension 'ignore'
[0.117s] Level 1:colcon.colcon_core.package_identification:_identify(/home/rml/ros2_ws/src/quad-sdk/external/ipopt/coinbrew/Ipopt/tutorial/CodingExercise/Matlab/1-skeleton) by extension 'ignore_ament_install'
[0.117s] Level 1:colcon.colcon_core.package_identification:_identify(/home/rml/ros2_ws/src/quad-sdk/external/ipopt/coinbrew/Ipopt/tutorial/CodingExercise/Matlab/1-skeleton) by extensions ['colcon_pkg']
[0.117s] Level 1:colcon.colcon_core.package_identification:_identify(/home/rml/ros2_ws/src/quad-sdk/external/ipopt/coinbrew/Ipopt/tutorial/CodingExercise/Matlab/1-skeleton) by extension 'colcon_pkg'
[0.117s] Level 1:colcon.colcon_core.package_identification:_identify(/home/rml/ros2_ws/src/quad-sdk/external/ipopt/coinbrew/Ipopt/tutorial/CodingExercise/Matlab/1-skeleton) by extensions ['colcon_meta']
[0.117s] Level 1:colcon.colcon_core.package_identification:_identify(/home/rml/ros2_ws/src/quad-sdk/external/ipopt/coinbrew/Ipopt/tutorial/CodingExercise/Matlab/1-skeleton) by extension 'colcon_meta'
[0.117s] Level 1:colcon.colcon_core.package_identification:_identify(/home/rml/ros2_ws/src/quad-sdk/external/ipopt/coinbrew/Ipopt/tutorial/CodingExercise/Matlab/1-skeleton) by extensions ['ros']
[0.117s] Level 1:colcon.colcon_core.package_identification:_identify(/home/rml/ros2_ws/src/quad-sdk/external/ipopt/coinbrew/Ipopt/tutorial/CodingExercise/Matlab/1-skeleton) by extension 'ros'
[0.117s] Level 1:colcon.colcon_core.package_identification:_identify(/home/rml/ros2_ws/src/quad-sdk/external/ipopt/coinbrew/Ipopt/tutorial/CodingExercise/Matlab/1-skeleton) by extensions ['cmake', 'python']
[0.117s] Level 1:colcon.colcon_core.package_identification:_identify(/home/rml/ros2_ws/src/quad-sdk/external/ipopt/coinbrew/Ipopt/tutorial/CodingExercise/Matlab/1-skeleton) by extension 'cmake'
[0.117s] Level 1:colcon.colcon_core.package_identification:_identify(/home/rml/ros2_ws/src/quad-sdk/external/ipopt/coinbrew/Ipopt/tutorial/CodingExercise/Matlab/1-skeleton) by extension 'python'
[0.117s] Level 1:colcon.colcon_core.package_identification:_identify(/home/rml/ros2_ws/src/quad-sdk/external/ipopt/coinbrew/Ipopt/tutorial/CodingExercise/Matlab/1-skeleton) by extensions ['python_setup_py']
[0.117s] Level 1:colcon.colcon_core.package_identification:_identify(/home/rml/ros2_ws/src/quad-sdk/external/ipopt/coinbrew/Ipopt/tutorial/CodingExercise/Matlab/1-skeleton) by extension 'python_setup_py'
[0.117s] Level 1:colcon.colcon_core.package_identification:_identify(/home/rml/ros2_ws/src/quad-sdk/external/ipopt/coinbrew/Ipopt/tutorial/CodingExercise/Matlab/2-mistake) by extensions ['ignore', 'ignore_ament_install']
[0.118s] Level 1:colcon.colcon_core.package_identification:_identify(/home/rml/ros2_ws/src/quad-sdk/external/ipopt/coinbrew/Ipopt/tutorial/CodingExercise/Matlab/2-mistake) by extension 'ignore'
[0.118s] Level 1:colcon.colcon_core.package_identification:_identify(/home/rml/ros2_ws/src/quad-sdk/external/ipopt/coinbrew/Ipopt/tutorial/CodingExercise/Matlab/2-mistake) by extension 'ignore_ament_install'
[0.118s] Level 1:colcon.colcon_core.package_identification:_identify(/home/rml/ros2_ws/src/quad-sdk/external/ipopt/coinbrew/Ipopt/tutorial/CodingExercise/Matlab/2-mistake) by extensions ['colcon_pkg']
[0.118s] Level 1:colcon.colcon_core.package_identification:_identify(/home/rml/ros2_ws/src/quad-sdk/external/ipopt/coinbrew/Ipopt/tutorial/CodingExercise/Matlab/2-mistake) by extension 'colcon_pkg'
[0.118s] Level 1:colcon.colcon_core.package_identification:_identify(/home/rml/ros2_ws/src/quad-sdk/external/ipopt/coinbrew/Ipopt/tutorial/CodingExercise/Matlab/2-mistake) by extensions ['colcon_meta']
[0.118s] Level 1:colcon.colcon_core.package_identification:_identify(/home/rml/ros2_ws/src/quad-sdk/external/ipopt/coinbrew/Ipopt/tutorial/CodingExercise/Matlab/2-mistake) by extension 'colcon_meta'
[0.118s] Level 1:colcon.colcon_core.package_identification:_identify(/home/rml/ros2_ws/src/quad-sdk/external/ipopt/coinbrew/Ipopt/tutorial/CodingExercise/Matlab/2-mistake) by extensions ['ros']
[0.118s] Level 1:colcon.colcon_core.package_identification:_identify(/home/rml/ros2_ws/src/quad-sdk/external/ipopt/coinbrew/Ipopt/tutorial/CodingExercise/Matlab/2-mistake) by extension 'ros'
[0.118s] Level 1:colcon.colcon_core.package_identification:_identify(/home/rml/ros2_ws/src/quad-sdk/external/ipopt/coinbrew/Ipopt/tutorial/CodingExercise/Matlab/2-mistake) by extensions ['cmake', 'python']
[0.118s] Level 1:colcon.colcon_core.package_identification:_identify(/home/rml/ros2_ws/src/quad-sdk/external/ipopt/coinbrew/Ipopt/tutorial/CodingExercise/Matlab/2-mistake) by extension 'cmake'
[0.118s] Level 1:colcon.colcon_core.package_identification:_identify(/home/rml/ros2_ws/src/quad-sdk/external/ipopt/coinbrew/Ipopt/tutorial/CodingExercise/Matlab/2-mistake) by extension 'python'
[0.118s] Level 1:colcon.colcon_core.package_identification:_identify(/home/rml/ros2_ws/src/quad-sdk/external/ipopt/coinbrew/Ipopt/tutorial/CodingExercise/Matlab/2-mistake) by extensions ['python_setup_py']
[0.118s] Level 1:colcon.colcon_core.package_identification:_identify(/home/rml/ros2_ws/src/quad-sdk/external/ipopt/coinbrew/Ipopt/tutorial/CodingExercise/Matlab/2-mistake) by extension 'python_setup_py'
[0.118s] Level 1:colcon.colcon_core.package_identification:_identify(/home/rml/ros2_ws/src/quad-sdk/external/ipopt/coinbrew/Ipopt/tutorial/CodingExercise/Matlab/3-solution) by extensions ['ignore', 'ignore_ament_install']
[0.118s] Level 1:colcon.colcon_core.package_identification:_identify(/home/rml/ros2_ws/src/quad-sdk/external/ipopt/coinbrew/Ipopt/tutorial/CodingExercise/Matlab/3-solution) by extension 'ignore'
[0.118s] Level 1:colcon.colcon_core.package_identification:_identify(/home/rml/ros2_ws/src/quad-sdk/external/ipopt/coinbrew/Ipopt/tutorial/CodingExercise/Matlab/3-solution) by extension 'ignore_ament_install'
[0.118s] Level 1:colcon.colcon_core.package_identification:_identify(/home/rml/ros2_ws/src/quad-sdk/external/ipopt/coinbrew/Ipopt/tutorial/CodingExercise/Matlab/3-solution) by extensions ['colcon_pkg']
[0.118s] Level 1:colcon.colcon_core.package_identification:_identify(/home/rml/ros2_ws/src/quad-sdk/external/ipopt/coinbrew/Ipopt/tutorial/CodingExercise/Matlab/3-solution) by extension 'colcon_pkg'
[0.118s] Level 1:colcon.colcon_core.package_identification:_identify(/home/rml/ros2_ws/src/quad-sdk/external/ipopt/coinbrew/Ipopt/tutorial/CodingExercise/Matlab/3-solution) by extensions ['colcon_meta']
[0.118s] Level 1:colcon.colcon_core.package_identification:_identify(/home/rml/ros2_ws/src/quad-sdk/external/ipopt/coinbrew/Ipopt/tutorial/CodingExercise/Matlab/3-solution) by extension 'colcon_meta'
[0.118s] Level 1:colcon.colcon_core.package_identification:_identify(/home/rml/ros2_ws/src/quad-sdk/external/ipopt/coinbrew/Ipopt/tutorial/CodingExercise/Matlab/3-solution) by extensions ['ros']
[0.118s] Level 1:colcon.colcon_core.package_identification:_identify(/home/rml/ros2_ws/src/quad-sdk/external/ipopt/coinbrew/Ipopt/tutorial/CodingExercise/Matlab/3-solution) by extension 'ros'
[0.118s] Level 1:colcon.colcon_core.package_identification:_identify(/home/rml/ros2_ws/src/quad-sdk/external/ipopt/coinbrew/Ipopt/tutorial/CodingExercise/Matlab/3-solution) by extensions ['cmake', 'python']
[0.118s] Level 1:colcon.colcon_core.package_identification:_identify(/home/rml/ros2_ws/src/quad-sdk/external/ipopt/coinbrew/Ipopt/tutorial/CodingExercise/Matlab/3-solution) by extension 'cmake'
[0.118s] Level 1:colcon.colcon_core.package_identification:_identify(/home/rml/ros2_ws/src/quad-sdk/external/ipopt/coinbrew/Ipopt/tutorial/CodingExercise/Matlab/3-solution) by extension 'python'
[0.118s] Level 1:colcon.colcon_core.package_identification:_identify(/home/rml/ros2_ws/src/quad-sdk/external/ipopt/coinbrew/Ipopt/tutorial/CodingExercise/Matlab/3-solution) by extensions ['python_setup_py']
[0.118s] Level 1:colcon.colcon_core.package_identification:_identify(/home/rml/ros2_ws/src/quad-sdk/external/ipopt/coinbrew/Ipopt/tutorial/CodingExercise/Matlab/3-solution) by extension 'python_setup_py'
[0.118s] Level 1:colcon.colcon_core.package_identification:_identify(/home/rml/ros2_ws/src/quad-sdk/external/ipopt/coinbrew/Ipopt/tutorial/Modeling) by extensions ['ignore', 'ignore_ament_install']
[0.118s] Level 1:colcon.colcon_core.package_identification:_identify(/home/rml/ros2_ws/src/quad-sdk/external/ipopt/coinbrew/Ipopt/tutorial/Modeling) by extension 'ignore'
[0.118s] Level 1:colcon.colcon_core.package_identification:_identify(/home/rml/ros2_ws/src/quad-sdk/external/ipopt/coinbrew/Ipopt/tutorial/Modeling) by extension 'ignore_ament_install'
[0.118s] Level 1:colcon.colcon_core.package_identification:_identify(/home/rml/ros2_ws/src/quad-sdk/external/ipopt/coinbrew/Ipopt/tutorial/Modeling) by extensions ['colcon_pkg']
[0.118s] Level 1:colcon.colcon_core.package_identification:_identify(/home/rml/ros2_ws/src/quad-sdk/external/ipopt/coinbrew/Ipopt/tutorial/Modeling) by extension 'colcon_pkg'
[0.118s] Level 1:colcon.colcon_core.package_identification:_identify(/home/rml/ros2_ws/src/quad-sdk/external/ipopt/coinbrew/Ipopt/tutorial/Modeling) by extensions ['colcon_meta']
[0.118s] Level 1:colcon.colcon_core.package_identification:_identify(/home/rml/ros2_ws/src/quad-sdk/external/ipopt/coinbrew/Ipopt/tutorial/Modeling) by extension 'colcon_meta'
[0.118s] Level 1:colcon.colcon_core.package_identification:_identify(/home/rml/ros2_ws/src/quad-sdk/external/ipopt/coinbrew/Ipopt/tutorial/Modeling) by extensions ['ros']
[0.118s] Level 1:colcon.colcon_core.package_identification:_identify(/home/rml/ros2_ws/src/quad-sdk/external/ipopt/coinbrew/Ipopt/tutorial/Modeling) by extension 'ros'
[0.118s] Level 1:colcon.colcon_core.package_identification:_identify(/home/rml/ros2_ws/src/quad-sdk/external/ipopt/coinbrew/Ipopt/tutorial/Modeling) by extensions ['cmake', 'python']
[0.118s] Level 1:colcon.colcon_core.package_identification:_identify(/home/rml/ros2_ws/src/quad-sdk/external/ipopt/coinbrew/Ipopt/tutorial/Modeling) by extension 'cmake'
[0.118s] Level 1:colcon.colcon_core.package_identification:_identify(/home/rml/ros2_ws/src/quad-sdk/external/ipopt/coinbrew/Ipopt/tutorial/Modeling) by extension 'python'
[0.118s] Level 1:colcon.colcon_core.package_identification:_identify(/home/rml/ros2_ws/src/quad-sdk/external/ipopt/coinbrew/Ipopt/tutorial/Modeling) by extensions ['python_setup_py']
[0.118s] Level 1:colcon.colcon_core.package_identification:_identify(/home/rml/ros2_ws/src/quad-sdk/external/ipopt/coinbrew/Ipopt/tutorial/Modeling) by extension 'python_setup_py'
[0.118s] Level 1:colcon.colcon_core.package_identification:_identify(/home/rml/ros2_ws/src/quad-sdk/external/ipopt/coinbrew/ThirdParty) by extensions ['ignore', 'ignore_ament_install']
[0.118s] Level 1:colcon.colcon_core.package_identification:_identify(/home/rml/ros2_ws/src/quad-sdk/external/ipopt/coinbrew/ThirdParty) by extension 'ignore'
[0.118s] Level 1:colcon.colcon_core.package_identification:_identify(/home/rml/ros2_ws/src/quad-sdk/external/ipopt/coinbrew/ThirdParty) by extension 'ignore_ament_install'
[0.118s] Level 1:colcon.colcon_core.package_identification:_identify(/home/rml/ros2_ws/src/quad-sdk/external/ipopt/coinbrew/ThirdParty) by extensions ['colcon_pkg']
[0.118s] Level 1:colcon.colcon_core.package_identification:_identify(/home/rml/ros2_ws/src/quad-sdk/external/ipopt/coinbrew/ThirdParty) by extension 'colcon_pkg'
[0.118s] Level 1:colcon.colcon_core.package_identification:_identify(/home/rml/ros2_ws/src/quad-sdk/external/ipopt/coinbrew/ThirdParty) by extensions ['colcon_meta']
[0.118s] Level 1:colcon.colcon_core.package_identification:_identify(/home/rml/ros2_ws/src/quad-sdk/external/ipopt/coinbrew/ThirdParty) by extension 'colcon_meta'
[0.118s] Level 1:colcon.colcon_core.package_identification:_identify(/home/rml/ros2_ws/src/quad-sdk/external/ipopt/coinbrew/ThirdParty) by extensions ['ros']
[0.118s] Level 1:colcon.colcon_core.package_identification:_identify(/home/rml/ros2_ws/src/quad-sdk/external/ipopt/coinbrew/ThirdParty) by extension 'ros'
[0.118s] Level 1:colcon.colcon_core.package_identification:_identify(/home/rml/ros2_ws/src/quad-sdk/external/ipopt/coinbrew/ThirdParty) by extensions ['cmake', 'python']
[0.118s] Level 1:colcon.colcon_core.package_identification:_identify(/home/rml/ros2_ws/src/quad-sdk/external/ipopt/coinbrew/ThirdParty) by extension 'cmake'
[0.118s] Level 1:colcon.colcon_core.package_identification:_identify(/home/rml/ros2_ws/src/quad-sdk/external/ipopt/coinbrew/ThirdParty) by extension 'python'
[0.119s] Level 1:colcon.colcon_core.package_identification:_identify(/home/rml/ros2_ws/src/quad-sdk/external/ipopt/coinbrew/ThirdParty) by extensions ['python_setup_py']
[0.119s] Level 1:colcon.colcon_core.package_identification:_identify(/home/rml/ros2_ws/src/quad-sdk/external/ipopt/coinbrew/ThirdParty) by extension 'python_setup_py'
[0.119s] Level 1:colcon.colcon_core.package_identification:_identify(/home/rml/ros2_ws/src/quad-sdk/external/ipopt/coinbrew/ThirdParty/ASL) by extensions ['ignore', 'ignore_ament_install']
[0.119s] Level 1:colcon.colcon_core.package_identification:_identify(/home/rml/ros2_ws/src/quad-sdk/external/ipopt/coinbrew/ThirdParty/ASL) by extension 'ignore'
[0.119s] Level 1:colcon.colcon_core.package_identification:_identify(/home/rml/ros2_ws/src/quad-sdk/external/ipopt/coinbrew/ThirdParty/ASL) by extension 'ignore_ament_install'
[0.119s] Level 1:colcon.colcon_core.package_identification:_identify(/home/rml/ros2_ws/src/quad-sdk/external/ipopt/coinbrew/ThirdParty/ASL) by extensions ['colcon_pkg']
[0.119s] Level 1:colcon.colcon_core.package_identification:_identify(/home/rml/ros2_ws/src/quad-sdk/external/ipopt/coinbrew/ThirdParty/ASL) by extension 'colcon_pkg'
[0.119s] Level 1:colcon.colcon_core.package_identification:_identify(/home/rml/ros2_ws/src/quad-sdk/external/ipopt/coinbrew/ThirdParty/ASL) by extensions ['colcon_meta']
[0.119s] Level 1:colcon.colcon_core.package_identification:_identify(/home/rml/ros2_ws/src/quad-sdk/external/ipopt/coinbrew/ThirdParty/ASL) by extension 'colcon_meta'
[0.119s] Level 1:colcon.colcon_core.package_identification:_identify(/home/rml/ros2_ws/src/quad-sdk/external/ipopt/coinbrew/ThirdParty/ASL) by extensions ['ros']
[0.119s] Level 1:colcon.colcon_core.package_identification:_identify(/home/rml/ros2_ws/src/quad-sdk/external/ipopt/coinbrew/ThirdParty/ASL) by extension 'ros'
[0.119s] Level 1:colcon.colcon_core.package_identification:_identify(/home/rml/ros2_ws/src/quad-sdk/external/ipopt/coinbrew/ThirdParty/ASL) by extensions ['cmake', 'python']
[0.119s] Level 1:colcon.colcon_core.package_identification:_identify(/home/rml/ros2_ws/src/quad-sdk/external/ipopt/coinbrew/ThirdParty/ASL) by extension 'cmake'
[0.119s] Level 1:colcon.colcon_core.package_identification:_identify(/home/rml/ros2_ws/src/quad-sdk/external/ipopt/coinbrew/ThirdParty/ASL) by extension 'python'
[0.119s] Level 1:colcon.colcon_core.package_identification:_identify(/home/rml/ros2_ws/src/quad-sdk/external/ipopt/coinbrew/ThirdParty/ASL) by extensions ['python_setup_py']
[0.119s] Level 1:colcon.colcon_core.package_identification:_identify(/home/rml/ros2_ws/src/quad-sdk/external/ipopt/coinbrew/ThirdParty/ASL) by extension 'python_setup_py'
[0.119s] Level 1:colcon.colcon_core.package_identification:_identify(/home/rml/ros2_ws/src/quad-sdk/external/ipopt/coinbrew/ThirdParty/ASL/solvers) by extensions ['ignore', 'ignore_ament_install']
[0.119s] Level 1:colcon.colcon_core.package_identification:_identify(/home/rml/ros2_ws/src/quad-sdk/external/ipopt/coinbrew/ThirdParty/ASL/solvers) by extension 'ignore'
[0.119s] Level 1:colcon.colcon_core.package_identification:_identify(/home/rml/ros2_ws/src/quad-sdk/external/ipopt/coinbrew/ThirdParty/ASL/solvers) by extension 'ignore_ament_install'
[0.119s] Level 1:colcon.colcon_core.package_identification:_identify(/home/rml/ros2_ws/src/quad-sdk/external/ipopt/coinbrew/ThirdParty/ASL/solvers) by extensions ['colcon_pkg']
[0.119s] Level 1:colcon.colcon_core.package_identification:_identify(/home/rml/ros2_ws/src/quad-sdk/external/ipopt/coinbrew/ThirdParty/ASL/solvers) by extension 'colcon_pkg'
[0.119s] Level 1:colcon.colcon_core.package_identification:_identify(/home/rml/ros2_ws/src/quad-sdk/external/ipopt/coinbrew/ThirdParty/ASL/solvers) by extensions ['colcon_meta']
[0.119s] Level 1:colcon.colcon_core.package_identification:_identify(/home/rml/ros2_ws/src/quad-sdk/external/ipopt/coinbrew/ThirdParty/ASL/solvers) by extension 'colcon_meta'
[0.119s] Level 1:colcon.colcon_core.package_identification:_identify(/home/rml/ros2_ws/src/quad-sdk/external/ipopt/coinbrew/ThirdParty/ASL/solvers) by extensions ['ros']
[0.119s] Level 1:colcon.colcon_core.package_identification:_identify(/home/rml/ros2_ws/src/quad-sdk/external/ipopt/coinbrew/ThirdParty/ASL/solvers) by extension 'ros'
[0.119s] Level 1:colcon.colcon_core.package_identification:_identify(/home/rml/ros2_ws/src/quad-sdk/external/ipopt/coinbrew/ThirdParty/ASL/solvers) by extensions ['cmake', 'python']
[0.119s] Level 1:colcon.colcon_core.package_identification:_identify(/home/rml/ros2_ws/src/quad-sdk/external/ipopt/coinbrew/ThirdParty/ASL/solvers) by extension 'cmake'
[0.119s] Level 1:colcon.colcon_core.package_identification:_identify(/home/rml/ros2_ws/src/quad-sdk/external/ipopt/coinbrew/ThirdParty/ASL/solvers) by extension 'python'
[0.119s] Level 1:colcon.colcon_core.package_identification:_identify(/home/rml/ros2_ws/src/quad-sdk/external/ipopt/coinbrew/ThirdParty/ASL/solvers) by extensions ['python_setup_py']
[0.119s] Level 1:colcon.colcon_core.package_identification:_identify(/home/rml/ros2_ws/src/quad-sdk/external/ipopt/coinbrew/ThirdParty/ASL/solvers) by extension 'python_setup_py'
[0.119s] Level 1:colcon.colcon_core.package_identification:_identify(/home/rml/ros2_ws/src/quad-sdk/external/ipopt/coinbrew/ThirdParty/HSL) by extensions ['ignore', 'ignore_ament_install']
[0.119s] Level 1:colcon.colcon_core.package_identification:_identify(/home/rml/ros2_ws/src/quad-sdk/external/ipopt/coinbrew/ThirdParty/HSL) by extension 'ignore'
[0.119s] Level 1:colcon.colcon_core.package_identification:_identify(/home/rml/ros2_ws/src/quad-sdk/external/ipopt/coinbrew/ThirdParty/HSL) by extension 'ignore_ament_install'
[0.119s] Level 1:colcon.colcon_core.package_identification:_identify(/home/rml/ros2_ws/src/quad-sdk/external/ipopt/coinbrew/ThirdParty/HSL) by extensions ['colcon_pkg']
[0.119s] Level 1:colcon.colcon_core.package_identification:_identify(/home/rml/ros2_ws/src/quad-sdk/external/ipopt/coinbrew/ThirdParty/HSL) by extension 'colcon_pkg'
[0.119s] Level 1:colcon.colcon_core.package_identification:_identify(/home/rml/ros2_ws/src/quad-sdk/external/ipopt/coinbrew/ThirdParty/HSL) by extensions ['colcon_meta']
[0.119s] Level 1:colcon.colcon_core.package_identification:_identify(/home/rml/ros2_ws/src/quad-sdk/external/ipopt/coinbrew/ThirdParty/HSL) by extension 'colcon_meta'
[0.119s] Level 1:colcon.colcon_core.package_identification:_identify(/home/rml/ros2_ws/src/quad-sdk/external/ipopt/coinbrew/ThirdParty/HSL) by extensions ['ros']
[0.119s] Level 1:colcon.colcon_core.package_identification:_identify(/home/rml/ros2_ws/src/quad-sdk/external/ipopt/coinbrew/ThirdParty/HSL) by extension 'ros'
[0.119s] Level 1:colcon.colcon_core.package_identification:_identify(/home/rml/ros2_ws/src/quad-sdk/external/ipopt/coinbrew/ThirdParty/HSL) by extensions ['cmake', 'python']
[0.119s] Level 1:colcon.colcon_core.package_identification:_identify(/home/rml/ros2_ws/src/quad-sdk/external/ipopt/coinbrew/ThirdParty/HSL) by extension 'cmake'
[0.119s] Level 1:colcon.colcon_core.package_identification:_identify(/home/rml/ros2_ws/src/quad-sdk/external/ipopt/coinbrew/ThirdParty/HSL) by extension 'python'
[0.119s] Level 1:colcon.colcon_core.package_identification:_identify(/home/rml/ros2_ws/src/quad-sdk/external/ipopt/coinbrew/ThirdParty/HSL) by extensions ['python_setup_py']
[0.119s] Level 1:colcon.colcon_core.package_identification:_identify(/home/rml/ros2_ws/src/quad-sdk/external/ipopt/coinbrew/ThirdParty/HSL) by extension 'python_setup_py'
[0.119s] Level 1:colcon.colcon_core.package_identification:_identify(/home/rml/ros2_ws/src/quad-sdk/external/ipopt/coinbrew/ThirdParty/Mumps) by extensions ['ignore', 'ignore_ament_install']
[0.120s] Level 1:colcon.colcon_core.package_identification:_identify(/home/rml/ros2_ws/src/quad-sdk/external/ipopt/coinbrew/ThirdParty/Mumps) by extension 'ignore'
[0.120s] Level 1:colcon.colcon_core.package_identification:_identify(/home/rml/ros2_ws/src/quad-sdk/external/ipopt/coinbrew/ThirdParty/Mumps) by extension 'ignore_ament_install'
[0.120s] Level 1:colcon.colcon_core.package_identification:_identify(/home/rml/ros2_ws/src/quad-sdk/external/ipopt/coinbrew/ThirdParty/Mumps) by extensions ['colcon_pkg']
[0.120s] Level 1:colcon.colcon_core.package_identification:_identify(/home/rml/ros2_ws/src/quad-sdk/external/ipopt/coinbrew/ThirdParty/Mumps) by extension 'colcon_pkg'
[0.120s] Level 1:colcon.colcon_core.package_identification:_identify(/home/rml/ros2_ws/src/quad-sdk/external/ipopt/coinbrew/ThirdParty/Mumps) by extensions ['colcon_meta']
[0.120s] Level 1:colcon.colcon_core.package_identification:_identify(/home/rml/ros2_ws/src/quad-sdk/external/ipopt/coinbrew/ThirdParty/Mumps) by extension 'colcon_meta'
[0.120s] Level 1:colcon.colcon_core.package_identification:_identify(/home/rml/ros2_ws/src/quad-sdk/external/ipopt/coinbrew/ThirdParty/Mumps) by extensions ['ros']
[0.120s] Level 1:colcon.colcon_core.package_identification:_identify(/home/rml/ros2_ws/src/quad-sdk/external/ipopt/coinbrew/ThirdParty/Mumps) by extension 'ros'
[0.120s] Level 1:colcon.colcon_core.package_identification:_identify(/home/rml/ros2_ws/src/quad-sdk/external/ipopt/coinbrew/ThirdParty/Mumps) by extensions ['cmake', 'python']
[0.120s] Level 1:colcon.colcon_core.package_identification:_identify(/home/rml/ros2_ws/src/quad-sdk/external/ipopt/coinbrew/ThirdParty/Mumps) by extension 'cmake'
[0.120s] Level 1:colcon.colcon_core.package_identification:_identify(/home/rml/ros2_ws/src/quad-sdk/external/ipopt/coinbrew/ThirdParty/Mumps) by extension 'python'
[0.120s] Level 1:colcon.colcon_core.package_identification:_identify(/home/rml/ros2_ws/src/quad-sdk/external/ipopt/coinbrew/ThirdParty/Mumps) by extensions ['python_setup_py']
[0.120s] Level 1:colcon.colcon_core.package_identification:_identify(/home/rml/ros2_ws/src/quad-sdk/external/ipopt/coinbrew/ThirdParty/Mumps) by extension 'python_setup_py'
[0.120s] Level 1:colcon.colcon_core.package_identification:_identify(/home/rml/ros2_ws/src/quad-sdk/external/ipopt/coinbrew/ThirdParty/Mumps/MUMPS) by extensions ['ignore', 'ignore_ament_install']
[0.120s] Level 1:colcon.colcon_core.package_identification:_identify(/home/rml/ros2_ws/src/quad-sdk/external/ipopt/coinbrew/ThirdParty/Mumps/MUMPS) by extension 'ignore'
[0.120s] Level 1:colcon.colcon_core.package_identification:_identify(/home/rml/ros2_ws/src/quad-sdk/external/ipopt/coinbrew/ThirdParty/Mumps/MUMPS) by extension 'ignore_ament_install'
[0.120s] Level 1:colcon.colcon_core.package_identification:_identify(/home/rml/ros2_ws/src/quad-sdk/external/ipopt/coinbrew/ThirdParty/Mumps/MUMPS) by extensions ['colcon_pkg']
[0.120s] Level 1:colcon.colcon_core.package_identification:_identify(/home/rml/ros2_ws/src/quad-sdk/external/ipopt/coinbrew/ThirdParty/Mumps/MUMPS) by extension 'colcon_pkg'
[0.120s] Level 1:colcon.colcon_core.package_identification:_identify(/home/rml/ros2_ws/src/quad-sdk/external/ipopt/coinbrew/ThirdParty/Mumps/MUMPS) by extensions ['colcon_meta']
[0.120s] Level 1:colcon.colcon_core.package_identification:_identify(/home/rml/ros2_ws/src/quad-sdk/external/ipopt/coinbrew/ThirdParty/Mumps/MUMPS) by extension 'colcon_meta'
[0.120s] Level 1:colcon.colcon_core.package_identification:_identify(/home/rml/ros2_ws/src/quad-sdk/external/ipopt/coinbrew/ThirdParty/Mumps/MUMPS) by extensions ['ros']
[0.120s] Level 1:colcon.colcon_core.package_identification:_identify(/home/rml/ros2_ws/src/quad-sdk/external/ipopt/coinbrew/ThirdParty/Mumps/MUMPS) by extension 'ros'
[0.120s] Level 1:colcon.colcon_core.package_identification:_identify(/home/rml/ros2_ws/src/quad-sdk/external/ipopt/coinbrew/ThirdParty/Mumps/MUMPS) by extensions ['cmake', 'python']
[0.120s] Level 1:colcon.colcon_core.package_identification:_identify(/home/rml/ros2_ws/src/quad-sdk/external/ipopt/coinbrew/ThirdParty/Mumps/MUMPS) by extension 'cmake'
[0.120s] Level 1:colcon.colcon_core.package_identification:_identify(/home/rml/ros2_ws/src/quad-sdk/external/ipopt/coinbrew/ThirdParty/Mumps/MUMPS) by extension 'python'
[0.120s] Level 1:colcon.colcon_core.package_identification:_identify(/home/rml/ros2_ws/src/quad-sdk/external/ipopt/coinbrew/ThirdParty/Mumps/MUMPS) by extensions ['python_setup_py']
[0.120s] Level 1:colcon.colcon_core.package_identification:_identify(/home/rml/ros2_ws/src/quad-sdk/external/ipopt/coinbrew/ThirdParty/Mumps/MUMPS) by extension 'python_setup_py'
[0.120s] Level 1:colcon.colcon_core.package_identification:_identify(/home/rml/ros2_ws/src/quad-sdk/external/ipopt/coinbrew/ThirdParty/Mumps/MUMPS/MATLAB) by extensions ['ignore', 'ignore_ament_install']
[0.120s] Level 1:colcon.colcon_core.package_identification:_identify(/home/rml/ros2_ws/src/quad-sdk/external/ipopt/coinbrew/ThirdParty/Mumps/MUMPS/MATLAB) by extension 'ignore'
[0.120s] Level 1:colcon.colcon_core.package_identification:_identify(/home/rml/ros2_ws/src/quad-sdk/external/ipopt/coinbrew/ThirdParty/Mumps/MUMPS/MATLAB) by extension 'ignore_ament_install'
[0.120s] Level 1:colcon.colcon_core.package_identification:_identify(/home/rml/ros2_ws/src/quad-sdk/external/ipopt/coinbrew/ThirdParty/Mumps/MUMPS/MATLAB) by extensions ['colcon_pkg']
[0.120s] Level 1:colcon.colcon_core.package_identification:_identify(/home/rml/ros2_ws/src/quad-sdk/external/ipopt/coinbrew/ThirdParty/Mumps/MUMPS/MATLAB) by extension 'colcon_pkg'
[0.120s] Level 1:colcon.colcon_core.package_identification:_identify(/home/rml/ros2_ws/src/quad-sdk/external/ipopt/coinbrew/ThirdParty/Mumps/MUMPS/MATLAB) by extensions ['colcon_meta']
[0.120s] Level 1:colcon.colcon_core.package_identification:_identify(/home/rml/ros2_ws/src/quad-sdk/external/ipopt/coinbrew/ThirdParty/Mumps/MUMPS/MATLAB) by extension 'colcon_meta'
[0.120s] Level 1:colcon.colcon_core.package_identification:_identify(/home/rml/ros2_ws/src/quad-sdk/external/ipopt/coinbrew/ThirdParty/Mumps/MUMPS/MATLAB) by extensions ['ros']
[0.120s] Level 1:colcon.colcon_core.package_identification:_identify(/home/rml/ros2_ws/src/quad-sdk/external/ipopt/coinbrew/ThirdParty/Mumps/MUMPS/MATLAB) by extension 'ros'
[0.120s] Level 1:colcon.colcon_core.package_identification:_identify(/home/rml/ros2_ws/src/quad-sdk/external/ipopt/coinbrew/ThirdParty/Mumps/MUMPS/MATLAB) by extensions ['cmake', 'python']
[0.120s] Level 1:colcon.colcon_core.package_identification:_identify(/home/rml/ros2_ws/src/quad-sdk/external/ipopt/coinbrew/ThirdParty/Mumps/MUMPS/MATLAB) by extension 'cmake'
[0.120s] Level 1:colcon.colcon_core.package_identification:_identify(/home/rml/ros2_ws/src/quad-sdk/external/ipopt/coinbrew/ThirdParty/Mumps/MUMPS/MATLAB) by extension 'python'
[0.120s] Level 1:colcon.colcon_core.package_identification:_identify(/home/rml/ros2_ws/src/quad-sdk/external/ipopt/coinbrew/ThirdParty/Mumps/MUMPS/MATLAB) by extensions ['python_setup_py']
[0.120s] Level 1:colcon.colcon_core.package_identification:_identify(/home/rml/ros2_ws/src/quad-sdk/external/ipopt/coinbrew/ThirdParty/Mumps/MUMPS/MATLAB) by extension 'python_setup_py'
[0.120s] Level 1:colcon.colcon_core.package_identification:_identify(/home/rml/ros2_ws/src/quad-sdk/external/ipopt/coinbrew/ThirdParty/Mumps/MUMPS/Make.inc) by extensions ['ignore', 'ignore_ament_install']
[0.120s] Level 1:colcon.colcon_core.package_identification:_identify(/home/rml/ros2_ws/src/quad-sdk/external/ipopt/coinbrew/ThirdParty/Mumps/MUMPS/Make.inc) by extension 'ignore'
[0.120s] Level 1:colcon.colcon_core.package_identification:_identify(/home/rml/ros2_ws/src/quad-sdk/external/ipopt/coinbrew/ThirdParty/Mumps/MUMPS/Make.inc) by extension 'ignore_ament_install'
[0.120s] Level 1:colcon.colcon_core.package_identification:_identify(/home/rml/ros2_ws/src/quad-sdk/external/ipopt/coinbrew/ThirdParty/Mumps/MUMPS/Make.inc) by extensions ['colcon_pkg']
[0.121s] Level 1:colcon.colcon_core.package_identification:_identify(/home/rml/ros2_ws/src/quad-sdk/external/ipopt/coinbrew/ThirdParty/Mumps/MUMPS/Make.inc) by extension 'colcon_pkg'
[0.121s] Level 1:colcon.colcon_core.package_identification:_identify(/home/rml/ros2_ws/src/quad-sdk/external/ipopt/coinbrew/ThirdParty/Mumps/MUMPS/Make.inc) by extensions ['colcon_meta']
[0.121s] Level 1:colcon.colcon_core.package_identification:_identify(/home/rml/ros2_ws/src/quad-sdk/external/ipopt/coinbrew/ThirdParty/Mumps/MUMPS/Make.inc) by extension 'colcon_meta'
[0.121s] Level 1:colcon.colcon_core.package_identification:_identify(/home/rml/ros2_ws/src/quad-sdk/external/ipopt/coinbrew/ThirdParty/Mumps/MUMPS/Make.inc) by extensions ['ros']
[0.121s] Level 1:colcon.colcon_core.package_identification:_identify(/home/rml/ros2_ws/src/quad-sdk/external/ipopt/coinbrew/ThirdParty/Mumps/MUMPS/Make.inc) by extension 'ros'
[0.121s] Level 1:colcon.colcon_core.package_identification:_identify(/home/rml/ros2_ws/src/quad-sdk/external/ipopt/coinbrew/ThirdParty/Mumps/MUMPS/Make.inc) by extensions ['cmake', 'python']
[0.121s] Level 1:colcon.colcon_core.package_identification:_identify(/home/rml/ros2_ws/src/quad-sdk/external/ipopt/coinbrew/ThirdParty/Mumps/MUMPS/Make.inc) by extension 'cmake'
[0.121s] Level 1:colcon.colcon_core.package_identification:_identify(/home/rml/ros2_ws/src/quad-sdk/external/ipopt/coinbrew/ThirdParty/Mumps/MUMPS/Make.inc) by extension 'python'
[0.121s] Level 1:colcon.colcon_core.package_identification:_identify(/home/rml/ros2_ws/src/quad-sdk/external/ipopt/coinbrew/ThirdParty/Mumps/MUMPS/Make.inc) by extensions ['python_setup_py']
[0.121s] Level 1:colcon.colcon_core.package_identification:_identify(/home/rml/ros2_ws/src/quad-sdk/external/ipopt/coinbrew/ThirdParty/Mumps/MUMPS/Make.inc) by extension 'python_setup_py'
[0.121s] Level 1:colcon.colcon_core.package_identification:_identify(/home/rml/ros2_ws/src/quad-sdk/external/ipopt/coinbrew/ThirdParty/Mumps/MUMPS/PORD) by extensions ['ignore', 'ignore_ament_install']
[0.121s] Level 1:colcon.colcon_core.package_identification:_identify(/home/rml/ros2_ws/src/quad-sdk/external/ipopt/coinbrew/ThirdParty/Mumps/MUMPS/PORD) by extension 'ignore'
[0.121s] Level 1:colcon.colcon_core.package_identification:_identify(/home/rml/ros2_ws/src/quad-sdk/external/ipopt/coinbrew/ThirdParty/Mumps/MUMPS/PORD) by extension 'ignore_ament_install'
[0.121s] Level 1:colcon.colcon_core.package_identification:_identify(/home/rml/ros2_ws/src/quad-sdk/external/ipopt/coinbrew/ThirdParty/Mumps/MUMPS/PORD) by extensions ['colcon_pkg']
[0.121s] Level 1:colcon.colcon_core.package_identification:_identify(/home/rml/ros2_ws/src/quad-sdk/external/ipopt/coinbrew/ThirdParty/Mumps/MUMPS/PORD) by extension 'colcon_pkg'
[0.121s] Level 1:colcon.colcon_core.package_identification:_identify(/home/rml/ros2_ws/src/quad-sdk/external/ipopt/coinbrew/ThirdParty/Mumps/MUMPS/PORD) by extensions ['colcon_meta']
[0.121s] Level 1:colcon.colcon_core.package_identification:_identify(/home/rml/ros2_ws/src/quad-sdk/external/ipopt/coinbrew/ThirdParty/Mumps/MUMPS/PORD) by extension 'colcon_meta'
[0.121s] Level 1:colcon.colcon_core.package_identification:_identify(/home/rml/ros2_ws/src/quad-sdk/external/ipopt/coinbrew/ThirdParty/Mumps/MUMPS/PORD) by extensions ['ros']
[0.121s] Level 1:colcon.colcon_core.package_identification:_identify(/home/rml/ros2_ws/src/quad-sdk/external/ipopt/coinbrew/ThirdParty/Mumps/MUMPS/PORD) by extension 'ros'
[0.121s] Level 1:colcon.colcon_core.package_identification:_identify(/home/rml/ros2_ws/src/quad-sdk/external/ipopt/coinbrew/ThirdParty/Mumps/MUMPS/PORD) by extensions ['cmake', 'python']
[0.121s] Level 1:colcon.colcon_core.package_identification:_identify(/home/rml/ros2_ws/src/quad-sdk/external/ipopt/coinbrew/ThirdParty/Mumps/MUMPS/PORD) by extension 'cmake'
[0.121s] Level 1:colcon.colcon_core.package_identification:_identify(/home/rml/ros2_ws/src/quad-sdk/external/ipopt/coinbrew/ThirdParty/Mumps/MUMPS/PORD) by extension 'python'
[0.121s] Level 1:colcon.colcon_core.package_identification:_identify(/home/rml/ros2_ws/src/quad-sdk/external/ipopt/coinbrew/ThirdParty/Mumps/MUMPS/PORD) by extensions ['python_setup_py']
[0.121s] Level 1:colcon.colcon_core.package_identification:_identify(/home/rml/ros2_ws/src/quad-sdk/external/ipopt/coinbrew/ThirdParty/Mumps/MUMPS/PORD) by extension 'python_setup_py'
[0.121s] Level 1:colcon.colcon_core.package_identification:_identify(/home/rml/ros2_ws/src/quad-sdk/external/ipopt/coinbrew/ThirdParty/Mumps/MUMPS/PORD/include) by extensions ['ignore', 'ignore_ament_install']
[0.121s] Level 1:colcon.colcon_core.package_identification:_identify(/home/rml/ros2_ws/src/quad-sdk/external/ipopt/coinbrew/ThirdParty/Mumps/MUMPS/PORD/include) by extension 'ignore'
[0.121s] Level 1:colcon.colcon_core.package_identification:_identify(/home/rml/ros2_ws/src/quad-sdk/external/ipopt/coinbrew/ThirdParty/Mumps/MUMPS/PORD/include) by extension 'ignore_ament_install'
[0.121s] Level 1:colcon.colcon_core.package_identification:_identify(/home/rml/ros2_ws/src/quad-sdk/external/ipopt/coinbrew/ThirdParty/Mumps/MUMPS/PORD/include) by extensions ['colcon_pkg']
[0.121s] Level 1:colcon.colcon_core.package_identification:_identify(/home/rml/ros2_ws/src/quad-sdk/external/ipopt/coinbrew/ThirdParty/Mumps/MUMPS/PORD/include) by extension 'colcon_pkg'
[0.121s] Level 1:colcon.colcon_core.package_identification:_identify(/home/rml/ros2_ws/src/quad-sdk/external/ipopt/coinbrew/ThirdParty/Mumps/MUMPS/PORD/include) by extensions ['colcon_meta']
[0.121s] Level 1:colcon.colcon_core.package_identification:_identify(/home/rml/ros2_ws/src/quad-sdk/external/ipopt/coinbrew/ThirdParty/Mumps/MUMPS/PORD/include) by extension 'colcon_meta'
[0.121s] Level 1:colcon.colcon_core.package_identification:_identify(/home/rml/ros2_ws/src/quad-sdk/external/ipopt/coinbrew/ThirdParty/Mumps/MUMPS/PORD/include) by extensions ['ros']
[0.121s] Level 1:colcon.colcon_core.package_identification:_identify(/home/rml/ros2_ws/src/quad-sdk/external/ipopt/coinbrew/ThirdParty/Mumps/MUMPS/PORD/include) by extension 'ros'
[0.121s] Level 1:colcon.colcon_core.package_identification:_identify(/home/rml/ros2_ws/src/quad-sdk/external/ipopt/coinbrew/ThirdParty/Mumps/MUMPS/PORD/include) by extensions ['cmake', 'python']
[0.121s] Level 1:colcon.colcon_core.package_identification:_identify(/home/rml/ros2_ws/src/quad-sdk/external/ipopt/coinbrew/ThirdParty/Mumps/MUMPS/PORD/include) by extension 'cmake'
[0.121s] Level 1:colcon.colcon_core.package_identification:_identify(/home/rml/ros2_ws/src/quad-sdk/external/ipopt/coinbrew/ThirdParty/Mumps/MUMPS/PORD/include) by extension 'python'
[0.121s] Level 1:colcon.colcon_core.package_identification:_identify(/home/rml/ros2_ws/src/quad-sdk/external/ipopt/coinbrew/ThirdParty/Mumps/MUMPS/PORD/include) by extensions ['python_setup_py']
[0.121s] Level 1:colcon.colcon_core.package_identification:_identify(/home/rml/ros2_ws/src/quad-sdk/external/ipopt/coinbrew/ThirdParty/Mumps/MUMPS/PORD/include) by extension 'python_setup_py'
[0.121s] Level 1:colcon.colcon_core.package_identification:_identify(/home/rml/ros2_ws/src/quad-sdk/external/ipopt/coinbrew/ThirdParty/Mumps/MUMPS/PORD/lib) by extensions ['ignore', 'ignore_ament_install']
[0.121s] Level 1:colcon.colcon_core.package_identification:_identify(/home/rml/ros2_ws/src/quad-sdk/external/ipopt/coinbrew/ThirdParty/Mumps/MUMPS/PORD/lib) by extension 'ignore'
[0.121s] Level 1:colcon.colcon_core.package_identification:_identify(/home/rml/ros2_ws/src/quad-sdk/external/ipopt/coinbrew/ThirdParty/Mumps/MUMPS/PORD/lib) by extension 'ignore_ament_install'
[0.121s] Level 1:colcon.colcon_core.package_identification:_identify(/home/rml/ros2_ws/src/quad-sdk/external/ipopt/coinbrew/ThirdParty/Mumps/MUMPS/PORD/lib) by extensions ['colcon_pkg']
[0.121s] Level 1:colcon.colcon_core.package_identification:_identify(/home/rml/ros2_ws/src/quad-sdk/external/ipopt/coinbrew/ThirdParty/Mumps/MUMPS/PORD/lib) by extension 'colcon_pkg'
[0.121s] Level 1:colcon.colcon_core.package_identification:_identify(/home/rml/ros2_ws/src/quad-sdk/external/ipopt/coinbrew/ThirdParty/Mumps/MUMPS/PORD/lib) by extensions ['colcon_meta']
[0.121s] Level 1:colcon.colcon_core.package_identification:_identify(/home/rml/ros2_ws/src/quad-sdk/external/ipopt/coinbrew/ThirdParty/Mumps/MUMPS/PORD/lib) by extension 'colcon_meta'
[0.121s] Level 1:colcon.colcon_core.package_identification:_identify(/home/rml/ros2_ws/src/quad-sdk/external/ipopt/coinbrew/ThirdParty/Mumps/MUMPS/PORD/lib) by extensions ['ros']
[0.121s] Level 1:colcon.colcon_core.package_identification:_identify(/home/rml/ros2_ws/src/quad-sdk/external/ipopt/coinbrew/ThirdParty/Mumps/MUMPS/PORD/lib) by extension 'ros'
[0.121s] Level 1:colcon.colcon_core.package_identification:_identify(/home/rml/ros2_ws/src/quad-sdk/external/ipopt/coinbrew/ThirdParty/Mumps/MUMPS/PORD/lib) by extensions ['cmake', 'python']
[0.121s] Level 1:colcon.colcon_core.package_identification:_identify(/home/rml/ros2_ws/src/quad-sdk/external/ipopt/coinbrew/ThirdParty/Mumps/MUMPS/PORD/lib) by extension 'cmake'
[0.121s] Level 1:colcon.colcon_core.package_identification:_identify(/home/rml/ros2_ws/src/quad-sdk/external/ipopt/coinbrew/ThirdParty/Mumps/MUMPS/PORD/lib) by extension 'python'
[0.121s] Level 1:colcon.colcon_core.package_identification:_identify(/home/rml/ros2_ws/src/quad-sdk/external/ipopt/coinbrew/ThirdParty/Mumps/MUMPS/PORD/lib) by extensions ['python_setup_py']
[0.121s] Level 1:colcon.colcon_core.package_identification:_identify(/home/rml/ros2_ws/src/quad-sdk/external/ipopt/coinbrew/ThirdParty/Mumps/MUMPS/PORD/lib) by extension 'python_setup_py'
[0.121s] Level 1:colcon.colcon_core.package_identification:_identify(/home/rml/ros2_ws/src/quad-sdk/external/ipopt/coinbrew/ThirdParty/Mumps/MUMPS/SCILAB) by extensions ['ignore', 'ignore_ament_install']
[0.121s] Level 1:colcon.colcon_core.package_identification:_identify(/home/rml/ros2_ws/src/quad-sdk/external/ipopt/coinbrew/ThirdParty/Mumps/MUMPS/SCILAB) by extension 'ignore'
[0.121s] Level 1:colcon.colcon_core.package_identification:_identify(/home/rml/ros2_ws/src/quad-sdk/external/ipopt/coinbrew/ThirdParty/Mumps/MUMPS/SCILAB) by extension 'ignore_ament_install'
[0.122s] Level 1:colcon.colcon_core.package_identification:_identify(/home/rml/ros2_ws/src/quad-sdk/external/ipopt/coinbrew/ThirdParty/Mumps/MUMPS/SCILAB) by extensions ['colcon_pkg']
[0.122s] Level 1:colcon.colcon_core.package_identification:_identify(/home/rml/ros2_ws/src/quad-sdk/external/ipopt/coinbrew/ThirdParty/Mumps/MUMPS/SCILAB) by extension 'colcon_pkg'
[0.122s] Level 1:colcon.colcon_core.package_identification:_identify(/home/rml/ros2_ws/src/quad-sdk/external/ipopt/coinbrew/ThirdParty/Mumps/MUMPS/SCILAB) by extensions ['colcon_meta']
[0.122s] Level 1:colcon.colcon_core.package_identification:_identify(/home/rml/ros2_ws/src/quad-sdk/external/ipopt/coinbrew/ThirdParty/Mumps/MUMPS/SCILAB) by extension 'colcon_meta'
[0.122s] Level 1:colcon.colcon_core.package_identification:_identify(/home/rml/ros2_ws/src/quad-sdk/external/ipopt/coinbrew/ThirdParty/Mumps/MUMPS/SCILAB) by extensions ['ros']
[0.122s] Level 1:colcon.colcon_core.package_identification:_identify(/home/rml/ros2_ws/src/quad-sdk/external/ipopt/coinbrew/ThirdParty/Mumps/MUMPS/SCILAB) by extension 'ros'
[0.122s] Level 1:colcon.colcon_core.package_identification:_identify(/home/rml/ros2_ws/src/quad-sdk/external/ipopt/coinbrew/ThirdParty/Mumps/MUMPS/SCILAB) by extensions ['cmake', 'python']
[0.122s] Level 1:colcon.colcon_core.package_identification:_identify(/home/rml/ros2_ws/src/quad-sdk/external/ipopt/coinbrew/ThirdParty/Mumps/MUMPS/SCILAB) by extension 'cmake'
[0.122s] Level 1:colcon.colcon_core.package_identification:_identify(/home/rml/ros2_ws/src/quad-sdk/external/ipopt/coinbrew/ThirdParty/Mumps/MUMPS/SCILAB) by extension 'python'
[0.122s] Level 1:colcon.colcon_core.package_identification:_identify(/home/rml/ros2_ws/src/quad-sdk/external/ipopt/coinbrew/ThirdParty/Mumps/MUMPS/SCILAB) by extensions ['python_setup_py']
[0.122s] Level 1:colcon.colcon_core.package_identification:_identify(/home/rml/ros2_ws/src/quad-sdk/external/ipopt/coinbrew/ThirdParty/Mumps/MUMPS/SCILAB) by extension 'python_setup_py'
[0.122s] Level 1:colcon.colcon_core.package_identification:_identify(/home/rml/ros2_ws/src/quad-sdk/external/ipopt/coinbrew/ThirdParty/Mumps/MUMPS/SCILAB/Help) by extensions ['ignore', 'ignore_ament_install']
[0.122s] Level 1:colcon.colcon_core.package_identification:_identify(/home/rml/ros2_ws/src/quad-sdk/external/ipopt/coinbrew/ThirdParty/Mumps/MUMPS/SCILAB/Help) by extension 'ignore'
[0.122s] Level 1:colcon.colcon_core.package_identification:_identify(/home/rml/ros2_ws/src/quad-sdk/external/ipopt/coinbrew/ThirdParty/Mumps/MUMPS/SCILAB/Help) by extension 'ignore_ament_install'
[0.122s] Level 1:colcon.colcon_core.package_identification:_identify(/home/rml/ros2_ws/src/quad-sdk/external/ipopt/coinbrew/ThirdParty/Mumps/MUMPS/SCILAB/Help) by extensions ['colcon_pkg']
[0.122s] Level 1:colcon.colcon_core.package_identification:_identify(/home/rml/ros2_ws/src/quad-sdk/external/ipopt/coinbrew/ThirdParty/Mumps/MUMPS/SCILAB/Help) by extension 'colcon_pkg'
[0.122s] Level 1:colcon.colcon_core.package_identification:_identify(/home/rml/ros2_ws/src/quad-sdk/external/ipopt/coinbrew/ThirdParty/Mumps/MUMPS/SCILAB/Help) by extensions ['colcon_meta']
[0.122s] Level 1:colcon.colcon_core.package_identification:_identify(/home/rml/ros2_ws/src/quad-sdk/external/ipopt/coinbrew/ThirdParty/Mumps/MUMPS/SCILAB/Help) by extension 'colcon_meta'
[0.122s] Level 1:colcon.colcon_core.package_identification:_identify(/home/rml/ros2_ws/src/quad-sdk/external/ipopt/coinbrew/ThirdParty/Mumps/MUMPS/SCILAB/Help) by extensions ['ros']
[0.122s] Level 1:colcon.colcon_core.package_identification:_identify(/home/rml/ros2_ws/src/quad-sdk/external/ipopt/coinbrew/ThirdParty/Mumps/MUMPS/SCILAB/Help) by extension 'ros'
[0.122s] Level 1:colcon.colcon_core.package_identification:_identify(/home/rml/ros2_ws/src/quad-sdk/external/ipopt/coinbrew/ThirdParty/Mumps/MUMPS/SCILAB/Help) by extensions ['cmake', 'python']
[0.122s] Level 1:colcon.colcon_core.package_identification:_identify(/home/rml/ros2_ws/src/quad-sdk/external/ipopt/coinbrew/ThirdParty/Mumps/MUMPS/SCILAB/Help) by extension 'cmake'
[0.122s] Level 1:colcon.colcon_core.package_identification:_identify(/home/rml/ros2_ws/src/quad-sdk/external/ipopt/coinbrew/ThirdParty/Mumps/MUMPS/SCILAB/Help) by extension 'python'
[0.122s] Level 1:colcon.colcon_core.package_identification:_identify(/home/rml/ros2_ws/src/quad-sdk/external/ipopt/coinbrew/ThirdParty/Mumps/MUMPS/SCILAB/Help) by extensions ['python_setup_py']
[0.122s] Level 1:colcon.colcon_core.package_identification:_identify(/home/rml/ros2_ws/src/quad-sdk/external/ipopt/coinbrew/ThirdParty/Mumps/MUMPS/SCILAB/Help) by extension 'python_setup_py'
[0.122s] Level 1:colcon.colcon_core.package_identification:_identify(/home/rml/ros2_ws/src/quad-sdk/external/ipopt/coinbrew/ThirdParty/Mumps/MUMPS/SCILAB/examples) by extensions ['ignore', 'ignore_ament_install']
[0.122s] Level 1:colcon.colcon_core.package_identification:_identify(/home/rml/ros2_ws/src/quad-sdk/external/ipopt/coinbrew/ThirdParty/Mumps/MUMPS/SCILAB/examples) by extension 'ignore'
[0.122s] Level 1:colcon.colcon_core.package_identification:_identify(/home/rml/ros2_ws/src/quad-sdk/external/ipopt/coinbrew/ThirdParty/Mumps/MUMPS/SCILAB/examples) by extension 'ignore_ament_install'
[0.122s] Level 1:colcon.colcon_core.package_identification:_identify(/home/rml/ros2_ws/src/quad-sdk/external/ipopt/coinbrew/ThirdParty/Mumps/MUMPS/SCILAB/examples) by extensions ['colcon_pkg']
[0.122s] Level 1:colcon.colcon_core.package_identification:_identify(/home/rml/ros2_ws/src/quad-sdk/external/ipopt/coinbrew/ThirdParty/Mumps/MUMPS/SCILAB/examples) by extension 'colcon_pkg'
[0.122s] Level 1:colcon.colcon_core.package_identification:_identify(/home/rml/ros2_ws/src/quad-sdk/external/ipopt/coinbrew/ThirdParty/Mumps/MUMPS/SCILAB/examples) by extensions ['colcon_meta']
[0.122s] Level 1:colcon.colcon_core.package_identification:_identify(/home/rml/ros2_ws/src/quad-sdk/external/ipopt/coinbrew/ThirdParty/Mumps/MUMPS/SCILAB/examples) by extension 'colcon_meta'
[0.122s] Level 1:colcon.colcon_core.package_identification:_identify(/home/rml/ros2_ws/src/quad-sdk/external/ipopt/coinbrew/ThirdParty/Mumps/MUMPS/SCILAB/examples) by extensions ['ros']
[0.122s] Level 1:colcon.colcon_core.package_identification:_identify(/home/rml/ros2_ws/src/quad-sdk/external/ipopt/coinbrew/ThirdParty/Mumps/MUMPS/SCILAB/examples) by extension 'ros'
[0.122s] Level 1:colcon.colcon_core.package_identification:_identify(/home/rml/ros2_ws/src/quad-sdk/external/ipopt/coinbrew/ThirdParty/Mumps/MUMPS/SCILAB/examples) by extensions ['cmake', 'python']
[0.122s] Level 1:colcon.colcon_core.package_identification:_identify(/home/rml/ros2_ws/src/quad-sdk/external/ipopt/coinbrew/ThirdParty/Mumps/MUMPS/SCILAB/examples) by extension 'cmake'
[0.122s] Level 1:colcon.colcon_core.package_identification:_identify(/home/rml/ros2_ws/src/quad-sdk/external/ipopt/coinbrew/ThirdParty/Mumps/MUMPS/SCILAB/examples) by extension 'python'
[0.122s] Level 1:colcon.colcon_core.package_identification:_identify(/home/rml/ros2_ws/src/quad-sdk/external/ipopt/coinbrew/ThirdParty/Mumps/MUMPS/SCILAB/examples) by extensions ['python_setup_py']
[0.122s] Level 1:colcon.colcon_core.package_identification:_identify(/home/rml/ros2_ws/src/quad-sdk/external/ipopt/coinbrew/ThirdParty/Mumps/MUMPS/SCILAB/examples) by extension 'python_setup_py'
[0.122s] Level 1:colcon.colcon_core.package_identification:_identify(/home/rml/ros2_ws/src/quad-sdk/external/ipopt/coinbrew/ThirdParty/Mumps/MUMPS/doc) by extensions ['ignore', 'ignore_ament_install']
[0.122s] Level 1:colcon.colcon_core.package_identification:_identify(/home/rml/ros2_ws/src/quad-sdk/external/ipopt/coinbrew/ThirdParty/Mumps/MUMPS/doc) by extension 'ignore'
[0.122s] Level 1:colcon.colcon_core.package_identification:_identify(/home/rml/ros2_ws/src/quad-sdk/external/ipopt/coinbrew/ThirdParty/Mumps/MUMPS/doc) by extension 'ignore_ament_install'
[0.122s] Level 1:colcon.colcon_core.package_identification:_identify(/home/rml/ros2_ws/src/quad-sdk/external/ipopt/coinbrew/ThirdParty/Mumps/MUMPS/doc) by extensions ['colcon_pkg']
[0.122s] Level 1:colcon.colcon_core.package_identification:_identify(/home/rml/ros2_ws/src/quad-sdk/external/ipopt/coinbrew/ThirdParty/Mumps/MUMPS/doc) by extension 'colcon_pkg'
[0.122s] Level 1:colcon.colcon_core.package_identification:_identify(/home/rml/ros2_ws/src/quad-sdk/external/ipopt/coinbrew/ThirdParty/Mumps/MUMPS/doc) by extensions ['colcon_meta']
[0.122s] Level 1:colcon.colcon_core.package_identification:_identify(/home/rml/ros2_ws/src/quad-sdk/external/ipopt/coinbrew/ThirdParty/Mumps/MUMPS/doc) by extension 'colcon_meta'
[0.122s] Level 1:colcon.colcon_core.package_identification:_identify(/home/rml/ros2_ws/src/quad-sdk/external/ipopt/coinbrew/ThirdParty/Mumps/MUMPS/doc) by extensions ['ros']
[0.122s] Level 1:colcon.colcon_core.package_identification:_identify(/home/rml/ros2_ws/src/quad-sdk/external/ipopt/coinbrew/ThirdParty/Mumps/MUMPS/doc) by extension 'ros'
[0.122s] Level 1:colcon.colcon_core.package_identification:_identify(/home/rml/ros2_ws/src/quad-sdk/external/ipopt/coinbrew/ThirdParty/Mumps/MUMPS/doc) by extensions ['cmake', 'python']
[0.122s] Level 1:colcon.colcon_core.package_identification:_identify(/home/rml/ros2_ws/src/quad-sdk/external/ipopt/coinbrew/ThirdParty/Mumps/MUMPS/doc) by extension 'cmake'
[0.122s] Level 1:colcon.colcon_core.package_identification:_identify(/home/rml/ros2_ws/src/quad-sdk/external/ipopt/coinbrew/ThirdParty/Mumps/MUMPS/doc) by extension 'python'
[0.122s] Level 1:colcon.colcon_core.package_identification:_identify(/home/rml/ros2_ws/src/quad-sdk/external/ipopt/coinbrew/ThirdParty/Mumps/MUMPS/doc) by extensions ['python_setup_py']
[0.122s] Level 1:colcon.colcon_core.package_identification:_identify(/home/rml/ros2_ws/src/quad-sdk/external/ipopt/coinbrew/ThirdParty/Mumps/MUMPS/doc) by extension 'python_setup_py'
[0.122s] Level 1:colcon.colcon_core.package_identification:_identify(/home/rml/ros2_ws/src/quad-sdk/external/ipopt/coinbrew/ThirdParty/Mumps/MUMPS/examples) by extensions ['ignore', 'ignore_ament_install']
[0.122s] Level 1:colcon.colcon_core.package_identification:_identify(/home/rml/ros2_ws/src/quad-sdk/external/ipopt/coinbrew/ThirdParty/Mumps/MUMPS/examples) by extension 'ignore'
[0.123s] Level 1:colcon.colcon_core.package_identification:_identify(/home/rml/ros2_ws/src/quad-sdk/external/ipopt/coinbrew/ThirdParty/Mumps/MUMPS/examples) by extension 'ignore_ament_install'
[0.123s] Level 1:colcon.colcon_core.package_identification:_identify(/home/rml/ros2_ws/src/quad-sdk/external/ipopt/coinbrew/ThirdParty/Mumps/MUMPS/examples) by extensions ['colcon_pkg']
[0.123s] Level 1:colcon.colcon_core.package_identification:_identify(/home/rml/ros2_ws/src/quad-sdk/external/ipopt/coinbrew/ThirdParty/Mumps/MUMPS/examples) by extension 'colcon_pkg'
[0.123s] Level 1:colcon.colcon_core.package_identification:_identify(/home/rml/ros2_ws/src/quad-sdk/external/ipopt/coinbrew/ThirdParty/Mumps/MUMPS/examples) by extensions ['colcon_meta']
[0.123s] Level 1:colcon.colcon_core.package_identification:_identify(/home/rml/ros2_ws/src/quad-sdk/external/ipopt/coinbrew/ThirdParty/Mumps/MUMPS/examples) by extension 'colcon_meta'
[0.123s] Level 1:colcon.colcon_core.package_identification:_identify(/home/rml/ros2_ws/src/quad-sdk/external/ipopt/coinbrew/ThirdParty/Mumps/MUMPS/examples) by extensions ['ros']
[0.123s] Level 1:colcon.colcon_core.package_identification:_identify(/home/rml/ros2_ws/src/quad-sdk/external/ipopt/coinbrew/ThirdParty/Mumps/MUMPS/examples) by extension 'ros'
[0.123s] Level 1:colcon.colcon_core.package_identification:_identify(/home/rml/ros2_ws/src/quad-sdk/external/ipopt/coinbrew/ThirdParty/Mumps/MUMPS/examples) by extensions ['cmake', 'python']
[0.123s] Level 1:colcon.colcon_core.package_identification:_identify(/home/rml/ros2_ws/src/quad-sdk/external/ipopt/coinbrew/ThirdParty/Mumps/MUMPS/examples) by extension 'cmake'
[0.123s] Level 1:colcon.colcon_core.package_identification:_identify(/home/rml/ros2_ws/src/quad-sdk/external/ipopt/coinbrew/ThirdParty/Mumps/MUMPS/examples) by extension 'python'
[0.123s] Level 1:colcon.colcon_core.package_identification:_identify(/home/rml/ros2_ws/src/quad-sdk/external/ipopt/coinbrew/ThirdParty/Mumps/MUMPS/examples) by extensions ['python_setup_py']
[0.123s] Level 1:colcon.colcon_core.package_identification:_identify(/home/rml/ros2_ws/src/quad-sdk/external/ipopt/coinbrew/ThirdParty/Mumps/MUMPS/examples) by extension 'python_setup_py'
[0.123s] Level 1:colcon.colcon_core.package_identification:_identify(/home/rml/ros2_ws/src/quad-sdk/external/ipopt/coinbrew/ThirdParty/Mumps/MUMPS/include) by extensions ['ignore', 'ignore_ament_install']
[0.123s] Level 1:colcon.colcon_core.package_identification:_identify(/home/rml/ros2_ws/src/quad-sdk/external/ipopt/coinbrew/ThirdParty/Mumps/MUMPS/include) by extension 'ignore'
[0.123s] Level 1:colcon.colcon_core.package_identification:_identify(/home/rml/ros2_ws/src/quad-sdk/external/ipopt/coinbrew/ThirdParty/Mumps/MUMPS/include) by extension 'ignore_ament_install'
[0.123s] Level 1:colcon.colcon_core.package_identification:_identify(/home/rml/ros2_ws/src/quad-sdk/external/ipopt/coinbrew/ThirdParty/Mumps/MUMPS/include) by extensions ['colcon_pkg']
[0.123s] Level 1:colcon.colcon_core.package_identification:_identify(/home/rml/ros2_ws/src/quad-sdk/external/ipopt/coinbrew/ThirdParty/Mumps/MUMPS/include) by extension 'colcon_pkg'
[0.123s] Level 1:colcon.colcon_core.package_identification:_identify(/home/rml/ros2_ws/src/quad-sdk/external/ipopt/coinbrew/ThirdParty/Mumps/MUMPS/include) by extensions ['colcon_meta']
[0.123s] Level 1:colcon.colcon_core.package_identification:_identify(/home/rml/ros2_ws/src/quad-sdk/external/ipopt/coinbrew/ThirdParty/Mumps/MUMPS/include) by extension 'colcon_meta'
[0.123s] Level 1:colcon.colcon_core.package_identification:_identify(/home/rml/ros2_ws/src/quad-sdk/external/ipopt/coinbrew/ThirdParty/Mumps/MUMPS/include) by extensions ['ros']
[0.123s] Level 1:colcon.colcon_core.package_identification:_identify(/home/rml/ros2_ws/src/quad-sdk/external/ipopt/coinbrew/ThirdParty/Mumps/MUMPS/include) by extension 'ros'
[0.123s] Level 1:colcon.colcon_core.package_identification:_identify(/home/rml/ros2_ws/src/quad-sdk/external/ipopt/coinbrew/ThirdParty/Mumps/MUMPS/include) by extensions ['cmake', 'python']
[0.123s] Level 1:colcon.colcon_core.package_identification:_identify(/home/rml/ros2_ws/src/quad-sdk/external/ipopt/coinbrew/ThirdParty/Mumps/MUMPS/include) by extension 'cmake'
[0.123s] Level 1:colcon.colcon_core.package_identification:_identify(/home/rml/ros2_ws/src/quad-sdk/external/ipopt/coinbrew/ThirdParty/Mumps/MUMPS/include) by extension 'python'
[0.123s] Level 1:colcon.colcon_core.package_identification:_identify(/home/rml/ros2_ws/src/quad-sdk/external/ipopt/coinbrew/ThirdParty/Mumps/MUMPS/include) by extensions ['python_setup_py']
[0.123s] Level 1:colcon.colcon_core.package_identification:_identify(/home/rml/ros2_ws/src/quad-sdk/external/ipopt/coinbrew/ThirdParty/Mumps/MUMPS/include) by extension 'python_setup_py'
[0.123s] Level 1:colcon.colcon_core.package_identification:_identify(/home/rml/ros2_ws/src/quad-sdk/external/ipopt/coinbrew/ThirdParty/Mumps/MUMPS/lib) by extensions ['ignore', 'ignore_ament_install']
[0.123s] Level 1:colcon.colcon_core.package_identification:_identify(/home/rml/ros2_ws/src/quad-sdk/external/ipopt/coinbrew/ThirdParty/Mumps/MUMPS/lib) by extension 'ignore'
[0.123s] Level 1:colcon.colcon_core.package_identification:_identify(/home/rml/ros2_ws/src/quad-sdk/external/ipopt/coinbrew/ThirdParty/Mumps/MUMPS/lib) by extension 'ignore_ament_install'
[0.123s] Level 1:colcon.colcon_core.package_identification:_identify(/home/rml/ros2_ws/src/quad-sdk/external/ipopt/coinbrew/ThirdParty/Mumps/MUMPS/lib) by extensions ['colcon_pkg']
[0.123s] Level 1:colcon.colcon_core.package_identification:_identify(/home/rml/ros2_ws/src/quad-sdk/external/ipopt/coinbrew/ThirdParty/Mumps/MUMPS/lib) by extension 'colcon_pkg'
[0.123s] Level 1:colcon.colcon_core.package_identification:_identify(/home/rml/ros2_ws/src/quad-sdk/external/ipopt/coinbrew/ThirdParty/Mumps/MUMPS/lib) by extensions ['colcon_meta']
[0.123s] Level 1:colcon.colcon_core.package_identification:_identify(/home/rml/ros2_ws/src/quad-sdk/external/ipopt/coinbrew/ThirdParty/Mumps/MUMPS/lib) by extension 'colcon_meta'
[0.123s] Level 1:colcon.colcon_core.package_identification:_identify(/home/rml/ros2_ws/src/quad-sdk/external/ipopt/coinbrew/ThirdParty/Mumps/MUMPS/lib) by extensions ['ros']
[0.123s] Level 1:colcon.colcon_core.package_identification:_identify(/home/rml/ros2_ws/src/quad-sdk/external/ipopt/coinbrew/ThirdParty/Mumps/MUMPS/lib) by extension 'ros'
[0.123s] Level 1:colcon.colcon_core.package_identification:_identify(/home/rml/ros2_ws/src/quad-sdk/external/ipopt/coinbrew/ThirdParty/Mumps/MUMPS/lib) by extensions ['cmake', 'python']
[0.123s] Level 1:colcon.colcon_core.package_identification:_identify(/home/rml/ros2_ws/src/quad-sdk/external/ipopt/coinbrew/ThirdParty/Mumps/MUMPS/lib) by extension 'cmake'
[0.123s] Level 1:colcon.colcon_core.package_identification:_identify(/home/rml/ros2_ws/src/quad-sdk/external/ipopt/coinbrew/ThirdParty/Mumps/MUMPS/lib) by extension 'python'
[0.123s] Level 1:colcon.colcon_core.package_identification:_identify(/home/rml/ros2_ws/src/quad-sdk/external/ipopt/coinbrew/ThirdParty/Mumps/MUMPS/lib) by extensions ['python_setup_py']
[0.123s] Level 1:colcon.colcon_core.package_identification:_identify(/home/rml/ros2_ws/src/quad-sdk/external/ipopt/coinbrew/ThirdParty/Mumps/MUMPS/lib) by extension 'python_setup_py'
[0.123s] Level 1:colcon.colcon_core.package_identification:_identify(/home/rml/ros2_ws/src/quad-sdk/external/ipopt/coinbrew/ThirdParty/Mumps/MUMPS/libseq) by extensions ['ignore', 'ignore_ament_install']
[0.123s] Level 1:colcon.colcon_core.package_identification:_identify(/home/rml/ros2_ws/src/quad-sdk/external/ipopt/coinbrew/ThirdParty/Mumps/MUMPS/libseq) by extension 'ignore'
[0.123s] Level 1:colcon.colcon_core.package_identification:_identify(/home/rml/ros2_ws/src/quad-sdk/external/ipopt/coinbrew/ThirdParty/Mumps/MUMPS/libseq) by extension 'ignore_ament_install'
[0.123s] Level 1:colcon.colcon_core.package_identification:_identify(/home/rml/ros2_ws/src/quad-sdk/external/ipopt/coinbrew/ThirdParty/Mumps/MUMPS/libseq) by extensions ['colcon_pkg']
[0.123s] Level 1:colcon.colcon_core.package_identification:_identify(/home/rml/ros2_ws/src/quad-sdk/external/ipopt/coinbrew/ThirdParty/Mumps/MUMPS/libseq) by extension 'colcon_pkg'
[0.123s] Level 1:colcon.colcon_core.package_identification:_identify(/home/rml/ros2_ws/src/quad-sdk/external/ipopt/coinbrew/ThirdParty/Mumps/MUMPS/libseq) by extensions ['colcon_meta']
[0.123s] Level 1:colcon.colcon_core.package_identification:_identify(/home/rml/ros2_ws/src/quad-sdk/external/ipopt/coinbrew/ThirdParty/Mumps/MUMPS/libseq) by extension 'colcon_meta'
[0.123s] Level 1:colcon.colcon_core.package_identification:_identify(/home/rml/ros2_ws/src/quad-sdk/external/ipopt/coinbrew/ThirdParty/Mumps/MUMPS/libseq) by extensions ['ros']
[0.123s] Level 1:colcon.colcon_core.package_identification:_identify(/home/rml/ros2_ws/src/quad-sdk/external/ipopt/coinbrew/ThirdParty/Mumps/MUMPS/libseq) by extension 'ros'
[0.123s] Level 1:colcon.colcon_core.package_identification:_identify(/home/rml/ros2_ws/src/quad-sdk/external/ipopt/coinbrew/ThirdParty/Mumps/MUMPS/libseq) by extensions ['cmake', 'python']
[0.123s] Level 1:colcon.colcon_core.package_identification:_identify(/home/rml/ros2_ws/src/quad-sdk/external/ipopt/coinbrew/ThirdParty/Mumps/MUMPS/libseq) by extension 'cmake'
[0.123s] Level 1:colcon.colcon_core.package_identification:_identify(/home/rml/ros2_ws/src/quad-sdk/external/ipopt/coinbrew/ThirdParty/Mumps/MUMPS/libseq) by extension 'python'
[0.124s] Level 1:colcon.colcon_core.package_identification:_identify(/home/rml/ros2_ws/src/quad-sdk/external/ipopt/coinbrew/ThirdParty/Mumps/MUMPS/libseq) by extensions ['python_setup_py']
[0.124s] Level 1:colcon.colcon_core.package_identification:_identify(/home/rml/ros2_ws/src/quad-sdk/external/ipopt/coinbrew/ThirdParty/Mumps/MUMPS/libseq) by extension 'python_setup_py'
[0.124s] Level 1:colcon.colcon_core.package_identification:_identify(/home/rml/ros2_ws/src/quad-sdk/external/ipopt/coinbrew/ThirdParty/Mumps/MUMPS/src) by extensions ['ignore', 'ignore_ament_install']
[0.124s] Level 1:colcon.colcon_core.package_identification:_identify(/home/rml/ros2_ws/src/quad-sdk/external/ipopt/coinbrew/ThirdParty/Mumps/MUMPS/src) by extension 'ignore'
[0.124s] Level 1:colcon.colcon_core.package_identification:_identify(/home/rml/ros2_ws/src/quad-sdk/external/ipopt/coinbrew/ThirdParty/Mumps/MUMPS/src) by extension 'ignore_ament_install'
[0.124s] Level 1:colcon.colcon_core.package_identification:_identify(/home/rml/ros2_ws/src/quad-sdk/external/ipopt/coinbrew/ThirdParty/Mumps/MUMPS/src) by extensions ['colcon_pkg']
[0.124s] Level 1:colcon.colcon_core.package_identification:_identify(/home/rml/ros2_ws/src/quad-sdk/external/ipopt/coinbrew/ThirdParty/Mumps/MUMPS/src) by extension 'colcon_pkg'
[0.124s] Level 1:colcon.colcon_core.package_identification:_identify(/home/rml/ros2_ws/src/quad-sdk/external/ipopt/coinbrew/ThirdParty/Mumps/MUMPS/src) by extensions ['colcon_meta']
[0.124s] Level 1:colcon.colcon_core.package_identification:_identify(/home/rml/ros2_ws/src/quad-sdk/external/ipopt/coinbrew/ThirdParty/Mumps/MUMPS/src) by extension 'colcon_meta'
[0.124s] Level 1:colcon.colcon_core.package_identification:_identify(/home/rml/ros2_ws/src/quad-sdk/external/ipopt/coinbrew/ThirdParty/Mumps/MUMPS/src) by extensions ['ros']
[0.124s] Level 1:colcon.colcon_core.package_identification:_identify(/home/rml/ros2_ws/src/quad-sdk/external/ipopt/coinbrew/ThirdParty/Mumps/MUMPS/src) by extension 'ros'
[0.124s] Level 1:colcon.colcon_core.package_identification:_identify(/home/rml/ros2_ws/src/quad-sdk/external/ipopt/coinbrew/ThirdParty/Mumps/MUMPS/src) by extensions ['cmake', 'python']
[0.124s] Level 1:colcon.colcon_core.package_identification:_identify(/home/rml/ros2_ws/src/quad-sdk/external/ipopt/coinbrew/ThirdParty/Mumps/MUMPS/src) by extension 'cmake'
[0.124s] Level 1:colcon.colcon_core.package_identification:_identify(/home/rml/ros2_ws/src/quad-sdk/external/ipopt/coinbrew/ThirdParty/Mumps/MUMPS/src) by extension 'python'
[0.124s] Level 1:colcon.colcon_core.package_identification:_identify(/home/rml/ros2_ws/src/quad-sdk/external/ipopt/coinbrew/ThirdParty/Mumps/MUMPS/src) by extensions ['python_setup_py']
[0.124s] Level 1:colcon.colcon_core.package_identification:_identify(/home/rml/ros2_ws/src/quad-sdk/external/ipopt/coinbrew/ThirdParty/Mumps/MUMPS/src) by extension 'python_setup_py'
[0.124s] Level 1:colcon.colcon_core.package_identification:_identify(/home/rml/ros2_ws/src/quad-sdk/external/ipopt/coinbrew/ThirdParty/Mumps/MUMPS/src/ve) by extensions ['ignore', 'ignore_ament_install']
[0.124s] Level 1:colcon.colcon_core.package_identification:_identify(/home/rml/ros2_ws/src/quad-sdk/external/ipopt/coinbrew/ThirdParty/Mumps/MUMPS/src/ve) by extension 'ignore'
[0.124s] Level 1:colcon.colcon_core.package_identification:_identify(/home/rml/ros2_ws/src/quad-sdk/external/ipopt/coinbrew/ThirdParty/Mumps/MUMPS/src/ve) by extension 'ignore_ament_install'
[0.124s] Level 1:colcon.colcon_core.package_identification:_identify(/home/rml/ros2_ws/src/quad-sdk/external/ipopt/coinbrew/ThirdParty/Mumps/MUMPS/src/ve) by extensions ['colcon_pkg']
[0.124s] Level 1:colcon.colcon_core.package_identification:_identify(/home/rml/ros2_ws/src/quad-sdk/external/ipopt/coinbrew/ThirdParty/Mumps/MUMPS/src/ve) by extension 'colcon_pkg'
[0.124s] Level 1:colcon.colcon_core.package_identification:_identify(/home/rml/ros2_ws/src/quad-sdk/external/ipopt/coinbrew/ThirdParty/Mumps/MUMPS/src/ve) by extensions ['colcon_meta']
[0.124s] Level 1:colcon.colcon_core.package_identification:_identify(/home/rml/ros2_ws/src/quad-sdk/external/ipopt/coinbrew/ThirdParty/Mumps/MUMPS/src/ve) by extension 'colcon_meta'
[0.124s] Level 1:colcon.colcon_core.package_identification:_identify(/home/rml/ros2_ws/src/quad-sdk/external/ipopt/coinbrew/ThirdParty/Mumps/MUMPS/src/ve) by extensions ['ros']
[0.124s] Level 1:colcon.colcon_core.package_identification:_identify(/home/rml/ros2_ws/src/quad-sdk/external/ipopt/coinbrew/ThirdParty/Mumps/MUMPS/src/ve) by extension 'ros'
[0.124s] Level 1:colcon.colcon_core.package_identification:_identify(/home/rml/ros2_ws/src/quad-sdk/external/ipopt/coinbrew/ThirdParty/Mumps/MUMPS/src/ve) by extensions ['cmake', 'python']
[0.124s] Level 1:colcon.colcon_core.package_identification:_identify(/home/rml/ros2_ws/src/quad-sdk/external/ipopt/coinbrew/ThirdParty/Mumps/MUMPS/src/ve) by extension 'cmake'
[0.124s] Level 1:colcon.colcon_core.package_identification:_identify(/home/rml/ros2_ws/src/quad-sdk/external/ipopt/coinbrew/ThirdParty/Mumps/MUMPS/src/ve) by extension 'python'
[0.124s] Level 1:colcon.colcon_core.package_identification:_identify(/home/rml/ros2_ws/src/quad-sdk/external/ipopt/coinbrew/ThirdParty/Mumps/MUMPS/src/ve) by extensions ['python_setup_py']
[0.124s] Level 1:colcon.colcon_core.package_identification:_identify(/home/rml/ros2_ws/src/quad-sdk/external/ipopt/coinbrew/ThirdParty/Mumps/MUMPS/src/ve) by extension 'python_setup_py'
[0.124s] Level 1:colcon.colcon_core.package_identification:_identify(/home/rml/ros2_ws/src/quad-sdk/external/ipopt/coinbrew/ThirdParty/Mumps/MUMPS/src/ve/include) by extensions ['ignore', 'ignore_ament_install']
[0.124s] Level 1:colcon.colcon_core.package_identification:_identify(/home/rml/ros2_ws/src/quad-sdk/external/ipopt/coinbrew/ThirdParty/Mumps/MUMPS/src/ve/include) by extension 'ignore'
[0.124s] Level 1:colcon.colcon_core.package_identification:_identify(/home/rml/ros2_ws/src/quad-sdk/external/ipopt/coinbrew/ThirdParty/Mumps/MUMPS/src/ve/include) by extension 'ignore_ament_install'
[0.124s] Level 1:colcon.colcon_core.package_identification:_identify(/home/rml/ros2_ws/src/quad-sdk/external/ipopt/coinbrew/ThirdParty/Mumps/MUMPS/src/ve/include) by extensions ['colcon_pkg']
[0.124s] Level 1:colcon.colcon_core.package_identification:_identify(/home/rml/ros2_ws/src/quad-sdk/external/ipopt/coinbrew/ThirdParty/Mumps/MUMPS/src/ve/include) by extension 'colcon_pkg'
[0.124s] Level 1:colcon.colcon_core.package_identification:_identify(/home/rml/ros2_ws/src/quad-sdk/external/ipopt/coinbrew/ThirdParty/Mumps/MUMPS/src/ve/include) by extensions ['colcon_meta']
[0.124s] Level 1:colcon.colcon_core.package_identification:_identify(/home/rml/ros2_ws/src/quad-sdk/external/ipopt/coinbrew/ThirdParty/Mumps/MUMPS/src/ve/include) by extension 'colcon_meta'
[0.124s] Level 1:colcon.colcon_core.package_identification:_identify(/home/rml/ros2_ws/src/quad-sdk/external/ipopt/coinbrew/ThirdParty/Mumps/MUMPS/src/ve/include) by extensions ['ros']
[0.124s] Level 1:colcon.colcon_core.package_identification:_identify(/home/rml/ros2_ws/src/quad-sdk/external/ipopt/coinbrew/ThirdParty/Mumps/MUMPS/src/ve/include) by extension 'ros'
[0.125s] Level 1:colcon.colcon_core.package_identification:_identify(/home/rml/ros2_ws/src/quad-sdk/external/ipopt/coinbrew/ThirdParty/Mumps/MUMPS/src/ve/include) by extensions ['cmake', 'python']
[0.125s] Level 1:colcon.colcon_core.package_identification:_identify(/home/rml/ros2_ws/src/quad-sdk/external/ipopt/coinbrew/ThirdParty/Mumps/MUMPS/src/ve/include) by extension 'cmake'
[0.125s] Level 1:colcon.colcon_core.package_identification:_identify(/home/rml/ros2_ws/src/quad-sdk/external/ipopt/coinbrew/ThirdParty/Mumps/MUMPS/src/ve/include) by extension 'python'
[0.125s] Level 1:colcon.colcon_core.package_identification:_identify(/home/rml/ros2_ws/src/quad-sdk/external/ipopt/coinbrew/ThirdParty/Mumps/MUMPS/src/ve/include) by extensions ['python_setup_py']
[0.125s] Level 1:colcon.colcon_core.package_identification:_identify(/home/rml/ros2_ws/src/quad-sdk/external/ipopt/coinbrew/ThirdParty/Mumps/MUMPS/src/ve/include) by extension 'python_setup_py'
[0.125s] Level 1:colcon.colcon_core.package_identification:_identify(/home/rml/ros2_ws/src/quad-sdk/external/ipopt/coinbrew/ThirdParty/Mumps/MUMPS/src/ve/src) by extensions ['ignore', 'ignore_ament_install']
[0.125s] Level 1:colcon.colcon_core.package_identification:_identify(/home/rml/ros2_ws/src/quad-sdk/external/ipopt/coinbrew/ThirdParty/Mumps/MUMPS/src/ve/src) by extension 'ignore'
[0.125s] Level 1:colcon.colcon_core.package_identification:_identify(/home/rml/ros2_ws/src/quad-sdk/external/ipopt/coinbrew/ThirdParty/Mumps/MUMPS/src/ve/src) by extension 'ignore_ament_install'
[0.125s] Level 1:colcon.colcon_core.package_identification:_identify(/home/rml/ros2_ws/src/quad-sdk/external/ipopt/coinbrew/ThirdParty/Mumps/MUMPS/src/ve/src) by extensions ['colcon_pkg']
[0.125s] Level 1:colcon.colcon_core.package_identification:_identify(/home/rml/ros2_ws/src/quad-sdk/external/ipopt/coinbrew/ThirdParty/Mumps/MUMPS/src/ve/src) by extension 'colcon_pkg'
[0.125s] Level 1:colcon.colcon_core.package_identification:_identify(/home/rml/ros2_ws/src/quad-sdk/external/ipopt/coinbrew/ThirdParty/Mumps/MUMPS/src/ve/src) by extensions ['colcon_meta']
[0.125s] Level 1:colcon.colcon_core.package_identification:_identify(/home/rml/ros2_ws/src/quad-sdk/external/ipopt/coinbrew/ThirdParty/Mumps/MUMPS/src/ve/src) by extension 'colcon_meta'
[0.125s] Level 1:colcon.colcon_core.package_identification:_identify(/home/rml/ros2_ws/src/quad-sdk/external/ipopt/coinbrew/ThirdParty/Mumps/MUMPS/src/ve/src) by extensions ['ros']
[0.125s] Level 1:colcon.colcon_core.package_identification:_identify(/home/rml/ros2_ws/src/quad-sdk/external/ipopt/coinbrew/ThirdParty/Mumps/MUMPS/src/ve/src) by extension 'ros'
[0.125s] Level 1:colcon.colcon_core.package_identification:_identify(/home/rml/ros2_ws/src/quad-sdk/external/ipopt/coinbrew/ThirdParty/Mumps/MUMPS/src/ve/src) by extensions ['cmake', 'python']
[0.125s] Level 1:colcon.colcon_core.package_identification:_identify(/home/rml/ros2_ws/src/quad-sdk/external/ipopt/coinbrew/ThirdParty/Mumps/MUMPS/src/ve/src) by extension 'cmake'
[0.125s] Level 1:colcon.colcon_core.package_identification:_identify(/home/rml/ros2_ws/src/quad-sdk/external/ipopt/coinbrew/ThirdParty/Mumps/MUMPS/src/ve/src) by extension 'python'
[0.125s] Level 1:colcon.colcon_core.package_identification:_identify(/home/rml/ros2_ws/src/quad-sdk/external/ipopt/coinbrew/ThirdParty/Mumps/MUMPS/src/ve/src) by extensions ['python_setup_py']
[0.125s] Level 1:colcon.colcon_core.package_identification:_identify(/home/rml/ros2_ws/src/quad-sdk/external/ipopt/coinbrew/ThirdParty/Mumps/MUMPS/src/ve/src) by extension 'python_setup_py'
[0.125s] Level 1:colcon.colcon_core.package_identification:_identify(/home/rml/ros2_ws/src/quad-sdk/external/ipopt/coinbrew/build) by extensions ['ignore', 'ignore_ament_install']
[0.125s] Level 1:colcon.colcon_core.package_identification:_identify(/home/rml/ros2_ws/src/quad-sdk/external/ipopt/coinbrew/build) by extension 'ignore'
[0.125s] Level 1:colcon.colcon_core.package_identification:_identify(/home/rml/ros2_ws/src/quad-sdk/external/ipopt/coinbrew/build) by extension 'ignore_ament_install'
[0.125s] Level 1:colcon.colcon_core.package_identification:_identify(/home/rml/ros2_ws/src/quad-sdk/external/ipopt/coinbrew/build) by extensions ['colcon_pkg']
[0.125s] Level 1:colcon.colcon_core.package_identification:_identify(/home/rml/ros2_ws/src/quad-sdk/external/ipopt/coinbrew/build) by extension 'colcon_pkg'
[0.125s] Level 1:colcon.colcon_core.package_identification:_identify(/home/rml/ros2_ws/src/quad-sdk/external/ipopt/coinbrew/build) by extensions ['colcon_meta']
[0.125s] Level 1:colcon.colcon_core.package_identification:_identify(/home/rml/ros2_ws/src/quad-sdk/external/ipopt/coinbrew/build) by extension 'colcon_meta'
[0.125s] Level 1:colcon.colcon_core.package_identification:_identify(/home/rml/ros2_ws/src/quad-sdk/external/ipopt/coinbrew/build) by extensions ['ros']
[0.125s] Level 1:colcon.colcon_core.package_identification:_identify(/home/rml/ros2_ws/src/quad-sdk/external/ipopt/coinbrew/build) by extension 'ros'
[0.125s] Level 1:colcon.colcon_core.package_identification:_identify(/home/rml/ros2_ws/src/quad-sdk/external/ipopt/coinbrew/build) by extensions ['cmake', 'python']
[0.125s] Level 1:colcon.colcon_core.package_identification:_identify(/home/rml/ros2_ws/src/quad-sdk/external/ipopt/coinbrew/build) by extension 'cmake'
[0.125s] Level 1:colcon.colcon_core.package_identification:_identify(/home/rml/ros2_ws/src/quad-sdk/external/ipopt/coinbrew/build) by extension 'python'
[0.125s] Level 1:colcon.colcon_core.package_identification:_identify(/home/rml/ros2_ws/src/quad-sdk/external/ipopt/coinbrew/build) by extensions ['python_setup_py']
[0.125s] Level 1:colcon.colcon_core.package_identification:_identify(/home/rml/ros2_ws/src/quad-sdk/external/ipopt/coinbrew/build) by extension 'python_setup_py'
[0.125s] Level 1:colcon.colcon_core.package_identification:_identify(/home/rml/ros2_ws/src/quad-sdk/external/ipopt/coinbrew/build/Ipopt) by extensions ['ignore', 'ignore_ament_install']
[0.125s] Level 1:colcon.colcon_core.package_identification:_identify(/home/rml/ros2_ws/src/quad-sdk/external/ipopt/coinbrew/build/Ipopt) by extension 'ignore'
[0.125s] Level 1:colcon.colcon_core.package_identification:_identify(/home/rml/ros2_ws/src/quad-sdk/external/ipopt/coinbrew/build/Ipopt) by extension 'ignore_ament_install'
[0.125s] Level 1:colcon.colcon_core.package_identification:_identify(/home/rml/ros2_ws/src/quad-sdk/external/ipopt/coinbrew/build/Ipopt) by extensions ['colcon_pkg']
[0.125s] Level 1:colcon.colcon_core.package_identification:_identify(/home/rml/ros2_ws/src/quad-sdk/external/ipopt/coinbrew/build/Ipopt) by extension 'colcon_pkg'
[0.125s] Level 1:colcon.colcon_core.package_identification:_identify(/home/rml/ros2_ws/src/quad-sdk/external/ipopt/coinbrew/build/Ipopt) by extensions ['colcon_meta']
[0.125s] Level 1:colcon.colcon_core.package_identification:_identify(/home/rml/ros2_ws/src/quad-sdk/external/ipopt/coinbrew/build/Ipopt) by extension 'colcon_meta'
[0.125s] Level 1:colcon.colcon_core.package_identification:_identify(/home/rml/ros2_ws/src/quad-sdk/external/ipopt/coinbrew/build/Ipopt) by extensions ['ros']
[0.125s] Level 1:colcon.colcon_core.package_identification:_identify(/home/rml/ros2_ws/src/quad-sdk/external/ipopt/coinbrew/build/Ipopt) by extension 'ros'
[0.125s] Level 1:colcon.colcon_core.package_identification:_identify(/home/rml/ros2_ws/src/quad-sdk/external/ipopt/coinbrew/build/Ipopt) by extensions ['cmake', 'python']
[0.125s] Level 1:colcon.colcon_core.package_identification:_identify(/home/rml/ros2_ws/src/quad-sdk/external/ipopt/coinbrew/build/Ipopt) by extension 'cmake'
[0.125s] Level 1:colcon.colcon_core.package_identification:_identify(/home/rml/ros2_ws/src/quad-sdk/external/ipopt/coinbrew/build/Ipopt) by extension 'python'
[0.125s] Level 1:colcon.colcon_core.package_identification:_identify(/home/rml/ros2_ws/src/quad-sdk/external/ipopt/coinbrew/build/Ipopt) by extensions ['python_setup_py']
[0.125s] Level 1:colcon.colcon_core.package_identification:_identify(/home/rml/ros2_ws/src/quad-sdk/external/ipopt/coinbrew/build/Ipopt) by extension 'python_setup_py'
[0.126s] Level 1:colcon.colcon_core.package_identification:_identify(/home/rml/ros2_ws/src/quad-sdk/external/ipopt/coinbrew/build/Ipopt/3.14.19) by extensions ['ignore', 'ignore_ament_install']
[0.126s] Level 1:colcon.colcon_core.package_identification:_identify(/home/rml/ros2_ws/src/quad-sdk/external/ipopt/coinbrew/build/Ipopt/3.14.19) by extension 'ignore'
[0.126s] Level 1:colcon.colcon_core.package_identification:_identify(/home/rml/ros2_ws/src/quad-sdk/external/ipopt/coinbrew/build/Ipopt/3.14.19) by extension 'ignore_ament_install'
[0.126s] Level 1:colcon.colcon_core.package_identification:_identify(/home/rml/ros2_ws/src/quad-sdk/external/ipopt/coinbrew/build/Ipopt/3.14.19) by extensions ['colcon_pkg']
[0.126s] Level 1:colcon.colcon_core.package_identification:_identify(/home/rml/ros2_ws/src/quad-sdk/external/ipopt/coinbrew/build/Ipopt/3.14.19) by extension 'colcon_pkg'
[0.126s] Level 1:colcon.colcon_core.package_identification:_identify(/home/rml/ros2_ws/src/quad-sdk/external/ipopt/coinbrew/build/Ipopt/3.14.19) by extensions ['colcon_meta']
[0.126s] Level 1:colcon.colcon_core.package_identification:_identify(/home/rml/ros2_ws/src/quad-sdk/external/ipopt/coinbrew/build/Ipopt/3.14.19) by extension 'colcon_meta'
[0.126s] Level 1:colcon.colcon_core.package_identification:_identify(/home/rml/ros2_ws/src/quad-sdk/external/ipopt/coinbrew/build/Ipopt/3.14.19) by extensions ['ros']
[0.126s] Level 1:colcon.colcon_core.package_identification:_identify(/home/rml/ros2_ws/src/quad-sdk/external/ipopt/coinbrew/build/Ipopt/3.14.19) by extension 'ros'
[0.126s] Level 1:colcon.colcon_core.package_identification:_identify(/home/rml/ros2_ws/src/quad-sdk/external/ipopt/coinbrew/build/Ipopt/3.14.19) by extensions ['cmake', 'python']
[0.126s] Level 1:colcon.colcon_core.package_identification:_identify(/home/rml/ros2_ws/src/quad-sdk/external/ipopt/coinbrew/build/Ipopt/3.14.19) by extension 'cmake'
[0.126s] Level 1:colcon.colcon_core.package_identification:_identify(/home/rml/ros2_ws/src/quad-sdk/external/ipopt/coinbrew/build/Ipopt/3.14.19) by extension 'python'
[0.126s] Level 1:colcon.colcon_core.package_identification:_identify(/home/rml/ros2_ws/src/quad-sdk/external/ipopt/coinbrew/build/Ipopt/3.14.19) by extensions ['python_setup_py']
[0.126s] Level 1:colcon.colcon_core.package_identification:_identify(/home/rml/ros2_ws/src/quad-sdk/external/ipopt/coinbrew/build/Ipopt/3.14.19) by extension 'python_setup_py'
[0.126s] Level 1:colcon.colcon_core.package_identification:_identify(/home/rml/ros2_ws/src/quad-sdk/external/ipopt/coinbrew/build/Ipopt/3.14.19/contrib) by extensions ['ignore', 'ignore_ament_install']
[0.126s] Level 1:colcon.colcon_core.package_identification:_identify(/home/rml/ros2_ws/src/quad-sdk/external/ipopt/coinbrew/build/Ipopt/3.14.19/contrib) by extension 'ignore'
[0.126s] Level 1:colcon.colcon_core.package_identification:_identify(/home/rml/ros2_ws/src/quad-sdk/external/ipopt/coinbrew/build/Ipopt/3.14.19/contrib) by extension 'ignore_ament_install'
[0.126s] Level 1:colcon.colcon_core.package_identification:_identify(/home/rml/ros2_ws/src/quad-sdk/external/ipopt/coinbrew/build/Ipopt/3.14.19/contrib) by extensions ['colcon_pkg']
[0.126s] Level 1:colcon.colcon_core.package_identification:_identify(/home/rml/ros2_ws/src/quad-sdk/external/ipopt/coinbrew/build/Ipopt/3.14.19/contrib) by extension 'colcon_pkg'
[0.126s] Level 1:colcon.colcon_core.package_identification:_identify(/home/rml/ros2_ws/src/quad-sdk/external/ipopt/coinbrew/build/Ipopt/3.14.19/contrib) by extensions ['colcon_meta']
[0.126s] Level 1:colcon.colcon_core.package_identification:_identify(/home/rml/ros2_ws/src/quad-sdk/external/ipopt/coinbrew/build/Ipopt/3.14.19/contrib) by extension 'colcon_meta'
[0.126s] Level 1:colcon.colcon_core.package_identification:_identify(/home/rml/ros2_ws/src/quad-sdk/external/ipopt/coinbrew/build/Ipopt/3.14.19/contrib) by extensions ['ros']
[0.126s] Level 1:colcon.colcon_core.package_identification:_identify(/home/rml/ros2_ws/src/quad-sdk/external/ipopt/coinbrew/build/Ipopt/3.14.19/contrib) by extension 'ros'
[0.126s] Level 1:colcon.colcon_core.package_identification:_identify(/home/rml/ros2_ws/src/quad-sdk/external/ipopt/coinbrew/build/Ipopt/3.14.19/contrib) by extensions ['cmake', 'python']
[0.126s] Level 1:colcon.colcon_core.package_identification:_identify(/home/rml/ros2_ws/src/quad-sdk/external/ipopt/coinbrew/build/Ipopt/3.14.19/contrib) by extension 'cmake'
[0.126s] Level 1:colcon.colcon_core.package_identification:_identify(/home/rml/ros2_ws/src/quad-sdk/external/ipopt/coinbrew/build/Ipopt/3.14.19/contrib) by extension 'python'
[0.126s] Level 1:colcon.colcon_core.package_identification:_identify(/home/rml/ros2_ws/src/quad-sdk/external/ipopt/coinbrew/build/Ipopt/3.14.19/contrib) by extensions ['python_setup_py']
[0.126s] Level 1:colcon.colcon_core.package_identification:_identify(/home/rml/ros2_ws/src/quad-sdk/external/ipopt/coinbrew/build/Ipopt/3.14.19/contrib) by extension 'python_setup_py'
[0.126s] Level 1:colcon.colcon_core.package_identification:_identify(/home/rml/ros2_ws/src/quad-sdk/external/ipopt/coinbrew/build/Ipopt/3.14.19/contrib/RInterface) by extensions ['ignore', 'ignore_ament_install']
[0.126s] Level 1:colcon.colcon_core.package_identification:_identify(/home/rml/ros2_ws/src/quad-sdk/external/ipopt/coinbrew/build/Ipopt/3.14.19/contrib/RInterface) by extension 'ignore'
[0.126s] Level 1:colcon.colcon_core.package_identification:_identify(/home/rml/ros2_ws/src/quad-sdk/external/ipopt/coinbrew/build/Ipopt/3.14.19/contrib/RInterface) by extension 'ignore_ament_install'
[0.126s] Level 1:colcon.colcon_core.package_identification:_identify(/home/rml/ros2_ws/src/quad-sdk/external/ipopt/coinbrew/build/Ipopt/3.14.19/contrib/RInterface) by extensions ['colcon_pkg']
[0.126s] Level 1:colcon.colcon_core.package_identification:_identify(/home/rml/ros2_ws/src/quad-sdk/external/ipopt/coinbrew/build/Ipopt/3.14.19/contrib/RInterface) by extension 'colcon_pkg'
[0.126s] Level 1:colcon.colcon_core.package_identification:_identify(/home/rml/ros2_ws/src/quad-sdk/external/ipopt/coinbrew/build/Ipopt/3.14.19/contrib/RInterface) by extensions ['colcon_meta']
[0.126s] Level 1:colcon.colcon_core.package_identification:_identify(/home/rml/ros2_ws/src/quad-sdk/external/ipopt/coinbrew/build/Ipopt/3.14.19/contrib/RInterface) by extension 'colcon_meta'
[0.126s] Level 1:colcon.colcon_core.package_identification:_identify(/home/rml/ros2_ws/src/quad-sdk/external/ipopt/coinbrew/build/Ipopt/3.14.19/contrib/RInterface) by extensions ['ros']
[0.126s] Level 1:colcon.colcon_core.package_identification:_identify(/home/rml/ros2_ws/src/quad-sdk/external/ipopt/coinbrew/build/Ipopt/3.14.19/contrib/RInterface) by extension 'ros'
[0.126s] Level 1:colcon.colcon_core.package_identification:_identify(/home/rml/ros2_ws/src/quad-sdk/external/ipopt/coinbrew/build/Ipopt/3.14.19/contrib/RInterface) by extensions ['cmake', 'python']
[0.126s] Level 1:colcon.colcon_core.package_identification:_identify(/home/rml/ros2_ws/src/quad-sdk/external/ipopt/coinbrew/build/Ipopt/3.14.19/contrib/RInterface) by extension 'cmake'
[0.127s] Level 1:colcon.colcon_core.package_identification:_identify(/home/rml/ros2_ws/src/quad-sdk/external/ipopt/coinbrew/build/Ipopt/3.14.19/contrib/RInterface) by extension 'python'
[0.127s] Level 1:colcon.colcon_core.package_identification:_identify(/home/rml/ros2_ws/src/quad-sdk/external/ipopt/coinbrew/build/Ipopt/3.14.19/contrib/RInterface) by extensions ['python_setup_py']
[0.127s] Level 1:colcon.colcon_core.package_identification:_identify(/home/rml/ros2_ws/src/quad-sdk/external/ipopt/coinbrew/build/Ipopt/3.14.19/contrib/RInterface) by extension 'python_setup_py'
[0.127s] Level 1:colcon.colcon_core.package_identification:_identify(/home/rml/ros2_ws/src/quad-sdk/external/ipopt/coinbrew/build/Ipopt/3.14.19/contrib/RInterface/R) by extensions ['ignore', 'ignore_ament_install']
[0.127s] Level 1:colcon.colcon_core.package_identification:_identify(/home/rml/ros2_ws/src/quad-sdk/external/ipopt/coinbrew/build/Ipopt/3.14.19/contrib/RInterface/R) by extension 'ignore'
[0.127s] Level 1:colcon.colcon_core.package_identification:_identify(/home/rml/ros2_ws/src/quad-sdk/external/ipopt/coinbrew/build/Ipopt/3.14.19/contrib/RInterface/R) by extension 'ignore_ament_install'
[0.127s] Level 1:colcon.colcon_core.package_identification:_identify(/home/rml/ros2_ws/src/quad-sdk/external/ipopt/coinbrew/build/Ipopt/3.14.19/contrib/RInterface/R) by extensions ['colcon_pkg']
[0.127s] Level 1:colcon.colcon_core.package_identification:_identify(/home/rml/ros2_ws/src/quad-sdk/external/ipopt/coinbrew/build/Ipopt/3.14.19/contrib/RInterface/R) by extension 'colcon_pkg'
[0.127s] Level 1:colcon.colcon_core.package_identification:_identify(/home/rml/ros2_ws/src/quad-sdk/external/ipopt/coinbrew/build/Ipopt/3.14.19/contrib/RInterface/R) by extensions ['colcon_meta']
[0.127s] Level 1:colcon.colcon_core.package_identification:_identify(/home/rml/ros2_ws/src/quad-sdk/external/ipopt/coinbrew/build/Ipopt/3.14.19/contrib/RInterface/R) by extension 'colcon_meta'
[0.127s] Level 1:colcon.colcon_core.package_identification:_identify(/home/rml/ros2_ws/src/quad-sdk/external/ipopt/coinbrew/build/Ipopt/3.14.19/contrib/RInterface/R) by extensions ['ros']
[0.127s] Level 1:colcon.colcon_core.package_identification:_identify(/home/rml/ros2_ws/src/quad-sdk/external/ipopt/coinbrew/build/Ipopt/3.14.19/contrib/RInterface/R) by extension 'ros'
[0.127s] Level 1:colcon.colcon_core.package_identification:_identify(/home/rml/ros2_ws/src/quad-sdk/external/ipopt/coinbrew/build/Ipopt/3.14.19/contrib/RInterface/R) by extensions ['cmake', 'python']
[0.127s] Level 1:colcon.colcon_core.package_identification:_identify(/home/rml/ros2_ws/src/quad-sdk/external/ipopt/coinbrew/build/Ipopt/3.14.19/contrib/RInterface/R) by extension 'cmake'
[0.127s] Level 1:colcon.colcon_core.package_identification:_identify(/home/rml/ros2_ws/src/quad-sdk/external/ipopt/coinbrew/build/Ipopt/3.14.19/contrib/RInterface/R) by extension 'python'
[0.127s] Level 1:colcon.colcon_core.package_identification:_identify(/home/rml/ros2_ws/src/quad-sdk/external/ipopt/coinbrew/build/Ipopt/3.14.19/contrib/RInterface/R) by extensions ['python_setup_py']
[0.127s] Level 1:colcon.colcon_core.package_identification:_identify(/home/rml/ros2_ws/src/quad-sdk/external/ipopt/coinbrew/build/Ipopt/3.14.19/contrib/RInterface/R) by extension 'python_setup_py'
[0.127s] Level 1:colcon.colcon_core.package_identification:_identify(/home/rml/ros2_ws/src/quad-sdk/external/ipopt/coinbrew/build/Ipopt/3.14.19/contrib/RInterface/inst) by extensions ['ignore', 'ignore_ament_install']
[0.127s] Level 1:colcon.colcon_core.package_identification:_identify(/home/rml/ros2_ws/src/quad-sdk/external/ipopt/coinbrew/build/Ipopt/3.14.19/contrib/RInterface/inst) by extension 'ignore'
[0.127s] Level 1:colcon.colcon_core.package_identification:_identify(/home/rml/ros2_ws/src/quad-sdk/external/ipopt/coinbrew/build/Ipopt/3.14.19/contrib/RInterface/inst) by extension 'ignore_ament_install'
[0.127s] Level 1:colcon.colcon_core.package_identification:_identify(/home/rml/ros2_ws/src/quad-sdk/external/ipopt/coinbrew/build/Ipopt/3.14.19/contrib/RInterface/inst) by extensions ['colcon_pkg']
[0.127s] Level 1:colcon.colcon_core.package_identification:_identify(/home/rml/ros2_ws/src/quad-sdk/external/ipopt/coinbrew/build/Ipopt/3.14.19/contrib/RInterface/inst) by extension 'colcon_pkg'
[0.127s] Level 1:colcon.colcon_core.package_identification:_identify(/home/rml/ros2_ws/src/quad-sdk/external/ipopt/coinbrew/build/Ipopt/3.14.19/contrib/RInterface/inst) by extensions ['colcon_meta']
[0.127s] Level 1:colcon.colcon_core.package_identification:_identify(/home/rml/ros2_ws/src/quad-sdk/external/ipopt/coinbrew/build/Ipopt/3.14.19/contrib/RInterface/inst) by extension 'colcon_meta'
[0.127s] Level 1:colcon.colcon_core.package_identification:_identify(/home/rml/ros2_ws/src/quad-sdk/external/ipopt/coinbrew/build/Ipopt/3.14.19/contrib/RInterface/inst) by extensions ['ros']
[0.127s] Level 1:colcon.colcon_core.package_identification:_identify(/home/rml/ros2_ws/src/quad-sdk/external/ipopt/coinbrew/build/Ipopt/3.14.19/contrib/RInterface/inst) by extension 'ros'
[0.127s] Level 1:colcon.colcon_core.package_identification:_identify(/home/rml/ros2_ws/src/quad-sdk/external/ipopt/coinbrew/build/Ipopt/3.14.19/contrib/RInterface/inst) by extensions ['cmake', 'python']
[0.127s] Level 1:colcon.colcon_core.package_identification:_identify(/home/rml/ros2_ws/src/quad-sdk/external/ipopt/coinbrew/build/Ipopt/3.14.19/contrib/RInterface/inst) by extension 'cmake'
[0.127s] Level 1:colcon.colcon_core.package_identification:_identify(/home/rml/ros2_ws/src/quad-sdk/external/ipopt/coinbrew/build/Ipopt/3.14.19/contrib/RInterface/inst) by extension 'python'
[0.127s] Level 1:colcon.colcon_core.package_identification:_identify(/home/rml/ros2_ws/src/quad-sdk/external/ipopt/coinbrew/build/Ipopt/3.14.19/contrib/RInterface/inst) by extensions ['python_setup_py']
[0.127s] Level 1:colcon.colcon_core.package_identification:_identify(/home/rml/ros2_ws/src/quad-sdk/external/ipopt/coinbrew/build/Ipopt/3.14.19/contrib/RInterface/inst) by extension 'python_setup_py'
[0.127s] Level 1:colcon.colcon_core.package_identification:_identify(/home/rml/ros2_ws/src/quad-sdk/external/ipopt/coinbrew/build/Ipopt/3.14.19/contrib/RInterface/inst/doc) by extensions ['ignore', 'ignore_ament_install']
[0.127s] Level 1:colcon.colcon_core.package_identification:_identify(/home/rml/ros2_ws/src/quad-sdk/external/ipopt/coinbrew/build/Ipopt/3.14.19/contrib/RInterface/inst/doc) by extension 'ignore'
[0.127s] Level 1:colcon.colcon_core.package_identification:_identify(/home/rml/ros2_ws/src/quad-sdk/external/ipopt/coinbrew/build/Ipopt/3.14.19/contrib/RInterface/inst/doc) by extension 'ignore_ament_install'
[0.127s] Level 1:colcon.colcon_core.package_identification:_identify(/home/rml/ros2_ws/src/quad-sdk/external/ipopt/coinbrew/build/Ipopt/3.14.19/contrib/RInterface/inst/doc) by extensions ['colcon_pkg']
[0.127s] Level 1:colcon.colcon_core.package_identification:_identify(/home/rml/ros2_ws/src/quad-sdk/external/ipopt/coinbrew/build/Ipopt/3.14.19/contrib/RInterface/inst/doc) by extension 'colcon_pkg'
[0.127s] Level 1:colcon.colcon_core.package_identification:_identify(/home/rml/ros2_ws/src/quad-sdk/external/ipopt/coinbrew/build/Ipopt/3.14.19/contrib/RInterface/inst/doc) by extensions ['colcon_meta']
[0.127s] Level 1:colcon.colcon_core.package_identification:_identify(/home/rml/ros2_ws/src/quad-sdk/external/ipopt/coinbrew/build/Ipopt/3.14.19/contrib/RInterface/inst/doc) by extension 'colcon_meta'
[0.127s] Level 1:colcon.colcon_core.package_identification:_identify(/home/rml/ros2_ws/src/quad-sdk/external/ipopt/coinbrew/build/Ipopt/3.14.19/contrib/RInterface/inst/doc) by extensions ['ros']
[0.127s] Level 1:colcon.colcon_core.package_identification:_identify(/home/rml/ros2_ws/src/quad-sdk/external/ipopt/coinbrew/build/Ipopt/3.14.19/contrib/RInterface/inst/doc) by extension 'ros'
[0.127s] Level 1:colcon.colcon_core.package_identification:_identify(/home/rml/ros2_ws/src/quad-sdk/external/ipopt/coinbrew/build/Ipopt/3.14.19/contrib/RInterface/inst/doc) by extensions ['cmake', 'python']
[0.127s] Level 1:colcon.colcon_core.package_identification:_identify(/home/rml/ros2_ws/src/quad-sdk/external/ipopt/coinbrew/build/Ipopt/3.14.19/contrib/RInterface/inst/doc) by extension 'cmake'
[0.127s] Level 1:colcon.colcon_core.package_identification:_identify(/home/rml/ros2_ws/src/quad-sdk/external/ipopt/coinbrew/build/Ipopt/3.14.19/contrib/RInterface/inst/doc) by extension 'python'
[0.127s] Level 1:colcon.colcon_core.package_identification:_identify(/home/rml/ros2_ws/src/quad-sdk/external/ipopt/coinbrew/build/Ipopt/3.14.19/contrib/RInterface/inst/doc) by extensions ['python_setup_py']
[0.127s] Level 1:colcon.colcon_core.package_identification:_identify(/home/rml/ros2_ws/src/quad-sdk/external/ipopt/coinbrew/build/Ipopt/3.14.19/contrib/RInterface/inst/doc) by extension 'python_setup_py'
[0.127s] Level 1:colcon.colcon_core.package_identification:_identify(/home/rml/ros2_ws/src/quad-sdk/external/ipopt/coinbrew/build/Ipopt/3.14.19/contrib/RInterface/man) by extensions ['ignore', 'ignore_ament_install']
[0.127s] Level 1:colcon.colcon_core.package_identification:_identify(/home/rml/ros2_ws/src/quad-sdk/external/ipopt/coinbrew/build/Ipopt/3.14.19/contrib/RInterface/man) by extension 'ignore'
[0.128s] Level 1:colcon.colcon_core.package_identification:_identify(/home/rml/ros2_ws/src/quad-sdk/external/ipopt/coinbrew/build/Ipopt/3.14.19/contrib/RInterface/man) by extension 'ignore_ament_install'
[0.128s] Level 1:colcon.colcon_core.package_identification:_identify(/home/rml/ros2_ws/src/quad-sdk/external/ipopt/coinbrew/build/Ipopt/3.14.19/contrib/RInterface/man) by extensions ['colcon_pkg']
[0.128s] Level 1:colcon.colcon_core.package_identification:_identify(/home/rml/ros2_ws/src/quad-sdk/external/ipopt/coinbrew/build/Ipopt/3.14.19/contrib/RInterface/man) by extension 'colcon_pkg'
[0.128s] Level 1:colcon.colcon_core.package_identification:_identify(/home/rml/ros2_ws/src/quad-sdk/external/ipopt/coinbrew/build/Ipopt/3.14.19/contrib/RInterface/man) by extensions ['colcon_meta']
[0.128s] Level 1:colcon.colcon_core.package_identification:_identify(/home/rml/ros2_ws/src/quad-sdk/external/ipopt/coinbrew/build/Ipopt/3.14.19/contrib/RInterface/man) by extension 'colcon_meta'
[0.128s] Level 1:colcon.colcon_core.package_identification:_identify(/home/rml/ros2_ws/src/quad-sdk/external/ipopt/coinbrew/build/Ipopt/3.14.19/contrib/RInterface/man) by extensions ['ros']
[0.128s] Level 1:colcon.colcon_core.package_identification:_identify(/home/rml/ros2_ws/src/quad-sdk/external/ipopt/coinbrew/build/Ipopt/3.14.19/contrib/RInterface/man) by extension 'ros'
[0.128s] Level 1:colcon.colcon_core.package_identification:_identify(/home/rml/ros2_ws/src/quad-sdk/external/ipopt/coinbrew/build/Ipopt/3.14.19/contrib/RInterface/man) by extensions ['cmake', 'python']
[0.128s] Level 1:colcon.colcon_core.package_identification:_identify(/home/rml/ros2_ws/src/quad-sdk/external/ipopt/coinbrew/build/Ipopt/3.14.19/contrib/RInterface/man) by extension 'cmake'
[0.128s] Level 1:colcon.colcon_core.package_identification:_identify(/home/rml/ros2_ws/src/quad-sdk/external/ipopt/coinbrew/build/Ipopt/3.14.19/contrib/RInterface/man) by extension 'python'
[0.128s] Level 1:colcon.colcon_core.package_identification:_identify(/home/rml/ros2_ws/src/quad-sdk/external/ipopt/coinbrew/build/Ipopt/3.14.19/contrib/RInterface/man) by extensions ['python_setup_py']
[0.128s] Level 1:colcon.colcon_core.package_identification:_identify(/home/rml/ros2_ws/src/quad-sdk/external/ipopt/coinbrew/build/Ipopt/3.14.19/contrib/RInterface/man) by extension 'python_setup_py'
[0.128s] Level 1:colcon.colcon_core.package_identification:_identify(/home/rml/ros2_ws/src/quad-sdk/external/ipopt/coinbrew/build/Ipopt/3.14.19/contrib/RInterface/src) by extensions ['ignore', 'ignore_ament_install']
[0.128s] Level 1:colcon.colcon_core.package_identification:_identify(/home/rml/ros2_ws/src/quad-sdk/external/ipopt/coinbrew/build/Ipopt/3.14.19/contrib/RInterface/src) by extension 'ignore'
[0.128s] Level 1:colcon.colcon_core.package_identification:_identify(/home/rml/ros2_ws/src/quad-sdk/external/ipopt/coinbrew/build/Ipopt/3.14.19/contrib/RInterface/src) by extension 'ignore_ament_install'
[0.128s] Level 1:colcon.colcon_core.package_identification:_identify(/home/rml/ros2_ws/src/quad-sdk/external/ipopt/coinbrew/build/Ipopt/3.14.19/contrib/RInterface/src) by extensions ['colcon_pkg']
[0.128s] Level 1:colcon.colcon_core.package_identification:_identify(/home/rml/ros2_ws/src/quad-sdk/external/ipopt/coinbrew/build/Ipopt/3.14.19/contrib/RInterface/src) by extension 'colcon_pkg'
[0.128s] Level 1:colcon.colcon_core.package_identification:_identify(/home/rml/ros2_ws/src/quad-sdk/external/ipopt/coinbrew/build/Ipopt/3.14.19/contrib/RInterface/src) by extensions ['colcon_meta']
[0.128s] Level 1:colcon.colcon_core.package_identification:_identify(/home/rml/ros2_ws/src/quad-sdk/external/ipopt/coinbrew/build/Ipopt/3.14.19/contrib/RInterface/src) by extension 'colcon_meta'
[0.128s] Level 1:colcon.colcon_core.package_identification:_identify(/home/rml/ros2_ws/src/quad-sdk/external/ipopt/coinbrew/build/Ipopt/3.14.19/contrib/RInterface/src) by extensions ['ros']
[0.128s] Level 1:colcon.colcon_core.package_identification:_identify(/home/rml/ros2_ws/src/quad-sdk/external/ipopt/coinbrew/build/Ipopt/3.14.19/contrib/RInterface/src) by extension 'ros'
[0.128s] Level 1:colcon.colcon_core.package_identification:_identify(/home/rml/ros2_ws/src/quad-sdk/external/ipopt/coinbrew/build/Ipopt/3.14.19/contrib/RInterface/src) by extensions ['cmake', 'python']
[0.128s] Level 1:colcon.colcon_core.package_identification:_identify(/home/rml/ros2_ws/src/quad-sdk/external/ipopt/coinbrew/build/Ipopt/3.14.19/contrib/RInterface/src) by extension 'cmake'
[0.128s] Level 1:colcon.colcon_core.package_identification:_identify(/home/rml/ros2_ws/src/quad-sdk/external/ipopt/coinbrew/build/Ipopt/3.14.19/contrib/RInterface/src) by extension 'python'
[0.128s] Level 1:colcon.colcon_core.package_identification:_identify(/home/rml/ros2_ws/src/quad-sdk/external/ipopt/coinbrew/build/Ipopt/3.14.19/contrib/RInterface/src) by extensions ['python_setup_py']
[0.128s] Level 1:colcon.colcon_core.package_identification:_identify(/home/rml/ros2_ws/src/quad-sdk/external/ipopt/coinbrew/build/Ipopt/3.14.19/contrib/RInterface/src) by extension 'python_setup_py'
[0.128s] Level 1:colcon.colcon_core.package_identification:_identify(/home/rml/ros2_ws/src/quad-sdk/external/ipopt/coinbrew/build/Ipopt/3.14.19/contrib/RInterface/tests) by extensions ['ignore', 'ignore_ament_install']
[0.128s] Level 1:colcon.colcon_core.package_identification:_identify(/home/rml/ros2_ws/src/quad-sdk/external/ipopt/coinbrew/build/Ipopt/3.14.19/contrib/RInterface/tests) by extension 'ignore'
[0.128s] Level 1:colcon.colcon_core.package_identification:_identify(/home/rml/ros2_ws/src/quad-sdk/external/ipopt/coinbrew/build/Ipopt/3.14.19/contrib/RInterface/tests) by extension 'ignore_ament_install'
[0.128s] Level 1:colcon.colcon_core.package_identification:_identify(/home/rml/ros2_ws/src/quad-sdk/external/ipopt/coinbrew/build/Ipopt/3.14.19/contrib/RInterface/tests) by extensions ['colcon_pkg']
[0.128s] Level 1:colcon.colcon_core.package_identification:_identify(/home/rml/ros2_ws/src/quad-sdk/external/ipopt/coinbrew/build/Ipopt/3.14.19/contrib/RInterface/tests) by extension 'colcon_pkg'
[0.128s] Level 1:colcon.colcon_core.package_identification:_identify(/home/rml/ros2_ws/src/quad-sdk/external/ipopt/coinbrew/build/Ipopt/3.14.19/contrib/RInterface/tests) by extensions ['colcon_meta']
[0.128s] Level 1:colcon.colcon_core.package_identification:_identify(/home/rml/ros2_ws/src/quad-sdk/external/ipopt/coinbrew/build/Ipopt/3.14.19/contrib/RInterface/tests) by extension 'colcon_meta'
[0.128s] Level 1:colcon.colcon_core.package_identification:_identify(/home/rml/ros2_ws/src/quad-sdk/external/ipopt/coinbrew/build/Ipopt/3.14.19/contrib/RInterface/tests) by extensions ['ros']
[0.128s] Level 1:colcon.colcon_core.package_identification:_identify(/home/rml/ros2_ws/src/quad-sdk/external/ipopt/coinbrew/build/Ipopt/3.14.19/contrib/RInterface/tests) by extension 'ros'
[0.128s] Level 1:colcon.colcon_core.package_identification:_identify(/home/rml/ros2_ws/src/quad-sdk/external/ipopt/coinbrew/build/Ipopt/3.14.19/contrib/RInterface/tests) by extensions ['cmake', 'python']
[0.128s] Level 1:colcon.colcon_core.package_identification:_identify(/home/rml/ros2_ws/src/quad-sdk/external/ipopt/coinbrew/build/Ipopt/3.14.19/contrib/RInterface/tests) by extension 'cmake'
[0.128s] Level 1:colcon.colcon_core.package_identification:_identify(/home/rml/ros2_ws/src/quad-sdk/external/ipopt/coinbrew/build/Ipopt/3.14.19/contrib/RInterface/tests) by extension 'python'
[0.128s] Level 1:colcon.colcon_core.package_identification:_identify(/home/rml/ros2_ws/src/quad-sdk/external/ipopt/coinbrew/build/Ipopt/3.14.19/contrib/RInterface/tests) by extensions ['python_setup_py']
[0.128s] Level 1:colcon.colcon_core.package_identification:_identify(/home/rml/ros2_ws/src/quad-sdk/external/ipopt/coinbrew/build/Ipopt/3.14.19/contrib/RInterface/tests) by extension 'python_setup_py'
[0.128s] Level 1:colcon.colcon_core.package_identification:_identify(/home/rml/ros2_ws/src/quad-sdk/external/ipopt/coinbrew/build/Ipopt/3.14.19/contrib/sIPOPT) by extensions ['ignore', 'ignore_ament_install']
[0.128s] Level 1:colcon.colcon_core.package_identification:_identify(/home/rml/ros2_ws/src/quad-sdk/external/ipopt/coinbrew/build/Ipopt/3.14.19/contrib/sIPOPT) by extension 'ignore'
[0.128s] Level 1:colcon.colcon_core.package_identification:_identify(/home/rml/ros2_ws/src/quad-sdk/external/ipopt/coinbrew/build/Ipopt/3.14.19/contrib/sIPOPT) by extension 'ignore_ament_install'
[0.128s] Level 1:colcon.colcon_core.package_identification:_identify(/home/rml/ros2_ws/src/quad-sdk/external/ipopt/coinbrew/build/Ipopt/3.14.19/contrib/sIPOPT) by extensions ['colcon_pkg']
[0.128s] Level 1:colcon.colcon_core.package_identification:_identify(/home/rml/ros2_ws/src/quad-sdk/external/ipopt/coinbrew/build/Ipopt/3.14.19/contrib/sIPOPT) by extension 'colcon_pkg'
[0.128s] Level 1:colcon.colcon_core.package_identification:_identify(/home/rml/ros2_ws/src/quad-sdk/external/ipopt/coinbrew/build/Ipopt/3.14.19/contrib/sIPOPT) by extensions ['colcon_meta']
[0.128s] Level 1:colcon.colcon_core.package_identification:_identify(/home/rml/ros2_ws/src/quad-sdk/external/ipopt/coinbrew/build/Ipopt/3.14.19/contrib/sIPOPT) by extension 'colcon_meta'
[0.128s] Level 1:colcon.colcon_core.package_identification:_identify(/home/rml/ros2_ws/src/quad-sdk/external/ipopt/coinbrew/build/Ipopt/3.14.19/contrib/sIPOPT) by extensions ['ros']
[0.128s] Level 1:colcon.colcon_core.package_identification:_identify(/home/rml/ros2_ws/src/quad-sdk/external/ipopt/coinbrew/build/Ipopt/3.14.19/contrib/sIPOPT) by extension 'ros'
[0.128s] Level 1:colcon.colcon_core.package_identification:_identify(/home/rml/ros2_ws/src/quad-sdk/external/ipopt/coinbrew/build/Ipopt/3.14.19/contrib/sIPOPT) by extensions ['cmake', 'python']
[0.128s] Level 1:colcon.colcon_core.package_identification:_identify(/home/rml/ros2_ws/src/quad-sdk/external/ipopt/coinbrew/build/Ipopt/3.14.19/contrib/sIPOPT) by extension 'cmake'
[0.128s] Level 1:colcon.colcon_core.package_identification:_identify(/home/rml/ros2_ws/src/quad-sdk/external/ipopt/coinbrew/build/Ipopt/3.14.19/contrib/sIPOPT) by extension 'python'
[0.128s] Level 1:colcon.colcon_core.package_identification:_identify(/home/rml/ros2_ws/src/quad-sdk/external/ipopt/coinbrew/build/Ipopt/3.14.19/contrib/sIPOPT) by extensions ['python_setup_py']
[0.128s] Level 1:colcon.colcon_core.package_identification:_identify(/home/rml/ros2_ws/src/quad-sdk/external/ipopt/coinbrew/build/Ipopt/3.14.19/contrib/sIPOPT) by extension 'python_setup_py'
[0.128s] Level 1:colcon.colcon_core.package_identification:_identify(/home/rml/ros2_ws/src/quad-sdk/external/ipopt/coinbrew/build/Ipopt/3.14.19/contrib/sIPOPT/AmplSolver) by extensions ['ignore', 'ignore_ament_install']
[0.129s] Level 1:colcon.colcon_core.package_identification:_identify(/home/rml/ros2_ws/src/quad-sdk/external/ipopt/coinbrew/build/Ipopt/3.14.19/contrib/sIPOPT/AmplSolver) by extension 'ignore'
[0.129s] Level 1:colcon.colcon_core.package_identification:_identify(/home/rml/ros2_ws/src/quad-sdk/external/ipopt/coinbrew/build/Ipopt/3.14.19/contrib/sIPOPT/AmplSolver) by extension 'ignore_ament_install'
[0.129s] Level 1:colcon.colcon_core.package_identification:_identify(/home/rml/ros2_ws/src/quad-sdk/external/ipopt/coinbrew/build/Ipopt/3.14.19/contrib/sIPOPT/AmplSolver) by extensions ['colcon_pkg']
[0.129s] Level 1:colcon.colcon_core.package_identification:_identify(/home/rml/ros2_ws/src/quad-sdk/external/ipopt/coinbrew/build/Ipopt/3.14.19/contrib/sIPOPT/AmplSolver) by extension 'colcon_pkg'
[0.129s] Level 1:colcon.colcon_core.package_identification:_identify(/home/rml/ros2_ws/src/quad-sdk/external/ipopt/coinbrew/build/Ipopt/3.14.19/contrib/sIPOPT/AmplSolver) by extensions ['colcon_meta']
[0.129s] Level 1:colcon.colcon_core.package_identification:_identify(/home/rml/ros2_ws/src/quad-sdk/external/ipopt/coinbrew/build/Ipopt/3.14.19/contrib/sIPOPT/AmplSolver) by extension 'colcon_meta'
[0.129s] Level 1:colcon.colcon_core.package_identification:_identify(/home/rml/ros2_ws/src/quad-sdk/external/ipopt/coinbrew/build/Ipopt/3.14.19/contrib/sIPOPT/AmplSolver) by extensions ['ros']
[0.129s] Level 1:colcon.colcon_core.package_identification:_identify(/home/rml/ros2_ws/src/quad-sdk/external/ipopt/coinbrew/build/Ipopt/3.14.19/contrib/sIPOPT/AmplSolver) by extension 'ros'
[0.129s] Level 1:colcon.colcon_core.package_identification:_identify(/home/rml/ros2_ws/src/quad-sdk/external/ipopt/coinbrew/build/Ipopt/3.14.19/contrib/sIPOPT/AmplSolver) by extensions ['cmake', 'python']
[0.129s] Level 1:colcon.colcon_core.package_identification:_identify(/home/rml/ros2_ws/src/quad-sdk/external/ipopt/coinbrew/build/Ipopt/3.14.19/contrib/sIPOPT/AmplSolver) by extension 'cmake'
[0.129s] Level 1:colcon.colcon_core.package_identification:_identify(/home/rml/ros2_ws/src/quad-sdk/external/ipopt/coinbrew/build/Ipopt/3.14.19/contrib/sIPOPT/AmplSolver) by extension 'python'
[0.129s] Level 1:colcon.colcon_core.package_identification:_identify(/home/rml/ros2_ws/src/quad-sdk/external/ipopt/coinbrew/build/Ipopt/3.14.19/contrib/sIPOPT/AmplSolver) by extensions ['python_setup_py']
[0.129s] Level 1:colcon.colcon_core.package_identification:_identify(/home/rml/ros2_ws/src/quad-sdk/external/ipopt/coinbrew/build/Ipopt/3.14.19/contrib/sIPOPT/AmplSolver) by extension 'python_setup_py'
[0.129s] Level 1:colcon.colcon_core.package_identification:_identify(/home/rml/ros2_ws/src/quad-sdk/external/ipopt/coinbrew/build/Ipopt/3.14.19/contrib/sIPOPT/examples) by extensions ['ignore', 'ignore_ament_install']
[0.129s] Level 1:colcon.colcon_core.package_identification:_identify(/home/rml/ros2_ws/src/quad-sdk/external/ipopt/coinbrew/build/Ipopt/3.14.19/contrib/sIPOPT/examples) by extension 'ignore'
[0.129s] Level 1:colcon.colcon_core.package_identification:_identify(/home/rml/ros2_ws/src/quad-sdk/external/ipopt/coinbrew/build/Ipopt/3.14.19/contrib/sIPOPT/examples) by extension 'ignore_ament_install'
[0.129s] Level 1:colcon.colcon_core.package_identification:_identify(/home/rml/ros2_ws/src/quad-sdk/external/ipopt/coinbrew/build/Ipopt/3.14.19/contrib/sIPOPT/examples) by extensions ['colcon_pkg']
[0.129s] Level 1:colcon.colcon_core.package_identification:_identify(/home/rml/ros2_ws/src/quad-sdk/external/ipopt/coinbrew/build/Ipopt/3.14.19/contrib/sIPOPT/examples) by extension 'colcon_pkg'
[0.129s] Level 1:colcon.colcon_core.package_identification:_identify(/home/rml/ros2_ws/src/quad-sdk/external/ipopt/coinbrew/build/Ipopt/3.14.19/contrib/sIPOPT/examples) by extensions ['colcon_meta']
[0.129s] Level 1:colcon.colcon_core.package_identification:_identify(/home/rml/ros2_ws/src/quad-sdk/external/ipopt/coinbrew/build/Ipopt/3.14.19/contrib/sIPOPT/examples) by extension 'colcon_meta'
[0.129s] Level 1:colcon.colcon_core.package_identification:_identify(/home/rml/ros2_ws/src/quad-sdk/external/ipopt/coinbrew/build/Ipopt/3.14.19/contrib/sIPOPT/examples) by extensions ['ros']
[0.129s] Level 1:colcon.colcon_core.package_identification:_identify(/home/rml/ros2_ws/src/quad-sdk/external/ipopt/coinbrew/build/Ipopt/3.14.19/contrib/sIPOPT/examples) by extension 'ros'
[0.129s] Level 1:colcon.colcon_core.package_identification:_identify(/home/rml/ros2_ws/src/quad-sdk/external/ipopt/coinbrew/build/Ipopt/3.14.19/contrib/sIPOPT/examples) by extensions ['cmake', 'python']
[0.129s] Level 1:colcon.colcon_core.package_identification:_identify(/home/rml/ros2_ws/src/quad-sdk/external/ipopt/coinbrew/build/Ipopt/3.14.19/contrib/sIPOPT/examples) by extension 'cmake'
[0.129s] Level 1:colcon.colcon_core.package_identification:_identify(/home/rml/ros2_ws/src/quad-sdk/external/ipopt/coinbrew/build/Ipopt/3.14.19/contrib/sIPOPT/examples) by extension 'python'
[0.129s] Level 1:colcon.colcon_core.package_identification:_identify(/home/rml/ros2_ws/src/quad-sdk/external/ipopt/coinbrew/build/Ipopt/3.14.19/contrib/sIPOPT/examples) by extensions ['python_setup_py']
[0.129s] Level 1:colcon.colcon_core.package_identification:_identify(/home/rml/ros2_ws/src/quad-sdk/external/ipopt/coinbrew/build/Ipopt/3.14.19/contrib/sIPOPT/examples) by extension 'python_setup_py'
[0.129s] Level 1:colcon.colcon_core.package_identification:_identify(/home/rml/ros2_ws/src/quad-sdk/external/ipopt/coinbrew/build/Ipopt/3.14.19/contrib/sIPOPT/examples/parametric_cpp) by extensions ['ignore', 'ignore_ament_install']
[0.129s] Level 1:colcon.colcon_core.package_identification:_identify(/home/rml/ros2_ws/src/quad-sdk/external/ipopt/coinbrew/build/Ipopt/3.14.19/contrib/sIPOPT/examples/parametric_cpp) by extension 'ignore'
[0.129s] Level 1:colcon.colcon_core.package_identification:_identify(/home/rml/ros2_ws/src/quad-sdk/external/ipopt/coinbrew/build/Ipopt/3.14.19/contrib/sIPOPT/examples/parametric_cpp) by extension 'ignore_ament_install'
[0.129s] Level 1:colcon.colcon_core.package_identification:_identify(/home/rml/ros2_ws/src/quad-sdk/external/ipopt/coinbrew/build/Ipopt/3.14.19/contrib/sIPOPT/examples/parametric_cpp) by extensions ['colcon_pkg']
[0.129s] Level 1:colcon.colcon_core.package_identification:_identify(/home/rml/ros2_ws/src/quad-sdk/external/ipopt/coinbrew/build/Ipopt/3.14.19/contrib/sIPOPT/examples/parametric_cpp) by extension 'colcon_pkg'
[0.129s] Level 1:colcon.colcon_core.package_identification:_identify(/home/rml/ros2_ws/src/quad-sdk/external/ipopt/coinbrew/build/Ipopt/3.14.19/contrib/sIPOPT/examples/parametric_cpp) by extensions ['colcon_meta']
[0.129s] Level 1:colcon.colcon_core.package_identification:_identify(/home/rml/ros2_ws/src/quad-sdk/external/ipopt/coinbrew/build/Ipopt/3.14.19/contrib/sIPOPT/examples/parametric_cpp) by extension 'colcon_meta'
[0.129s] Level 1:colcon.colcon_core.package_identification:_identify(/home/rml/ros2_ws/src/quad-sdk/external/ipopt/coinbrew/build/Ipopt/3.14.19/contrib/sIPOPT/examples/parametric_cpp) by extensions ['ros']
[0.129s] Level 1:colcon.colcon_core.package_identification:_identify(/home/rml/ros2_ws/src/quad-sdk/external/ipopt/coinbrew/build/Ipopt/3.14.19/contrib/sIPOPT/examples/parametric_cpp) by extension 'ros'
[0.129s] Level 1:colcon.colcon_core.package_identification:_identify(/home/rml/ros2_ws/src/quad-sdk/external/ipopt/coinbrew/build/Ipopt/3.14.19/contrib/sIPOPT/examples/parametric_cpp) by extensions ['cmake', 'python']
[0.129s] Level 1:colcon.colcon_core.package_identification:_identify(/home/rml/ros2_ws/src/quad-sdk/external/ipopt/coinbrew/build/Ipopt/3.14.19/contrib/sIPOPT/examples/parametric_cpp) by extension 'cmake'
[0.129s] Level 1:colcon.colcon_core.package_identification:_identify(/home/rml/ros2_ws/src/quad-sdk/external/ipopt/coinbrew/build/Ipopt/3.14.19/contrib/sIPOPT/examples/parametric_cpp) by extension 'python'
[0.129s] Level 1:colcon.colcon_core.package_identification:_identify(/home/rml/ros2_ws/src/quad-sdk/external/ipopt/coinbrew/build/Ipopt/3.14.19/contrib/sIPOPT/examples/parametric_cpp) by extensions ['python_setup_py']
[0.129s] Level 1:colcon.colcon_core.package_identification:_identify(/home/rml/ros2_ws/src/quad-sdk/external/ipopt/coinbrew/build/Ipopt/3.14.19/contrib/sIPOPT/examples/parametric_cpp) by extension 'python_setup_py'
[0.129s] Level 1:colcon.colcon_core.package_identification:_identify(/home/rml/ros2_ws/src/quad-sdk/external/ipopt/coinbrew/build/Ipopt/3.14.19/contrib/sIPOPT/examples/parametric_dsdp_cpp) by extensions ['ignore', 'ignore_ament_install']
[0.129s] Level 1:colcon.colcon_core.package_identification:_identify(/home/rml/ros2_ws/src/quad-sdk/external/ipopt/coinbrew/build/Ipopt/3.14.19/contrib/sIPOPT/examples/parametric_dsdp_cpp) by extension 'ignore'
[0.129s] Level 1:colcon.colcon_core.package_identification:_identify(/home/rml/ros2_ws/src/quad-sdk/external/ipopt/coinbrew/build/Ipopt/3.14.19/contrib/sIPOPT/examples/parametric_dsdp_cpp) by extension 'ignore_ament_install'
[0.129s] Level 1:colcon.colcon_core.package_identification:_identify(/home/rml/ros2_ws/src/quad-sdk/external/ipopt/coinbrew/build/Ipopt/3.14.19/contrib/sIPOPT/examples/parametric_dsdp_cpp) by extensions ['colcon_pkg']
[0.129s] Level 1:colcon.colcon_core.package_identification:_identify(/home/rml/ros2_ws/src/quad-sdk/external/ipopt/coinbrew/build/Ipopt/3.14.19/contrib/sIPOPT/examples/parametric_dsdp_cpp) by extension 'colcon_pkg'
[0.129s] Level 1:colcon.colcon_core.package_identification:_identify(/home/rml/ros2_ws/src/quad-sdk/external/ipopt/coinbrew/build/Ipopt/3.14.19/contrib/sIPOPT/examples/parametric_dsdp_cpp) by extensions ['colcon_meta']
[0.129s] Level 1:colcon.colcon_core.package_identification:_identify(/home/rml/ros2_ws/src/quad-sdk/external/ipopt/coinbrew/build/Ipopt/3.14.19/contrib/sIPOPT/examples/parametric_dsdp_cpp) by extension 'colcon_meta'
[0.129s] Level 1:colcon.colcon_core.package_identification:_identify(/home/rml/ros2_ws/src/quad-sdk/external/ipopt/coinbrew/build/Ipopt/3.14.19/contrib/sIPOPT/examples/parametric_dsdp_cpp) by extensions ['ros']
[0.129s] Level 1:colcon.colcon_core.package_identification:_identify(/home/rml/ros2_ws/src/quad-sdk/external/ipopt/coinbrew/build/Ipopt/3.14.19/contrib/sIPOPT/examples/parametric_dsdp_cpp) by extension 'ros'
[0.129s] Level 1:colcon.colcon_core.package_identification:_identify(/home/rml/ros2_ws/src/quad-sdk/external/ipopt/coinbrew/build/Ipopt/3.14.19/contrib/sIPOPT/examples/parametric_dsdp_cpp) by extensions ['cmake', 'python']
[0.129s] Level 1:colcon.colcon_core.package_identification:_identify(/home/rml/ros2_ws/src/quad-sdk/external/ipopt/coinbrew/build/Ipopt/3.14.19/contrib/sIPOPT/examples/parametric_dsdp_cpp) by extension 'cmake'
[0.129s] Level 1:colcon.colcon_core.package_identification:_identify(/home/rml/ros2_ws/src/quad-sdk/external/ipopt/coinbrew/build/Ipopt/3.14.19/contrib/sIPOPT/examples/parametric_dsdp_cpp) by extension 'python'
[0.129s] Level 1:colcon.colcon_core.package_identification:_identify(/home/rml/ros2_ws/src/quad-sdk/external/ipopt/coinbrew/build/Ipopt/3.14.19/contrib/sIPOPT/examples/parametric_dsdp_cpp) by extensions ['python_setup_py']
[0.129s] Level 1:colcon.colcon_core.package_identification:_identify(/home/rml/ros2_ws/src/quad-sdk/external/ipopt/coinbrew/build/Ipopt/3.14.19/contrib/sIPOPT/examples/parametric_dsdp_cpp) by extension 'python_setup_py'
[0.130s] Level 1:colcon.colcon_core.package_identification:_identify(/home/rml/ros2_ws/src/quad-sdk/external/ipopt/coinbrew/build/Ipopt/3.14.19/contrib/sIPOPT/examples/redhess_cpp) by extensions ['ignore', 'ignore_ament_install']
[0.130s] Level 1:colcon.colcon_core.package_identification:_identify(/home/rml/ros2_ws/src/quad-sdk/external/ipopt/coinbrew/build/Ipopt/3.14.19/contrib/sIPOPT/examples/redhess_cpp) by extension 'ignore'
[0.130s] Level 1:colcon.colcon_core.package_identification:_identify(/home/rml/ros2_ws/src/quad-sdk/external/ipopt/coinbrew/build/Ipopt/3.14.19/contrib/sIPOPT/examples/redhess_cpp) by extension 'ignore_ament_install'
[0.130s] Level 1:colcon.colcon_core.package_identification:_identify(/home/rml/ros2_ws/src/quad-sdk/external/ipopt/coinbrew/build/Ipopt/3.14.19/contrib/sIPOPT/examples/redhess_cpp) by extensions ['colcon_pkg']
[0.130s] Level 1:colcon.colcon_core.package_identification:_identify(/home/rml/ros2_ws/src/quad-sdk/external/ipopt/coinbrew/build/Ipopt/3.14.19/contrib/sIPOPT/examples/redhess_cpp) by extension 'colcon_pkg'
[0.130s] Level 1:colcon.colcon_core.package_identification:_identify(/home/rml/ros2_ws/src/quad-sdk/external/ipopt/coinbrew/build/Ipopt/3.14.19/contrib/sIPOPT/examples/redhess_cpp) by extensions ['colcon_meta']
[0.130s] Level 1:colcon.colcon_core.package_identification:_identify(/home/rml/ros2_ws/src/quad-sdk/external/ipopt/coinbrew/build/Ipopt/3.14.19/contrib/sIPOPT/examples/redhess_cpp) by extension 'colcon_meta'
[0.130s] Level 1:colcon.colcon_core.package_identification:_identify(/home/rml/ros2_ws/src/quad-sdk/external/ipopt/coinbrew/build/Ipopt/3.14.19/contrib/sIPOPT/examples/redhess_cpp) by extensions ['ros']
[0.130s] Level 1:colcon.colcon_core.package_identification:_identify(/home/rml/ros2_ws/src/quad-sdk/external/ipopt/coinbrew/build/Ipopt/3.14.19/contrib/sIPOPT/examples/redhess_cpp) by extension 'ros'
[0.130s] Level 1:colcon.colcon_core.package_identification:_identify(/home/rml/ros2_ws/src/quad-sdk/external/ipopt/coinbrew/build/Ipopt/3.14.19/contrib/sIPOPT/examples/redhess_cpp) by extensions ['cmake', 'python']
[0.130s] Level 1:colcon.colcon_core.package_identification:_identify(/home/rml/ros2_ws/src/quad-sdk/external/ipopt/coinbrew/build/Ipopt/3.14.19/contrib/sIPOPT/examples/redhess_cpp) by extension 'cmake'
[0.130s] Level 1:colcon.colcon_core.package_identification:_identify(/home/rml/ros2_ws/src/quad-sdk/external/ipopt/coinbrew/build/Ipopt/3.14.19/contrib/sIPOPT/examples/redhess_cpp) by extension 'python'
[0.130s] Level 1:colcon.colcon_core.package_identification:_identify(/home/rml/ros2_ws/src/quad-sdk/external/ipopt/coinbrew/build/Ipopt/3.14.19/contrib/sIPOPT/examples/redhess_cpp) by extensions ['python_setup_py']
[0.130s] Level 1:colcon.colcon_core.package_identification:_identify(/home/rml/ros2_ws/src/quad-sdk/external/ipopt/coinbrew/build/Ipopt/3.14.19/contrib/sIPOPT/examples/redhess_cpp) by extension 'python_setup_py'
[0.130s] Level 1:colcon.colcon_core.package_identification:_identify(/home/rml/ros2_ws/src/quad-sdk/external/ipopt/coinbrew/build/Ipopt/3.14.19/contrib/sIPOPT/src) by extensions ['ignore', 'ignore_ament_install']
[0.130s] Level 1:colcon.colcon_core.package_identification:_identify(/home/rml/ros2_ws/src/quad-sdk/external/ipopt/coinbrew/build/Ipopt/3.14.19/contrib/sIPOPT/src) by extension 'ignore'
[0.130s] Level 1:colcon.colcon_core.package_identification:_identify(/home/rml/ros2_ws/src/quad-sdk/external/ipopt/coinbrew/build/Ipopt/3.14.19/contrib/sIPOPT/src) by extension 'ignore_ament_install'
[0.130s] Level 1:colcon.colcon_core.package_identification:_identify(/home/rml/ros2_ws/src/quad-sdk/external/ipopt/coinbrew/build/Ipopt/3.14.19/contrib/sIPOPT/src) by extensions ['colcon_pkg']
[0.130s] Level 1:colcon.colcon_core.package_identification:_identify(/home/rml/ros2_ws/src/quad-sdk/external/ipopt/coinbrew/build/Ipopt/3.14.19/contrib/sIPOPT/src) by extension 'colcon_pkg'
[0.130s] Level 1:colcon.colcon_core.package_identification:_identify(/home/rml/ros2_ws/src/quad-sdk/external/ipopt/coinbrew/build/Ipopt/3.14.19/contrib/sIPOPT/src) by extensions ['colcon_meta']
[0.130s] Level 1:colcon.colcon_core.package_identification:_identify(/home/rml/ros2_ws/src/quad-sdk/external/ipopt/coinbrew/build/Ipopt/3.14.19/contrib/sIPOPT/src) by extension 'colcon_meta'
[0.130s] Level 1:colcon.colcon_core.package_identification:_identify(/home/rml/ros2_ws/src/quad-sdk/external/ipopt/coinbrew/build/Ipopt/3.14.19/contrib/sIPOPT/src) by extensions ['ros']
[0.130s] Level 1:colcon.colcon_core.package_identification:_identify(/home/rml/ros2_ws/src/quad-sdk/external/ipopt/coinbrew/build/Ipopt/3.14.19/contrib/sIPOPT/src) by extension 'ros'
[0.130s] Level 1:colcon.colcon_core.package_identification:_identify(/home/rml/ros2_ws/src/quad-sdk/external/ipopt/coinbrew/build/Ipopt/3.14.19/contrib/sIPOPT/src) by extensions ['cmake', 'python']
[0.130s] Level 1:colcon.colcon_core.package_identification:_identify(/home/rml/ros2_ws/src/quad-sdk/external/ipopt/coinbrew/build/Ipopt/3.14.19/contrib/sIPOPT/src) by extension 'cmake'
[0.130s] Level 1:colcon.colcon_core.package_identification:_identify(/home/rml/ros2_ws/src/quad-sdk/external/ipopt/coinbrew/build/Ipopt/3.14.19/contrib/sIPOPT/src) by extension 'python'
[0.130s] Level 1:colcon.colcon_core.package_identification:_identify(/home/rml/ros2_ws/src/quad-sdk/external/ipopt/coinbrew/build/Ipopt/3.14.19/contrib/sIPOPT/src) by extensions ['python_setup_py']
[0.130s] Level 1:colcon.colcon_core.package_identification:_identify(/home/rml/ros2_ws/src/quad-sdk/external/ipopt/coinbrew/build/Ipopt/3.14.19/contrib/sIPOPT/src) by extension 'python_setup_py'
[0.130s] Level 1:colcon.colcon_core.package_identification:_identify(/home/rml/ros2_ws/src/quad-sdk/external/ipopt/coinbrew/build/Ipopt/3.14.19/doc) by extensions ['ignore', 'ignore_ament_install']
[0.130s] Level 1:colcon.colcon_core.package_identification:_identify(/home/rml/ros2_ws/src/quad-sdk/external/ipopt/coinbrew/build/Ipopt/3.14.19/doc) by extension 'ignore'
[0.130s] Level 1:colcon.colcon_core.package_identification:_identify(/home/rml/ros2_ws/src/quad-sdk/external/ipopt/coinbrew/build/Ipopt/3.14.19/doc) by extension 'ignore_ament_install'
[0.130s] Level 1:colcon.colcon_core.package_identification:_identify(/home/rml/ros2_ws/src/quad-sdk/external/ipopt/coinbrew/build/Ipopt/3.14.19/doc) by extensions ['colcon_pkg']
[0.130s] Level 1:colcon.colcon_core.package_identification:_identify(/home/rml/ros2_ws/src/quad-sdk/external/ipopt/coinbrew/build/Ipopt/3.14.19/doc) by extension 'colcon_pkg'
[0.130s] Level 1:colcon.colcon_core.package_identification:_identify(/home/rml/ros2_ws/src/quad-sdk/external/ipopt/coinbrew/build/Ipopt/3.14.19/doc) by extensions ['colcon_meta']
[0.130s] Level 1:colcon.colcon_core.package_identification:_identify(/home/rml/ros2_ws/src/quad-sdk/external/ipopt/coinbrew/build/Ipopt/3.14.19/doc) by extension 'colcon_meta'
[0.130s] Level 1:colcon.colcon_core.package_identification:_identify(/home/rml/ros2_ws/src/quad-sdk/external/ipopt/coinbrew/build/Ipopt/3.14.19/doc) by extensions ['ros']
[0.130s] Level 1:colcon.colcon_core.package_identification:_identify(/home/rml/ros2_ws/src/quad-sdk/external/ipopt/coinbrew/build/Ipopt/3.14.19/doc) by extension 'ros'
[0.130s] Level 1:colcon.colcon_core.package_identification:_identify(/home/rml/ros2_ws/src/quad-sdk/external/ipopt/coinbrew/build/Ipopt/3.14.19/doc) by extensions ['cmake', 'python']
[0.130s] Level 1:colcon.colcon_core.package_identification:_identify(/home/rml/ros2_ws/src/quad-sdk/external/ipopt/coinbrew/build/Ipopt/3.14.19/doc) by extension 'cmake'
[0.130s] Level 1:colcon.colcon_core.package_identification:_identify(/home/rml/ros2_ws/src/quad-sdk/external/ipopt/coinbrew/build/Ipopt/3.14.19/doc) by extension 'python'
[0.130s] Level 1:colcon.colcon_core.package_identification:_identify(/home/rml/ros2_ws/src/quad-sdk/external/ipopt/coinbrew/build/Ipopt/3.14.19/doc) by extensions ['python_setup_py']
[0.130s] Level 1:colcon.colcon_core.package_identification:_identify(/home/rml/ros2_ws/src/quad-sdk/external/ipopt/coinbrew/build/Ipopt/3.14.19/doc) by extension 'python_setup_py'
[0.130s] Level 1:colcon.colcon_core.package_identification:_identify(/home/rml/ros2_ws/src/quad-sdk/external/ipopt/coinbrew/build/Ipopt/3.14.19/examples) by extensions ['ignore', 'ignore_ament_install']
[0.130s] Level 1:colcon.colcon_core.package_identification:_identify(/home/rml/ros2_ws/src/quad-sdk/external/ipopt/coinbrew/build/Ipopt/3.14.19/examples) by extension 'ignore'
[0.130s] Level 1:colcon.colcon_core.package_identification:_identify(/home/rml/ros2_ws/src/quad-sdk/external/ipopt/coinbrew/build/Ipopt/3.14.19/examples) by extension 'ignore_ament_install'
[0.130s] Level 1:colcon.colcon_core.package_identification:_identify(/home/rml/ros2_ws/src/quad-sdk/external/ipopt/coinbrew/build/Ipopt/3.14.19/examples) by extensions ['colcon_pkg']
[0.131s] Level 1:colcon.colcon_core.package_identification:_identify(/home/rml/ros2_ws/src/quad-sdk/external/ipopt/coinbrew/build/Ipopt/3.14.19/examples) by extension 'colcon_pkg'
[0.131s] Level 1:colcon.colcon_core.package_identification:_identify(/home/rml/ros2_ws/src/quad-sdk/external/ipopt/coinbrew/build/Ipopt/3.14.19/examples) by extensions ['colcon_meta']
[0.131s] Level 1:colcon.colcon_core.package_identification:_identify(/home/rml/ros2_ws/src/quad-sdk/external/ipopt/coinbrew/build/Ipopt/3.14.19/examples) by extension 'colcon_meta'
[0.131s] Level 1:colcon.colcon_core.package_identification:_identify(/home/rml/ros2_ws/src/quad-sdk/external/ipopt/coinbrew/build/Ipopt/3.14.19/examples) by extensions ['ros']
[0.131s] Level 1:colcon.colcon_core.package_identification:_identify(/home/rml/ros2_ws/src/quad-sdk/external/ipopt/coinbrew/build/Ipopt/3.14.19/examples) by extension 'ros'
[0.131s] Level 1:colcon.colcon_core.package_identification:_identify(/home/rml/ros2_ws/src/quad-sdk/external/ipopt/coinbrew/build/Ipopt/3.14.19/examples) by extensions ['cmake', 'python']
[0.131s] Level 1:colcon.colcon_core.package_identification:_identify(/home/rml/ros2_ws/src/quad-sdk/external/ipopt/coinbrew/build/Ipopt/3.14.19/examples) by extension 'cmake'
[0.131s] Level 1:colcon.colcon_core.package_identification:_identify(/home/rml/ros2_ws/src/quad-sdk/external/ipopt/coinbrew/build/Ipopt/3.14.19/examples) by extension 'python'
[0.131s] Level 1:colcon.colcon_core.package_identification:_identify(/home/rml/ros2_ws/src/quad-sdk/external/ipopt/coinbrew/build/Ipopt/3.14.19/examples) by extensions ['python_setup_py']
[0.131s] Level 1:colcon.colcon_core.package_identification:_identify(/home/rml/ros2_ws/src/quad-sdk/external/ipopt/coinbrew/build/Ipopt/3.14.19/examples) by extension 'python_setup_py'
[0.131s] Level 1:colcon.colcon_core.package_identification:_identify(/home/rml/ros2_ws/src/quad-sdk/external/ipopt/coinbrew/build/Ipopt/3.14.19/examples/Cpp_example) by extensions ['ignore', 'ignore_ament_install']
[0.131s] Level 1:colcon.colcon_core.package_identification:_identify(/home/rml/ros2_ws/src/quad-sdk/external/ipopt/coinbrew/build/Ipopt/3.14.19/examples/Cpp_example) by extension 'ignore'
[0.131s] Level 1:colcon.colcon_core.package_identification:_identify(/home/rml/ros2_ws/src/quad-sdk/external/ipopt/coinbrew/build/Ipopt/3.14.19/examples/Cpp_example) by extension 'ignore_ament_install'
[0.131s] Level 1:colcon.colcon_core.package_identification:_identify(/home/rml/ros2_ws/src/quad-sdk/external/ipopt/coinbrew/build/Ipopt/3.14.19/examples/Cpp_example) by extensions ['colcon_pkg']
[0.131s] Level 1:colcon.colcon_core.package_identification:_identify(/home/rml/ros2_ws/src/quad-sdk/external/ipopt/coinbrew/build/Ipopt/3.14.19/examples/Cpp_example) by extension 'colcon_pkg'
[0.131s] Level 1:colcon.colcon_core.package_identification:_identify(/home/rml/ros2_ws/src/quad-sdk/external/ipopt/coinbrew/build/Ipopt/3.14.19/examples/Cpp_example) by extensions ['colcon_meta']
[0.131s] Level 1:colcon.colcon_core.package_identification:_identify(/home/rml/ros2_ws/src/quad-sdk/external/ipopt/coinbrew/build/Ipopt/3.14.19/examples/Cpp_example) by extension 'colcon_meta'
[0.131s] Level 1:colcon.colcon_core.package_identification:_identify(/home/rml/ros2_ws/src/quad-sdk/external/ipopt/coinbrew/build/Ipopt/3.14.19/examples/Cpp_example) by extensions ['ros']
[0.131s] Level 1:colcon.colcon_core.package_identification:_identify(/home/rml/ros2_ws/src/quad-sdk/external/ipopt/coinbrew/build/Ipopt/3.14.19/examples/Cpp_example) by extension 'ros'
[0.131s] Level 1:colcon.colcon_core.package_identification:_identify(/home/rml/ros2_ws/src/quad-sdk/external/ipopt/coinbrew/build/Ipopt/3.14.19/examples/Cpp_example) by extensions ['cmake', 'python']
[0.131s] Level 1:colcon.colcon_core.package_identification:_identify(/home/rml/ros2_ws/src/quad-sdk/external/ipopt/coinbrew/build/Ipopt/3.14.19/examples/Cpp_example) by extension 'cmake'
[0.131s] Level 1:colcon.colcon_core.package_identification:_identify(/home/rml/ros2_ws/src/quad-sdk/external/ipopt/coinbrew/build/Ipopt/3.14.19/examples/Cpp_example) by extension 'python'
[0.131s] Level 1:colcon.colcon_core.package_identification:_identify(/home/rml/ros2_ws/src/quad-sdk/external/ipopt/coinbrew/build/Ipopt/3.14.19/examples/Cpp_example) by extensions ['python_setup_py']
[0.131s] Level 1:colcon.colcon_core.package_identification:_identify(/home/rml/ros2_ws/src/quad-sdk/external/ipopt/coinbrew/build/Ipopt/3.14.19/examples/Cpp_example) by extension 'python_setup_py'
[0.131s] Level 1:colcon.colcon_core.package_identification:_identify(/home/rml/ros2_ws/src/quad-sdk/external/ipopt/coinbrew/build/Ipopt/3.14.19/examples/ScalableProblems) by extensions ['ignore', 'ignore_ament_install']
[0.131s] Level 1:colcon.colcon_core.package_identification:_identify(/home/rml/ros2_ws/src/quad-sdk/external/ipopt/coinbrew/build/Ipopt/3.14.19/examples/ScalableProblems) by extension 'ignore'
[0.131s] Level 1:colcon.colcon_core.package_identification:_identify(/home/rml/ros2_ws/src/quad-sdk/external/ipopt/coinbrew/build/Ipopt/3.14.19/examples/ScalableProblems) by extension 'ignore_ament_install'
[0.131s] Level 1:colcon.colcon_core.package_identification:_identify(/home/rml/ros2_ws/src/quad-sdk/external/ipopt/coinbrew/build/Ipopt/3.14.19/examples/ScalableProblems) by extensions ['colcon_pkg']
[0.131s] Level 1:colcon.colcon_core.package_identification:_identify(/home/rml/ros2_ws/src/quad-sdk/external/ipopt/coinbrew/build/Ipopt/3.14.19/examples/ScalableProblems) by extension 'colcon_pkg'
[0.131s] Level 1:colcon.colcon_core.package_identification:_identify(/home/rml/ros2_ws/src/quad-sdk/external/ipopt/coinbrew/build/Ipopt/3.14.19/examples/ScalableProblems) by extensions ['colcon_meta']
[0.131s] Level 1:colcon.colcon_core.package_identification:_identify(/home/rml/ros2_ws/src/quad-sdk/external/ipopt/coinbrew/build/Ipopt/3.14.19/examples/ScalableProblems) by extension 'colcon_meta'
[0.131s] Level 1:colcon.colcon_core.package_identification:_identify(/home/rml/ros2_ws/src/quad-sdk/external/ipopt/coinbrew/build/Ipopt/3.14.19/examples/ScalableProblems) by extensions ['ros']
[0.131s] Level 1:colcon.colcon_core.package_identification:_identify(/home/rml/ros2_ws/src/quad-sdk/external/ipopt/coinbrew/build/Ipopt/3.14.19/examples/ScalableProblems) by extension 'ros'
[0.131s] Level 1:colcon.colcon_core.package_identification:_identify(/home/rml/ros2_ws/src/quad-sdk/external/ipopt/coinbrew/build/Ipopt/3.14.19/examples/ScalableProblems) by extensions ['cmake', 'python']
[0.131s] Level 1:colcon.colcon_core.package_identification:_identify(/home/rml/ros2_ws/src/quad-sdk/external/ipopt/coinbrew/build/Ipopt/3.14.19/examples/ScalableProblems) by extension 'cmake'
[0.131s] Level 1:colcon.colcon_core.package_identification:_identify(/home/rml/ros2_ws/src/quad-sdk/external/ipopt/coinbrew/build/Ipopt/3.14.19/examples/ScalableProblems) by extension 'python'
[0.131s] Level 1:colcon.colcon_core.package_identification:_identify(/home/rml/ros2_ws/src/quad-sdk/external/ipopt/coinbrew/build/Ipopt/3.14.19/examples/ScalableProblems) by extensions ['python_setup_py']
[0.131s] Level 1:colcon.colcon_core.package_identification:_identify(/home/rml/ros2_ws/src/quad-sdk/external/ipopt/coinbrew/build/Ipopt/3.14.19/examples/ScalableProblems) by extension 'python_setup_py'
[0.131s] Level 1:colcon.colcon_core.package_identification:_identify(/home/rml/ros2_ws/src/quad-sdk/external/ipopt/coinbrew/build/Ipopt/3.14.19/examples/ScalableProblems_java) by extensions ['ignore', 'ignore_ament_install']
[0.131s] Level 1:colcon.colcon_core.package_identification:_identify(/home/rml/ros2_ws/src/quad-sdk/external/ipopt/coinbrew/build/Ipopt/3.14.19/examples/ScalableProblems_java) by extension 'ignore'
[0.131s] Level 1:colcon.colcon_core.package_identification:_identify(/home/rml/ros2_ws/src/quad-sdk/external/ipopt/coinbrew/build/Ipopt/3.14.19/examples/ScalableProblems_java) by extension 'ignore_ament_install'
[0.131s] Level 1:colcon.colcon_core.package_identification:_identify(/home/rml/ros2_ws/src/quad-sdk/external/ipopt/coinbrew/build/Ipopt/3.14.19/examples/ScalableProblems_java) by extensions ['colcon_pkg']
[0.131s] Level 1:colcon.colcon_core.package_identification:_identify(/home/rml/ros2_ws/src/quad-sdk/external/ipopt/coinbrew/build/Ipopt/3.14.19/examples/ScalableProblems_java) by extension 'colcon_pkg'
[0.131s] Level 1:colcon.colcon_core.package_identification:_identify(/home/rml/ros2_ws/src/quad-sdk/external/ipopt/coinbrew/build/Ipopt/3.14.19/examples/ScalableProblems_java) by extensions ['colcon_meta']
[0.131s] Level 1:colcon.colcon_core.package_identification:_identify(/home/rml/ros2_ws/src/quad-sdk/external/ipopt/coinbrew/build/Ipopt/3.14.19/examples/ScalableProblems_java) by extension 'colcon_meta'
[0.131s] Level 1:colcon.colcon_core.package_identification:_identify(/home/rml/ros2_ws/src/quad-sdk/external/ipopt/coinbrew/build/Ipopt/3.14.19/examples/ScalableProblems_java) by extensions ['ros']
[0.131s] Level 1:colcon.colcon_core.package_identification:_identify(/home/rml/ros2_ws/src/quad-sdk/external/ipopt/coinbrew/build/Ipopt/3.14.19/examples/ScalableProblems_java) by extension 'ros'
[0.131s] Level 1:colcon.colcon_core.package_identification:_identify(/home/rml/ros2_ws/src/quad-sdk/external/ipopt/coinbrew/build/Ipopt/3.14.19/examples/ScalableProblems_java) by extensions ['cmake', 'python']
[0.131s] Level 1:colcon.colcon_core.package_identification:_identify(/home/rml/ros2_ws/src/quad-sdk/external/ipopt/coinbrew/build/Ipopt/3.14.19/examples/ScalableProblems_java) by extension 'cmake'
[0.131s] Level 1:colcon.colcon_core.package_identification:_identify(/home/rml/ros2_ws/src/quad-sdk/external/ipopt/coinbrew/build/Ipopt/3.14.19/examples/ScalableProblems_java) by extension 'python'
[0.131s] Level 1:colcon.colcon_core.package_identification:_identify(/home/rml/ros2_ws/src/quad-sdk/external/ipopt/coinbrew/build/Ipopt/3.14.19/examples/ScalableProblems_java) by extensions ['python_setup_py']
[0.131s] Level 1:colcon.colcon_core.package_identification:_identify(/home/rml/ros2_ws/src/quad-sdk/external/ipopt/coinbrew/build/Ipopt/3.14.19/examples/ScalableProblems_java) by extension 'python_setup_py'
[0.132s] Level 1:colcon.colcon_core.package_identification:_identify(/home/rml/ros2_ws/src/quad-sdk/external/ipopt/coinbrew/build/Ipopt/3.14.19/examples/hs071_c) by extensions ['ignore', 'ignore_ament_install']
[0.132s] Level 1:colcon.colcon_core.package_identification:_identify(/home/rml/ros2_ws/src/quad-sdk/external/ipopt/coinbrew/build/Ipopt/3.14.19/examples/hs071_c) by extension 'ignore'
[0.132s] Level 1:colcon.colcon_core.package_identification:_identify(/home/rml/ros2_ws/src/quad-sdk/external/ipopt/coinbrew/build/Ipopt/3.14.19/examples/hs071_c) by extension 'ignore_ament_install'
[0.132s] Level 1:colcon.colcon_core.package_identification:_identify(/home/rml/ros2_ws/src/quad-sdk/external/ipopt/coinbrew/build/Ipopt/3.14.19/examples/hs071_c) by extensions ['colcon_pkg']
[0.132s] Level 1:colcon.colcon_core.package_identification:_identify(/home/rml/ros2_ws/src/quad-sdk/external/ipopt/coinbrew/build/Ipopt/3.14.19/examples/hs071_c) by extension 'colcon_pkg'
[0.132s] Level 1:colcon.colcon_core.package_identification:_identify(/home/rml/ros2_ws/src/quad-sdk/external/ipopt/coinbrew/build/Ipopt/3.14.19/examples/hs071_c) by extensions ['colcon_meta']
[0.132s] Level 1:colcon.colcon_core.package_identification:_identify(/home/rml/ros2_ws/src/quad-sdk/external/ipopt/coinbrew/build/Ipopt/3.14.19/examples/hs071_c) by extension 'colcon_meta'
[0.132s] Level 1:colcon.colcon_core.package_identification:_identify(/home/rml/ros2_ws/src/quad-sdk/external/ipopt/coinbrew/build/Ipopt/3.14.19/examples/hs071_c) by extensions ['ros']
[0.132s] Level 1:colcon.colcon_core.package_identification:_identify(/home/rml/ros2_ws/src/quad-sdk/external/ipopt/coinbrew/build/Ipopt/3.14.19/examples/hs071_c) by extension 'ros'
[0.132s] Level 1:colcon.colcon_core.package_identification:_identify(/home/rml/ros2_ws/src/quad-sdk/external/ipopt/coinbrew/build/Ipopt/3.14.19/examples/hs071_c) by extensions ['cmake', 'python']
[0.132s] Level 1:colcon.colcon_core.package_identification:_identify(/home/rml/ros2_ws/src/quad-sdk/external/ipopt/coinbrew/build/Ipopt/3.14.19/examples/hs071_c) by extension 'cmake'
[0.132s] Level 1:colcon.colcon_core.package_identification:_identify(/home/rml/ros2_ws/src/quad-sdk/external/ipopt/coinbrew/build/Ipopt/3.14.19/examples/hs071_c) by extension 'python'
[0.132s] Level 1:colcon.colcon_core.package_identification:_identify(/home/rml/ros2_ws/src/quad-sdk/external/ipopt/coinbrew/build/Ipopt/3.14.19/examples/hs071_c) by extensions ['python_setup_py']
[0.132s] Level 1:colcon.colcon_core.package_identification:_identify(/home/rml/ros2_ws/src/quad-sdk/external/ipopt/coinbrew/build/Ipopt/3.14.19/examples/hs071_c) by extension 'python_setup_py'
[0.132s] Level 1:colcon.colcon_core.package_identification:_identify(/home/rml/ros2_ws/src/quad-sdk/external/ipopt/coinbrew/build/Ipopt/3.14.19/examples/hs071_cpp) by extensions ['ignore', 'ignore_ament_install']
[0.132s] Level 1:colcon.colcon_core.package_identification:_identify(/home/rml/ros2_ws/src/quad-sdk/external/ipopt/coinbrew/build/Ipopt/3.14.19/examples/hs071_cpp) by extension 'ignore'
[0.132s] Level 1:colcon.colcon_core.package_identification:_identify(/home/rml/ros2_ws/src/quad-sdk/external/ipopt/coinbrew/build/Ipopt/3.14.19/examples/hs071_cpp) by extension 'ignore_ament_install'
[0.132s] Level 1:colcon.colcon_core.package_identification:_identify(/home/rml/ros2_ws/src/quad-sdk/external/ipopt/coinbrew/build/Ipopt/3.14.19/examples/hs071_cpp) by extensions ['colcon_pkg']
[0.132s] Level 1:colcon.colcon_core.package_identification:_identify(/home/rml/ros2_ws/src/quad-sdk/external/ipopt/coinbrew/build/Ipopt/3.14.19/examples/hs071_cpp) by extension 'colcon_pkg'
[0.132s] Level 1:colcon.colcon_core.package_identification:_identify(/home/rml/ros2_ws/src/quad-sdk/external/ipopt/coinbrew/build/Ipopt/3.14.19/examples/hs071_cpp) by extensions ['colcon_meta']
[0.132s] Level 1:colcon.colcon_core.package_identification:_identify(/home/rml/ros2_ws/src/quad-sdk/external/ipopt/coinbrew/build/Ipopt/3.14.19/examples/hs071_cpp) by extension 'colcon_meta'
[0.132s] Level 1:colcon.colcon_core.package_identification:_identify(/home/rml/ros2_ws/src/quad-sdk/external/ipopt/coinbrew/build/Ipopt/3.14.19/examples/hs071_cpp) by extensions ['ros']
[0.132s] Level 1:colcon.colcon_core.package_identification:_identify(/home/rml/ros2_ws/src/quad-sdk/external/ipopt/coinbrew/build/Ipopt/3.14.19/examples/hs071_cpp) by extension 'ros'
[0.132s] Level 1:colcon.colcon_core.package_identification:_identify(/home/rml/ros2_ws/src/quad-sdk/external/ipopt/coinbrew/build/Ipopt/3.14.19/examples/hs071_cpp) by extensions ['cmake', 'python']
[0.132s] Level 1:colcon.colcon_core.package_identification:_identify(/home/rml/ros2_ws/src/quad-sdk/external/ipopt/coinbrew/build/Ipopt/3.14.19/examples/hs071_cpp) by extension 'cmake'
[0.132s] Level 1:colcon.colcon_core.package_identification:_identify(/home/rml/ros2_ws/src/quad-sdk/external/ipopt/coinbrew/build/Ipopt/3.14.19/examples/hs071_cpp) by extension 'python'
[0.132s] Level 1:colcon.colcon_core.package_identification:_identify(/home/rml/ros2_ws/src/quad-sdk/external/ipopt/coinbrew/build/Ipopt/3.14.19/examples/hs071_cpp) by extensions ['python_setup_py']
[0.132s] Level 1:colcon.colcon_core.package_identification:_identify(/home/rml/ros2_ws/src/quad-sdk/external/ipopt/coinbrew/build/Ipopt/3.14.19/examples/hs071_cpp) by extension 'python_setup_py'
[0.132s] Level 1:colcon.colcon_core.package_identification:_identify(/home/rml/ros2_ws/src/quad-sdk/external/ipopt/coinbrew/build/Ipopt/3.14.19/examples/hs071_f) by extensions ['ignore', 'ignore_ament_install']
[0.132s] Level 1:colcon.colcon_core.package_identification:_identify(/home/rml/ros2_ws/src/quad-sdk/external/ipopt/coinbrew/build/Ipopt/3.14.19/examples/hs071_f) by extension 'ignore'
[0.132s] Level 1:colcon.colcon_core.package_identification:_identify(/home/rml/ros2_ws/src/quad-sdk/external/ipopt/coinbrew/build/Ipopt/3.14.19/examples/hs071_f) by extension 'ignore_ament_install'
[0.132s] Level 1:colcon.colcon_core.package_identification:_identify(/home/rml/ros2_ws/src/quad-sdk/external/ipopt/coinbrew/build/Ipopt/3.14.19/examples/hs071_f) by extensions ['colcon_pkg']
[0.132s] Level 1:colcon.colcon_core.package_identification:_identify(/home/rml/ros2_ws/src/quad-sdk/external/ipopt/coinbrew/build/Ipopt/3.14.19/examples/hs071_f) by extension 'colcon_pkg'
[0.132s] Level 1:colcon.colcon_core.package_identification:_identify(/home/rml/ros2_ws/src/quad-sdk/external/ipopt/coinbrew/build/Ipopt/3.14.19/examples/hs071_f) by extensions ['colcon_meta']
[0.132s] Level 1:colcon.colcon_core.package_identification:_identify(/home/rml/ros2_ws/src/quad-sdk/external/ipopt/coinbrew/build/Ipopt/3.14.19/examples/hs071_f) by extension 'colcon_meta'
[0.132s] Level 1:colcon.colcon_core.package_identification:_identify(/home/rml/ros2_ws/src/quad-sdk/external/ipopt/coinbrew/build/Ipopt/3.14.19/examples/hs071_f) by extensions ['ros']
[0.132s] Level 1:colcon.colcon_core.package_identification:_identify(/home/rml/ros2_ws/src/quad-sdk/external/ipopt/coinbrew/build/Ipopt/3.14.19/examples/hs071_f) by extension 'ros'
[0.132s] Level 1:colcon.colcon_core.package_identification:_identify(/home/rml/ros2_ws/src/quad-sdk/external/ipopt/coinbrew/build/Ipopt/3.14.19/examples/hs071_f) by extensions ['cmake', 'python']
[0.132s] Level 1:colcon.colcon_core.package_identification:_identify(/home/rml/ros2_ws/src/quad-sdk/external/ipopt/coinbrew/build/Ipopt/3.14.19/examples/hs071_f) by extension 'cmake'
[0.132s] Level 1:colcon.colcon_core.package_identification:_identify(/home/rml/ros2_ws/src/quad-sdk/external/ipopt/coinbrew/build/Ipopt/3.14.19/examples/hs071_f) by extension 'python'
[0.132s] Level 1:colcon.colcon_core.package_identification:_identify(/home/rml/ros2_ws/src/quad-sdk/external/ipopt/coinbrew/build/Ipopt/3.14.19/examples/hs071_f) by extensions ['python_setup_py']
[0.132s] Level 1:colcon.colcon_core.package_identification:_identify(/home/rml/ros2_ws/src/quad-sdk/external/ipopt/coinbrew/build/Ipopt/3.14.19/examples/hs071_f) by extension 'python_setup_py'
[0.132s] Level 1:colcon.colcon_core.package_identification:_identify(/home/rml/ros2_ws/src/quad-sdk/external/ipopt/coinbrew/build/Ipopt/3.14.19/examples/hs071_java) by extensions ['ignore', 'ignore_ament_install']
[0.132s] Level 1:colcon.colcon_core.package_identification:_identify(/home/rml/ros2_ws/src/quad-sdk/external/ipopt/coinbrew/build/Ipopt/3.14.19/examples/hs071_java) by extension 'ignore'
[0.132s] Level 1:colcon.colcon_core.package_identification:_identify(/home/rml/ros2_ws/src/quad-sdk/external/ipopt/coinbrew/build/Ipopt/3.14.19/examples/hs071_java) by extension 'ignore_ament_install'
[0.132s] Level 1:colcon.colcon_core.package_identification:_identify(/home/rml/ros2_ws/src/quad-sdk/external/ipopt/coinbrew/build/Ipopt/3.14.19/examples/hs071_java) by extensions ['colcon_pkg']
[0.132s] Level 1:colcon.colcon_core.package_identification:_identify(/home/rml/ros2_ws/src/quad-sdk/external/ipopt/coinbrew/build/Ipopt/3.14.19/examples/hs071_java) by extension 'colcon_pkg'
[0.132s] Level 1:colcon.colcon_core.package_identification:_identify(/home/rml/ros2_ws/src/quad-sdk/external/ipopt/coinbrew/build/Ipopt/3.14.19/examples/hs071_java) by extensions ['colcon_meta']
[0.132s] Level 1:colcon.colcon_core.package_identification:_identify(/home/rml/ros2_ws/src/quad-sdk/external/ipopt/coinbrew/build/Ipopt/3.14.19/examples/hs071_java) by extension 'colcon_meta'
[0.132s] Level 1:colcon.colcon_core.package_identification:_identify(/home/rml/ros2_ws/src/quad-sdk/external/ipopt/coinbrew/build/Ipopt/3.14.19/examples/hs071_java) by extensions ['ros']
[0.132s] Level 1:colcon.colcon_core.package_identification:_identify(/home/rml/ros2_ws/src/quad-sdk/external/ipopt/coinbrew/build/Ipopt/3.14.19/examples/hs071_java) by extension 'ros'
[0.132s] Level 1:colcon.colcon_core.package_identification:_identify(/home/rml/ros2_ws/src/quad-sdk/external/ipopt/coinbrew/build/Ipopt/3.14.19/examples/hs071_java) by extensions ['cmake', 'python']
[0.132s] Level 1:colcon.colcon_core.package_identification:_identify(/home/rml/ros2_ws/src/quad-sdk/external/ipopt/coinbrew/build/Ipopt/3.14.19/examples/hs071_java) by extension 'cmake'
[0.132s] Level 1:colcon.colcon_core.package_identification:_identify(/home/rml/ros2_ws/src/quad-sdk/external/ipopt/coinbrew/build/Ipopt/3.14.19/examples/hs071_java) by extension 'python'
[0.132s] Level 1:colcon.colcon_core.package_identification:_identify(/home/rml/ros2_ws/src/quad-sdk/external/ipopt/coinbrew/build/Ipopt/3.14.19/examples/hs071_java) by extensions ['python_setup_py']
[0.132s] Level 1:colcon.colcon_core.package_identification:_identify(/home/rml/ros2_ws/src/quad-sdk/external/ipopt/coinbrew/build/Ipopt/3.14.19/examples/hs071_java) by extension 'python_setup_py'
[0.133s] Level 1:colcon.colcon_core.package_identification:_identify(/home/rml/ros2_ws/src/quad-sdk/external/ipopt/coinbrew/build/Ipopt/3.14.19/examples/recursive_nlp) by extensions ['ignore', 'ignore_ament_install']
[0.133s] Level 1:colcon.colcon_core.package_identification:_identify(/home/rml/ros2_ws/src/quad-sdk/external/ipopt/coinbrew/build/Ipopt/3.14.19/examples/recursive_nlp) by extension 'ignore'
[0.133s] Level 1:colcon.colcon_core.package_identification:_identify(/home/rml/ros2_ws/src/quad-sdk/external/ipopt/coinbrew/build/Ipopt/3.14.19/examples/recursive_nlp) by extension 'ignore_ament_install'
[0.133s] Level 1:colcon.colcon_core.package_identification:_identify(/home/rml/ros2_ws/src/quad-sdk/external/ipopt/coinbrew/build/Ipopt/3.14.19/examples/recursive_nlp) by extensions ['colcon_pkg']
[0.133s] Level 1:colcon.colcon_core.package_identification:_identify(/home/rml/ros2_ws/src/quad-sdk/external/ipopt/coinbrew/build/Ipopt/3.14.19/examples/recursive_nlp) by extension 'colcon_pkg'
[0.133s] Level 1:colcon.colcon_core.package_identification:_identify(/home/rml/ros2_ws/src/quad-sdk/external/ipopt/coinbrew/build/Ipopt/3.14.19/examples/recursive_nlp) by extensions ['colcon_meta']
[0.133s] Level 1:colcon.colcon_core.package_identification:_identify(/home/rml/ros2_ws/src/quad-sdk/external/ipopt/coinbrew/build/Ipopt/3.14.19/examples/recursive_nlp) by extension 'colcon_meta'
[0.133s] Level 1:colcon.colcon_core.package_identification:_identify(/home/rml/ros2_ws/src/quad-sdk/external/ipopt/coinbrew/build/Ipopt/3.14.19/examples/recursive_nlp) by extensions ['ros']
[0.133s] Level 1:colcon.colcon_core.package_identification:_identify(/home/rml/ros2_ws/src/quad-sdk/external/ipopt/coinbrew/build/Ipopt/3.14.19/examples/recursive_nlp) by extension 'ros'
[0.133s] Level 1:colcon.colcon_core.package_identification:_identify(/home/rml/ros2_ws/src/quad-sdk/external/ipopt/coinbrew/build/Ipopt/3.14.19/examples/recursive_nlp) by extensions ['cmake', 'python']
[0.133s] Level 1:colcon.colcon_core.package_identification:_identify(/home/rml/ros2_ws/src/quad-sdk/external/ipopt/coinbrew/build/Ipopt/3.14.19/examples/recursive_nlp) by extension 'cmake'
[0.133s] Level 1:colcon.colcon_core.package_identification:_identify(/home/rml/ros2_ws/src/quad-sdk/external/ipopt/coinbrew/build/Ipopt/3.14.19/examples/recursive_nlp) by extension 'python'
[0.133s] Level 1:colcon.colcon_core.package_identification:_identify(/home/rml/ros2_ws/src/quad-sdk/external/ipopt/coinbrew/build/Ipopt/3.14.19/examples/recursive_nlp) by extensions ['python_setup_py']
[0.133s] Level 1:colcon.colcon_core.package_identification:_identify(/home/rml/ros2_ws/src/quad-sdk/external/ipopt/coinbrew/build/Ipopt/3.14.19/examples/recursive_nlp) by extension 'python_setup_py'
[0.133s] Level 1:colcon.colcon_core.package_identification:_identify(/home/rml/ros2_ws/src/quad-sdk/external/ipopt/coinbrew/build/Ipopt/3.14.19/src) by extensions ['ignore', 'ignore_ament_install']
[0.133s] Level 1:colcon.colcon_core.package_identification:_identify(/home/rml/ros2_ws/src/quad-sdk/external/ipopt/coinbrew/build/Ipopt/3.14.19/src) by extension 'ignore'
[0.133s] Level 1:colcon.colcon_core.package_identification:_identify(/home/rml/ros2_ws/src/quad-sdk/external/ipopt/coinbrew/build/Ipopt/3.14.19/src) by extension 'ignore_ament_install'
[0.133s] Level 1:colcon.colcon_core.package_identification:_identify(/home/rml/ros2_ws/src/quad-sdk/external/ipopt/coinbrew/build/Ipopt/3.14.19/src) by extensions ['colcon_pkg']
[0.133s] Level 1:colcon.colcon_core.package_identification:_identify(/home/rml/ros2_ws/src/quad-sdk/external/ipopt/coinbrew/build/Ipopt/3.14.19/src) by extension 'colcon_pkg'
[0.133s] Level 1:colcon.colcon_core.package_identification:_identify(/home/rml/ros2_ws/src/quad-sdk/external/ipopt/coinbrew/build/Ipopt/3.14.19/src) by extensions ['colcon_meta']
[0.133s] Level 1:colcon.colcon_core.package_identification:_identify(/home/rml/ros2_ws/src/quad-sdk/external/ipopt/coinbrew/build/Ipopt/3.14.19/src) by extension 'colcon_meta'
[0.133s] Level 1:colcon.colcon_core.package_identification:_identify(/home/rml/ros2_ws/src/quad-sdk/external/ipopt/coinbrew/build/Ipopt/3.14.19/src) by extensions ['ros']
[0.133s] Level 1:colcon.colcon_core.package_identification:_identify(/home/rml/ros2_ws/src/quad-sdk/external/ipopt/coinbrew/build/Ipopt/3.14.19/src) by extension 'ros'
[0.133s] Level 1:colcon.colcon_core.package_identification:_identify(/home/rml/ros2_ws/src/quad-sdk/external/ipopt/coinbrew/build/Ipopt/3.14.19/src) by extensions ['cmake', 'python']
[0.133s] Level 1:colcon.colcon_core.package_identification:_identify(/home/rml/ros2_ws/src/quad-sdk/external/ipopt/coinbrew/build/Ipopt/3.14.19/src) by extension 'cmake'
[0.133s] Level 1:colcon.colcon_core.package_identification:_identify(/home/rml/ros2_ws/src/quad-sdk/external/ipopt/coinbrew/build/Ipopt/3.14.19/src) by extension 'python'
[0.133s] Level 1:colcon.colcon_core.package_identification:_identify(/home/rml/ros2_ws/src/quad-sdk/external/ipopt/coinbrew/build/Ipopt/3.14.19/src) by extensions ['python_setup_py']
[0.133s] Level 1:colcon.colcon_core.package_identification:_identify(/home/rml/ros2_ws/src/quad-sdk/external/ipopt/coinbrew/build/Ipopt/3.14.19/src) by extension 'python_setup_py'
[0.133s] Level 1:colcon.colcon_core.package_identification:_identify(/home/rml/ros2_ws/src/quad-sdk/external/ipopt/coinbrew/build/Ipopt/3.14.19/src/Algorithm) by extensions ['ignore', 'ignore_ament_install']
[0.133s] Level 1:colcon.colcon_core.package_identification:_identify(/home/rml/ros2_ws/src/quad-sdk/external/ipopt/coinbrew/build/Ipopt/3.14.19/src/Algorithm) by extension 'ignore'
[0.133s] Level 1:colcon.colcon_core.package_identification:_identify(/home/rml/ros2_ws/src/quad-sdk/external/ipopt/coinbrew/build/Ipopt/3.14.19/src/Algorithm) by extension 'ignore_ament_install'
[0.133s] Level 1:colcon.colcon_core.package_identification:_identify(/home/rml/ros2_ws/src/quad-sdk/external/ipopt/coinbrew/build/Ipopt/3.14.19/src/Algorithm) by extensions ['colcon_pkg']
[0.133s] Level 1:colcon.colcon_core.package_identification:_identify(/home/rml/ros2_ws/src/quad-sdk/external/ipopt/coinbrew/build/Ipopt/3.14.19/src/Algorithm) by extension 'colcon_pkg'
[0.133s] Level 1:colcon.colcon_core.package_identification:_identify(/home/rml/ros2_ws/src/quad-sdk/external/ipopt/coinbrew/build/Ipopt/3.14.19/src/Algorithm) by extensions ['colcon_meta']
[0.133s] Level 1:colcon.colcon_core.package_identification:_identify(/home/rml/ros2_ws/src/quad-sdk/external/ipopt/coinbrew/build/Ipopt/3.14.19/src/Algorithm) by extension 'colcon_meta'
[0.133s] Level 1:colcon.colcon_core.package_identification:_identify(/home/rml/ros2_ws/src/quad-sdk/external/ipopt/coinbrew/build/Ipopt/3.14.19/src/Algorithm) by extensions ['ros']
[0.133s] Level 1:colcon.colcon_core.package_identification:_identify(/home/rml/ros2_ws/src/quad-sdk/external/ipopt/coinbrew/build/Ipopt/3.14.19/src/Algorithm) by extension 'ros'
[0.133s] Level 1:colcon.colcon_core.package_identification:_identify(/home/rml/ros2_ws/src/quad-sdk/external/ipopt/coinbrew/build/Ipopt/3.14.19/src/Algorithm) by extensions ['cmake', 'python']
[0.133s] Level 1:colcon.colcon_core.package_identification:_identify(/home/rml/ros2_ws/src/quad-sdk/external/ipopt/coinbrew/build/Ipopt/3.14.19/src/Algorithm) by extension 'cmake'
[0.133s] Level 1:colcon.colcon_core.package_identification:_identify(/home/rml/ros2_ws/src/quad-sdk/external/ipopt/coinbrew/build/Ipopt/3.14.19/src/Algorithm) by extension 'python'
[0.133s] Level 1:colcon.colcon_core.package_identification:_identify(/home/rml/ros2_ws/src/quad-sdk/external/ipopt/coinbrew/build/Ipopt/3.14.19/src/Algorithm) by extensions ['python_setup_py']
[0.133s] Level 1:colcon.colcon_core.package_identification:_identify(/home/rml/ros2_ws/src/quad-sdk/external/ipopt/coinbrew/build/Ipopt/3.14.19/src/Algorithm) by extension 'python_setup_py'
[0.133s] Level 1:colcon.colcon_core.package_identification:_identify(/home/rml/ros2_ws/src/quad-sdk/external/ipopt/coinbrew/build/Ipopt/3.14.19/src/Algorithm/LinearSolvers) by extensions ['ignore', 'ignore_ament_install']
[0.133s] Level 1:colcon.colcon_core.package_identification:_identify(/home/rml/ros2_ws/src/quad-sdk/external/ipopt/coinbrew/build/Ipopt/3.14.19/src/Algorithm/LinearSolvers) by extension 'ignore'
[0.133s] Level 1:colcon.colcon_core.package_identification:_identify(/home/rml/ros2_ws/src/quad-sdk/external/ipopt/coinbrew/build/Ipopt/3.14.19/src/Algorithm/LinearSolvers) by extension 'ignore_ament_install'
[0.133s] Level 1:colcon.colcon_core.package_identification:_identify(/home/rml/ros2_ws/src/quad-sdk/external/ipopt/coinbrew/build/Ipopt/3.14.19/src/Algorithm/LinearSolvers) by extensions ['colcon_pkg']
[0.133s] Level 1:colcon.colcon_core.package_identification:_identify(/home/rml/ros2_ws/src/quad-sdk/external/ipopt/coinbrew/build/Ipopt/3.14.19/src/Algorithm/LinearSolvers) by extension 'colcon_pkg'
[0.133s] Level 1:colcon.colcon_core.package_identification:_identify(/home/rml/ros2_ws/src/quad-sdk/external/ipopt/coinbrew/build/Ipopt/3.14.19/src/Algorithm/LinearSolvers) by extensions ['colcon_meta']
[0.133s] Level 1:colcon.colcon_core.package_identification:_identify(/home/rml/ros2_ws/src/quad-sdk/external/ipopt/coinbrew/build/Ipopt/3.14.19/src/Algorithm/LinearSolvers) by extension 'colcon_meta'
[0.133s] Level 1:colcon.colcon_core.package_identification:_identify(/home/rml/ros2_ws/src/quad-sdk/external/ipopt/coinbrew/build/Ipopt/3.14.19/src/Algorithm/LinearSolvers) by extensions ['ros']
[0.133s] Level 1:colcon.colcon_core.package_identification:_identify(/home/rml/ros2_ws/src/quad-sdk/external/ipopt/coinbrew/build/Ipopt/3.14.19/src/Algorithm/LinearSolvers) by extension 'ros'
[0.133s] Level 1:colcon.colcon_core.package_identification:_identify(/home/rml/ros2_ws/src/quad-sdk/external/ipopt/coinbrew/build/Ipopt/3.14.19/src/Algorithm/LinearSolvers) by extensions ['cmake', 'python']
[0.133s] Level 1:colcon.colcon_core.package_identification:_identify(/home/rml/ros2_ws/src/quad-sdk/external/ipopt/coinbrew/build/Ipopt/3.14.19/src/Algorithm/LinearSolvers) by extension 'cmake'
[0.133s] Level 1:colcon.colcon_core.package_identification:_identify(/home/rml/ros2_ws/src/quad-sdk/external/ipopt/coinbrew/build/Ipopt/3.14.19/src/Algorithm/LinearSolvers) by extension 'python'
[0.133s] Level 1:colcon.colcon_core.package_identification:_identify(/home/rml/ros2_ws/src/quad-sdk/external/ipopt/coinbrew/build/Ipopt/3.14.19/src/Algorithm/LinearSolvers) by extensions ['python_setup_py']
[0.133s] Level 1:colcon.colcon_core.package_identification:_identify(/home/rml/ros2_ws/src/quad-sdk/external/ipopt/coinbrew/build/Ipopt/3.14.19/src/Algorithm/LinearSolvers) by extension 'python_setup_py'
[0.134s] Level 1:colcon.colcon_core.package_identification:_identify(/home/rml/ros2_ws/src/quad-sdk/external/ipopt/coinbrew/build/Ipopt/3.14.19/src/Apps) by extensions ['ignore', 'ignore_ament_install']
[0.134s] Level 1:colcon.colcon_core.package_identification:_identify(/home/rml/ros2_ws/src/quad-sdk/external/ipopt/coinbrew/build/Ipopt/3.14.19/src/Apps) by extension 'ignore'
[0.134s] Level 1:colcon.colcon_core.package_identification:_identify(/home/rml/ros2_ws/src/quad-sdk/external/ipopt/coinbrew/build/Ipopt/3.14.19/src/Apps) by extension 'ignore_ament_install'
[0.134s] Level 1:colcon.colcon_core.package_identification:_identify(/home/rml/ros2_ws/src/quad-sdk/external/ipopt/coinbrew/build/Ipopt/3.14.19/src/Apps) by extensions ['colcon_pkg']
[0.134s] Level 1:colcon.colcon_core.package_identification:_identify(/home/rml/ros2_ws/src/quad-sdk/external/ipopt/coinbrew/build/Ipopt/3.14.19/src/Apps) by extension 'colcon_pkg'
[0.134s] Level 1:colcon.colcon_core.package_identification:_identify(/home/rml/ros2_ws/src/quad-sdk/external/ipopt/coinbrew/build/Ipopt/3.14.19/src/Apps) by extensions ['colcon_meta']
[0.134s] Level 1:colcon.colcon_core.package_identification:_identify(/home/rml/ros2_ws/src/quad-sdk/external/ipopt/coinbrew/build/Ipopt/3.14.19/src/Apps) by extension 'colcon_meta'
[0.134s] Level 1:colcon.colcon_core.package_identification:_identify(/home/rml/ros2_ws/src/quad-sdk/external/ipopt/coinbrew/build/Ipopt/3.14.19/src/Apps) by extensions ['ros']
[0.134s] Level 1:colcon.colcon_core.package_identification:_identify(/home/rml/ros2_ws/src/quad-sdk/external/ipopt/coinbrew/build/Ipopt/3.14.19/src/Apps) by extension 'ros'
[0.134s] Level 1:colcon.colcon_core.package_identification:_identify(/home/rml/ros2_ws/src/quad-sdk/external/ipopt/coinbrew/build/Ipopt/3.14.19/src/Apps) by extensions ['cmake', 'python']
[0.134s] Level 1:colcon.colcon_core.package_identification:_identify(/home/rml/ros2_ws/src/quad-sdk/external/ipopt/coinbrew/build/Ipopt/3.14.19/src/Apps) by extension 'cmake'
[0.134s] Level 1:colcon.colcon_core.package_identification:_identify(/home/rml/ros2_ws/src/quad-sdk/external/ipopt/coinbrew/build/Ipopt/3.14.19/src/Apps) by extension 'python'
[0.134s] Level 1:colcon.colcon_core.package_identification:_identify(/home/rml/ros2_ws/src/quad-sdk/external/ipopt/coinbrew/build/Ipopt/3.14.19/src/Apps) by extensions ['python_setup_py']
[0.134s] Level 1:colcon.colcon_core.package_identification:_identify(/home/rml/ros2_ws/src/quad-sdk/external/ipopt/coinbrew/build/Ipopt/3.14.19/src/Apps) by extension 'python_setup_py'
[0.134s] Level 1:colcon.colcon_core.package_identification:_identify(/home/rml/ros2_ws/src/quad-sdk/external/ipopt/coinbrew/build/Ipopt/3.14.19/src/Apps/AmplSolver) by extensions ['ignore', 'ignore_ament_install']
[0.134s] Level 1:colcon.colcon_core.package_identification:_identify(/home/rml/ros2_ws/src/quad-sdk/external/ipopt/coinbrew/build/Ipopt/3.14.19/src/Apps/AmplSolver) by extension 'ignore'
[0.134s] Level 1:colcon.colcon_core.package_identification:_identify(/home/rml/ros2_ws/src/quad-sdk/external/ipopt/coinbrew/build/Ipopt/3.14.19/src/Apps/AmplSolver) by extension 'ignore_ament_install'
[0.134s] Level 1:colcon.colcon_core.package_identification:_identify(/home/rml/ros2_ws/src/quad-sdk/external/ipopt/coinbrew/build/Ipopt/3.14.19/src/Apps/AmplSolver) by extensions ['colcon_pkg']
[0.134s] Level 1:colcon.colcon_core.package_identification:_identify(/home/rml/ros2_ws/src/quad-sdk/external/ipopt/coinbrew/build/Ipopt/3.14.19/src/Apps/AmplSolver) by extension 'colcon_pkg'
[0.134s] Level 1:colcon.colcon_core.package_identification:_identify(/home/rml/ros2_ws/src/quad-sdk/external/ipopt/coinbrew/build/Ipopt/3.14.19/src/Apps/AmplSolver) by extensions ['colcon_meta']
[0.134s] Level 1:colcon.colcon_core.package_identification:_identify(/home/rml/ros2_ws/src/quad-sdk/external/ipopt/coinbrew/build/Ipopt/3.14.19/src/Apps/AmplSolver) by extension 'colcon_meta'
[0.134s] Level 1:colcon.colcon_core.package_identification:_identify(/home/rml/ros2_ws/src/quad-sdk/external/ipopt/coinbrew/build/Ipopt/3.14.19/src/Apps/AmplSolver) by extensions ['ros']
[0.134s] Level 1:colcon.colcon_core.package_identification:_identify(/home/rml/ros2_ws/src/quad-sdk/external/ipopt/coinbrew/build/Ipopt/3.14.19/src/Apps/AmplSolver) by extension 'ros'
[0.134s] Level 1:colcon.colcon_core.package_identification:_identify(/home/rml/ros2_ws/src/quad-sdk/external/ipopt/coinbrew/build/Ipopt/3.14.19/src/Apps/AmplSolver) by extensions ['cmake', 'python']
[0.134s] Level 1:colcon.colcon_core.package_identification:_identify(/home/rml/ros2_ws/src/quad-sdk/external/ipopt/coinbrew/build/Ipopt/3.14.19/src/Apps/AmplSolver) by extension 'cmake'
[0.134s] Level 1:colcon.colcon_core.package_identification:_identify(/home/rml/ros2_ws/src/quad-sdk/external/ipopt/coinbrew/build/Ipopt/3.14.19/src/Apps/AmplSolver) by extension 'python'
[0.134s] Level 1:colcon.colcon_core.package_identification:_identify(/home/rml/ros2_ws/src/quad-sdk/external/ipopt/coinbrew/build/Ipopt/3.14.19/src/Apps/AmplSolver) by extensions ['python_setup_py']
[0.134s] Level 1:colcon.colcon_core.package_identification:_identify(/home/rml/ros2_ws/src/quad-sdk/external/ipopt/coinbrew/build/Ipopt/3.14.19/src/Apps/AmplSolver) by extension 'python_setup_py'
[0.134s] Level 1:colcon.colcon_core.package_identification:_identify(/home/rml/ros2_ws/src/quad-sdk/external/ipopt/coinbrew/build/Ipopt/3.14.19/src/Common) by extensions ['ignore', 'ignore_ament_install']
[0.134s] Level 1:colcon.colcon_core.package_identification:_identify(/home/rml/ros2_ws/src/quad-sdk/external/ipopt/coinbrew/build/Ipopt/3.14.19/src/Common) by extension 'ignore'
[0.134s] Level 1:colcon.colcon_core.package_identification:_identify(/home/rml/ros2_ws/src/quad-sdk/external/ipopt/coinbrew/build/Ipopt/3.14.19/src/Common) by extension 'ignore_ament_install'
[0.134s] Level 1:colcon.colcon_core.package_identification:_identify(/home/rml/ros2_ws/src/quad-sdk/external/ipopt/coinbrew/build/Ipopt/3.14.19/src/Common) by extensions ['colcon_pkg']
[0.134s] Level 1:colcon.colcon_core.package_identification:_identify(/home/rml/ros2_ws/src/quad-sdk/external/ipopt/coinbrew/build/Ipopt/3.14.19/src/Common) by extension 'colcon_pkg'
[0.134s] Level 1:colcon.colcon_core.package_identification:_identify(/home/rml/ros2_ws/src/quad-sdk/external/ipopt/coinbrew/build/Ipopt/3.14.19/src/Common) by extensions ['colcon_meta']
[0.134s] Level 1:colcon.colcon_core.package_identification:_identify(/home/rml/ros2_ws/src/quad-sdk/external/ipopt/coinbrew/build/Ipopt/3.14.19/src/Common) by extension 'colcon_meta'
[0.134s] Level 1:colcon.colcon_core.package_identification:_identify(/home/rml/ros2_ws/src/quad-sdk/external/ipopt/coinbrew/build/Ipopt/3.14.19/src/Common) by extensions ['ros']
[0.134s] Level 1:colcon.colcon_core.package_identification:_identify(/home/rml/ros2_ws/src/quad-sdk/external/ipopt/coinbrew/build/Ipopt/3.14.19/src/Common) by extension 'ros'
[0.134s] Level 1:colcon.colcon_core.package_identification:_identify(/home/rml/ros2_ws/src/quad-sdk/external/ipopt/coinbrew/build/Ipopt/3.14.19/src/Common) by extensions ['cmake', 'python']
[0.134s] Level 1:colcon.colcon_core.package_identification:_identify(/home/rml/ros2_ws/src/quad-sdk/external/ipopt/coinbrew/build/Ipopt/3.14.19/src/Common) by extension 'cmake'
[0.134s] Level 1:colcon.colcon_core.package_identification:_identify(/home/rml/ros2_ws/src/quad-sdk/external/ipopt/coinbrew/build/Ipopt/3.14.19/src/Common) by extension 'python'
[0.134s] Level 1:colcon.colcon_core.package_identification:_identify(/home/rml/ros2_ws/src/quad-sdk/external/ipopt/coinbrew/build/Ipopt/3.14.19/src/Common) by extensions ['python_setup_py']
[0.134s] Level 1:colcon.colcon_core.package_identification:_identify(/home/rml/ros2_ws/src/quad-sdk/external/ipopt/coinbrew/build/Ipopt/3.14.19/src/Common) by extension 'python_setup_py'
[0.134s] Level 1:colcon.colcon_core.package_identification:_identify(/home/rml/ros2_ws/src/quad-sdk/external/ipopt/coinbrew/build/Ipopt/3.14.19/src/Interfaces) by extensions ['ignore', 'ignore_ament_install']
[0.134s] Level 1:colcon.colcon_core.package_identification:_identify(/home/rml/ros2_ws/src/quad-sdk/external/ipopt/coinbrew/build/Ipopt/3.14.19/src/Interfaces) by extension 'ignore'
[0.134s] Level 1:colcon.colcon_core.package_identification:_identify(/home/rml/ros2_ws/src/quad-sdk/external/ipopt/coinbrew/build/Ipopt/3.14.19/src/Interfaces) by extension 'ignore_ament_install'
[0.134s] Level 1:colcon.colcon_core.package_identification:_identify(/home/rml/ros2_ws/src/quad-sdk/external/ipopt/coinbrew/build/Ipopt/3.14.19/src/Interfaces) by extensions ['colcon_pkg']
[0.134s] Level 1:colcon.colcon_core.package_identification:_identify(/home/rml/ros2_ws/src/quad-sdk/external/ipopt/coinbrew/build/Ipopt/3.14.19/src/Interfaces) by extension 'colcon_pkg'
[0.134s] Level 1:colcon.colcon_core.package_identification:_identify(/home/rml/ros2_ws/src/quad-sdk/external/ipopt/coinbrew/build/Ipopt/3.14.19/src/Interfaces) by extensions ['colcon_meta']
[0.134s] Level 1:colcon.colcon_core.package_identification:_identify(/home/rml/ros2_ws/src/quad-sdk/external/ipopt/coinbrew/build/Ipopt/3.14.19/src/Interfaces) by extension 'colcon_meta'
[0.134s] Level 1:colcon.colcon_core.package_identification:_identify(/home/rml/ros2_ws/src/quad-sdk/external/ipopt/coinbrew/build/Ipopt/3.14.19/src/Interfaces) by extensions ['ros']
[0.134s] Level 1:colcon.colcon_core.package_identification:_identify(/home/rml/ros2_ws/src/quad-sdk/external/ipopt/coinbrew/build/Ipopt/3.14.19/src/Interfaces) by extension 'ros'
[0.134s] Level 1:colcon.colcon_core.package_identification:_identify(/home/rml/ros2_ws/src/quad-sdk/external/ipopt/coinbrew/build/Ipopt/3.14.19/src/Interfaces) by extensions ['cmake', 'python']
[0.134s] Level 1:colcon.colcon_core.package_identification:_identify(/home/rml/ros2_ws/src/quad-sdk/external/ipopt/coinbrew/build/Ipopt/3.14.19/src/Interfaces) by extension 'cmake'
[0.134s] Level 1:colcon.colcon_core.package_identification:_identify(/home/rml/ros2_ws/src/quad-sdk/external/ipopt/coinbrew/build/Ipopt/3.14.19/src/Interfaces) by extension 'python'
[0.134s] Level 1:colcon.colcon_core.package_identification:_identify(/home/rml/ros2_ws/src/quad-sdk/external/ipopt/coinbrew/build/Ipopt/3.14.19/src/Interfaces) by extensions ['python_setup_py']
[0.135s] Level 1:colcon.colcon_core.package_identification:_identify(/home/rml/ros2_ws/src/quad-sdk/external/ipopt/coinbrew/build/Ipopt/3.14.19/src/Interfaces) by extension 'python_setup_py'
[0.135s] Level 1:colcon.colcon_core.package_identification:_identify(/home/rml/ros2_ws/src/quad-sdk/external/ipopt/coinbrew/build/Ipopt/3.14.19/src/LinAlg) by extensions ['ignore', 'ignore_ament_install']
[0.135s] Level 1:colcon.colcon_core.package_identification:_identify(/home/rml/ros2_ws/src/quad-sdk/external/ipopt/coinbrew/build/Ipopt/3.14.19/src/LinAlg) by extension 'ignore'
[0.135s] Level 1:colcon.colcon_core.package_identification:_identify(/home/rml/ros2_ws/src/quad-sdk/external/ipopt/coinbrew/build/Ipopt/3.14.19/src/LinAlg) by extension 'ignore_ament_install'
[0.135s] Level 1:colcon.colcon_core.package_identification:_identify(/home/rml/ros2_ws/src/quad-sdk/external/ipopt/coinbrew/build/Ipopt/3.14.19/src/LinAlg) by extensions ['colcon_pkg']
[0.135s] Level 1:colcon.colcon_core.package_identification:_identify(/home/rml/ros2_ws/src/quad-sdk/external/ipopt/coinbrew/build/Ipopt/3.14.19/src/LinAlg) by extension 'colcon_pkg'
[0.135s] Level 1:colcon.colcon_core.package_identification:_identify(/home/rml/ros2_ws/src/quad-sdk/external/ipopt/coinbrew/build/Ipopt/3.14.19/src/LinAlg) by extensions ['colcon_meta']
[0.135s] Level 1:colcon.colcon_core.package_identification:_identify(/home/rml/ros2_ws/src/quad-sdk/external/ipopt/coinbrew/build/Ipopt/3.14.19/src/LinAlg) by extension 'colcon_meta'
[0.135s] Level 1:colcon.colcon_core.package_identification:_identify(/home/rml/ros2_ws/src/quad-sdk/external/ipopt/coinbrew/build/Ipopt/3.14.19/src/LinAlg) by extensions ['ros']
[0.135s] Level 1:colcon.colcon_core.package_identification:_identify(/home/rml/ros2_ws/src/quad-sdk/external/ipopt/coinbrew/build/Ipopt/3.14.19/src/LinAlg) by extension 'ros'
[0.135s] Level 1:colcon.colcon_core.package_identification:_identify(/home/rml/ros2_ws/src/quad-sdk/external/ipopt/coinbrew/build/Ipopt/3.14.19/src/LinAlg) by extensions ['cmake', 'python']
[0.135s] Level 1:colcon.colcon_core.package_identification:_identify(/home/rml/ros2_ws/src/quad-sdk/external/ipopt/coinbrew/build/Ipopt/3.14.19/src/LinAlg) by extension 'cmake'
[0.135s] Level 1:colcon.colcon_core.package_identification:_identify(/home/rml/ros2_ws/src/quad-sdk/external/ipopt/coinbrew/build/Ipopt/3.14.19/src/LinAlg) by extension 'python'
[0.135s] Level 1:colcon.colcon_core.package_identification:_identify(/home/rml/ros2_ws/src/quad-sdk/external/ipopt/coinbrew/build/Ipopt/3.14.19/src/LinAlg) by extensions ['python_setup_py']
[0.135s] Level 1:colcon.colcon_core.package_identification:_identify(/home/rml/ros2_ws/src/quad-sdk/external/ipopt/coinbrew/build/Ipopt/3.14.19/src/LinAlg) by extension 'python_setup_py'
[0.135s] Level 1:colcon.colcon_core.package_identification:_identify(/home/rml/ros2_ws/src/quad-sdk/external/ipopt/coinbrew/build/Ipopt/3.14.19/src/LinAlg/TMatrices) by extensions ['ignore', 'ignore_ament_install']
[0.135s] Level 1:colcon.colcon_core.package_identification:_identify(/home/rml/ros2_ws/src/quad-sdk/external/ipopt/coinbrew/build/Ipopt/3.14.19/src/LinAlg/TMatrices) by extension 'ignore'
[0.135s] Level 1:colcon.colcon_core.package_identification:_identify(/home/rml/ros2_ws/src/quad-sdk/external/ipopt/coinbrew/build/Ipopt/3.14.19/src/LinAlg/TMatrices) by extension 'ignore_ament_install'
[0.135s] Level 1:colcon.colcon_core.package_identification:_identify(/home/rml/ros2_ws/src/quad-sdk/external/ipopt/coinbrew/build/Ipopt/3.14.19/src/LinAlg/TMatrices) by extensions ['colcon_pkg']
[0.135s] Level 1:colcon.colcon_core.package_identification:_identify(/home/rml/ros2_ws/src/quad-sdk/external/ipopt/coinbrew/build/Ipopt/3.14.19/src/LinAlg/TMatrices) by extension 'colcon_pkg'
[0.135s] Level 1:colcon.colcon_core.package_identification:_identify(/home/rml/ros2_ws/src/quad-sdk/external/ipopt/coinbrew/build/Ipopt/3.14.19/src/LinAlg/TMatrices) by extensions ['colcon_meta']
[0.135s] Level 1:colcon.colcon_core.package_identification:_identify(/home/rml/ros2_ws/src/quad-sdk/external/ipopt/coinbrew/build/Ipopt/3.14.19/src/LinAlg/TMatrices) by extension 'colcon_meta'
[0.135s] Level 1:colcon.colcon_core.package_identification:_identify(/home/rml/ros2_ws/src/quad-sdk/external/ipopt/coinbrew/build/Ipopt/3.14.19/src/LinAlg/TMatrices) by extensions ['ros']
[0.135s] Level 1:colcon.colcon_core.package_identification:_identify(/home/rml/ros2_ws/src/quad-sdk/external/ipopt/coinbrew/build/Ipopt/3.14.19/src/LinAlg/TMatrices) by extension 'ros'
[0.135s] Level 1:colcon.colcon_core.package_identification:_identify(/home/rml/ros2_ws/src/quad-sdk/external/ipopt/coinbrew/build/Ipopt/3.14.19/src/LinAlg/TMatrices) by extensions ['cmake', 'python']
[0.135s] Level 1:colcon.colcon_core.package_identification:_identify(/home/rml/ros2_ws/src/quad-sdk/external/ipopt/coinbrew/build/Ipopt/3.14.19/src/LinAlg/TMatrices) by extension 'cmake'
[0.135s] Level 1:colcon.colcon_core.package_identification:_identify(/home/rml/ros2_ws/src/quad-sdk/external/ipopt/coinbrew/build/Ipopt/3.14.19/src/LinAlg/TMatrices) by extension 'python'
[0.135s] Level 1:colcon.colcon_core.package_identification:_identify(/home/rml/ros2_ws/src/quad-sdk/external/ipopt/coinbrew/build/Ipopt/3.14.19/src/LinAlg/TMatrices) by extensions ['python_setup_py']
[0.135s] Level 1:colcon.colcon_core.package_identification:_identify(/home/rml/ros2_ws/src/quad-sdk/external/ipopt/coinbrew/build/Ipopt/3.14.19/src/LinAlg/TMatrices) by extension 'python_setup_py'
[0.135s] Level 1:colcon.colcon_core.package_identification:_identify(/home/rml/ros2_ws/src/quad-sdk/external/ipopt/coinbrew/build/Ipopt/3.14.19/src/contrib) by extensions ['ignore', 'ignore_ament_install']
[0.135s] Level 1:colcon.colcon_core.package_identification:_identify(/home/rml/ros2_ws/src/quad-sdk/external/ipopt/coinbrew/build/Ipopt/3.14.19/src/contrib) by extension 'ignore'
[0.135s] Level 1:colcon.colcon_core.package_identification:_identify(/home/rml/ros2_ws/src/quad-sdk/external/ipopt/coinbrew/build/Ipopt/3.14.19/src/contrib) by extension 'ignore_ament_install'
[0.135s] Level 1:colcon.colcon_core.package_identification:_identify(/home/rml/ros2_ws/src/quad-sdk/external/ipopt/coinbrew/build/Ipopt/3.14.19/src/contrib) by extensions ['colcon_pkg']
[0.135s] Level 1:colcon.colcon_core.package_identification:_identify(/home/rml/ros2_ws/src/quad-sdk/external/ipopt/coinbrew/build/Ipopt/3.14.19/src/contrib) by extension 'colcon_pkg'
[0.135s] Level 1:colcon.colcon_core.package_identification:_identify(/home/rml/ros2_ws/src/quad-sdk/external/ipopt/coinbrew/build/Ipopt/3.14.19/src/contrib) by extensions ['colcon_meta']
[0.135s] Level 1:colcon.colcon_core.package_identification:_identify(/home/rml/ros2_ws/src/quad-sdk/external/ipopt/coinbrew/build/Ipopt/3.14.19/src/contrib) by extension 'colcon_meta'
[0.135s] Level 1:colcon.colcon_core.package_identification:_identify(/home/rml/ros2_ws/src/quad-sdk/external/ipopt/coinbrew/build/Ipopt/3.14.19/src/contrib) by extensions ['ros']
[0.135s] Level 1:colcon.colcon_core.package_identification:_identify(/home/rml/ros2_ws/src/quad-sdk/external/ipopt/coinbrew/build/Ipopt/3.14.19/src/contrib) by extension 'ros'
[0.135s] Level 1:colcon.colcon_core.package_identification:_identify(/home/rml/ros2_ws/src/quad-sdk/external/ipopt/coinbrew/build/Ipopt/3.14.19/src/contrib) by extensions ['cmake', 'python']
[0.135s] Level 1:colcon.colcon_core.package_identification:_identify(/home/rml/ros2_ws/src/quad-sdk/external/ipopt/coinbrew/build/Ipopt/3.14.19/src/contrib) by extension 'cmake'
[0.135s] Level 1:colcon.colcon_core.package_identification:_identify(/home/rml/ros2_ws/src/quad-sdk/external/ipopt/coinbrew/build/Ipopt/3.14.19/src/contrib) by extension 'python'
[0.135s] Level 1:colcon.colcon_core.package_identification:_identify(/home/rml/ros2_ws/src/quad-sdk/external/ipopt/coinbrew/build/Ipopt/3.14.19/src/contrib) by extensions ['python_setup_py']
[0.135s] Level 1:colcon.colcon_core.package_identification:_identify(/home/rml/ros2_ws/src/quad-sdk/external/ipopt/coinbrew/build/Ipopt/3.14.19/src/contrib) by extension 'python_setup_py'
[0.135s] Level 1:colcon.colcon_core.package_identification:_identify(/home/rml/ros2_ws/src/quad-sdk/external/ipopt/coinbrew/build/Ipopt/3.14.19/src/contrib/CGPenalty) by extensions ['ignore', 'ignore_ament_install']
[0.135s] Level 1:colcon.colcon_core.package_identification:_identify(/home/rml/ros2_ws/src/quad-sdk/external/ipopt/coinbrew/build/Ipopt/3.14.19/src/contrib/CGPenalty) by extension 'ignore'
[0.135s] Level 1:colcon.colcon_core.package_identification:_identify(/home/rml/ros2_ws/src/quad-sdk/external/ipopt/coinbrew/build/Ipopt/3.14.19/src/contrib/CGPenalty) by extension 'ignore_ament_install'
[0.135s] Level 1:colcon.colcon_core.package_identification:_identify(/home/rml/ros2_ws/src/quad-sdk/external/ipopt/coinbrew/build/Ipopt/3.14.19/src/contrib/CGPenalty) by extensions ['colcon_pkg']
[0.135s] Level 1:colcon.colcon_core.package_identification:_identify(/home/rml/ros2_ws/src/quad-sdk/external/ipopt/coinbrew/build/Ipopt/3.14.19/src/contrib/CGPenalty) by extension 'colcon_pkg'
[0.135s] Level 1:colcon.colcon_core.package_identification:_identify(/home/rml/ros2_ws/src/quad-sdk/external/ipopt/coinbrew/build/Ipopt/3.14.19/src/contrib/CGPenalty) by extensions ['colcon_meta']
[0.135s] Level 1:colcon.colcon_core.package_identification:_identify(/home/rml/ros2_ws/src/quad-sdk/external/ipopt/coinbrew/build/Ipopt/3.14.19/src/contrib/CGPenalty) by extension 'colcon_meta'
[0.136s] Level 1:colcon.colcon_core.package_identification:_identify(/home/rml/ros2_ws/src/quad-sdk/external/ipopt/coinbrew/build/Ipopt/3.14.19/src/contrib/CGPenalty) by extensions ['ros']
[0.136s] Level 1:colcon.colcon_core.package_identification:_identify(/home/rml/ros2_ws/src/quad-sdk/external/ipopt/coinbrew/build/Ipopt/3.14.19/src/contrib/CGPenalty) by extension 'ros'
[0.136s] Level 1:colcon.colcon_core.package_identification:_identify(/home/rml/ros2_ws/src/quad-sdk/external/ipopt/coinbrew/build/Ipopt/3.14.19/src/contrib/CGPenalty) by extensions ['cmake', 'python']
[0.136s] Level 1:colcon.colcon_core.package_identification:_identify(/home/rml/ros2_ws/src/quad-sdk/external/ipopt/coinbrew/build/Ipopt/3.14.19/src/contrib/CGPenalty) by extension 'cmake'
[0.136s] Level 1:colcon.colcon_core.package_identification:_identify(/home/rml/ros2_ws/src/quad-sdk/external/ipopt/coinbrew/build/Ipopt/3.14.19/src/contrib/CGPenalty) by extension 'python'
[0.136s] Level 1:colcon.colcon_core.package_identification:_identify(/home/rml/ros2_ws/src/quad-sdk/external/ipopt/coinbrew/build/Ipopt/3.14.19/src/contrib/CGPenalty) by extensions ['python_setup_py']
[0.136s] Level 1:colcon.colcon_core.package_identification:_identify(/home/rml/ros2_ws/src/quad-sdk/external/ipopt/coinbrew/build/Ipopt/3.14.19/src/contrib/CGPenalty) by extension 'python_setup_py'
[0.136s] Level 1:colcon.colcon_core.package_identification:_identify(/home/rml/ros2_ws/src/quad-sdk/external/ipopt/coinbrew/build/Ipopt/3.14.19/src/org) by extensions ['ignore', 'ignore_ament_install']
[0.136s] Level 1:colcon.colcon_core.package_identification:_identify(/home/rml/ros2_ws/src/quad-sdk/external/ipopt/coinbrew/build/Ipopt/3.14.19/src/org) by extension 'ignore'
[0.136s] Level 1:colcon.colcon_core.package_identification:_identify(/home/rml/ros2_ws/src/quad-sdk/external/ipopt/coinbrew/build/Ipopt/3.14.19/src/org) by extension 'ignore_ament_install'
[0.136s] Level 1:colcon.colcon_core.package_identification:_identify(/home/rml/ros2_ws/src/quad-sdk/external/ipopt/coinbrew/build/Ipopt/3.14.19/src/org) by extensions ['colcon_pkg']
[0.136s] Level 1:colcon.colcon_core.package_identification:_identify(/home/rml/ros2_ws/src/quad-sdk/external/ipopt/coinbrew/build/Ipopt/3.14.19/src/org) by extension 'colcon_pkg'
[0.136s] Level 1:colcon.colcon_core.package_identification:_identify(/home/rml/ros2_ws/src/quad-sdk/external/ipopt/coinbrew/build/Ipopt/3.14.19/src/org) by extensions ['colcon_meta']
[0.136s] Level 1:colcon.colcon_core.package_identification:_identify(/home/rml/ros2_ws/src/quad-sdk/external/ipopt/coinbrew/build/Ipopt/3.14.19/src/org) by extension 'colcon_meta'
[0.136s] Level 1:colcon.colcon_core.package_identification:_identify(/home/rml/ros2_ws/src/quad-sdk/external/ipopt/coinbrew/build/Ipopt/3.14.19/src/org) by extensions ['ros']
[0.136s] Level 1:colcon.colcon_core.package_identification:_identify(/home/rml/ros2_ws/src/quad-sdk/external/ipopt/coinbrew/build/Ipopt/3.14.19/src/org) by extension 'ros'
[0.136s] Level 1:colcon.colcon_core.package_identification:_identify(/home/rml/ros2_ws/src/quad-sdk/external/ipopt/coinbrew/build/Ipopt/3.14.19/src/org) by extensions ['cmake', 'python']
[0.136s] Level 1:colcon.colcon_core.package_identification:_identify(/home/rml/ros2_ws/src/quad-sdk/external/ipopt/coinbrew/build/Ipopt/3.14.19/src/org) by extension 'cmake'
[0.136s] Level 1:colcon.colcon_core.package_identification:_identify(/home/rml/ros2_ws/src/quad-sdk/external/ipopt/coinbrew/build/Ipopt/3.14.19/src/org) by extension 'python'
[0.136s] Level 1:colcon.colcon_core.package_identification:_identify(/home/rml/ros2_ws/src/quad-sdk/external/ipopt/coinbrew/build/Ipopt/3.14.19/src/org) by extensions ['python_setup_py']
[0.136s] Level 1:colcon.colcon_core.package_identification:_identify(/home/rml/ros2_ws/src/quad-sdk/external/ipopt/coinbrew/build/Ipopt/3.14.19/src/org) by extension 'python_setup_py'
[0.136s] Level 1:colcon.colcon_core.package_identification:_identify(/home/rml/ros2_ws/src/quad-sdk/external/ipopt/coinbrew/build/Ipopt/3.14.19/src/org/coinor) by extensions ['ignore', 'ignore_ament_install']
[0.136s] Level 1:colcon.colcon_core.package_identification:_identify(/home/rml/ros2_ws/src/quad-sdk/external/ipopt/coinbrew/build/Ipopt/3.14.19/src/org/coinor) by extension 'ignore'
[0.136s] Level 1:colcon.colcon_core.package_identification:_identify(/home/rml/ros2_ws/src/quad-sdk/external/ipopt/coinbrew/build/Ipopt/3.14.19/src/org/coinor) by extension 'ignore_ament_install'
[0.136s] Level 1:colcon.colcon_core.package_identification:_identify(/home/rml/ros2_ws/src/quad-sdk/external/ipopt/coinbrew/build/Ipopt/3.14.19/src/org/coinor) by extensions ['colcon_pkg']
[0.136s] Level 1:colcon.colcon_core.package_identification:_identify(/home/rml/ros2_ws/src/quad-sdk/external/ipopt/coinbrew/build/Ipopt/3.14.19/src/org/coinor) by extension 'colcon_pkg'
[0.136s] Level 1:colcon.colcon_core.package_identification:_identify(/home/rml/ros2_ws/src/quad-sdk/external/ipopt/coinbrew/build/Ipopt/3.14.19/src/org/coinor) by extensions ['colcon_meta']
[0.136s] Level 1:colcon.colcon_core.package_identification:_identify(/home/rml/ros2_ws/src/quad-sdk/external/ipopt/coinbrew/build/Ipopt/3.14.19/src/org/coinor) by extension 'colcon_meta'
[0.136s] Level 1:colcon.colcon_core.package_identification:_identify(/home/rml/ros2_ws/src/quad-sdk/external/ipopt/coinbrew/build/Ipopt/3.14.19/src/org/coinor) by extensions ['ros']
[0.136s] Level 1:colcon.colcon_core.package_identification:_identify(/home/rml/ros2_ws/src/quad-sdk/external/ipopt/coinbrew/build/Ipopt/3.14.19/src/org/coinor) by extension 'ros'
[0.136s] Level 1:colcon.colcon_core.package_identification:_identify(/home/rml/ros2_ws/src/quad-sdk/external/ipopt/coinbrew/build/Ipopt/3.14.19/src/org/coinor) by extensions ['cmake', 'python']
[0.136s] Level 1:colcon.colcon_core.package_identification:_identify(/home/rml/ros2_ws/src/quad-sdk/external/ipopt/coinbrew/build/Ipopt/3.14.19/src/org/coinor) by extension 'cmake'
[0.136s] Level 1:colcon.colcon_core.package_identification:_identify(/home/rml/ros2_ws/src/quad-sdk/external/ipopt/coinbrew/build/Ipopt/3.14.19/src/org/coinor) by extension 'python'
[0.136s] Level 1:colcon.colcon_core.package_identification:_identify(/home/rml/ros2_ws/src/quad-sdk/external/ipopt/coinbrew/build/Ipopt/3.14.19/src/org/coinor) by extensions ['python_setup_py']
[0.136s] Level 1:colcon.colcon_core.package_identification:_identify(/home/rml/ros2_ws/src/quad-sdk/external/ipopt/coinbrew/build/Ipopt/3.14.19/src/org/coinor) by extension 'python_setup_py'
[0.136s] Level 1:colcon.colcon_core.package_identification:_identify(/home/rml/ros2_ws/src/quad-sdk/external/ipopt/coinbrew/build/Ipopt/3.14.19/test) by extensions ['ignore', 'ignore_ament_install']
[0.136s] Level 1:colcon.colcon_core.package_identification:_identify(/home/rml/ros2_ws/src/quad-sdk/external/ipopt/coinbrew/build/Ipopt/3.14.19/test) by extension 'ignore'
[0.136s] Level 1:colcon.colcon_core.package_identification:_identify(/home/rml/ros2_ws/src/quad-sdk/external/ipopt/coinbrew/build/Ipopt/3.14.19/test) by extension 'ignore_ament_install'
[0.136s] Level 1:colcon.colcon_core.package_identification:_identify(/home/rml/ros2_ws/src/quad-sdk/external/ipopt/coinbrew/build/Ipopt/3.14.19/test) by extensions ['colcon_pkg']
[0.136s] Level 1:colcon.colcon_core.package_identification:_identify(/home/rml/ros2_ws/src/quad-sdk/external/ipopt/coinbrew/build/Ipopt/3.14.19/test) by extension 'colcon_pkg'
[0.136s] Level 1:colcon.colcon_core.package_identification:_identify(/home/rml/ros2_ws/src/quad-sdk/external/ipopt/coinbrew/build/Ipopt/3.14.19/test) by extensions ['colcon_meta']
[0.136s] Level 1:colcon.colcon_core.package_identification:_identify(/home/rml/ros2_ws/src/quad-sdk/external/ipopt/coinbrew/build/Ipopt/3.14.19/test) by extension 'colcon_meta'
[0.136s] Level 1:colcon.colcon_core.package_identification:_identify(/home/rml/ros2_ws/src/quad-sdk/external/ipopt/coinbrew/build/Ipopt/3.14.19/test) by extensions ['ros']
[0.136s] Level 1:colcon.colcon_core.package_identification:_identify(/home/rml/ros2_ws/src/quad-sdk/external/ipopt/coinbrew/build/Ipopt/3.14.19/test) by extension 'ros'
[0.136s] Level 1:colcon.colcon_core.package_identification:_identify(/home/rml/ros2_ws/src/quad-sdk/external/ipopt/coinbrew/build/Ipopt/3.14.19/test) by extensions ['cmake', 'python']
[0.136s] Level 1:colcon.colcon_core.package_identification:_identify(/home/rml/ros2_ws/src/quad-sdk/external/ipopt/coinbrew/build/Ipopt/3.14.19/test) by extension 'cmake'
[0.136s] Level 1:colcon.colcon_core.package_identification:_identify(/home/rml/ros2_ws/src/quad-sdk/external/ipopt/coinbrew/build/Ipopt/3.14.19/test) by extension 'python'
[0.136s] Level 1:colcon.colcon_core.package_identification:_identify(/home/rml/ros2_ws/src/quad-sdk/external/ipopt/coinbrew/build/Ipopt/3.14.19/test) by extensions ['python_setup_py']
[0.136s] Level 1:colcon.colcon_core.package_identification:_identify(/home/rml/ros2_ws/src/quad-sdk/external/ipopt/coinbrew/build/Ipopt/3.14.19/test) by extension 'python_setup_py'
[0.136s] Level 1:colcon.colcon_core.package_identification:_identify(/home/rml/ros2_ws/src/quad-sdk/external/ipopt/coinbrew/build/Ipopt/3.14.19/tutorial) by extensions ['ignore', 'ignore_ament_install']
[0.136s] Level 1:colcon.colcon_core.package_identification:_identify(/home/rml/ros2_ws/src/quad-sdk/external/ipopt/coinbrew/build/Ipopt/3.14.19/tutorial) by extension 'ignore'
[0.136s] Level 1:colcon.colcon_core.package_identification:_identify(/home/rml/ros2_ws/src/quad-sdk/external/ipopt/coinbrew/build/Ipopt/3.14.19/tutorial) by extension 'ignore_ament_install'
[0.136s] Level 1:colcon.colcon_core.package_identification:_identify(/home/rml/ros2_ws/src/quad-sdk/external/ipopt/coinbrew/build/Ipopt/3.14.19/tutorial) by extensions ['colcon_pkg']
[0.136s] Level 1:colcon.colcon_core.package_identification:_identify(/home/rml/ros2_ws/src/quad-sdk/external/ipopt/coinbrew/build/Ipopt/3.14.19/tutorial) by extension 'colcon_pkg'
[0.136s] Level 1:colcon.colcon_core.package_identification:_identify(/home/rml/ros2_ws/src/quad-sdk/external/ipopt/coinbrew/build/Ipopt/3.14.19/tutorial) by extensions ['colcon_meta']
[0.137s] Level 1:colcon.colcon_core.package_identification:_identify(/home/rml/ros2_ws/src/quad-sdk/external/ipopt/coinbrew/build/Ipopt/3.14.19/tutorial) by extension 'colcon_meta'
[0.137s] Level 1:colcon.colcon_core.package_identification:_identify(/home/rml/ros2_ws/src/quad-sdk/external/ipopt/coinbrew/build/Ipopt/3.14.19/tutorial) by extensions ['ros']
[0.137s] Level 1:colcon.colcon_core.package_identification:_identify(/home/rml/ros2_ws/src/quad-sdk/external/ipopt/coinbrew/build/Ipopt/3.14.19/tutorial) by extension 'ros'
[0.137s] Level 1:colcon.colcon_core.package_identification:_identify(/home/rml/ros2_ws/src/quad-sdk/external/ipopt/coinbrew/build/Ipopt/3.14.19/tutorial) by extensions ['cmake', 'python']
[0.137s] Level 1:colcon.colcon_core.package_identification:_identify(/home/rml/ros2_ws/src/quad-sdk/external/ipopt/coinbrew/build/Ipopt/3.14.19/tutorial) by extension 'cmake'
[0.137s] Level 1:colcon.colcon_core.package_identification:_identify(/home/rml/ros2_ws/src/quad-sdk/external/ipopt/coinbrew/build/Ipopt/3.14.19/tutorial) by extension 'python'
[0.137s] Level 1:colcon.colcon_core.package_identification:_identify(/home/rml/ros2_ws/src/quad-sdk/external/ipopt/coinbrew/build/Ipopt/3.14.19/tutorial) by extensions ['python_setup_py']
[0.137s] Level 1:colcon.colcon_core.package_identification:_identify(/home/rml/ros2_ws/src/quad-sdk/external/ipopt/coinbrew/build/Ipopt/3.14.19/tutorial) by extension 'python_setup_py'
[0.137s] Level 1:colcon.colcon_core.package_identification:_identify(/home/rml/ros2_ws/src/quad-sdk/external/ipopt/coinbrew/build/Ipopt/3.14.19/tutorial/AmplExperiments) by extensions ['ignore', 'ignore_ament_install']
[0.137s] Level 1:colcon.colcon_core.package_identification:_identify(/home/rml/ros2_ws/src/quad-sdk/external/ipopt/coinbrew/build/Ipopt/3.14.19/tutorial/AmplExperiments) by extension 'ignore'
[0.137s] Level 1:colcon.colcon_core.package_identification:_identify(/home/rml/ros2_ws/src/quad-sdk/external/ipopt/coinbrew/build/Ipopt/3.14.19/tutorial/AmplExperiments) by extension 'ignore_ament_install'
[0.137s] Level 1:colcon.colcon_core.package_identification:_identify(/home/rml/ros2_ws/src/quad-sdk/external/ipopt/coinbrew/build/Ipopt/3.14.19/tutorial/AmplExperiments) by extensions ['colcon_pkg']
[0.137s] Level 1:colcon.colcon_core.package_identification:_identify(/home/rml/ros2_ws/src/quad-sdk/external/ipopt/coinbrew/build/Ipopt/3.14.19/tutorial/AmplExperiments) by extension 'colcon_pkg'
[0.137s] Level 1:colcon.colcon_core.package_identification:_identify(/home/rml/ros2_ws/src/quad-sdk/external/ipopt/coinbrew/build/Ipopt/3.14.19/tutorial/AmplExperiments) by extensions ['colcon_meta']
[0.137s] Level 1:colcon.colcon_core.package_identification:_identify(/home/rml/ros2_ws/src/quad-sdk/external/ipopt/coinbrew/build/Ipopt/3.14.19/tutorial/AmplExperiments) by extension 'colcon_meta'
[0.137s] Level 1:colcon.colcon_core.package_identification:_identify(/home/rml/ros2_ws/src/quad-sdk/external/ipopt/coinbrew/build/Ipopt/3.14.19/tutorial/AmplExperiments) by extensions ['ros']
[0.137s] Level 1:colcon.colcon_core.package_identification:_identify(/home/rml/ros2_ws/src/quad-sdk/external/ipopt/coinbrew/build/Ipopt/3.14.19/tutorial/AmplExperiments) by extension 'ros'
[0.137s] Level 1:colcon.colcon_core.package_identification:_identify(/home/rml/ros2_ws/src/quad-sdk/external/ipopt/coinbrew/build/Ipopt/3.14.19/tutorial/AmplExperiments) by extensions ['cmake', 'python']
[0.137s] Level 1:colcon.colcon_core.package_identification:_identify(/home/rml/ros2_ws/src/quad-sdk/external/ipopt/coinbrew/build/Ipopt/3.14.19/tutorial/AmplExperiments) by extension 'cmake'
[0.137s] Level 1:colcon.colcon_core.package_identification:_identify(/home/rml/ros2_ws/src/quad-sdk/external/ipopt/coinbrew/build/Ipopt/3.14.19/tutorial/AmplExperiments) by extension 'python'
[0.137s] Level 1:colcon.colcon_core.package_identification:_identify(/home/rml/ros2_ws/src/quad-sdk/external/ipopt/coinbrew/build/Ipopt/3.14.19/tutorial/AmplExperiments) by extensions ['python_setup_py']
[0.137s] Level 1:colcon.colcon_core.package_identification:_identify(/home/rml/ros2_ws/src/quad-sdk/external/ipopt/coinbrew/build/Ipopt/3.14.19/tutorial/AmplExperiments) by extension 'python_setup_py'
[0.137s] Level 1:colcon.colcon_core.package_identification:_identify(/home/rml/ros2_ws/src/quad-sdk/external/ipopt/coinbrew/build/Ipopt/3.14.19/tutorial/CodingExercise) by extensions ['ignore', 'ignore_ament_install']
[0.137s] Level 1:colcon.colcon_core.package_identification:_identify(/home/rml/ros2_ws/src/quad-sdk/external/ipopt/coinbrew/build/Ipopt/3.14.19/tutorial/CodingExercise) by extension 'ignore'
[0.137s] Level 1:colcon.colcon_core.package_identification:_identify(/home/rml/ros2_ws/src/quad-sdk/external/ipopt/coinbrew/build/Ipopt/3.14.19/tutorial/CodingExercise) by extension 'ignore_ament_install'
[0.137s] Level 1:colcon.colcon_core.package_identification:_identify(/home/rml/ros2_ws/src/quad-sdk/external/ipopt/coinbrew/build/Ipopt/3.14.19/tutorial/CodingExercise) by extensions ['colcon_pkg']
[0.137s] Level 1:colcon.colcon_core.package_identification:_identify(/home/rml/ros2_ws/src/quad-sdk/external/ipopt/coinbrew/build/Ipopt/3.14.19/tutorial/CodingExercise) by extension 'colcon_pkg'
[0.137s] Level 1:colcon.colcon_core.package_identification:_identify(/home/rml/ros2_ws/src/quad-sdk/external/ipopt/coinbrew/build/Ipopt/3.14.19/tutorial/CodingExercise) by extensions ['colcon_meta']
[0.137s] Level 1:colcon.colcon_core.package_identification:_identify(/home/rml/ros2_ws/src/quad-sdk/external/ipopt/coinbrew/build/Ipopt/3.14.19/tutorial/CodingExercise) by extension 'colcon_meta'
[0.137s] Level 1:colcon.colcon_core.package_identification:_identify(/home/rml/ros2_ws/src/quad-sdk/external/ipopt/coinbrew/build/Ipopt/3.14.19/tutorial/CodingExercise) by extensions ['ros']
[0.137s] Level 1:colcon.colcon_core.package_identification:_identify(/home/rml/ros2_ws/src/quad-sdk/external/ipopt/coinbrew/build/Ipopt/3.14.19/tutorial/CodingExercise) by extension 'ros'
[0.137s] Level 1:colcon.colcon_core.package_identification:_identify(/home/rml/ros2_ws/src/quad-sdk/external/ipopt/coinbrew/build/Ipopt/3.14.19/tutorial/CodingExercise) by extensions ['cmake', 'python']
[0.137s] Level 1:colcon.colcon_core.package_identification:_identify(/home/rml/ros2_ws/src/quad-sdk/external/ipopt/coinbrew/build/Ipopt/3.14.19/tutorial/CodingExercise) by extension 'cmake'
[0.137s] Level 1:colcon.colcon_core.package_identification:_identify(/home/rml/ros2_ws/src/quad-sdk/external/ipopt/coinbrew/build/Ipopt/3.14.19/tutorial/CodingExercise) by extension 'python'
[0.137s] Level 1:colcon.colcon_core.package_identification:_identify(/home/rml/ros2_ws/src/quad-sdk/external/ipopt/coinbrew/build/Ipopt/3.14.19/tutorial/CodingExercise) by extensions ['python_setup_py']
[0.137s] Level 1:colcon.colcon_core.package_identification:_identify(/home/rml/ros2_ws/src/quad-sdk/external/ipopt/coinbrew/build/Ipopt/3.14.19/tutorial/CodingExercise) by extension 'python_setup_py'
[0.137s] Level 1:colcon.colcon_core.package_identification:_identify(/home/rml/ros2_ws/src/quad-sdk/external/ipopt/coinbrew/build/Ipopt/3.14.19/tutorial/CodingExercise/C) by extensions ['ignore', 'ignore_ament_install']
[0.137s] Level 1:colcon.colcon_core.package_identification:_identify(/home/rml/ros2_ws/src/quad-sdk/external/ipopt/coinbrew/build/Ipopt/3.14.19/tutorial/CodingExercise/C) by extension 'ignore'
[0.137s] Level 1:colcon.colcon_core.package_identification:_identify(/home/rml/ros2_ws/src/quad-sdk/external/ipopt/coinbrew/build/Ipopt/3.14.19/tutorial/CodingExercise/C) by extension 'ignore_ament_install'
[0.137s] Level 1:colcon.colcon_core.package_identification:_identify(/home/rml/ros2_ws/src/quad-sdk/external/ipopt/coinbrew/build/Ipopt/3.14.19/tutorial/CodingExercise/C) by extensions ['colcon_pkg']
[0.137s] Level 1:colcon.colcon_core.package_identification:_identify(/home/rml/ros2_ws/src/quad-sdk/external/ipopt/coinbrew/build/Ipopt/3.14.19/tutorial/CodingExercise/C) by extension 'colcon_pkg'
[0.137s] Level 1:colcon.colcon_core.package_identification:_identify(/home/rml/ros2_ws/src/quad-sdk/external/ipopt/coinbrew/build/Ipopt/3.14.19/tutorial/CodingExercise/C) by extensions ['colcon_meta']
[0.137s] Level 1:colcon.colcon_core.package_identification:_identify(/home/rml/ros2_ws/src/quad-sdk/external/ipopt/coinbrew/build/Ipopt/3.14.19/tutorial/CodingExercise/C) by extension 'colcon_meta'
[0.137s] Level 1:colcon.colcon_core.package_identification:_identify(/home/rml/ros2_ws/src/quad-sdk/external/ipopt/coinbrew/build/Ipopt/3.14.19/tutorial/CodingExercise/C) by extensions ['ros']
[0.137s] Level 1:colcon.colcon_core.package_identification:_identify(/home/rml/ros2_ws/src/quad-sdk/external/ipopt/coinbrew/build/Ipopt/3.14.19/tutorial/CodingExercise/C) by extension 'ros'
[0.137s] Level 1:colcon.colcon_core.package_identification:_identify(/home/rml/ros2_ws/src/quad-sdk/external/ipopt/coinbrew/build/Ipopt/3.14.19/tutorial/CodingExercise/C) by extensions ['cmake', 'python']
[0.137s] Level 1:colcon.colcon_core.package_identification:_identify(/home/rml/ros2_ws/src/quad-sdk/external/ipopt/coinbrew/build/Ipopt/3.14.19/tutorial/CodingExercise/C) by extension 'cmake'
[0.137s] Level 1:colcon.colcon_core.package_identification:_identify(/home/rml/ros2_ws/src/quad-sdk/external/ipopt/coinbrew/build/Ipopt/3.14.19/tutorial/CodingExercise/C) by extension 'python'
[0.137s] Level 1:colcon.colcon_core.package_identification:_identify(/home/rml/ros2_ws/src/quad-sdk/external/ipopt/coinbrew/build/Ipopt/3.14.19/tutorial/CodingExercise/C) by extensions ['python_setup_py']
[0.137s] Level 1:colcon.colcon_core.package_identification:_identify(/home/rml/ros2_ws/src/quad-sdk/external/ipopt/coinbrew/build/Ipopt/3.14.19/tutorial/CodingExercise/C) by extension 'python_setup_py'
[0.137s] Level 1:colcon.colcon_core.package_identification:_identify(/home/rml/ros2_ws/src/quad-sdk/external/ipopt/coinbrew/build/Ipopt/3.14.19/tutorial/CodingExercise/C/1-skeleton) by extensions ['ignore', 'ignore_ament_install']
[0.137s] Level 1:colcon.colcon_core.package_identification:_identify(/home/rml/ros2_ws/src/quad-sdk/external/ipopt/coinbrew/build/Ipopt/3.14.19/tutorial/CodingExercise/C/1-skeleton) by extension 'ignore'
[0.137s] Level 1:colcon.colcon_core.package_identification:_identify(/home/rml/ros2_ws/src/quad-sdk/external/ipopt/coinbrew/build/Ipopt/3.14.19/tutorial/CodingExercise/C/1-skeleton) by extension 'ignore_ament_install'
[0.138s] Level 1:colcon.colcon_core.package_identification:_identify(/home/rml/ros2_ws/src/quad-sdk/external/ipopt/coinbrew/build/Ipopt/3.14.19/tutorial/CodingExercise/C/1-skeleton) by extensions ['colcon_pkg']
[0.138s] Level 1:colcon.colcon_core.package_identification:_identify(/home/rml/ros2_ws/src/quad-sdk/external/ipopt/coinbrew/build/Ipopt/3.14.19/tutorial/CodingExercise/C/1-skeleton) by extension 'colcon_pkg'
[0.138s] Level 1:colcon.colcon_core.package_identification:_identify(/home/rml/ros2_ws/src/quad-sdk/external/ipopt/coinbrew/build/Ipopt/3.14.19/tutorial/CodingExercise/C/1-skeleton) by extensions ['colcon_meta']
[0.138s] Level 1:colcon.colcon_core.package_identification:_identify(/home/rml/ros2_ws/src/quad-sdk/external/ipopt/coinbrew/build/Ipopt/3.14.19/tutorial/CodingExercise/C/1-skeleton) by extension 'colcon_meta'
[0.138s] Level 1:colcon.colcon_core.package_identification:_identify(/home/rml/ros2_ws/src/quad-sdk/external/ipopt/coinbrew/build/Ipopt/3.14.19/tutorial/CodingExercise/C/1-skeleton) by extensions ['ros']
[0.138s] Level 1:colcon.colcon_core.package_identification:_identify(/home/rml/ros2_ws/src/quad-sdk/external/ipopt/coinbrew/build/Ipopt/3.14.19/tutorial/CodingExercise/C/1-skeleton) by extension 'ros'
[0.138s] Level 1:colcon.colcon_core.package_identification:_identify(/home/rml/ros2_ws/src/quad-sdk/external/ipopt/coinbrew/build/Ipopt/3.14.19/tutorial/CodingExercise/C/1-skeleton) by extensions ['cmake', 'python']
[0.138s] Level 1:colcon.colcon_core.package_identification:_identify(/home/rml/ros2_ws/src/quad-sdk/external/ipopt/coinbrew/build/Ipopt/3.14.19/tutorial/CodingExercise/C/1-skeleton) by extension 'cmake'
[0.138s] Level 1:colcon.colcon_core.package_identification:_identify(/home/rml/ros2_ws/src/quad-sdk/external/ipopt/coinbrew/build/Ipopt/3.14.19/tutorial/CodingExercise/C/1-skeleton) by extension 'python'
[0.138s] Level 1:colcon.colcon_core.package_identification:_identify(/home/rml/ros2_ws/src/quad-sdk/external/ipopt/coinbrew/build/Ipopt/3.14.19/tutorial/CodingExercise/C/1-skeleton) by extensions ['python_setup_py']
[0.138s] Level 1:colcon.colcon_core.package_identification:_identify(/home/rml/ros2_ws/src/quad-sdk/external/ipopt/coinbrew/build/Ipopt/3.14.19/tutorial/CodingExercise/C/1-skeleton) by extension 'python_setup_py'
[0.138s] Level 1:colcon.colcon_core.package_identification:_identify(/home/rml/ros2_ws/src/quad-sdk/external/ipopt/coinbrew/build/Ipopt/3.14.19/tutorial/CodingExercise/C/2-mistake) by extensions ['ignore', 'ignore_ament_install']
[0.138s] Level 1:colcon.colcon_core.package_identification:_identify(/home/rml/ros2_ws/src/quad-sdk/external/ipopt/coinbrew/build/Ipopt/3.14.19/tutorial/CodingExercise/C/2-mistake) by extension 'ignore'
[0.138s] Level 1:colcon.colcon_core.package_identification:_identify(/home/rml/ros2_ws/src/quad-sdk/external/ipopt/coinbrew/build/Ipopt/3.14.19/tutorial/CodingExercise/C/2-mistake) by extension 'ignore_ament_install'
[0.138s] Level 1:colcon.colcon_core.package_identification:_identify(/home/rml/ros2_ws/src/quad-sdk/external/ipopt/coinbrew/build/Ipopt/3.14.19/tutorial/CodingExercise/C/2-mistake) by extensions ['colcon_pkg']
[0.138s] Level 1:colcon.colcon_core.package_identification:_identify(/home/rml/ros2_ws/src/quad-sdk/external/ipopt/coinbrew/build/Ipopt/3.14.19/tutorial/CodingExercise/C/2-mistake) by extension 'colcon_pkg'
[0.138s] Level 1:colcon.colcon_core.package_identification:_identify(/home/rml/ros2_ws/src/quad-sdk/external/ipopt/coinbrew/build/Ipopt/3.14.19/tutorial/CodingExercise/C/2-mistake) by extensions ['colcon_meta']
[0.138s] Level 1:colcon.colcon_core.package_identification:_identify(/home/rml/ros2_ws/src/quad-sdk/external/ipopt/coinbrew/build/Ipopt/3.14.19/tutorial/CodingExercise/C/2-mistake) by extension 'colcon_meta'
[0.138s] Level 1:colcon.colcon_core.package_identification:_identify(/home/rml/ros2_ws/src/quad-sdk/external/ipopt/coinbrew/build/Ipopt/3.14.19/tutorial/CodingExercise/C/2-mistake) by extensions ['ros']
[0.138s] Level 1:colcon.colcon_core.package_identification:_identify(/home/rml/ros2_ws/src/quad-sdk/external/ipopt/coinbrew/build/Ipopt/3.14.19/tutorial/CodingExercise/C/2-mistake) by extension 'ros'
[0.138s] Level 1:colcon.colcon_core.package_identification:_identify(/home/rml/ros2_ws/src/quad-sdk/external/ipopt/coinbrew/build/Ipopt/3.14.19/tutorial/CodingExercise/C/2-mistake) by extensions ['cmake', 'python']
[0.138s] Level 1:colcon.colcon_core.package_identification:_identify(/home/rml/ros2_ws/src/quad-sdk/external/ipopt/coinbrew/build/Ipopt/3.14.19/tutorial/CodingExercise/C/2-mistake) by extension 'cmake'
[0.138s] Level 1:colcon.colcon_core.package_identification:_identify(/home/rml/ros2_ws/src/quad-sdk/external/ipopt/coinbrew/build/Ipopt/3.14.19/tutorial/CodingExercise/C/2-mistake) by extension 'python'
[0.138s] Level 1:colcon.colcon_core.package_identification:_identify(/home/rml/ros2_ws/src/quad-sdk/external/ipopt/coinbrew/build/Ipopt/3.14.19/tutorial/CodingExercise/C/2-mistake) by extensions ['python_setup_py']
[0.138s] Level 1:colcon.colcon_core.package_identification:_identify(/home/rml/ros2_ws/src/quad-sdk/external/ipopt/coinbrew/build/Ipopt/3.14.19/tutorial/CodingExercise/C/2-mistake) by extension 'python_setup_py'
[0.138s] Level 1:colcon.colcon_core.package_identification:_identify(/home/rml/ros2_ws/src/quad-sdk/external/ipopt/coinbrew/build/Ipopt/3.14.19/tutorial/CodingExercise/C/3-solution) by extensions ['ignore', 'ignore_ament_install']
[0.138s] Level 1:colcon.colcon_core.package_identification:_identify(/home/rml/ros2_ws/src/quad-sdk/external/ipopt/coinbrew/build/Ipopt/3.14.19/tutorial/CodingExercise/C/3-solution) by extension 'ignore'
[0.138s] Level 1:colcon.colcon_core.package_identification:_identify(/home/rml/ros2_ws/src/quad-sdk/external/ipopt/coinbrew/build/Ipopt/3.14.19/tutorial/CodingExercise/C/3-solution) by extension 'ignore_ament_install'
[0.138s] Level 1:colcon.colcon_core.package_identification:_identify(/home/rml/ros2_ws/src/quad-sdk/external/ipopt/coinbrew/build/Ipopt/3.14.19/tutorial/CodingExercise/C/3-solution) by extensions ['colcon_pkg']
[0.138s] Level 1:colcon.colcon_core.package_identification:_identify(/home/rml/ros2_ws/src/quad-sdk/external/ipopt/coinbrew/build/Ipopt/3.14.19/tutorial/CodingExercise/C/3-solution) by extension 'colcon_pkg'
[0.138s] Level 1:colcon.colcon_core.package_identification:_identify(/home/rml/ros2_ws/src/quad-sdk/external/ipopt/coinbrew/build/Ipopt/3.14.19/tutorial/CodingExercise/C/3-solution) by extensions ['colcon_meta']
[0.138s] Level 1:colcon.colcon_core.package_identification:_identify(/home/rml/ros2_ws/src/quad-sdk/external/ipopt/coinbrew/build/Ipopt/3.14.19/tutorial/CodingExercise/C/3-solution) by extension 'colcon_meta'
[0.138s] Level 1:colcon.colcon_core.package_identification:_identify(/home/rml/ros2_ws/src/quad-sdk/external/ipopt/coinbrew/build/Ipopt/3.14.19/tutorial/CodingExercise/C/3-solution) by extensions ['ros']
[0.138s] Level 1:colcon.colcon_core.package_identification:_identify(/home/rml/ros2_ws/src/quad-sdk/external/ipopt/coinbrew/build/Ipopt/3.14.19/tutorial/CodingExercise/C/3-solution) by extension 'ros'
[0.138s] Level 1:colcon.colcon_core.package_identification:_identify(/home/rml/ros2_ws/src/quad-sdk/external/ipopt/coinbrew/build/Ipopt/3.14.19/tutorial/CodingExercise/C/3-solution) by extensions ['cmake', 'python']
[0.138s] Level 1:colcon.colcon_core.package_identification:_identify(/home/rml/ros2_ws/src/quad-sdk/external/ipopt/coinbrew/build/Ipopt/3.14.19/tutorial/CodingExercise/C/3-solution) by extension 'cmake'
[0.138s] Level 1:colcon.colcon_core.package_identification:_identify(/home/rml/ros2_ws/src/quad-sdk/external/ipopt/coinbrew/build/Ipopt/3.14.19/tutorial/CodingExercise/C/3-solution) by extension 'python'
[0.138s] Level 1:colcon.colcon_core.package_identification:_identify(/home/rml/ros2_ws/src/quad-sdk/external/ipopt/coinbrew/build/Ipopt/3.14.19/tutorial/CodingExercise/C/3-solution) by extensions ['python_setup_py']
[0.138s] Level 1:colcon.colcon_core.package_identification:_identify(/home/rml/ros2_ws/src/quad-sdk/external/ipopt/coinbrew/build/Ipopt/3.14.19/tutorial/CodingExercise/C/3-solution) by extension 'python_setup_py'
[0.138s] Level 1:colcon.colcon_core.package_identification:_identify(/home/rml/ros2_ws/src/quad-sdk/external/ipopt/coinbrew/build/Ipopt/3.14.19/tutorial/CodingExercise/Cpp) by extensions ['ignore', 'ignore_ament_install']
[0.138s] Level 1:colcon.colcon_core.package_identification:_identify(/home/rml/ros2_ws/src/quad-sdk/external/ipopt/coinbrew/build/Ipopt/3.14.19/tutorial/CodingExercise/Cpp) by extension 'ignore'
[0.138s] Level 1:colcon.colcon_core.package_identification:_identify(/home/rml/ros2_ws/src/quad-sdk/external/ipopt/coinbrew/build/Ipopt/3.14.19/tutorial/CodingExercise/Cpp) by extension 'ignore_ament_install'
[0.138s] Level 1:colcon.colcon_core.package_identification:_identify(/home/rml/ros2_ws/src/quad-sdk/external/ipopt/coinbrew/build/Ipopt/3.14.19/tutorial/CodingExercise/Cpp) by extensions ['colcon_pkg']
[0.138s] Level 1:colcon.colcon_core.package_identification:_identify(/home/rml/ros2_ws/src/quad-sdk/external/ipopt/coinbrew/build/Ipopt/3.14.19/tutorial/CodingExercise/Cpp) by extension 'colcon_pkg'
[0.138s] Level 1:colcon.colcon_core.package_identification:_identify(/home/rml/ros2_ws/src/quad-sdk/external/ipopt/coinbrew/build/Ipopt/3.14.19/tutorial/CodingExercise/Cpp) by extensions ['colcon_meta']
[0.138s] Level 1:colcon.colcon_core.package_identification:_identify(/home/rml/ros2_ws/src/quad-sdk/external/ipopt/coinbrew/build/Ipopt/3.14.19/tutorial/CodingExercise/Cpp) by extension 'colcon_meta'
[0.138s] Level 1:colcon.colcon_core.package_identification:_identify(/home/rml/ros2_ws/src/quad-sdk/external/ipopt/coinbrew/build/Ipopt/3.14.19/tutorial/CodingExercise/Cpp) by extensions ['ros']
[0.138s] Level 1:colcon.colcon_core.package_identification:_identify(/home/rml/ros2_ws/src/quad-sdk/external/ipopt/coinbrew/build/Ipopt/3.14.19/tutorial/CodingExercise/Cpp) by extension 'ros'
[0.138s] Level 1:colcon.colcon_core.package_identification:_identify(/home/rml/ros2_ws/src/quad-sdk/external/ipopt/coinbrew/build/Ipopt/3.14.19/tutorial/CodingExercise/Cpp) by extensions ['cmake', 'python']
[0.138s] Level 1:colcon.colcon_core.package_identification:_identify(/home/rml/ros2_ws/src/quad-sdk/external/ipopt/coinbrew/build/Ipopt/3.14.19/tutorial/CodingExercise/Cpp) by extension 'cmake'
[0.138s] Level 1:colcon.colcon_core.package_identification:_identify(/home/rml/ros2_ws/src/quad-sdk/external/ipopt/coinbrew/build/Ipopt/3.14.19/tutorial/CodingExercise/Cpp) by extension 'python'
[0.138s] Level 1:colcon.colcon_core.package_identification:_identify(/home/rml/ros2_ws/src/quad-sdk/external/ipopt/coinbrew/build/Ipopt/3.14.19/tutorial/CodingExercise/Cpp) by extensions ['python_setup_py']
[0.138s] Level 1:colcon.colcon_core.package_identification:_identify(/home/rml/ros2_ws/src/quad-sdk/external/ipopt/coinbrew/build/Ipopt/3.14.19/tutorial/CodingExercise/Cpp) by extension 'python_setup_py'
[0.138s] Level 1:colcon.colcon_core.package_identification:_identify(/home/rml/ros2_ws/src/quad-sdk/external/ipopt/coinbrew/build/Ipopt/3.14.19/tutorial/CodingExercise/Cpp/1-skeleton) by extensions ['ignore', 'ignore_ament_install']
[0.138s] Level 1:colcon.colcon_core.package_identification:_identify(/home/rml/ros2_ws/src/quad-sdk/external/ipopt/coinbrew/build/Ipopt/3.14.19/tutorial/CodingExercise/Cpp/1-skeleton) by extension 'ignore'
[0.139s] Level 1:colcon.colcon_core.package_identification:_identify(/home/rml/ros2_ws/src/quad-sdk/external/ipopt/coinbrew/build/Ipopt/3.14.19/tutorial/CodingExercise/Cpp/1-skeleton) by extension 'ignore_ament_install'
[0.139s] Level 1:colcon.colcon_core.package_identification:_identify(/home/rml/ros2_ws/src/quad-sdk/external/ipopt/coinbrew/build/Ipopt/3.14.19/tutorial/CodingExercise/Cpp/1-skeleton) by extensions ['colcon_pkg']
[0.139s] Level 1:colcon.colcon_core.package_identification:_identify(/home/rml/ros2_ws/src/quad-sdk/external/ipopt/coinbrew/build/Ipopt/3.14.19/tutorial/CodingExercise/Cpp/1-skeleton) by extension 'colcon_pkg'
[0.139s] Level 1:colcon.colcon_core.package_identification:_identify(/home/rml/ros2_ws/src/quad-sdk/external/ipopt/coinbrew/build/Ipopt/3.14.19/tutorial/CodingExercise/Cpp/1-skeleton) by extensions ['colcon_meta']
[0.139s] Level 1:colcon.colcon_core.package_identification:_identify(/home/rml/ros2_ws/src/quad-sdk/external/ipopt/coinbrew/build/Ipopt/3.14.19/tutorial/CodingExercise/Cpp/1-skeleton) by extension 'colcon_meta'
[0.139s] Level 1:colcon.colcon_core.package_identification:_identify(/home/rml/ros2_ws/src/quad-sdk/external/ipopt/coinbrew/build/Ipopt/3.14.19/tutorial/CodingExercise/Cpp/1-skeleton) by extensions ['ros']
[0.139s] Level 1:colcon.colcon_core.package_identification:_identify(/home/rml/ros2_ws/src/quad-sdk/external/ipopt/coinbrew/build/Ipopt/3.14.19/tutorial/CodingExercise/Cpp/1-skeleton) by extension 'ros'
[0.139s] Level 1:colcon.colcon_core.package_identification:_identify(/home/rml/ros2_ws/src/quad-sdk/external/ipopt/coinbrew/build/Ipopt/3.14.19/tutorial/CodingExercise/Cpp/1-skeleton) by extensions ['cmake', 'python']
[0.139s] Level 1:colcon.colcon_core.package_identification:_identify(/home/rml/ros2_ws/src/quad-sdk/external/ipopt/coinbrew/build/Ipopt/3.14.19/tutorial/CodingExercise/Cpp/1-skeleton) by extension 'cmake'
[0.139s] Level 1:colcon.colcon_core.package_identification:_identify(/home/rml/ros2_ws/src/quad-sdk/external/ipopt/coinbrew/build/Ipopt/3.14.19/tutorial/CodingExercise/Cpp/1-skeleton) by extension 'python'
[0.139s] Level 1:colcon.colcon_core.package_identification:_identify(/home/rml/ros2_ws/src/quad-sdk/external/ipopt/coinbrew/build/Ipopt/3.14.19/tutorial/CodingExercise/Cpp/1-skeleton) by extensions ['python_setup_py']
[0.139s] Level 1:colcon.colcon_core.package_identification:_identify(/home/rml/ros2_ws/src/quad-sdk/external/ipopt/coinbrew/build/Ipopt/3.14.19/tutorial/CodingExercise/Cpp/1-skeleton) by extension 'python_setup_py'
[0.139s] Level 1:colcon.colcon_core.package_identification:_identify(/home/rml/ros2_ws/src/quad-sdk/external/ipopt/coinbrew/build/Ipopt/3.14.19/tutorial/CodingExercise/Cpp/2-mistake) by extensions ['ignore', 'ignore_ament_install']
[0.139s] Level 1:colcon.colcon_core.package_identification:_identify(/home/rml/ros2_ws/src/quad-sdk/external/ipopt/coinbrew/build/Ipopt/3.14.19/tutorial/CodingExercise/Cpp/2-mistake) by extension 'ignore'
[0.139s] Level 1:colcon.colcon_core.package_identification:_identify(/home/rml/ros2_ws/src/quad-sdk/external/ipopt/coinbrew/build/Ipopt/3.14.19/tutorial/CodingExercise/Cpp/2-mistake) by extension 'ignore_ament_install'
[0.139s] Level 1:colcon.colcon_core.package_identification:_identify(/home/rml/ros2_ws/src/quad-sdk/external/ipopt/coinbrew/build/Ipopt/3.14.19/tutorial/CodingExercise/Cpp/2-mistake) by extensions ['colcon_pkg']
[0.139s] Level 1:colcon.colcon_core.package_identification:_identify(/home/rml/ros2_ws/src/quad-sdk/external/ipopt/coinbrew/build/Ipopt/3.14.19/tutorial/CodingExercise/Cpp/2-mistake) by extension 'colcon_pkg'
[0.139s] Level 1:colcon.colcon_core.package_identification:_identify(/home/rml/ros2_ws/src/quad-sdk/external/ipopt/coinbrew/build/Ipopt/3.14.19/tutorial/CodingExercise/Cpp/2-mistake) by extensions ['colcon_meta']
[0.139s] Level 1:colcon.colcon_core.package_identification:_identify(/home/rml/ros2_ws/src/quad-sdk/external/ipopt/coinbrew/build/Ipopt/3.14.19/tutorial/CodingExercise/Cpp/2-mistake) by extension 'colcon_meta'
[0.139s] Level 1:colcon.colcon_core.package_identification:_identify(/home/rml/ros2_ws/src/quad-sdk/external/ipopt/coinbrew/build/Ipopt/3.14.19/tutorial/CodingExercise/Cpp/2-mistake) by extensions ['ros']
[0.139s] Level 1:colcon.colcon_core.package_identification:_identify(/home/rml/ros2_ws/src/quad-sdk/external/ipopt/coinbrew/build/Ipopt/3.14.19/tutorial/CodingExercise/Cpp/2-mistake) by extension 'ros'
[0.139s] Level 1:colcon.colcon_core.package_identification:_identify(/home/rml/ros2_ws/src/quad-sdk/external/ipopt/coinbrew/build/Ipopt/3.14.19/tutorial/CodingExercise/Cpp/2-mistake) by extensions ['cmake', 'python']
[0.139s] Level 1:colcon.colcon_core.package_identification:_identify(/home/rml/ros2_ws/src/quad-sdk/external/ipopt/coinbrew/build/Ipopt/3.14.19/tutorial/CodingExercise/Cpp/2-mistake) by extension 'cmake'
[0.139s] Level 1:colcon.colcon_core.package_identification:_identify(/home/rml/ros2_ws/src/quad-sdk/external/ipopt/coinbrew/build/Ipopt/3.14.19/tutorial/CodingExercise/Cpp/2-mistake) by extension 'python'
[0.139s] Level 1:colcon.colcon_core.package_identification:_identify(/home/rml/ros2_ws/src/quad-sdk/external/ipopt/coinbrew/build/Ipopt/3.14.19/tutorial/CodingExercise/Cpp/2-mistake) by extensions ['python_setup_py']
[0.139s] Level 1:colcon.colcon_core.package_identification:_identify(/home/rml/ros2_ws/src/quad-sdk/external/ipopt/coinbrew/build/Ipopt/3.14.19/tutorial/CodingExercise/Cpp/2-mistake) by extension 'python_setup_py'
[0.139s] Level 1:colcon.colcon_core.package_identification:_identify(/home/rml/ros2_ws/src/quad-sdk/external/ipopt/coinbrew/build/Ipopt/3.14.19/tutorial/CodingExercise/Cpp/3-solution) by extensions ['ignore', 'ignore_ament_install']
[0.139s] Level 1:colcon.colcon_core.package_identification:_identify(/home/rml/ros2_ws/src/quad-sdk/external/ipopt/coinbrew/build/Ipopt/3.14.19/tutorial/CodingExercise/Cpp/3-solution) by extension 'ignore'
[0.139s] Level 1:colcon.colcon_core.package_identification:_identify(/home/rml/ros2_ws/src/quad-sdk/external/ipopt/coinbrew/build/Ipopt/3.14.19/tutorial/CodingExercise/Cpp/3-solution) by extension 'ignore_ament_install'
[0.139s] Level 1:colcon.colcon_core.package_identification:_identify(/home/rml/ros2_ws/src/quad-sdk/external/ipopt/coinbrew/build/Ipopt/3.14.19/tutorial/CodingExercise/Cpp/3-solution) by extensions ['colcon_pkg']
[0.139s] Level 1:colcon.colcon_core.package_identification:_identify(/home/rml/ros2_ws/src/quad-sdk/external/ipopt/coinbrew/build/Ipopt/3.14.19/tutorial/CodingExercise/Cpp/3-solution) by extension 'colcon_pkg'
[0.139s] Level 1:colcon.colcon_core.package_identification:_identify(/home/rml/ros2_ws/src/quad-sdk/external/ipopt/coinbrew/build/Ipopt/3.14.19/tutorial/CodingExercise/Cpp/3-solution) by extensions ['colcon_meta']
[0.139s] Level 1:colcon.colcon_core.package_identification:_identify(/home/rml/ros2_ws/src/quad-sdk/external/ipopt/coinbrew/build/Ipopt/3.14.19/tutorial/CodingExercise/Cpp/3-solution) by extension 'colcon_meta'
[0.139s] Level 1:colcon.colcon_core.package_identification:_identify(/home/rml/ros2_ws/src/quad-sdk/external/ipopt/coinbrew/build/Ipopt/3.14.19/tutorial/CodingExercise/Cpp/3-solution) by extensions ['ros']
[0.139s] Level 1:colcon.colcon_core.package_identification:_identify(/home/rml/ros2_ws/src/quad-sdk/external/ipopt/coinbrew/build/Ipopt/3.14.19/tutorial/CodingExercise/Cpp/3-solution) by extension 'ros'
[0.139s] Level 1:colcon.colcon_core.package_identification:_identify(/home/rml/ros2_ws/src/quad-sdk/external/ipopt/coinbrew/build/Ipopt/3.14.19/tutorial/CodingExercise/Cpp/3-solution) by extensions ['cmake', 'python']
[0.139s] Level 1:colcon.colcon_core.package_identification:_identify(/home/rml/ros2_ws/src/quad-sdk/external/ipopt/coinbrew/build/Ipopt/3.14.19/tutorial/CodingExercise/Cpp/3-solution) by extension 'cmake'
[0.139s] Level 1:colcon.colcon_core.package_identification:_identify(/home/rml/ros2_ws/src/quad-sdk/external/ipopt/coinbrew/build/Ipopt/3.14.19/tutorial/CodingExercise/Cpp/3-solution) by extension 'python'
[0.139s] Level 1:colcon.colcon_core.package_identification:_identify(/home/rml/ros2_ws/src/quad-sdk/external/ipopt/coinbrew/build/Ipopt/3.14.19/tutorial/CodingExercise/Cpp/3-solution) by extensions ['python_setup_py']
[0.139s] Level 1:colcon.colcon_core.package_identification:_identify(/home/rml/ros2_ws/src/quad-sdk/external/ipopt/coinbrew/build/Ipopt/3.14.19/tutorial/CodingExercise/Cpp/3-solution) by extension 'python_setup_py'
[0.139s] Level 1:colcon.colcon_core.package_identification:_identify(/home/rml/ros2_ws/src/quad-sdk/external/ipopt/coinbrew/build/Ipopt/3.14.19/tutorial/CodingExercise/Fortran) by extensions ['ignore', 'ignore_ament_install']
[0.139s] Level 1:colcon.colcon_core.package_identification:_identify(/home/rml/ros2_ws/src/quad-sdk/external/ipopt/coinbrew/build/Ipopt/3.14.19/tutorial/CodingExercise/Fortran) by extension 'ignore'
[0.139s] Level 1:colcon.colcon_core.package_identification:_identify(/home/rml/ros2_ws/src/quad-sdk/external/ipopt/coinbrew/build/Ipopt/3.14.19/tutorial/CodingExercise/Fortran) by extension 'ignore_ament_install'
[0.139s] Level 1:colcon.colcon_core.package_identification:_identify(/home/rml/ros2_ws/src/quad-sdk/external/ipopt/coinbrew/build/Ipopt/3.14.19/tutorial/CodingExercise/Fortran) by extensions ['colcon_pkg']
[0.139s] Level 1:colcon.colcon_core.package_identification:_identify(/home/rml/ros2_ws/src/quad-sdk/external/ipopt/coinbrew/build/Ipopt/3.14.19/tutorial/CodingExercise/Fortran) by extension 'colcon_pkg'
[0.139s] Level 1:colcon.colcon_core.package_identification:_identify(/home/rml/ros2_ws/src/quad-sdk/external/ipopt/coinbrew/build/Ipopt/3.14.19/tutorial/CodingExercise/Fortran) by extensions ['colcon_meta']
[0.139s] Level 1:colcon.colcon_core.package_identification:_identify(/home/rml/ros2_ws/src/quad-sdk/external/ipopt/coinbrew/build/Ipopt/3.14.19/tutorial/CodingExercise/Fortran) by extension 'colcon_meta'
[0.139s] Level 1:colcon.colcon_core.package_identification:_identify(/home/rml/ros2_ws/src/quad-sdk/external/ipopt/coinbrew/build/Ipopt/3.14.19/tutorial/CodingExercise/Fortran) by extensions ['ros']
[0.139s] Level 1:colcon.colcon_core.package_identification:_identify(/home/rml/ros2_ws/src/quad-sdk/external/ipopt/coinbrew/build/Ipopt/3.14.19/tutorial/CodingExercise/Fortran) by extension 'ros'
[0.139s] Level 1:colcon.colcon_core.package_identification:_identify(/home/rml/ros2_ws/src/quad-sdk/external/ipopt/coinbrew/build/Ipopt/3.14.19/tutorial/CodingExercise/Fortran) by extensions ['cmake', 'python']
[0.139s] Level 1:colcon.colcon_core.package_identification:_identify(/home/rml/ros2_ws/src/quad-sdk/external/ipopt/coinbrew/build/Ipopt/3.14.19/tutorial/CodingExercise/Fortran) by extension 'cmake'
[0.139s] Level 1:colcon.colcon_core.package_identification:_identify(/home/rml/ros2_ws/src/quad-sdk/external/ipopt/coinbrew/build/Ipopt/3.14.19/tutorial/CodingExercise/Fortran) by extension 'python'
[0.139s] Level 1:colcon.colcon_core.package_identification:_identify(/home/rml/ros2_ws/src/quad-sdk/external/ipopt/coinbrew/build/Ipopt/3.14.19/tutorial/CodingExercise/Fortran) by extensions ['python_setup_py']
[0.139s] Level 1:colcon.colcon_core.package_identification:_identify(/home/rml/ros2_ws/src/quad-sdk/external/ipopt/coinbrew/build/Ipopt/3.14.19/tutorial/CodingExercise/Fortran) by extension 'python_setup_py'
[0.140s] Level 1:colcon.colcon_core.package_identification:_identify(/home/rml/ros2_ws/src/quad-sdk/external/ipopt/coinbrew/build/Ipopt/3.14.19/tutorial/CodingExercise/Fortran/1-skeleton) by extensions ['ignore', 'ignore_ament_install']
[0.140s] Level 1:colcon.colcon_core.package_identification:_identify(/home/rml/ros2_ws/src/quad-sdk/external/ipopt/coinbrew/build/Ipopt/3.14.19/tutorial/CodingExercise/Fortran/1-skeleton) by extension 'ignore'
[0.140s] Level 1:colcon.colcon_core.package_identification:_identify(/home/rml/ros2_ws/src/quad-sdk/external/ipopt/coinbrew/build/Ipopt/3.14.19/tutorial/CodingExercise/Fortran/1-skeleton) by extension 'ignore_ament_install'
[0.140s] Level 1:colcon.colcon_core.package_identification:_identify(/home/rml/ros2_ws/src/quad-sdk/external/ipopt/coinbrew/build/Ipopt/3.14.19/tutorial/CodingExercise/Fortran/1-skeleton) by extensions ['colcon_pkg']
[0.140s] Level 1:colcon.colcon_core.package_identification:_identify(/home/rml/ros2_ws/src/quad-sdk/external/ipopt/coinbrew/build/Ipopt/3.14.19/tutorial/CodingExercise/Fortran/1-skeleton) by extension 'colcon_pkg'
[0.140s] Level 1:colcon.colcon_core.package_identification:_identify(/home/rml/ros2_ws/src/quad-sdk/external/ipopt/coinbrew/build/Ipopt/3.14.19/tutorial/CodingExercise/Fortran/1-skeleton) by extensions ['colcon_meta']
[0.140s] Level 1:colcon.colcon_core.package_identification:_identify(/home/rml/ros2_ws/src/quad-sdk/external/ipopt/coinbrew/build/Ipopt/3.14.19/tutorial/CodingExercise/Fortran/1-skeleton) by extension 'colcon_meta'
[0.140s] Level 1:colcon.colcon_core.package_identification:_identify(/home/rml/ros2_ws/src/quad-sdk/external/ipopt/coinbrew/build/Ipopt/3.14.19/tutorial/CodingExercise/Fortran/1-skeleton) by extensions ['ros']
[0.140s] Level 1:colcon.colcon_core.package_identification:_identify(/home/rml/ros2_ws/src/quad-sdk/external/ipopt/coinbrew/build/Ipopt/3.14.19/tutorial/CodingExercise/Fortran/1-skeleton) by extension 'ros'
[0.140s] Level 1:colcon.colcon_core.package_identification:_identify(/home/rml/ros2_ws/src/quad-sdk/external/ipopt/coinbrew/build/Ipopt/3.14.19/tutorial/CodingExercise/Fortran/1-skeleton) by extensions ['cmake', 'python']
[0.140s] Level 1:colcon.colcon_core.package_identification:_identify(/home/rml/ros2_ws/src/quad-sdk/external/ipopt/coinbrew/build/Ipopt/3.14.19/tutorial/CodingExercise/Fortran/1-skeleton) by extension 'cmake'
[0.140s] Level 1:colcon.colcon_core.package_identification:_identify(/home/rml/ros2_ws/src/quad-sdk/external/ipopt/coinbrew/build/Ipopt/3.14.19/tutorial/CodingExercise/Fortran/1-skeleton) by extension 'python'
[0.140s] Level 1:colcon.colcon_core.package_identification:_identify(/home/rml/ros2_ws/src/quad-sdk/external/ipopt/coinbrew/build/Ipopt/3.14.19/tutorial/CodingExercise/Fortran/1-skeleton) by extensions ['python_setup_py']
[0.140s] Level 1:colcon.colcon_core.package_identification:_identify(/home/rml/ros2_ws/src/quad-sdk/external/ipopt/coinbrew/build/Ipopt/3.14.19/tutorial/CodingExercise/Fortran/1-skeleton) by extension 'python_setup_py'
[0.140s] Level 1:colcon.colcon_core.package_identification:_identify(/home/rml/ros2_ws/src/quad-sdk/external/ipopt/coinbrew/build/Ipopt/3.14.19/tutorial/CodingExercise/Fortran/2-mistake) by extensions ['ignore', 'ignore_ament_install']
[0.140s] Level 1:colcon.colcon_core.package_identification:_identify(/home/rml/ros2_ws/src/quad-sdk/external/ipopt/coinbrew/build/Ipopt/3.14.19/tutorial/CodingExercise/Fortran/2-mistake) by extension 'ignore'
[0.140s] Level 1:colcon.colcon_core.package_identification:_identify(/home/rml/ros2_ws/src/quad-sdk/external/ipopt/coinbrew/build/Ipopt/3.14.19/tutorial/CodingExercise/Fortran/2-mistake) by extension 'ignore_ament_install'
[0.140s] Level 1:colcon.colcon_core.package_identification:_identify(/home/rml/ros2_ws/src/quad-sdk/external/ipopt/coinbrew/build/Ipopt/3.14.19/tutorial/CodingExercise/Fortran/2-mistake) by extensions ['colcon_pkg']
[0.140s] Level 1:colcon.colcon_core.package_identification:_identify(/home/rml/ros2_ws/src/quad-sdk/external/ipopt/coinbrew/build/Ipopt/3.14.19/tutorial/CodingExercise/Fortran/2-mistake) by extension 'colcon_pkg'
[0.140s] Level 1:colcon.colcon_core.package_identification:_identify(/home/rml/ros2_ws/src/quad-sdk/external/ipopt/coinbrew/build/Ipopt/3.14.19/tutorial/CodingExercise/Fortran/2-mistake) by extensions ['colcon_meta']
[0.140s] Level 1:colcon.colcon_core.package_identification:_identify(/home/rml/ros2_ws/src/quad-sdk/external/ipopt/coinbrew/build/Ipopt/3.14.19/tutorial/CodingExercise/Fortran/2-mistake) by extension 'colcon_meta'
[0.140s] Level 1:colcon.colcon_core.package_identification:_identify(/home/rml/ros2_ws/src/quad-sdk/external/ipopt/coinbrew/build/Ipopt/3.14.19/tutorial/CodingExercise/Fortran/2-mistake) by extensions ['ros']
[0.140s] Level 1:colcon.colcon_core.package_identification:_identify(/home/rml/ros2_ws/src/quad-sdk/external/ipopt/coinbrew/build/Ipopt/3.14.19/tutorial/CodingExercise/Fortran/2-mistake) by extension 'ros'
[0.140s] Level 1:colcon.colcon_core.package_identification:_identify(/home/rml/ros2_ws/src/quad-sdk/external/ipopt/coinbrew/build/Ipopt/3.14.19/tutorial/CodingExercise/Fortran/2-mistake) by extensions ['cmake', 'python']
[0.140s] Level 1:colcon.colcon_core.package_identification:_identify(/home/rml/ros2_ws/src/quad-sdk/external/ipopt/coinbrew/build/Ipopt/3.14.19/tutorial/CodingExercise/Fortran/2-mistake) by extension 'cmake'
[0.140s] Level 1:colcon.colcon_core.package_identification:_identify(/home/rml/ros2_ws/src/quad-sdk/external/ipopt/coinbrew/build/Ipopt/3.14.19/tutorial/CodingExercise/Fortran/2-mistake) by extension 'python'
[0.140s] Level 1:colcon.colcon_core.package_identification:_identify(/home/rml/ros2_ws/src/quad-sdk/external/ipopt/coinbrew/build/Ipopt/3.14.19/tutorial/CodingExercise/Fortran/2-mistake) by extensions ['python_setup_py']
[0.140s] Level 1:colcon.colcon_core.package_identification:_identify(/home/rml/ros2_ws/src/quad-sdk/external/ipopt/coinbrew/build/Ipopt/3.14.19/tutorial/CodingExercise/Fortran/2-mistake) by extension 'python_setup_py'
[0.140s] Level 1:colcon.colcon_core.package_identification:_identify(/home/rml/ros2_ws/src/quad-sdk/external/ipopt/coinbrew/build/Ipopt/3.14.19/tutorial/CodingExercise/Fortran/3-solution) by extensions ['ignore', 'ignore_ament_install']
[0.140s] Level 1:colcon.colcon_core.package_identification:_identify(/home/rml/ros2_ws/src/quad-sdk/external/ipopt/coinbrew/build/Ipopt/3.14.19/tutorial/CodingExercise/Fortran/3-solution) by extension 'ignore'
[0.140s] Level 1:colcon.colcon_core.package_identification:_identify(/home/rml/ros2_ws/src/quad-sdk/external/ipopt/coinbrew/build/Ipopt/3.14.19/tutorial/CodingExercise/Fortran/3-solution) by extension 'ignore_ament_install'
[0.140s] Level 1:colcon.colcon_core.package_identification:_identify(/home/rml/ros2_ws/src/quad-sdk/external/ipopt/coinbrew/build/Ipopt/3.14.19/tutorial/CodingExercise/Fortran/3-solution) by extensions ['colcon_pkg']
[0.140s] Level 1:colcon.colcon_core.package_identification:_identify(/home/rml/ros2_ws/src/quad-sdk/external/ipopt/coinbrew/build/Ipopt/3.14.19/tutorial/CodingExercise/Fortran/3-solution) by extension 'colcon_pkg'
[0.140s] Level 1:colcon.colcon_core.package_identification:_identify(/home/rml/ros2_ws/src/quad-sdk/external/ipopt/coinbrew/build/Ipopt/3.14.19/tutorial/CodingExercise/Fortran/3-solution) by extensions ['colcon_meta']
[0.140s] Level 1:colcon.colcon_core.package_identification:_identify(/home/rml/ros2_ws/src/quad-sdk/external/ipopt/coinbrew/build/Ipopt/3.14.19/tutorial/CodingExercise/Fortran/3-solution) by extension 'colcon_meta'
[0.140s] Level 1:colcon.colcon_core.package_identification:_identify(/home/rml/ros2_ws/src/quad-sdk/external/ipopt/coinbrew/build/Ipopt/3.14.19/tutorial/CodingExercise/Fortran/3-solution) by extensions ['ros']
[0.140s] Level 1:colcon.colcon_core.package_identification:_identify(/home/rml/ros2_ws/src/quad-sdk/external/ipopt/coinbrew/build/Ipopt/3.14.19/tutorial/CodingExercise/Fortran/3-solution) by extension 'ros'
[0.140s] Level 1:colcon.colcon_core.package_identification:_identify(/home/rml/ros2_ws/src/quad-sdk/external/ipopt/coinbrew/build/Ipopt/3.14.19/tutorial/CodingExercise/Fortran/3-solution) by extensions ['cmake', 'python']
[0.140s] Level 1:colcon.colcon_core.package_identification:_identify(/home/rml/ros2_ws/src/quad-sdk/external/ipopt/coinbrew/build/Ipopt/3.14.19/tutorial/CodingExercise/Fortran/3-solution) by extension 'cmake'
[0.140s] Level 1:colcon.colcon_core.package_identification:_identify(/home/rml/ros2_ws/src/quad-sdk/external/ipopt/coinbrew/build/Ipopt/3.14.19/tutorial/CodingExercise/Fortran/3-solution) by extension 'python'
[0.140s] Level 1:colcon.colcon_core.package_identification:_identify(/home/rml/ros2_ws/src/quad-sdk/external/ipopt/coinbrew/build/Ipopt/3.14.19/tutorial/CodingExercise/Fortran/3-solution) by extensions ['python_setup_py']
[0.140s] Level 1:colcon.colcon_core.package_identification:_identify(/home/rml/ros2_ws/src/quad-sdk/external/ipopt/coinbrew/build/Ipopt/3.14.19/tutorial/CodingExercise/Fortran/3-solution) by extension 'python_setup_py'
[0.140s] Level 1:colcon.colcon_core.package_identification:_identify(/home/rml/ros2_ws/src/quad-sdk/external/ipopt/coinbrew/build/Ipopt/3.14.19/tutorial/CodingExercise/Matlab) by extensions ['ignore', 'ignore_ament_install']
[0.140s] Level 1:colcon.colcon_core.package_identification:_identify(/home/rml/ros2_ws/src/quad-sdk/external/ipopt/coinbrew/build/Ipopt/3.14.19/tutorial/CodingExercise/Matlab) by extension 'ignore'
[0.140s] Level 1:colcon.colcon_core.package_identification:_identify(/home/rml/ros2_ws/src/quad-sdk/external/ipopt/coinbrew/build/Ipopt/3.14.19/tutorial/CodingExercise/Matlab) by extension 'ignore_ament_install'
[0.140s] Level 1:colcon.colcon_core.package_identification:_identify(/home/rml/ros2_ws/src/quad-sdk/external/ipopt/coinbrew/build/Ipopt/3.14.19/tutorial/CodingExercise/Matlab) by extensions ['colcon_pkg']
[0.140s] Level 1:colcon.colcon_core.package_identification:_identify(/home/rml/ros2_ws/src/quad-sdk/external/ipopt/coinbrew/build/Ipopt/3.14.19/tutorial/CodingExercise/Matlab) by extension 'colcon_pkg'
[0.140s] Level 1:colcon.colcon_core.package_identification:_identify(/home/rml/ros2_ws/src/quad-sdk/external/ipopt/coinbrew/build/Ipopt/3.14.19/tutorial/CodingExercise/Matlab) by extensions ['colcon_meta']
[0.140s] Level 1:colcon.colcon_core.package_identification:_identify(/home/rml/ros2_ws/src/quad-sdk/external/ipopt/coinbrew/build/Ipopt/3.14.19/tutorial/CodingExercise/Matlab) by extension 'colcon_meta'
[0.140s] Level 1:colcon.colcon_core.package_identification:_identify(/home/rml/ros2_ws/src/quad-sdk/external/ipopt/coinbrew/build/Ipopt/3.14.19/tutorial/CodingExercise/Matlab) by extensions ['ros']
[0.140s] Level 1:colcon.colcon_core.package_identification:_identify(/home/rml/ros2_ws/src/quad-sdk/external/ipopt/coinbrew/build/Ipopt/3.14.19/tutorial/CodingExercise/Matlab) by extension 'ros'
[0.140s] Level 1:colcon.colcon_core.package_identification:_identify(/home/rml/ros2_ws/src/quad-sdk/external/ipopt/coinbrew/build/Ipopt/3.14.19/tutorial/CodingExercise/Matlab) by extensions ['cmake', 'python']
[0.140s] Level 1:colcon.colcon_core.package_identification:_identify(/home/rml/ros2_ws/src/quad-sdk/external/ipopt/coinbrew/build/Ipopt/3.14.19/tutorial/CodingExercise/Matlab) by extension 'cmake'
[0.140s] Level 1:colcon.colcon_core.package_identification:_identify(/home/rml/ros2_ws/src/quad-sdk/external/ipopt/coinbrew/build/Ipopt/3.14.19/tutorial/CodingExercise/Matlab) by extension 'python'
[0.140s] Level 1:colcon.colcon_core.package_identification:_identify(/home/rml/ros2_ws/src/quad-sdk/external/ipopt/coinbrew/build/Ipopt/3.14.19/tutorial/CodingExercise/Matlab) by extensions ['python_setup_py']
[0.140s] Level 1:colcon.colcon_core.package_identification:_identify(/home/rml/ros2_ws/src/quad-sdk/external/ipopt/coinbrew/build/Ipopt/3.14.19/tutorial/CodingExercise/Matlab) by extension 'python_setup_py'
[0.141s] Level 1:colcon.colcon_core.package_identification:_identify(/home/rml/ros2_ws/src/quad-sdk/external/ipopt/coinbrew/build/Ipopt/3.14.19/tutorial/CodingExercise/Matlab/1-skeleton) by extensions ['ignore', 'ignore_ament_install']
[0.141s] Level 1:colcon.colcon_core.package_identification:_identify(/home/rml/ros2_ws/src/quad-sdk/external/ipopt/coinbrew/build/Ipopt/3.14.19/tutorial/CodingExercise/Matlab/1-skeleton) by extension 'ignore'
[0.141s] Level 1:colcon.colcon_core.package_identification:_identify(/home/rml/ros2_ws/src/quad-sdk/external/ipopt/coinbrew/build/Ipopt/3.14.19/tutorial/CodingExercise/Matlab/1-skeleton) by extension 'ignore_ament_install'
[0.141s] Level 1:colcon.colcon_core.package_identification:_identify(/home/rml/ros2_ws/src/quad-sdk/external/ipopt/coinbrew/build/Ipopt/3.14.19/tutorial/CodingExercise/Matlab/1-skeleton) by extensions ['colcon_pkg']
[0.141s] Level 1:colcon.colcon_core.package_identification:_identify(/home/rml/ros2_ws/src/quad-sdk/external/ipopt/coinbrew/build/Ipopt/3.14.19/tutorial/CodingExercise/Matlab/1-skeleton) by extension 'colcon_pkg'
[0.141s] Level 1:colcon.colcon_core.package_identification:_identify(/home/rml/ros2_ws/src/quad-sdk/external/ipopt/coinbrew/build/Ipopt/3.14.19/tutorial/CodingExercise/Matlab/1-skeleton) by extensions ['colcon_meta']
[0.141s] Level 1:colcon.colcon_core.package_identification:_identify(/home/rml/ros2_ws/src/quad-sdk/external/ipopt/coinbrew/build/Ipopt/3.14.19/tutorial/CodingExercise/Matlab/1-skeleton) by extension 'colcon_meta'
[0.141s] Level 1:colcon.colcon_core.package_identification:_identify(/home/rml/ros2_ws/src/quad-sdk/external/ipopt/coinbrew/build/Ipopt/3.14.19/tutorial/CodingExercise/Matlab/1-skeleton) by extensions ['ros']
[0.141s] Level 1:colcon.colcon_core.package_identification:_identify(/home/rml/ros2_ws/src/quad-sdk/external/ipopt/coinbrew/build/Ipopt/3.14.19/tutorial/CodingExercise/Matlab/1-skeleton) by extension 'ros'
[0.141s] Level 1:colcon.colcon_core.package_identification:_identify(/home/rml/ros2_ws/src/quad-sdk/external/ipopt/coinbrew/build/Ipopt/3.14.19/tutorial/CodingExercise/Matlab/1-skeleton) by extensions ['cmake', 'python']
[0.141s] Level 1:colcon.colcon_core.package_identification:_identify(/home/rml/ros2_ws/src/quad-sdk/external/ipopt/coinbrew/build/Ipopt/3.14.19/tutorial/CodingExercise/Matlab/1-skeleton) by extension 'cmake'
[0.141s] Level 1:colcon.colcon_core.package_identification:_identify(/home/rml/ros2_ws/src/quad-sdk/external/ipopt/coinbrew/build/Ipopt/3.14.19/tutorial/CodingExercise/Matlab/1-skeleton) by extension 'python'
[0.141s] Level 1:colcon.colcon_core.package_identification:_identify(/home/rml/ros2_ws/src/quad-sdk/external/ipopt/coinbrew/build/Ipopt/3.14.19/tutorial/CodingExercise/Matlab/1-skeleton) by extensions ['python_setup_py']
[0.141s] Level 1:colcon.colcon_core.package_identification:_identify(/home/rml/ros2_ws/src/quad-sdk/external/ipopt/coinbrew/build/Ipopt/3.14.19/tutorial/CodingExercise/Matlab/1-skeleton) by extension 'python_setup_py'
[0.141s] Level 1:colcon.colcon_core.package_identification:_identify(/home/rml/ros2_ws/src/quad-sdk/external/ipopt/coinbrew/build/Ipopt/3.14.19/tutorial/CodingExercise/Matlab/2-mistake) by extensions ['ignore', 'ignore_ament_install']
[0.141s] Level 1:colcon.colcon_core.package_identification:_identify(/home/rml/ros2_ws/src/quad-sdk/external/ipopt/coinbrew/build/Ipopt/3.14.19/tutorial/CodingExercise/Matlab/2-mistake) by extension 'ignore'
[0.141s] Level 1:colcon.colcon_core.package_identification:_identify(/home/rml/ros2_ws/src/quad-sdk/external/ipopt/coinbrew/build/Ipopt/3.14.19/tutorial/CodingExercise/Matlab/2-mistake) by extension 'ignore_ament_install'
[0.141s] Level 1:colcon.colcon_core.package_identification:_identify(/home/rml/ros2_ws/src/quad-sdk/external/ipopt/coinbrew/build/Ipopt/3.14.19/tutorial/CodingExercise/Matlab/2-mistake) by extensions ['colcon_pkg']
[0.141s] Level 1:colcon.colcon_core.package_identification:_identify(/home/rml/ros2_ws/src/quad-sdk/external/ipopt/coinbrew/build/Ipopt/3.14.19/tutorial/CodingExercise/Matlab/2-mistake) by extension 'colcon_pkg'
[0.141s] Level 1:colcon.colcon_core.package_identification:_identify(/home/rml/ros2_ws/src/quad-sdk/external/ipopt/coinbrew/build/Ipopt/3.14.19/tutorial/CodingExercise/Matlab/2-mistake) by extensions ['colcon_meta']
[0.141s] Level 1:colcon.colcon_core.package_identification:_identify(/home/rml/ros2_ws/src/quad-sdk/external/ipopt/coinbrew/build/Ipopt/3.14.19/tutorial/CodingExercise/Matlab/2-mistake) by extension 'colcon_meta'
[0.141s] Level 1:colcon.colcon_core.package_identification:_identify(/home/rml/ros2_ws/src/quad-sdk/external/ipopt/coinbrew/build/Ipopt/3.14.19/tutorial/CodingExercise/Matlab/2-mistake) by extensions ['ros']
[0.141s] Level 1:colcon.colcon_core.package_identification:_identify(/home/rml/ros2_ws/src/quad-sdk/external/ipopt/coinbrew/build/Ipopt/3.14.19/tutorial/CodingExercise/Matlab/2-mistake) by extension 'ros'
[0.141s] Level 1:colcon.colcon_core.package_identification:_identify(/home/rml/ros2_ws/src/quad-sdk/external/ipopt/coinbrew/build/Ipopt/3.14.19/tutorial/CodingExercise/Matlab/2-mistake) by extensions ['cmake', 'python']
[0.141s] Level 1:colcon.colcon_core.package_identification:_identify(/home/rml/ros2_ws/src/quad-sdk/external/ipopt/coinbrew/build/Ipopt/3.14.19/tutorial/CodingExercise/Matlab/2-mistake) by extension 'cmake'
[0.141s] Level 1:colcon.colcon_core.package_identification:_identify(/home/rml/ros2_ws/src/quad-sdk/external/ipopt/coinbrew/build/Ipopt/3.14.19/tutorial/CodingExercise/Matlab/2-mistake) by extension 'python'
[0.141s] Level 1:colcon.colcon_core.package_identification:_identify(/home/rml/ros2_ws/src/quad-sdk/external/ipopt/coinbrew/build/Ipopt/3.14.19/tutorial/CodingExercise/Matlab/2-mistake) by extensions ['python_setup_py']
[0.141s] Level 1:colcon.colcon_core.package_identification:_identify(/home/rml/ros2_ws/src/quad-sdk/external/ipopt/coinbrew/build/Ipopt/3.14.19/tutorial/CodingExercise/Matlab/2-mistake) by extension 'python_setup_py'
[0.141s] Level 1:colcon.colcon_core.package_identification:_identify(/home/rml/ros2_ws/src/quad-sdk/external/ipopt/coinbrew/build/Ipopt/3.14.19/tutorial/CodingExercise/Matlab/3-solution) by extensions ['ignore', 'ignore_ament_install']
[0.141s] Level 1:colcon.colcon_core.package_identification:_identify(/home/rml/ros2_ws/src/quad-sdk/external/ipopt/coinbrew/build/Ipopt/3.14.19/tutorial/CodingExercise/Matlab/3-solution) by extension 'ignore'
[0.141s] Level 1:colcon.colcon_core.package_identification:_identify(/home/rml/ros2_ws/src/quad-sdk/external/ipopt/coinbrew/build/Ipopt/3.14.19/tutorial/CodingExercise/Matlab/3-solution) by extension 'ignore_ament_install'
[0.141s] Level 1:colcon.colcon_core.package_identification:_identify(/home/rml/ros2_ws/src/quad-sdk/external/ipopt/coinbrew/build/Ipopt/3.14.19/tutorial/CodingExercise/Matlab/3-solution) by extensions ['colcon_pkg']
[0.141s] Level 1:colcon.colcon_core.package_identification:_identify(/home/rml/ros2_ws/src/quad-sdk/external/ipopt/coinbrew/build/Ipopt/3.14.19/tutorial/CodingExercise/Matlab/3-solution) by extension 'colcon_pkg'
[0.141s] Level 1:colcon.colcon_core.package_identification:_identify(/home/rml/ros2_ws/src/quad-sdk/external/ipopt/coinbrew/build/Ipopt/3.14.19/tutorial/CodingExercise/Matlab/3-solution) by extensions ['colcon_meta']
[0.141s] Level 1:colcon.colcon_core.package_identification:_identify(/home/rml/ros2_ws/src/quad-sdk/external/ipopt/coinbrew/build/Ipopt/3.14.19/tutorial/CodingExercise/Matlab/3-solution) by extension 'colcon_meta'
[0.141s] Level 1:colcon.colcon_core.package_identification:_identify(/home/rml/ros2_ws/src/quad-sdk/external/ipopt/coinbrew/build/Ipopt/3.14.19/tutorial/CodingExercise/Matlab/3-solution) by extensions ['ros']
[0.141s] Level 1:colcon.colcon_core.package_identification:_identify(/home/rml/ros2_ws/src/quad-sdk/external/ipopt/coinbrew/build/Ipopt/3.14.19/tutorial/CodingExercise/Matlab/3-solution) by extension 'ros'
[0.141s] Level 1:colcon.colcon_core.package_identification:_identify(/home/rml/ros2_ws/src/quad-sdk/external/ipopt/coinbrew/build/Ipopt/3.14.19/tutorial/CodingExercise/Matlab/3-solution) by extensions ['cmake', 'python']
[0.141s] Level 1:colcon.colcon_core.package_identification:_identify(/home/rml/ros2_ws/src/quad-sdk/external/ipopt/coinbrew/build/Ipopt/3.14.19/tutorial/CodingExercise/Matlab/3-solution) by extension 'cmake'
[0.141s] Level 1:colcon.colcon_core.package_identification:_identify(/home/rml/ros2_ws/src/quad-sdk/external/ipopt/coinbrew/build/Ipopt/3.14.19/tutorial/CodingExercise/Matlab/3-solution) by extension 'python'
[0.141s] Level 1:colcon.colcon_core.package_identification:_identify(/home/rml/ros2_ws/src/quad-sdk/external/ipopt/coinbrew/build/Ipopt/3.14.19/tutorial/CodingExercise/Matlab/3-solution) by extensions ['python_setup_py']
[0.141s] Level 1:colcon.colcon_core.package_identification:_identify(/home/rml/ros2_ws/src/quad-sdk/external/ipopt/coinbrew/build/Ipopt/3.14.19/tutorial/CodingExercise/Matlab/3-solution) by extension 'python_setup_py'
[0.141s] Level 1:colcon.colcon_core.package_identification:_identify(/home/rml/ros2_ws/src/quad-sdk/external/ipopt/coinbrew/build/Ipopt/3.14.19/tutorial/Modeling) by extensions ['ignore', 'ignore_ament_install']
[0.141s] Level 1:colcon.colcon_core.package_identification:_identify(/home/rml/ros2_ws/src/quad-sdk/external/ipopt/coinbrew/build/Ipopt/3.14.19/tutorial/Modeling) by extension 'ignore'
[0.141s] Level 1:colcon.colcon_core.package_identification:_identify(/home/rml/ros2_ws/src/quad-sdk/external/ipopt/coinbrew/build/Ipopt/3.14.19/tutorial/Modeling) by extension 'ignore_ament_install'
[0.141s] Level 1:colcon.colcon_core.package_identification:_identify(/home/rml/ros2_ws/src/quad-sdk/external/ipopt/coinbrew/build/Ipopt/3.14.19/tutorial/Modeling) by extensions ['colcon_pkg']
[0.141s] Level 1:colcon.colcon_core.package_identification:_identify(/home/rml/ros2_ws/src/quad-sdk/external/ipopt/coinbrew/build/Ipopt/3.14.19/tutorial/Modeling) by extension 'colcon_pkg'
[0.141s] Level 1:colcon.colcon_core.package_identification:_identify(/home/rml/ros2_ws/src/quad-sdk/external/ipopt/coinbrew/build/Ipopt/3.14.19/tutorial/Modeling) by extensions ['colcon_meta']
[0.141s] Level 1:colcon.colcon_core.package_identification:_identify(/home/rml/ros2_ws/src/quad-sdk/external/ipopt/coinbrew/build/Ipopt/3.14.19/tutorial/Modeling) by extension 'colcon_meta'
[0.141s] Level 1:colcon.colcon_core.package_identification:_identify(/home/rml/ros2_ws/src/quad-sdk/external/ipopt/coinbrew/build/Ipopt/3.14.19/tutorial/Modeling) by extensions ['ros']
[0.141s] Level 1:colcon.colcon_core.package_identification:_identify(/home/rml/ros2_ws/src/quad-sdk/external/ipopt/coinbrew/build/Ipopt/3.14.19/tutorial/Modeling) by extension 'ros'
[0.141s] Level 1:colcon.colcon_core.package_identification:_identify(/home/rml/ros2_ws/src/quad-sdk/external/ipopt/coinbrew/build/Ipopt/3.14.19/tutorial/Modeling) by extensions ['cmake', 'python']
[0.141s] Level 1:colcon.colcon_core.package_identification:_identify(/home/rml/ros2_ws/src/quad-sdk/external/ipopt/coinbrew/build/Ipopt/3.14.19/tutorial/Modeling) by extension 'cmake'
[0.141s] Level 1:colcon.colcon_core.package_identification:_identify(/home/rml/ros2_ws/src/quad-sdk/external/ipopt/coinbrew/build/Ipopt/3.14.19/tutorial/Modeling) by extension 'python'
[0.141s] Level 1:colcon.colcon_core.package_identification:_identify(/home/rml/ros2_ws/src/quad-sdk/external/ipopt/coinbrew/build/Ipopt/3.14.19/tutorial/Modeling) by extensions ['python_setup_py']
[0.141s] Level 1:colcon.colcon_core.package_identification:_identify(/home/rml/ros2_ws/src/quad-sdk/external/ipopt/coinbrew/build/Ipopt/3.14.19/tutorial/Modeling) by extension 'python_setup_py'
[0.142s] Level 1:colcon.colcon_core.package_identification:_identify(/home/rml/ros2_ws/src/quad-sdk/external/ipopt/coinbrew/build/ThirdParty) by extensions ['ignore', 'ignore_ament_install']
[0.142s] Level 1:colcon.colcon_core.package_identification:_identify(/home/rml/ros2_ws/src/quad-sdk/external/ipopt/coinbrew/build/ThirdParty) by extension 'ignore'
[0.142s] Level 1:colcon.colcon_core.package_identification:_identify(/home/rml/ros2_ws/src/quad-sdk/external/ipopt/coinbrew/build/ThirdParty) by extension 'ignore_ament_install'
[0.142s] Level 1:colcon.colcon_core.package_identification:_identify(/home/rml/ros2_ws/src/quad-sdk/external/ipopt/coinbrew/build/ThirdParty) by extensions ['colcon_pkg']
[0.142s] Level 1:colcon.colcon_core.package_identification:_identify(/home/rml/ros2_ws/src/quad-sdk/external/ipopt/coinbrew/build/ThirdParty) by extension 'colcon_pkg'
[0.142s] Level 1:colcon.colcon_core.package_identification:_identify(/home/rml/ros2_ws/src/quad-sdk/external/ipopt/coinbrew/build/ThirdParty) by extensions ['colcon_meta']
[0.142s] Level 1:colcon.colcon_core.package_identification:_identify(/home/rml/ros2_ws/src/quad-sdk/external/ipopt/coinbrew/build/ThirdParty) by extension 'colcon_meta'
[0.142s] Level 1:colcon.colcon_core.package_identification:_identify(/home/rml/ros2_ws/src/quad-sdk/external/ipopt/coinbrew/build/ThirdParty) by extensions ['ros']
[0.142s] Level 1:colcon.colcon_core.package_identification:_identify(/home/rml/ros2_ws/src/quad-sdk/external/ipopt/coinbrew/build/ThirdParty) by extension 'ros'
[0.142s] Level 1:colcon.colcon_core.package_identification:_identify(/home/rml/ros2_ws/src/quad-sdk/external/ipopt/coinbrew/build/ThirdParty) by extensions ['cmake', 'python']
[0.142s] Level 1:colcon.colcon_core.package_identification:_identify(/home/rml/ros2_ws/src/quad-sdk/external/ipopt/coinbrew/build/ThirdParty) by extension 'cmake'
[0.142s] Level 1:colcon.colcon_core.package_identification:_identify(/home/rml/ros2_ws/src/quad-sdk/external/ipopt/coinbrew/build/ThirdParty) by extension 'python'
[0.142s] Level 1:colcon.colcon_core.package_identification:_identify(/home/rml/ros2_ws/src/quad-sdk/external/ipopt/coinbrew/build/ThirdParty) by extensions ['python_setup_py']
[0.142s] Level 1:colcon.colcon_core.package_identification:_identify(/home/rml/ros2_ws/src/quad-sdk/external/ipopt/coinbrew/build/ThirdParty) by extension 'python_setup_py'
[0.142s] Level 1:colcon.colcon_core.package_identification:_identify(/home/rml/ros2_ws/src/quad-sdk/external/ipopt/coinbrew/build/ThirdParty/ASL) by extensions ['ignore', 'ignore_ament_install']
[0.142s] Level 1:colcon.colcon_core.package_identification:_identify(/home/rml/ros2_ws/src/quad-sdk/external/ipopt/coinbrew/build/ThirdParty/ASL) by extension 'ignore'
[0.142s] Level 1:colcon.colcon_core.package_identification:_identify(/home/rml/ros2_ws/src/quad-sdk/external/ipopt/coinbrew/build/ThirdParty/ASL) by extension 'ignore_ament_install'
[0.142s] Level 1:colcon.colcon_core.package_identification:_identify(/home/rml/ros2_ws/src/quad-sdk/external/ipopt/coinbrew/build/ThirdParty/ASL) by extensions ['colcon_pkg']
[0.142s] Level 1:colcon.colcon_core.package_identification:_identify(/home/rml/ros2_ws/src/quad-sdk/external/ipopt/coinbrew/build/ThirdParty/ASL) by extension 'colcon_pkg'
[0.142s] Level 1:colcon.colcon_core.package_identification:_identify(/home/rml/ros2_ws/src/quad-sdk/external/ipopt/coinbrew/build/ThirdParty/ASL) by extensions ['colcon_meta']
[0.142s] Level 1:colcon.colcon_core.package_identification:_identify(/home/rml/ros2_ws/src/quad-sdk/external/ipopt/coinbrew/build/ThirdParty/ASL) by extension 'colcon_meta'
[0.142s] Level 1:colcon.colcon_core.package_identification:_identify(/home/rml/ros2_ws/src/quad-sdk/external/ipopt/coinbrew/build/ThirdParty/ASL) by extensions ['ros']
[0.142s] Level 1:colcon.colcon_core.package_identification:_identify(/home/rml/ros2_ws/src/quad-sdk/external/ipopt/coinbrew/build/ThirdParty/ASL) by extension 'ros'
[0.142s] Level 1:colcon.colcon_core.package_identification:_identify(/home/rml/ros2_ws/src/quad-sdk/external/ipopt/coinbrew/build/ThirdParty/ASL) by extensions ['cmake', 'python']
[0.142s] Level 1:colcon.colcon_core.package_identification:_identify(/home/rml/ros2_ws/src/quad-sdk/external/ipopt/coinbrew/build/ThirdParty/ASL) by extension 'cmake'
[0.142s] Level 1:colcon.colcon_core.package_identification:_identify(/home/rml/ros2_ws/src/quad-sdk/external/ipopt/coinbrew/build/ThirdParty/ASL) by extension 'python'
[0.142s] Level 1:colcon.colcon_core.package_identification:_identify(/home/rml/ros2_ws/src/quad-sdk/external/ipopt/coinbrew/build/ThirdParty/ASL) by extensions ['python_setup_py']
[0.142s] Level 1:colcon.colcon_core.package_identification:_identify(/home/rml/ros2_ws/src/quad-sdk/external/ipopt/coinbrew/build/ThirdParty/ASL) by extension 'python_setup_py'
[0.142s] Level 1:colcon.colcon_core.package_identification:_identify(/home/rml/ros2_ws/src/quad-sdk/external/ipopt/coinbrew/build/ThirdParty/ASL/2.0.2) by extensions ['ignore', 'ignore_ament_install']
[0.142s] Level 1:colcon.colcon_core.package_identification:_identify(/home/rml/ros2_ws/src/quad-sdk/external/ipopt/coinbrew/build/ThirdParty/ASL/2.0.2) by extension 'ignore'
[0.142s] Level 1:colcon.colcon_core.package_identification:_identify(/home/rml/ros2_ws/src/quad-sdk/external/ipopt/coinbrew/build/ThirdParty/ASL/2.0.2) by extension 'ignore_ament_install'
[0.142s] Level 1:colcon.colcon_core.package_identification:_identify(/home/rml/ros2_ws/src/quad-sdk/external/ipopt/coinbrew/build/ThirdParty/ASL/2.0.2) by extensions ['colcon_pkg']
[0.142s] Level 1:colcon.colcon_core.package_identification:_identify(/home/rml/ros2_ws/src/quad-sdk/external/ipopt/coinbrew/build/ThirdParty/ASL/2.0.2) by extension 'colcon_pkg'
[0.142s] Level 1:colcon.colcon_core.package_identification:_identify(/home/rml/ros2_ws/src/quad-sdk/external/ipopt/coinbrew/build/ThirdParty/ASL/2.0.2) by extensions ['colcon_meta']
[0.142s] Level 1:colcon.colcon_core.package_identification:_identify(/home/rml/ros2_ws/src/quad-sdk/external/ipopt/coinbrew/build/ThirdParty/ASL/2.0.2) by extension 'colcon_meta'
[0.142s] Level 1:colcon.colcon_core.package_identification:_identify(/home/rml/ros2_ws/src/quad-sdk/external/ipopt/coinbrew/build/ThirdParty/ASL/2.0.2) by extensions ['ros']
[0.142s] Level 1:colcon.colcon_core.package_identification:_identify(/home/rml/ros2_ws/src/quad-sdk/external/ipopt/coinbrew/build/ThirdParty/ASL/2.0.2) by extension 'ros'
[0.142s] Level 1:colcon.colcon_core.package_identification:_identify(/home/rml/ros2_ws/src/quad-sdk/external/ipopt/coinbrew/build/ThirdParty/ASL/2.0.2) by extensions ['cmake', 'python']
[0.142s] Level 1:colcon.colcon_core.package_identification:_identify(/home/rml/ros2_ws/src/quad-sdk/external/ipopt/coinbrew/build/ThirdParty/ASL/2.0.2) by extension 'cmake'
[0.142s] Level 1:colcon.colcon_core.package_identification:_identify(/home/rml/ros2_ws/src/quad-sdk/external/ipopt/coinbrew/build/ThirdParty/ASL/2.0.2) by extension 'python'
[0.142s] Level 1:colcon.colcon_core.package_identification:_identify(/home/rml/ros2_ws/src/quad-sdk/external/ipopt/coinbrew/build/ThirdParty/ASL/2.0.2) by extensions ['python_setup_py']
[0.142s] Level 1:colcon.colcon_core.package_identification:_identify(/home/rml/ros2_ws/src/quad-sdk/external/ipopt/coinbrew/build/ThirdParty/ASL/2.0.2) by extension 'python_setup_py'
[0.142s] Level 1:colcon.colcon_core.package_identification:_identify(/home/rml/ros2_ws/src/quad-sdk/external/ipopt/coinbrew/build/ThirdParty/ASL/2.0.2/solvers) by extensions ['ignore', 'ignore_ament_install']
[0.142s] Level 1:colcon.colcon_core.package_identification:_identify(/home/rml/ros2_ws/src/quad-sdk/external/ipopt/coinbrew/build/ThirdParty/ASL/2.0.2/solvers) by extension 'ignore'
[0.142s] Level 1:colcon.colcon_core.package_identification:_identify(/home/rml/ros2_ws/src/quad-sdk/external/ipopt/coinbrew/build/ThirdParty/ASL/2.0.2/solvers) by extension 'ignore_ament_install'
[0.142s] Level 1:colcon.colcon_core.package_identification:_identify(/home/rml/ros2_ws/src/quad-sdk/external/ipopt/coinbrew/build/ThirdParty/ASL/2.0.2/solvers) by extensions ['colcon_pkg']
[0.142s] Level 1:colcon.colcon_core.package_identification:_identify(/home/rml/ros2_ws/src/quad-sdk/external/ipopt/coinbrew/build/ThirdParty/ASL/2.0.2/solvers) by extension 'colcon_pkg'
[0.142s] Level 1:colcon.colcon_core.package_identification:_identify(/home/rml/ros2_ws/src/quad-sdk/external/ipopt/coinbrew/build/ThirdParty/ASL/2.0.2/solvers) by extensions ['colcon_meta']
[0.142s] Level 1:colcon.colcon_core.package_identification:_identify(/home/rml/ros2_ws/src/quad-sdk/external/ipopt/coinbrew/build/ThirdParty/ASL/2.0.2/solvers) by extension 'colcon_meta'
[0.142s] Level 1:colcon.colcon_core.package_identification:_identify(/home/rml/ros2_ws/src/quad-sdk/external/ipopt/coinbrew/build/ThirdParty/ASL/2.0.2/solvers) by extensions ['ros']
[0.142s] Level 1:colcon.colcon_core.package_identification:_identify(/home/rml/ros2_ws/src/quad-sdk/external/ipopt/coinbrew/build/ThirdParty/ASL/2.0.2/solvers) by extension 'ros'
[0.142s] Level 1:colcon.colcon_core.package_identification:_identify(/home/rml/ros2_ws/src/quad-sdk/external/ipopt/coinbrew/build/ThirdParty/ASL/2.0.2/solvers) by extensions ['cmake', 'python']
[0.142s] Level 1:colcon.colcon_core.package_identification:_identify(/home/rml/ros2_ws/src/quad-sdk/external/ipopt/coinbrew/build/ThirdParty/ASL/2.0.2/solvers) by extension 'cmake'
[0.142s] Level 1:colcon.colcon_core.package_identification:_identify(/home/rml/ros2_ws/src/quad-sdk/external/ipopt/coinbrew/build/ThirdParty/ASL/2.0.2/solvers) by extension 'python'
[0.142s] Level 1:colcon.colcon_core.package_identification:_identify(/home/rml/ros2_ws/src/quad-sdk/external/ipopt/coinbrew/build/ThirdParty/ASL/2.0.2/solvers) by extensions ['python_setup_py']
[0.142s] Level 1:colcon.colcon_core.package_identification:_identify(/home/rml/ros2_ws/src/quad-sdk/external/ipopt/coinbrew/build/ThirdParty/ASL/2.0.2/solvers) by extension 'python_setup_py'
[0.143s] Level 1:colcon.colcon_core.package_identification:_identify(/home/rml/ros2_ws/src/quad-sdk/external/ipopt/coinbrew/build/ThirdParty/Mumps) by extensions ['ignore', 'ignore_ament_install']
[0.143s] Level 1:colcon.colcon_core.package_identification:_identify(/home/rml/ros2_ws/src/quad-sdk/external/ipopt/coinbrew/build/ThirdParty/Mumps) by extension 'ignore'
[0.143s] Level 1:colcon.colcon_core.package_identification:_identify(/home/rml/ros2_ws/src/quad-sdk/external/ipopt/coinbrew/build/ThirdParty/Mumps) by extension 'ignore_ament_install'
[0.143s] Level 1:colcon.colcon_core.package_identification:_identify(/home/rml/ros2_ws/src/quad-sdk/external/ipopt/coinbrew/build/ThirdParty/Mumps) by extensions ['colcon_pkg']
[0.143s] Level 1:colcon.colcon_core.package_identification:_identify(/home/rml/ros2_ws/src/quad-sdk/external/ipopt/coinbrew/build/ThirdParty/Mumps) by extension 'colcon_pkg'
[0.143s] Level 1:colcon.colcon_core.package_identification:_identify(/home/rml/ros2_ws/src/quad-sdk/external/ipopt/coinbrew/build/ThirdParty/Mumps) by extensions ['colcon_meta']
[0.143s] Level 1:colcon.colcon_core.package_identification:_identify(/home/rml/ros2_ws/src/quad-sdk/external/ipopt/coinbrew/build/ThirdParty/Mumps) by extension 'colcon_meta'
[0.143s] Level 1:colcon.colcon_core.package_identification:_identify(/home/rml/ros2_ws/src/quad-sdk/external/ipopt/coinbrew/build/ThirdParty/Mumps) by extensions ['ros']
[0.143s] Level 1:colcon.colcon_core.package_identification:_identify(/home/rml/ros2_ws/src/quad-sdk/external/ipopt/coinbrew/build/ThirdParty/Mumps) by extension 'ros'
[0.143s] Level 1:colcon.colcon_core.package_identification:_identify(/home/rml/ros2_ws/src/quad-sdk/external/ipopt/coinbrew/build/ThirdParty/Mumps) by extensions ['cmake', 'python']
[0.143s] Level 1:colcon.colcon_core.package_identification:_identify(/home/rml/ros2_ws/src/quad-sdk/external/ipopt/coinbrew/build/ThirdParty/Mumps) by extension 'cmake'
[0.143s] Level 1:colcon.colcon_core.package_identification:_identify(/home/rml/ros2_ws/src/quad-sdk/external/ipopt/coinbrew/build/ThirdParty/Mumps) by extension 'python'
[0.143s] Level 1:colcon.colcon_core.package_identification:_identify(/home/rml/ros2_ws/src/quad-sdk/external/ipopt/coinbrew/build/ThirdParty/Mumps) by extensions ['python_setup_py']
[0.143s] Level 1:colcon.colcon_core.package_identification:_identify(/home/rml/ros2_ws/src/quad-sdk/external/ipopt/coinbrew/build/ThirdParty/Mumps) by extension 'python_setup_py'
[0.143s] Level 1:colcon.colcon_core.package_identification:_identify(/home/rml/ros2_ws/src/quad-sdk/external/ipopt/coinbrew/build/ThirdParty/Mumps/3.0.10) by extensions ['ignore', 'ignore_ament_install']
[0.143s] Level 1:colcon.colcon_core.package_identification:_identify(/home/rml/ros2_ws/src/quad-sdk/external/ipopt/coinbrew/build/ThirdParty/Mumps/3.0.10) by extension 'ignore'
[0.143s] Level 1:colcon.colcon_core.package_identification:_identify(/home/rml/ros2_ws/src/quad-sdk/external/ipopt/coinbrew/build/ThirdParty/Mumps/3.0.10) by extension 'ignore_ament_install'
[0.143s] Level 1:colcon.colcon_core.package_identification:_identify(/home/rml/ros2_ws/src/quad-sdk/external/ipopt/coinbrew/build/ThirdParty/Mumps/3.0.10) by extensions ['colcon_pkg']
[0.143s] Level 1:colcon.colcon_core.package_identification:_identify(/home/rml/ros2_ws/src/quad-sdk/external/ipopt/coinbrew/build/ThirdParty/Mumps/3.0.10) by extension 'colcon_pkg'
[0.143s] Level 1:colcon.colcon_core.package_identification:_identify(/home/rml/ros2_ws/src/quad-sdk/external/ipopt/coinbrew/build/ThirdParty/Mumps/3.0.10) by extensions ['colcon_meta']
[0.143s] Level 1:colcon.colcon_core.package_identification:_identify(/home/rml/ros2_ws/src/quad-sdk/external/ipopt/coinbrew/build/ThirdParty/Mumps/3.0.10) by extension 'colcon_meta'
[0.143s] Level 1:colcon.colcon_core.package_identification:_identify(/home/rml/ros2_ws/src/quad-sdk/external/ipopt/coinbrew/build/ThirdParty/Mumps/3.0.10) by extensions ['ros']
[0.143s] Level 1:colcon.colcon_core.package_identification:_identify(/home/rml/ros2_ws/src/quad-sdk/external/ipopt/coinbrew/build/ThirdParty/Mumps/3.0.10) by extension 'ros'
[0.143s] Level 1:colcon.colcon_core.package_identification:_identify(/home/rml/ros2_ws/src/quad-sdk/external/ipopt/coinbrew/build/ThirdParty/Mumps/3.0.10) by extensions ['cmake', 'python']
[0.143s] Level 1:colcon.colcon_core.package_identification:_identify(/home/rml/ros2_ws/src/quad-sdk/external/ipopt/coinbrew/build/ThirdParty/Mumps/3.0.10) by extension 'cmake'
[0.143s] Level 1:colcon.colcon_core.package_identification:_identify(/home/rml/ros2_ws/src/quad-sdk/external/ipopt/coinbrew/build/ThirdParty/Mumps/3.0.10) by extension 'python'
[0.143s] Level 1:colcon.colcon_core.package_identification:_identify(/home/rml/ros2_ws/src/quad-sdk/external/ipopt/coinbrew/build/ThirdParty/Mumps/3.0.10) by extensions ['python_setup_py']
[0.143s] Level 1:colcon.colcon_core.package_identification:_identify(/home/rml/ros2_ws/src/quad-sdk/external/ipopt/coinbrew/build/ThirdParty/Mumps/3.0.10) by extension 'python_setup_py'
[0.143s] Level 1:colcon.colcon_core.package_identification:_identify(/home/rml/ros2_ws/src/quad-sdk/external/ipopt/coinbrew/build/ThirdParty/Mumps/3.0.10/MUMPS) by extensions ['ignore', 'ignore_ament_install']
[0.143s] Level 1:colcon.colcon_core.package_identification:_identify(/home/rml/ros2_ws/src/quad-sdk/external/ipopt/coinbrew/build/ThirdParty/Mumps/3.0.10/MUMPS) by extension 'ignore'
[0.143s] Level 1:colcon.colcon_core.package_identification:_identify(/home/rml/ros2_ws/src/quad-sdk/external/ipopt/coinbrew/build/ThirdParty/Mumps/3.0.10/MUMPS) by extension 'ignore_ament_install'
[0.143s] Level 1:colcon.colcon_core.package_identification:_identify(/home/rml/ros2_ws/src/quad-sdk/external/ipopt/coinbrew/build/ThirdParty/Mumps/3.0.10/MUMPS) by extensions ['colcon_pkg']
[0.143s] Level 1:colcon.colcon_core.package_identification:_identify(/home/rml/ros2_ws/src/quad-sdk/external/ipopt/coinbrew/build/ThirdParty/Mumps/3.0.10/MUMPS) by extension 'colcon_pkg'
[0.143s] Level 1:colcon.colcon_core.package_identification:_identify(/home/rml/ros2_ws/src/quad-sdk/external/ipopt/coinbrew/build/ThirdParty/Mumps/3.0.10/MUMPS) by extensions ['colcon_meta']
[0.143s] Level 1:colcon.colcon_core.package_identification:_identify(/home/rml/ros2_ws/src/quad-sdk/external/ipopt/coinbrew/build/ThirdParty/Mumps/3.0.10/MUMPS) by extension 'colcon_meta'
[0.143s] Level 1:colcon.colcon_core.package_identification:_identify(/home/rml/ros2_ws/src/quad-sdk/external/ipopt/coinbrew/build/ThirdParty/Mumps/3.0.10/MUMPS) by extensions ['ros']
[0.143s] Level 1:colcon.colcon_core.package_identification:_identify(/home/rml/ros2_ws/src/quad-sdk/external/ipopt/coinbrew/build/ThirdParty/Mumps/3.0.10/MUMPS) by extension 'ros'
[0.143s] Level 1:colcon.colcon_core.package_identification:_identify(/home/rml/ros2_ws/src/quad-sdk/external/ipopt/coinbrew/build/ThirdParty/Mumps/3.0.10/MUMPS) by extensions ['cmake', 'python']
[0.143s] Level 1:colcon.colcon_core.package_identification:_identify(/home/rml/ros2_ws/src/quad-sdk/external/ipopt/coinbrew/build/ThirdParty/Mumps/3.0.10/MUMPS) by extension 'cmake'
[0.143s] Level 1:colcon.colcon_core.package_identification:_identify(/home/rml/ros2_ws/src/quad-sdk/external/ipopt/coinbrew/build/ThirdParty/Mumps/3.0.10/MUMPS) by extension 'python'
[0.143s] Level 1:colcon.colcon_core.package_identification:_identify(/home/rml/ros2_ws/src/quad-sdk/external/ipopt/coinbrew/build/ThirdParty/Mumps/3.0.10/MUMPS) by extensions ['python_setup_py']
[0.143s] Level 1:colcon.colcon_core.package_identification:_identify(/home/rml/ros2_ws/src/quad-sdk/external/ipopt/coinbrew/build/ThirdParty/Mumps/3.0.10/MUMPS) by extension 'python_setup_py'
[0.143s] Level 1:colcon.colcon_core.package_identification:_identify(/home/rml/ros2_ws/src/quad-sdk/external/ipopt/coinbrew/build/ThirdParty/Mumps/3.0.10/MUMPS/libseq) by extensions ['ignore', 'ignore_ament_install']
[0.143s] Level 1:colcon.colcon_core.package_identification:_identify(/home/rml/ros2_ws/src/quad-sdk/external/ipopt/coinbrew/build/ThirdParty/Mumps/3.0.10/MUMPS/libseq) by extension 'ignore'
[0.143s] Level 1:colcon.colcon_core.package_identification:_identify(/home/rml/ros2_ws/src/quad-sdk/external/ipopt/coinbrew/build/ThirdParty/Mumps/3.0.10/MUMPS/libseq) by extension 'ignore_ament_install'
[0.143s] Level 1:colcon.colcon_core.package_identification:_identify(/home/rml/ros2_ws/src/quad-sdk/external/ipopt/coinbrew/build/ThirdParty/Mumps/3.0.10/MUMPS/libseq) by extensions ['colcon_pkg']
[0.143s] Level 1:colcon.colcon_core.package_identification:_identify(/home/rml/ros2_ws/src/quad-sdk/external/ipopt/coinbrew/build/ThirdParty/Mumps/3.0.10/MUMPS/libseq) by extension 'colcon_pkg'
[0.143s] Level 1:colcon.colcon_core.package_identification:_identify(/home/rml/ros2_ws/src/quad-sdk/external/ipopt/coinbrew/build/ThirdParty/Mumps/3.0.10/MUMPS/libseq) by extensions ['colcon_meta']
[0.143s] Level 1:colcon.colcon_core.package_identification:_identify(/home/rml/ros2_ws/src/quad-sdk/external/ipopt/coinbrew/build/ThirdParty/Mumps/3.0.10/MUMPS/libseq) by extension 'colcon_meta'
[0.143s] Level 1:colcon.colcon_core.package_identification:_identify(/home/rml/ros2_ws/src/quad-sdk/external/ipopt/coinbrew/build/ThirdParty/Mumps/3.0.10/MUMPS/libseq) by extensions ['ros']
[0.143s] Level 1:colcon.colcon_core.package_identification:_identify(/home/rml/ros2_ws/src/quad-sdk/external/ipopt/coinbrew/build/ThirdParty/Mumps/3.0.10/MUMPS/libseq) by extension 'ros'
[0.143s] Level 1:colcon.colcon_core.package_identification:_identify(/home/rml/ros2_ws/src/quad-sdk/external/ipopt/coinbrew/build/ThirdParty/Mumps/3.0.10/MUMPS/libseq) by extensions ['cmake', 'python']
[0.143s] Level 1:colcon.colcon_core.package_identification:_identify(/home/rml/ros2_ws/src/quad-sdk/external/ipopt/coinbrew/build/ThirdParty/Mumps/3.0.10/MUMPS/libseq) by extension 'cmake'
[0.143s] Level 1:colcon.colcon_core.package_identification:_identify(/home/rml/ros2_ws/src/quad-sdk/external/ipopt/coinbrew/build/ThirdParty/Mumps/3.0.10/MUMPS/libseq) by extension 'python'
[0.143s] Level 1:colcon.colcon_core.package_identification:_identify(/home/rml/ros2_ws/src/quad-sdk/external/ipopt/coinbrew/build/ThirdParty/Mumps/3.0.10/MUMPS/libseq) by extensions ['python_setup_py']
[0.144s] Level 1:colcon.colcon_core.package_identification:_identify(/home/rml/ros2_ws/src/quad-sdk/external/ipopt/coinbrew/build/ThirdParty/Mumps/3.0.10/MUMPS/libseq) by extension 'python_setup_py'
[0.144s] Level 1:colcon.colcon_core.package_identification:_identify(/home/rml/ros2_ws/src/quad-sdk/external/ipopt/coinbrew/build/ThirdParty/Mumps/3.0.10/MUMPS/src) by extensions ['ignore', 'ignore_ament_install']
[0.144s] Level 1:colcon.colcon_core.package_identification:_identify(/home/rml/ros2_ws/src/quad-sdk/external/ipopt/coinbrew/build/ThirdParty/Mumps/3.0.10/MUMPS/src) by extension 'ignore'
[0.144s] Level 1:colcon.colcon_core.package_identification:_identify(/home/rml/ros2_ws/src/quad-sdk/external/ipopt/coinbrew/build/ThirdParty/Mumps/3.0.10/MUMPS/src) by extension 'ignore_ament_install'
[0.144s] Level 1:colcon.colcon_core.package_identification:_identify(/home/rml/ros2_ws/src/quad-sdk/external/ipopt/coinbrew/build/ThirdParty/Mumps/3.0.10/MUMPS/src) by extensions ['colcon_pkg']
[0.144s] Level 1:colcon.colcon_core.package_identification:_identify(/home/rml/ros2_ws/src/quad-sdk/external/ipopt/coinbrew/build/ThirdParty/Mumps/3.0.10/MUMPS/src) by extension 'colcon_pkg'
[0.144s] Level 1:colcon.colcon_core.package_identification:_identify(/home/rml/ros2_ws/src/quad-sdk/external/ipopt/coinbrew/build/ThirdParty/Mumps/3.0.10/MUMPS/src) by extensions ['colcon_meta']
[0.144s] Level 1:colcon.colcon_core.package_identification:_identify(/home/rml/ros2_ws/src/quad-sdk/external/ipopt/coinbrew/build/ThirdParty/Mumps/3.0.10/MUMPS/src) by extension 'colcon_meta'
[0.144s] Level 1:colcon.colcon_core.package_identification:_identify(/home/rml/ros2_ws/src/quad-sdk/external/ipopt/coinbrew/build/ThirdParty/Mumps/3.0.10/MUMPS/src) by extensions ['ros']
[0.144s] Level 1:colcon.colcon_core.package_identification:_identify(/home/rml/ros2_ws/src/quad-sdk/external/ipopt/coinbrew/build/ThirdParty/Mumps/3.0.10/MUMPS/src) by extension 'ros'
[0.144s] Level 1:colcon.colcon_core.package_identification:_identify(/home/rml/ros2_ws/src/quad-sdk/external/ipopt/coinbrew/build/ThirdParty/Mumps/3.0.10/MUMPS/src) by extensions ['cmake', 'python']
[0.144s] Level 1:colcon.colcon_core.package_identification:_identify(/home/rml/ros2_ws/src/quad-sdk/external/ipopt/coinbrew/build/ThirdParty/Mumps/3.0.10/MUMPS/src) by extension 'cmake'
[0.144s] Level 1:colcon.colcon_core.package_identification:_identify(/home/rml/ros2_ws/src/quad-sdk/external/ipopt/coinbrew/build/ThirdParty/Mumps/3.0.10/MUMPS/src) by extension 'python'
[0.144s] Level 1:colcon.colcon_core.package_identification:_identify(/home/rml/ros2_ws/src/quad-sdk/external/ipopt/coinbrew/build/ThirdParty/Mumps/3.0.10/MUMPS/src) by extensions ['python_setup_py']
[0.144s] Level 1:colcon.colcon_core.package_identification:_identify(/home/rml/ros2_ws/src/quad-sdk/external/ipopt/coinbrew/build/ThirdParty/Mumps/3.0.10/MUMPS/src) by extension 'python_setup_py'
[0.144s] Level 1:colcon.colcon_core.package_identification:_identify(/home/rml/ros2_ws/src/quad-sdk/external/mblink) by extensions ['ignore', 'ignore_ament_install']
[0.144s] Level 1:colcon.colcon_core.package_identification:_identify(/home/rml/ros2_ws/src/quad-sdk/external/mblink) by extension 'ignore'
[0.144s] Level 1:colcon.colcon_core.package_identification:_identify(/home/rml/ros2_ws/src/quad-sdk/external/mblink) by extension 'ignore_ament_install'
[0.144s] Level 1:colcon.colcon_core.package_identification:_identify(/home/rml/ros2_ws/src/quad-sdk/external/mblink) by extensions ['colcon_pkg']
[0.144s] Level 1:colcon.colcon_core.package_identification:_identify(/home/rml/ros2_ws/src/quad-sdk/external/mblink) by extension 'colcon_pkg'
[0.144s] Level 1:colcon.colcon_core.package_identification:_identify(/home/rml/ros2_ws/src/quad-sdk/external/mblink) by extensions ['colcon_meta']
[0.144s] Level 1:colcon.colcon_core.package_identification:_identify(/home/rml/ros2_ws/src/quad-sdk/external/mblink) by extension 'colcon_meta'
[0.144s] Level 1:colcon.colcon_core.package_identification:_identify(/home/rml/ros2_ws/src/quad-sdk/external/mblink) by extensions ['ros']
[0.144s] Level 1:colcon.colcon_core.package_identification:_identify(/home/rml/ros2_ws/src/quad-sdk/external/mblink) by extension 'ros'
[0.144s] Level 1:colcon.colcon_core.package_identification:_identify(/home/rml/ros2_ws/src/quad-sdk/external/mblink) by extensions ['cmake', 'python']
[0.144s] Level 1:colcon.colcon_core.package_identification:_identify(/home/rml/ros2_ws/src/quad-sdk/external/mblink) by extension 'cmake'
[0.144s] Level 1:colcon.colcon_core.package_identification:_identify(/home/rml/ros2_ws/src/quad-sdk/external/mblink) by extension 'python'
[0.144s] Level 1:colcon.colcon_core.package_identification:_identify(/home/rml/ros2_ws/src/quad-sdk/external/mblink) by extensions ['python_setup_py']
[0.144s] Level 1:colcon.colcon_core.package_identification:_identify(/home/rml/ros2_ws/src/quad-sdk/external/mblink) by extension 'python_setup_py'
[0.144s] Level 1:colcon.colcon_core.package_identification:_identify(/home/rml/ros2_ws/src/quad-sdk/external/mblink/include) by extensions ['ignore', 'ignore_ament_install']
[0.144s] Level 1:colcon.colcon_core.package_identification:_identify(/home/rml/ros2_ws/src/quad-sdk/external/mblink/include) by extension 'ignore'
[0.144s] Level 1:colcon.colcon_core.package_identification:_identify(/home/rml/ros2_ws/src/quad-sdk/external/mblink/include) by extension 'ignore_ament_install'
[0.144s] Level 1:colcon.colcon_core.package_identification:_identify(/home/rml/ros2_ws/src/quad-sdk/external/mblink/include) by extensions ['colcon_pkg']
[0.144s] Level 1:colcon.colcon_core.package_identification:_identify(/home/rml/ros2_ws/src/quad-sdk/external/mblink/include) by extension 'colcon_pkg'
[0.144s] Level 1:colcon.colcon_core.package_identification:_identify(/home/rml/ros2_ws/src/quad-sdk/external/mblink/include) by extensions ['colcon_meta']
[0.144s] Level 1:colcon.colcon_core.package_identification:_identify(/home/rml/ros2_ws/src/quad-sdk/external/mblink/include) by extension 'colcon_meta'
[0.144s] Level 1:colcon.colcon_core.package_identification:_identify(/home/rml/ros2_ws/src/quad-sdk/external/mblink/include) by extensions ['ros']
[0.144s] Level 1:colcon.colcon_core.package_identification:_identify(/home/rml/ros2_ws/src/quad-sdk/external/mblink/include) by extension 'ros'
[0.144s] Level 1:colcon.colcon_core.package_identification:_identify(/home/rml/ros2_ws/src/quad-sdk/external/mblink/include) by extensions ['cmake', 'python']
[0.144s] Level 1:colcon.colcon_core.package_identification:_identify(/home/rml/ros2_ws/src/quad-sdk/external/mblink/include) by extension 'cmake'
[0.144s] Level 1:colcon.colcon_core.package_identification:_identify(/home/rml/ros2_ws/src/quad-sdk/external/mblink/include) by extension 'python'
[0.144s] Level 1:colcon.colcon_core.package_identification:_identify(/home/rml/ros2_ws/src/quad-sdk/external/mblink/include) by extensions ['python_setup_py']
[0.144s] Level 1:colcon.colcon_core.package_identification:_identify(/home/rml/ros2_ws/src/quad-sdk/external/mblink/include) by extension 'python_setup_py'
[0.144s] Level 1:colcon.colcon_core.package_identification:_identify(/home/rml/ros2_ws/src/quad-sdk/external/mblink/include/mavlink) by extensions ['ignore', 'ignore_ament_install']
[0.144s] Level 1:colcon.colcon_core.package_identification:_identify(/home/rml/ros2_ws/src/quad-sdk/external/mblink/include/mavlink) by extension 'ignore'
[0.144s] Level 1:colcon.colcon_core.package_identification:_identify(/home/rml/ros2_ws/src/quad-sdk/external/mblink/include/mavlink) by extension 'ignore_ament_install'
[0.144s] Level 1:colcon.colcon_core.package_identification:_identify(/home/rml/ros2_ws/src/quad-sdk/external/mblink/include/mavlink) by extensions ['colcon_pkg']
[0.144s] Level 1:colcon.colcon_core.package_identification:_identify(/home/rml/ros2_ws/src/quad-sdk/external/mblink/include/mavlink) by extension 'colcon_pkg'
[0.144s] Level 1:colcon.colcon_core.package_identification:_identify(/home/rml/ros2_ws/src/quad-sdk/external/mblink/include/mavlink) by extensions ['colcon_meta']
[0.144s] Level 1:colcon.colcon_core.package_identification:_identify(/home/rml/ros2_ws/src/quad-sdk/external/mblink/include/mavlink) by extension 'colcon_meta'
[0.144s] Level 1:colcon.colcon_core.package_identification:_identify(/home/rml/ros2_ws/src/quad-sdk/external/mblink/include/mavlink) by extensions ['ros']
[0.144s] Level 1:colcon.colcon_core.package_identification:_identify(/home/rml/ros2_ws/src/quad-sdk/external/mblink/include/mavlink) by extension 'ros'
[0.144s] Level 1:colcon.colcon_core.package_identification:_identify(/home/rml/ros2_ws/src/quad-sdk/external/mblink/include/mavlink) by extensions ['cmake', 'python']
[0.144s] Level 1:colcon.colcon_core.package_identification:_identify(/home/rml/ros2_ws/src/quad-sdk/external/mblink/include/mavlink) by extension 'cmake'
[0.144s] Level 1:colcon.colcon_core.package_identification:_identify(/home/rml/ros2_ws/src/quad-sdk/external/mblink/include/mavlink) by extension 'python'
[0.144s] Level 1:colcon.colcon_core.package_identification:_identify(/home/rml/ros2_ws/src/quad-sdk/external/mblink/include/mavlink) by extensions ['python_setup_py']
[0.144s] Level 1:colcon.colcon_core.package_identification:_identify(/home/rml/ros2_ws/src/quad-sdk/external/mblink/include/mavlink) by extension 'python_setup_py'
[0.145s] Level 1:colcon.colcon_core.package_identification:_identify(/home/rml/ros2_ws/src/quad-sdk/external/mblink/include/mavlink/common) by extensions ['ignore', 'ignore_ament_install']
[0.145s] Level 1:colcon.colcon_core.package_identification:_identify(/home/rml/ros2_ws/src/quad-sdk/external/mblink/include/mavlink/common) by extension 'ignore'
[0.145s] Level 1:colcon.colcon_core.package_identification:_identify(/home/rml/ros2_ws/src/quad-sdk/external/mblink/include/mavlink/common) by extension 'ignore_ament_install'
[0.145s] Level 1:colcon.colcon_core.package_identification:_identify(/home/rml/ros2_ws/src/quad-sdk/external/mblink/include/mavlink/common) by extensions ['colcon_pkg']
[0.145s] Level 1:colcon.colcon_core.package_identification:_identify(/home/rml/ros2_ws/src/quad-sdk/external/mblink/include/mavlink/common) by extension 'colcon_pkg'
[0.145s] Level 1:colcon.colcon_core.package_identification:_identify(/home/rml/ros2_ws/src/quad-sdk/external/mblink/include/mavlink/common) by extensions ['colcon_meta']
[0.145s] Level 1:colcon.colcon_core.package_identification:_identify(/home/rml/ros2_ws/src/quad-sdk/external/mblink/include/mavlink/common) by extension 'colcon_meta'
[0.145s] Level 1:colcon.colcon_core.package_identification:_identify(/home/rml/ros2_ws/src/quad-sdk/external/mblink/include/mavlink/common) by extensions ['ros']
[0.145s] Level 1:colcon.colcon_core.package_identification:_identify(/home/rml/ros2_ws/src/quad-sdk/external/mblink/include/mavlink/common) by extension 'ros'
[0.145s] Level 1:colcon.colcon_core.package_identification:_identify(/home/rml/ros2_ws/src/quad-sdk/external/mblink/include/mavlink/common) by extensions ['cmake', 'python']
[0.145s] Level 1:colcon.colcon_core.package_identification:_identify(/home/rml/ros2_ws/src/quad-sdk/external/mblink/include/mavlink/common) by extension 'cmake'
[0.145s] Level 1:colcon.colcon_core.package_identification:_identify(/home/rml/ros2_ws/src/quad-sdk/external/mblink/include/mavlink/common) by extension 'python'
[0.145s] Level 1:colcon.colcon_core.package_identification:_identify(/home/rml/ros2_ws/src/quad-sdk/external/mblink/include/mavlink/common) by extensions ['python_setup_py']
[0.145s] Level 1:colcon.colcon_core.package_identification:_identify(/home/rml/ros2_ws/src/quad-sdk/external/mblink/include/mavlink/common) by extension 'python_setup_py'
[0.145s] Level 1:colcon.colcon_core.package_identification:_identify(/home/rml/ros2_ws/src/quad-sdk/external/mblink/include/mavlink/minimal) by extensions ['ignore', 'ignore_ament_install']
[0.145s] Level 1:colcon.colcon_core.package_identification:_identify(/home/rml/ros2_ws/src/quad-sdk/external/mblink/include/mavlink/minimal) by extension 'ignore'
[0.145s] Level 1:colcon.colcon_core.package_identification:_identify(/home/rml/ros2_ws/src/quad-sdk/external/mblink/include/mavlink/minimal) by extension 'ignore_ament_install'
[0.145s] Level 1:colcon.colcon_core.package_identification:_identify(/home/rml/ros2_ws/src/quad-sdk/external/mblink/include/mavlink/minimal) by extensions ['colcon_pkg']
[0.145s] Level 1:colcon.colcon_core.package_identification:_identify(/home/rml/ros2_ws/src/quad-sdk/external/mblink/include/mavlink/minimal) by extension 'colcon_pkg'
[0.145s] Level 1:colcon.colcon_core.package_identification:_identify(/home/rml/ros2_ws/src/quad-sdk/external/mblink/include/mavlink/minimal) by extensions ['colcon_meta']
[0.145s] Level 1:colcon.colcon_core.package_identification:_identify(/home/rml/ros2_ws/src/quad-sdk/external/mblink/include/mavlink/minimal) by extension 'colcon_meta'
[0.145s] Level 1:colcon.colcon_core.package_identification:_identify(/home/rml/ros2_ws/src/quad-sdk/external/mblink/include/mavlink/minimal) by extensions ['ros']
[0.145s] Level 1:colcon.colcon_core.package_identification:_identify(/home/rml/ros2_ws/src/quad-sdk/external/mblink/include/mavlink/minimal) by extension 'ros'
[0.145s] Level 1:colcon.colcon_core.package_identification:_identify(/home/rml/ros2_ws/src/quad-sdk/external/mblink/include/mavlink/minimal) by extensions ['cmake', 'python']
[0.145s] Level 1:colcon.colcon_core.package_identification:_identify(/home/rml/ros2_ws/src/quad-sdk/external/mblink/include/mavlink/minimal) by extension 'cmake'
[0.145s] Level 1:colcon.colcon_core.package_identification:_identify(/home/rml/ros2_ws/src/quad-sdk/external/mblink/include/mavlink/minimal) by extension 'python'
[0.145s] Level 1:colcon.colcon_core.package_identification:_identify(/home/rml/ros2_ws/src/quad-sdk/external/mblink/include/mavlink/minimal) by extensions ['python_setup_py']
[0.145s] Level 1:colcon.colcon_core.package_identification:_identify(/home/rml/ros2_ws/src/quad-sdk/external/mblink/include/mavlink/minimal) by extension 'python_setup_py'
[0.145s] Level 1:colcon.colcon_core.package_identification:_identify(/home/rml/ros2_ws/src/quad-sdk/external/mblink/include/mavlink/standard) by extensions ['ignore', 'ignore_ament_install']
[0.145s] Level 1:colcon.colcon_core.package_identification:_identify(/home/rml/ros2_ws/src/quad-sdk/external/mblink/include/mavlink/standard) by extension 'ignore'
[0.145s] Level 1:colcon.colcon_core.package_identification:_identify(/home/rml/ros2_ws/src/quad-sdk/external/mblink/include/mavlink/standard) by extension 'ignore_ament_install'
[0.145s] Level 1:colcon.colcon_core.package_identification:_identify(/home/rml/ros2_ws/src/quad-sdk/external/mblink/include/mavlink/standard) by extensions ['colcon_pkg']
[0.145s] Level 1:colcon.colcon_core.package_identification:_identify(/home/rml/ros2_ws/src/quad-sdk/external/mblink/include/mavlink/standard) by extension 'colcon_pkg'
[0.145s] Level 1:colcon.colcon_core.package_identification:_identify(/home/rml/ros2_ws/src/quad-sdk/external/mblink/include/mavlink/standard) by extensions ['colcon_meta']
[0.145s] Level 1:colcon.colcon_core.package_identification:_identify(/home/rml/ros2_ws/src/quad-sdk/external/mblink/include/mavlink/standard) by extension 'colcon_meta'
[0.145s] Level 1:colcon.colcon_core.package_identification:_identify(/home/rml/ros2_ws/src/quad-sdk/external/mblink/include/mavlink/standard) by extensions ['ros']
[0.145s] Level 1:colcon.colcon_core.package_identification:_identify(/home/rml/ros2_ws/src/quad-sdk/external/mblink/include/mavlink/standard) by extension 'ros'
[0.145s] Level 1:colcon.colcon_core.package_identification:_identify(/home/rml/ros2_ws/src/quad-sdk/external/mblink/include/mavlink/standard) by extensions ['cmake', 'python']
[0.145s] Level 1:colcon.colcon_core.package_identification:_identify(/home/rml/ros2_ws/src/quad-sdk/external/mblink/include/mavlink/standard) by extension 'cmake'
[0.145s] Level 1:colcon.colcon_core.package_identification:_identify(/home/rml/ros2_ws/src/quad-sdk/external/mblink/include/mavlink/standard) by extension 'python'
[0.145s] Level 1:colcon.colcon_core.package_identification:_identify(/home/rml/ros2_ws/src/quad-sdk/external/mblink/include/mavlink/standard) by extensions ['python_setup_py']
[0.145s] Level 1:colcon.colcon_core.package_identification:_identify(/home/rml/ros2_ws/src/quad-sdk/external/mblink/include/mavlink/standard) by extension 'python_setup_py'
[0.145s] Level 1:colcon.colcon_core.package_identification:_identify(/home/rml/ros2_ws/src/quad-sdk/external/mblink/include/mblink) by extensions ['ignore', 'ignore_ament_install']
[0.145s] Level 1:colcon.colcon_core.package_identification:_identify(/home/rml/ros2_ws/src/quad-sdk/external/mblink/include/mblink) by extension 'ignore'
[0.145s] Level 1:colcon.colcon_core.package_identification:_identify(/home/rml/ros2_ws/src/quad-sdk/external/mblink/include/mblink) by extension 'ignore_ament_install'
[0.145s] Level 1:colcon.colcon_core.package_identification:_identify(/home/rml/ros2_ws/src/quad-sdk/external/mblink/include/mblink) by extensions ['colcon_pkg']
[0.145s] Level 1:colcon.colcon_core.package_identification:_identify(/home/rml/ros2_ws/src/quad-sdk/external/mblink/include/mblink) by extension 'colcon_pkg'
[0.145s] Level 1:colcon.colcon_core.package_identification:_identify(/home/rml/ros2_ws/src/quad-sdk/external/mblink/include/mblink) by extensions ['colcon_meta']
[0.145s] Level 1:colcon.colcon_core.package_identification:_identify(/home/rml/ros2_ws/src/quad-sdk/external/mblink/include/mblink) by extension 'colcon_meta'
[0.145s] Level 1:colcon.colcon_core.package_identification:_identify(/home/rml/ros2_ws/src/quad-sdk/external/mblink/include/mblink) by extensions ['ros']
[0.145s] Level 1:colcon.colcon_core.package_identification:_identify(/home/rml/ros2_ws/src/quad-sdk/external/mblink/include/mblink) by extension 'ros'
[0.145s] Level 1:colcon.colcon_core.package_identification:_identify(/home/rml/ros2_ws/src/quad-sdk/external/mblink/include/mblink) by extensions ['cmake', 'python']
[0.145s] Level 1:colcon.colcon_core.package_identification:_identify(/home/rml/ros2_ws/src/quad-sdk/external/mblink/include/mblink) by extension 'cmake'
[0.145s] Level 1:colcon.colcon_core.package_identification:_identify(/home/rml/ros2_ws/src/quad-sdk/external/mblink/include/mblink) by extension 'python'
[0.145s] Level 1:colcon.colcon_core.package_identification:_identify(/home/rml/ros2_ws/src/quad-sdk/external/mblink/include/mblink) by extensions ['python_setup_py']
[0.145s] Level 1:colcon.colcon_core.package_identification:_identify(/home/rml/ros2_ws/src/quad-sdk/external/mblink/include/mblink) by extension 'python_setup_py'
[0.145s] Level 1:colcon.colcon_core.package_identification:_identify(/home/rml/ros2_ws/src/quad-sdk/external/mblink/lib) by extensions ['ignore', 'ignore_ament_install']
[0.145s] Level 1:colcon.colcon_core.package_identification:_identify(/home/rml/ros2_ws/src/quad-sdk/external/mblink/lib) by extension 'ignore'
[0.146s] Level 1:colcon.colcon_core.package_identification:_identify(/home/rml/ros2_ws/src/quad-sdk/external/mblink/lib) by extension 'ignore_ament_install'
[0.146s] Level 1:colcon.colcon_core.package_identification:_identify(/home/rml/ros2_ws/src/quad-sdk/external/mblink/lib) by extensions ['colcon_pkg']
[0.146s] Level 1:colcon.colcon_core.package_identification:_identify(/home/rml/ros2_ws/src/quad-sdk/external/mblink/lib) by extension 'colcon_pkg'
[0.146s] Level 1:colcon.colcon_core.package_identification:_identify(/home/rml/ros2_ws/src/quad-sdk/external/mblink/lib) by extensions ['colcon_meta']
[0.146s] Level 1:colcon.colcon_core.package_identification:_identify(/home/rml/ros2_ws/src/quad-sdk/external/mblink/lib) by extension 'colcon_meta'
[0.146s] Level 1:colcon.colcon_core.package_identification:_identify(/home/rml/ros2_ws/src/quad-sdk/external/mblink/lib) by extensions ['ros']
[0.146s] Level 1:colcon.colcon_core.package_identification:_identify(/home/rml/ros2_ws/src/quad-sdk/external/mblink/lib) by extension 'ros'
[0.146s] Level 1:colcon.colcon_core.package_identification:_identify(/home/rml/ros2_ws/src/quad-sdk/external/mblink/lib) by extensions ['cmake', 'python']
[0.146s] Level 1:colcon.colcon_core.package_identification:_identify(/home/rml/ros2_ws/src/quad-sdk/external/mblink/lib) by extension 'cmake'
[0.146s] Level 1:colcon.colcon_core.package_identification:_identify(/home/rml/ros2_ws/src/quad-sdk/external/mblink/lib) by extension 'python'
[0.146s] Level 1:colcon.colcon_core.package_identification:_identify(/home/rml/ros2_ws/src/quad-sdk/external/mblink/lib) by extensions ['python_setup_py']
[0.146s] Level 1:colcon.colcon_core.package_identification:_identify(/home/rml/ros2_ws/src/quad-sdk/external/mblink/lib) by extension 'python_setup_py'
[0.146s] Level 1:colcon.colcon_core.package_identification:_identify(/home/rml/ros2_ws/src/quad-sdk/external/mocap_optitrack) by extensions ['ignore', 'ignore_ament_install']
[0.146s] Level 1:colcon.colcon_core.package_identification:_identify(/home/rml/ros2_ws/src/quad-sdk/external/mocap_optitrack) by extension 'ignore'
[0.146s] Level 1:colcon.colcon_core.package_identification:_identify(/home/rml/ros2_ws/src/quad-sdk/external/mocap_optitrack) by extension 'ignore_ament_install'
[0.146s] Level 1:colcon.colcon_core.package_identification:_identify(/home/rml/ros2_ws/src/quad-sdk/external/mocap_optitrack) by extensions ['colcon_pkg']
[0.146s] Level 1:colcon.colcon_core.package_identification:_identify(/home/rml/ros2_ws/src/quad-sdk/external/mocap_optitrack) by extension 'colcon_pkg'
[0.146s] Level 1:colcon.colcon_core.package_identification:_identify(/home/rml/ros2_ws/src/quad-sdk/external/mocap_optitrack) by extensions ['colcon_meta']
[0.146s] Level 1:colcon.colcon_core.package_identification:_identify(/home/rml/ros2_ws/src/quad-sdk/external/mocap_optitrack) by extension 'colcon_meta'
[0.146s] Level 1:colcon.colcon_core.package_identification:_identify(/home/rml/ros2_ws/src/quad-sdk/external/mocap_optitrack) by extensions ['ros']
[0.146s] Level 1:colcon.colcon_core.package_identification:_identify(/home/rml/ros2_ws/src/quad-sdk/external/mocap_optitrack) by extension 'ros'
[0.146s] DEBUG:colcon.colcon_core.package_identification:Package '/home/rml/ros2_ws/src/quad-sdk/external/mocap_optitrack' with type 'ros.ament_cmake' and name 'mocap_optitrack'
[0.146s] Level 1:colcon.colcon_core.package_identification:_identify(/home/rml/ros2_ws/src/quad-sdk/external/rbdl-orb) by extensions ['ignore', 'ignore_ament_install']
[0.146s] Level 1:colcon.colcon_core.package_identification:_identify(/home/rml/ros2_ws/src/quad-sdk/external/rbdl-orb) by extension 'ignore'
[0.146s] Level 1:colcon.colcon_core.package_identification:_identify(/home/rml/ros2_ws/src/quad-sdk/external/rbdl-orb) by extension 'ignore_ament_install'
[0.146s] Level 1:colcon.colcon_core.package_identification:_identify(/home/rml/ros2_ws/src/quad-sdk/external/rbdl-orb) by extensions ['colcon_pkg']
[0.146s] Level 1:colcon.colcon_core.package_identification:_identify(/home/rml/ros2_ws/src/quad-sdk/external/rbdl-orb) by extension 'colcon_pkg'
[0.146s] Level 1:colcon.colcon_core.package_identification:_identify(/home/rml/ros2_ws/src/quad-sdk/external/rbdl-orb) by extensions ['colcon_meta']
[0.146s] Level 1:colcon.colcon_core.package_identification:_identify(/home/rml/ros2_ws/src/quad-sdk/external/rbdl-orb) by extension 'colcon_meta'
[0.147s] Level 1:colcon.colcon_core.package_identification:_identify(/home/rml/ros2_ws/src/quad-sdk/external/rbdl-orb) by extensions ['ros']
[0.147s] Level 1:colcon.colcon_core.package_identification:_identify(/home/rml/ros2_ws/src/quad-sdk/external/rbdl-orb) by extension 'ros'
[0.147s] Level 1:colcon.colcon_core.package_identification:_identify(/home/rml/ros2_ws/src/quad-sdk/external/rbdl-orb) by extensions ['cmake', 'python']
[0.147s] Level 1:colcon.colcon_core.package_identification:_identify(/home/rml/ros2_ws/src/quad-sdk/external/rbdl-orb) by extension 'cmake'
[0.162s] Level 1:colcon.colcon_core.package_identification:_identify(/home/rml/ros2_ws/src/quad-sdk/external/rbdl-orb) by extension 'python'
[0.163s] DEBUG:colcon.colcon_core.package_identification:Package '/home/rml/ros2_ws/src/quad-sdk/external/rbdl-orb' with type 'cmake' and name 'RBDL'
[0.163s] Level 1:colcon.colcon_core.package_identification:_identify(/home/rml/ros2_ws/src/quad-sdk/external/teleop_twist_joy) by extensions ['ignore', 'ignore_ament_install']
[0.163s] Level 1:colcon.colcon_core.package_identification:_identify(/home/rml/ros2_ws/src/quad-sdk/external/teleop_twist_joy) by extension 'ignore'
[0.163s] Level 1:colcon.colcon_core.package_identification:_identify(/home/rml/ros2_ws/src/quad-sdk/external/teleop_twist_joy) by extension 'ignore_ament_install'
[0.163s] Level 1:colcon.colcon_core.package_identification:_identify(/home/rml/ros2_ws/src/quad-sdk/external/teleop_twist_joy) by extensions ['colcon_pkg']
[0.163s] Level 1:colcon.colcon_core.package_identification:_identify(/home/rml/ros2_ws/src/quad-sdk/external/teleop_twist_joy) by extension 'colcon_pkg'
[0.163s] Level 1:colcon.colcon_core.package_identification:_identify(/home/rml/ros2_ws/src/quad-sdk/external/teleop_twist_joy) by extensions ['colcon_meta']
[0.163s] Level 1:colcon.colcon_core.package_identification:_identify(/home/rml/ros2_ws/src/quad-sdk/external/teleop_twist_joy) by extension 'colcon_meta'
[0.163s] Level 1:colcon.colcon_core.package_identification:_identify(/home/rml/ros2_ws/src/quad-sdk/external/teleop_twist_joy) by extensions ['ros']
[0.163s] Level 1:colcon.colcon_core.package_identification:_identify(/home/rml/ros2_ws/src/quad-sdk/external/teleop_twist_joy) by extension 'ros'
[0.163s] DEBUG:colcon.colcon_core.package_identification:Package '/home/rml/ros2_ws/src/quad-sdk/external/teleop_twist_joy' with type 'ros.ament_cmake' and name 'teleop_twist_joy'
[0.163s] Level 1:colcon.colcon_core.package_identification:_identify(/home/rml/ros2_ws/src/quad-sdk/external/teleop_twist_keyboard) by extensions ['ignore', 'ignore_ament_install']
[0.163s] Level 1:colcon.colcon_core.package_identification:_identify(/home/rml/ros2_ws/src/quad-sdk/external/teleop_twist_keyboard) by extension 'ignore'
[0.163s] Level 1:colcon.colcon_core.package_identification:_identify(/home/rml/ros2_ws/src/quad-sdk/external/teleop_twist_keyboard) by extension 'ignore_ament_install'
[0.163s] Level 1:colcon.colcon_core.package_identification:_identify(/home/rml/ros2_ws/src/quad-sdk/external/teleop_twist_keyboard) by extensions ['colcon_pkg']
[0.163s] Level 1:colcon.colcon_core.package_identification:_identify(/home/rml/ros2_ws/src/quad-sdk/external/teleop_twist_keyboard) by extension 'colcon_pkg'
[0.163s] Level 1:colcon.colcon_core.package_identification:_identify(/home/rml/ros2_ws/src/quad-sdk/external/teleop_twist_keyboard) by extensions ['colcon_meta']
[0.163s] Level 1:colcon.colcon_core.package_identification:_identify(/home/rml/ros2_ws/src/quad-sdk/external/teleop_twist_keyboard) by extension 'colcon_meta'
[0.163s] Level 1:colcon.colcon_core.package_identification:_identify(/home/rml/ros2_ws/src/quad-sdk/external/teleop_twist_keyboard) by extensions ['ros']
[0.163s] Level 1:colcon.colcon_core.package_identification:_identify(/home/rml/ros2_ws/src/quad-sdk/external/teleop_twist_keyboard) by extension 'ros'
[0.164s] DEBUG:colcon.colcon_core.package_identification:Package '/home/rml/ros2_ws/src/quad-sdk/external/teleop_twist_keyboard' with type 'ros.ament_python' and name 'teleop_twist_keyboard'
[0.164s] Level 1:colcon.colcon_core.package_identification:_identify(/home/rml/ros2_ws/src/quad-sdk/external/unitree_sdk2) by extensions ['ignore', 'ignore_ament_install']
[0.164s] Level 1:colcon.colcon_core.package_identification:_identify(/home/rml/ros2_ws/src/quad-sdk/external/unitree_sdk2) by extension 'ignore'
[0.164s] Level 1:colcon.colcon_core.package_identification:_identify(/home/rml/ros2_ws/src/quad-sdk/external/unitree_sdk2) by extension 'ignore_ament_install'
[0.164s] Level 1:colcon.colcon_core.package_identification:_identify(/home/rml/ros2_ws/src/quad-sdk/external/unitree_sdk2) by extensions ['colcon_pkg']
[0.164s] Level 1:colcon.colcon_core.package_identification:_identify(/home/rml/ros2_ws/src/quad-sdk/external/unitree_sdk2) by extension 'colcon_pkg'
[0.164s] Level 1:colcon.colcon_core.package_identification:_identify(/home/rml/ros2_ws/src/quad-sdk/external/unitree_sdk2) by extensions ['colcon_meta']
[0.164s] Level 1:colcon.colcon_core.package_identification:_identify(/home/rml/ros2_ws/src/quad-sdk/external/unitree_sdk2) by extension 'colcon_meta'
[0.164s] Level 1:colcon.colcon_core.package_identification:_identify(/home/rml/ros2_ws/src/quad-sdk/external/unitree_sdk2) by extensions ['ros']
[0.164s] Level 1:colcon.colcon_core.package_identification:_identify(/home/rml/ros2_ws/src/quad-sdk/external/unitree_sdk2) by extension 'ros'
[0.164s] Level 1:colcon.colcon_core.package_identification:_identify(/home/rml/ros2_ws/src/quad-sdk/external/unitree_sdk2) by extensions ['cmake', 'python']
[0.164s] Level 1:colcon.colcon_core.package_identification:_identify(/home/rml/ros2_ws/src/quad-sdk/external/unitree_sdk2) by extension 'cmake'
[0.171s] Level 1:colcon.colcon_core.package_identification:_identify(/home/rml/ros2_ws/src/quad-sdk/external/unitree_sdk2) by extension 'python'
[0.171s] DEBUG:colcon.colcon_core.package_identification:Package '/home/rml/ros2_ws/src/quad-sdk/external/unitree_sdk2' with type 'cmake' and name 'unitree_sdk2'
[0.171s] Level 1:colcon.colcon_core.package_identification:_identify(/home/rml/ros2_ws/src/quad-sdk/force_applicator) by extensions ['ignore', 'ignore_ament_install']
[0.171s] Level 1:colcon.colcon_core.package_identification:_identify(/home/rml/ros2_ws/src/quad-sdk/force_applicator) by extension 'ignore'
[0.171s] Level 1:colcon.colcon_core.package_identification:_identify(/home/rml/ros2_ws/src/quad-sdk/force_applicator) by extension 'ignore_ament_install'
[0.171s] Level 1:colcon.colcon_core.package_identification:_identify(/home/rml/ros2_ws/src/quad-sdk/force_applicator) by extensions ['colcon_pkg']
[0.171s] Level 1:colcon.colcon_core.package_identification:_identify(/home/rml/ros2_ws/src/quad-sdk/force_applicator) by extension 'colcon_pkg'
[0.171s] Level 1:colcon.colcon_core.package_identification:_identify(/home/rml/ros2_ws/src/quad-sdk/force_applicator) by extensions ['colcon_meta']
[0.171s] Level 1:colcon.colcon_core.package_identification:_identify(/home/rml/ros2_ws/src/quad-sdk/force_applicator) by extension 'colcon_meta'
[0.171s] Level 1:colcon.colcon_core.package_identification:_identify(/home/rml/ros2_ws/src/quad-sdk/force_applicator) by extensions ['ros']
[0.171s] Level 1:colcon.colcon_core.package_identification:_identify(/home/rml/ros2_ws/src/quad-sdk/force_applicator) by extension 'ros'
[0.172s] DEBUG:colcon.colcon_core.package_identification:Package '/home/rml/ros2_ws/src/quad-sdk/force_applicator' with type 'ros.ament_cmake' and name 'force_applicator'
[0.172s] Level 1:colcon.colcon_core.package_identification:_identify(/home/rml/ros2_ws/src/quad-sdk/global_body_planner) by extensions ['ignore', 'ignore_ament_install']
[0.172s] Level 1:colcon.colcon_core.package_identification:_identify(/home/rml/ros2_ws/src/quad-sdk/global_body_planner) by extension 'ignore'
[0.172s] Level 1:colcon.colcon_core.package_identification:_identify(/home/rml/ros2_ws/src/quad-sdk/global_body_planner) by extension 'ignore_ament_install'
[0.172s] Level 1:colcon.colcon_core.package_identification:_identify(/home/rml/ros2_ws/src/quad-sdk/global_body_planner) by extensions ['colcon_pkg']
[0.172s] Level 1:colcon.colcon_core.package_identification:_identify(/home/rml/ros2_ws/src/quad-sdk/global_body_planner) by extension 'colcon_pkg'
[0.172s] Level 1:colcon.colcon_core.package_identification:_identify(/home/rml/ros2_ws/src/quad-sdk/global_body_planner) by extensions ['colcon_meta']
[0.172s] Level 1:colcon.colcon_core.package_identification:_identify(/home/rml/ros2_ws/src/quad-sdk/global_body_planner) by extension 'colcon_meta'
[0.172s] Level 1:colcon.colcon_core.package_identification:_identify(/home/rml/ros2_ws/src/quad-sdk/global_body_planner) by extensions ['ros']
[0.172s] Level 1:colcon.colcon_core.package_identification:_identify(/home/rml/ros2_ws/src/quad-sdk/global_body_planner) by extension 'ros'
[0.172s] DEBUG:colcon.colcon_core.package_identification:Package '/home/rml/ros2_ws/src/quad-sdk/global_body_planner' with type 'ros.ament_cmake' and name 'global_body_planner'
[0.173s] Level 1:colcon.colcon_core.package_identification:_identify(/home/rml/ros2_ws/src/quad-sdk/local_planner) by extensions ['ignore', 'ignore_ament_install']
[0.173s] Level 1:colcon.colcon_core.package_identification:_identify(/home/rml/ros2_ws/src/quad-sdk/local_planner) by extension 'ignore'
[0.173s] Level 1:colcon.colcon_core.package_identification:_identify(/home/rml/ros2_ws/src/quad-sdk/local_planner) by extension 'ignore_ament_install'
[0.173s] Level 1:colcon.colcon_core.package_identification:_identify(/home/rml/ros2_ws/src/quad-sdk/local_planner) by extensions ['colcon_pkg']
[0.173s] Level 1:colcon.colcon_core.package_identification:_identify(/home/rml/ros2_ws/src/quad-sdk/local_planner) by extension 'colcon_pkg'
[0.173s] Level 1:colcon.colcon_core.package_identification:_identify(/home/rml/ros2_ws/src/quad-sdk/local_planner) by extensions ['colcon_meta']
[0.173s] Level 1:colcon.colcon_core.package_identification:_identify(/home/rml/ros2_ws/src/quad-sdk/local_planner) by extension 'colcon_meta'
[0.173s] Level 1:colcon.colcon_core.package_identification:_identify(/home/rml/ros2_ws/src/quad-sdk/local_planner) by extensions ['ros']
[0.173s] Level 1:colcon.colcon_core.package_identification:_identify(/home/rml/ros2_ws/src/quad-sdk/local_planner) by extension 'ros'
[0.173s] DEBUG:colcon.colcon_core.package_identification:Package '/home/rml/ros2_ws/src/quad-sdk/local_planner' with type 'ros.ament_cmake' and name 'local_planner'
[0.173s] Level 1:colcon.colcon_core.package_identification:_identify(/home/rml/ros2_ws/src/quad-sdk/log) by extensions ['ignore', 'ignore_ament_install']
[0.173s] Level 1:colcon.colcon_core.package_identification:_identify(/home/rml/ros2_ws/src/quad-sdk/log) by extension 'ignore'
[0.173s] Level 1:colcon.colcon_core.package_identification:_identify(/home/rml/ros2_ws/src/quad-sdk/log) ignored
[0.173s] Level 1:colcon.colcon_core.package_identification:_identify(/home/rml/ros2_ws/src/quad-sdk/matlab_msg_gen) by extensions ['ignore', 'ignore_ament_install']
[0.173s] Level 1:colcon.colcon_core.package_identification:_identify(/home/rml/ros2_ws/src/quad-sdk/matlab_msg_gen) by extension 'ignore'
[0.173s] Level 1:colcon.colcon_core.package_identification:_identify(/home/rml/ros2_ws/src/quad-sdk/matlab_msg_gen) ignored
[0.173s] Level 1:colcon.colcon_core.package_identification:_identify(/home/rml/ros2_ws/src/quad-sdk/nmpc_controller) by extensions ['ignore', 'ignore_ament_install']
[0.173s] Level 1:colcon.colcon_core.package_identification:_identify(/home/rml/ros2_ws/src/quad-sdk/nmpc_controller) by extension 'ignore'
[0.173s] Level 1:colcon.colcon_core.package_identification:_identify(/home/rml/ros2_ws/src/quad-sdk/nmpc_controller) by extension 'ignore_ament_install'
[0.173s] Level 1:colcon.colcon_core.package_identification:_identify(/home/rml/ros2_ws/src/quad-sdk/nmpc_controller) by extensions ['colcon_pkg']
[0.173s] Level 1:colcon.colcon_core.package_identification:_identify(/home/rml/ros2_ws/src/quad-sdk/nmpc_controller) by extension 'colcon_pkg'
[0.173s] Level 1:colcon.colcon_core.package_identification:_identify(/home/rml/ros2_ws/src/quad-sdk/nmpc_controller) by extensions ['colcon_meta']
[0.173s] Level 1:colcon.colcon_core.package_identification:_identify(/home/rml/ros2_ws/src/quad-sdk/nmpc_controller) by extension 'colcon_meta'
[0.173s] Level 1:colcon.colcon_core.package_identification:_identify(/home/rml/ros2_ws/src/quad-sdk/nmpc_controller) by extensions ['ros']
[0.173s] Level 1:colcon.colcon_core.package_identification:_identify(/home/rml/ros2_ws/src/quad-sdk/nmpc_controller) by extension 'ros'
[0.174s] DEBUG:colcon.colcon_core.package_identification:Package '/home/rml/ros2_ws/src/quad-sdk/nmpc_controller' with type 'ros.ament_cmake' and name 'nmpc_controller'
[0.174s] Level 1:colcon.colcon_core.package_identification:_identify(/home/rml/ros2_ws/src/quad-sdk/quad_logger) by extensions ['ignore', 'ignore_ament_install']
[0.174s] Level 1:colcon.colcon_core.package_identification:_identify(/home/rml/ros2_ws/src/quad-sdk/quad_logger) by extension 'ignore'
[0.174s] Level 1:colcon.colcon_core.package_identification:_identify(/home/rml/ros2_ws/src/quad-sdk/quad_logger) by extension 'ignore_ament_install'
[0.174s] Level 1:colcon.colcon_core.package_identification:_identify(/home/rml/ros2_ws/src/quad-sdk/quad_logger) by extensions ['colcon_pkg']
[0.174s] Level 1:colcon.colcon_core.package_identification:_identify(/home/rml/ros2_ws/src/quad-sdk/quad_logger) by extension 'colcon_pkg'
[0.174s] Level 1:colcon.colcon_core.package_identification:_identify(/home/rml/ros2_ws/src/quad-sdk/quad_logger) by extensions ['colcon_meta']
[0.174s] Level 1:colcon.colcon_core.package_identification:_identify(/home/rml/ros2_ws/src/quad-sdk/quad_logger) by extension 'colcon_meta'
[0.174s] Level 1:colcon.colcon_core.package_identification:_identify(/home/rml/ros2_ws/src/quad-sdk/quad_logger) by extensions ['ros']
[0.174s] Level 1:colcon.colcon_core.package_identification:_identify(/home/rml/ros2_ws/src/quad-sdk/quad_logger) by extension 'ros'
[0.174s] DEBUG:colcon.colcon_core.package_identification:Package '/home/rml/ros2_ws/src/quad-sdk/quad_logger' with type 'ros.ament_cmake' and name 'quad_logger'
[0.174s] Level 1:colcon.colcon_core.package_identification:_identify(/home/rml/ros2_ws/src/quad-sdk/quad_msgs) by extensions ['ignore', 'ignore_ament_install']
[0.174s] Level 1:colcon.colcon_core.package_identification:_identify(/home/rml/ros2_ws/src/quad-sdk/quad_msgs) by extension 'ignore'
[0.174s] Level 1:colcon.colcon_core.package_identification:_identify(/home/rml/ros2_ws/src/quad-sdk/quad_msgs) by extension 'ignore_ament_install'
[0.174s] Level 1:colcon.colcon_core.package_identification:_identify(/home/rml/ros2_ws/src/quad-sdk/quad_msgs) by extensions ['colcon_pkg']
[0.174s] Level 1:colcon.colcon_core.package_identification:_identify(/home/rml/ros2_ws/src/quad-sdk/quad_msgs) by extension 'colcon_pkg'
[0.174s] Level 1:colcon.colcon_core.package_identification:_identify(/home/rml/ros2_ws/src/quad-sdk/quad_msgs) by extensions ['colcon_meta']
[0.174s] Level 1:colcon.colcon_core.package_identification:_identify(/home/rml/ros2_ws/src/quad-sdk/quad_msgs) by extension 'colcon_meta'
[0.175s] Level 1:colcon.colcon_core.package_identification:_identify(/home/rml/ros2_ws/src/quad-sdk/quad_msgs) by extensions ['ros']
[0.175s] Level 1:colcon.colcon_core.package_identification:_identify(/home/rml/ros2_ws/src/quad-sdk/quad_msgs) by extension 'ros'
[0.175s] DEBUG:colcon.colcon_core.package_identification:Package '/home/rml/ros2_ws/src/quad-sdk/quad_msgs' with type 'ros.ament_cmake' and name 'quad_msgs'
[0.175s] Level 1:colcon.colcon_core.package_identification:_identify(/home/rml/ros2_ws/src/quad-sdk/quad_perf_tests) by extensions ['ignore', 'ignore_ament_install']
[0.175s] Level 1:colcon.colcon_core.package_identification:_identify(/home/rml/ros2_ws/src/quad-sdk/quad_perf_tests) by extension 'ignore'
[0.175s] Level 1:colcon.colcon_core.package_identification:_identify(/home/rml/ros2_ws/src/quad-sdk/quad_perf_tests) by extension 'ignore_ament_install'
[0.175s] Level 1:colcon.colcon_core.package_identification:_identify(/home/rml/ros2_ws/src/quad-sdk/quad_perf_tests) by extensions ['colcon_pkg']
[0.175s] Level 1:colcon.colcon_core.package_identification:_identify(/home/rml/ros2_ws/src/quad-sdk/quad_perf_tests) by extension 'colcon_pkg'
[0.175s] Level 1:colcon.colcon_core.package_identification:_identify(/home/rml/ros2_ws/src/quad-sdk/quad_perf_tests) by extensions ['colcon_meta']
[0.175s] Level 1:colcon.colcon_core.package_identification:_identify(/home/rml/ros2_ws/src/quad-sdk/quad_perf_tests) by extension 'colcon_meta'
[0.175s] Level 1:colcon.colcon_core.package_identification:_identify(/home/rml/ros2_ws/src/quad-sdk/quad_perf_tests) by extensions ['ros']
[0.175s] Level 1:colcon.colcon_core.package_identification:_identify(/home/rml/ros2_ws/src/quad-sdk/quad_perf_tests) by extension 'ros'
[0.175s] DEBUG:colcon.colcon_core.package_identification:Package '/home/rml/ros2_ws/src/quad-sdk/quad_perf_tests' with type 'ros.ament_cmake' and name 'quad_perf_tests'
[0.175s] Level 1:colcon.colcon_core.package_identification:_identify(/home/rml/ros2_ws/src/quad-sdk/quad_simulator) by extensions ['ignore', 'ignore_ament_install']
[0.175s] Level 1:colcon.colcon_core.package_identification:_identify(/home/rml/ros2_ws/src/quad-sdk/quad_simulator) by extension 'ignore'
[0.175s] Level 1:colcon.colcon_core.package_identification:_identify(/home/rml/ros2_ws/src/quad-sdk/quad_simulator) by extension 'ignore_ament_install'
[0.175s] Level 1:colcon.colcon_core.package_identification:_identify(/home/rml/ros2_ws/src/quad-sdk/quad_simulator) by extensions ['colcon_pkg']
[0.175s] Level 1:colcon.colcon_core.package_identification:_identify(/home/rml/ros2_ws/src/quad-sdk/quad_simulator) by extension 'colcon_pkg'
[0.175s] Level 1:colcon.colcon_core.package_identification:_identify(/home/rml/ros2_ws/src/quad-sdk/quad_simulator) by extensions ['colcon_meta']
[0.175s] Level 1:colcon.colcon_core.package_identification:_identify(/home/rml/ros2_ws/src/quad-sdk/quad_simulator) by extension 'colcon_meta'
[0.175s] Level 1:colcon.colcon_core.package_identification:_identify(/home/rml/ros2_ws/src/quad-sdk/quad_simulator) by extensions ['ros']
[0.175s] Level 1:colcon.colcon_core.package_identification:_identify(/home/rml/ros2_ws/src/quad-sdk/quad_simulator) by extension 'ros'
[0.176s] Level 1:colcon.colcon_core.package_identification:_identify(/home/rml/ros2_ws/src/quad-sdk/quad_simulator) by extensions ['cmake', 'python']
[0.176s] Level 1:colcon.colcon_core.package_identification:_identify(/home/rml/ros2_ws/src/quad-sdk/quad_simulator) by extension 'cmake'
[0.176s] Level 1:colcon.colcon_core.package_identification:_identify(/home/rml/ros2_ws/src/quad-sdk/quad_simulator) by extension 'python'
[0.176s] Level 1:colcon.colcon_core.package_identification:_identify(/home/rml/ros2_ws/src/quad-sdk/quad_simulator) by extensions ['python_setup_py']
[0.176s] Level 1:colcon.colcon_core.package_identification:_identify(/home/rml/ros2_ws/src/quad-sdk/quad_simulator) by extension 'python_setup_py'
[0.176s] Level 1:colcon.colcon_core.package_identification:_identify(/home/rml/ros2_ws/src/quad-sdk/quad_simulator/a1_description) by extensions ['ignore', 'ignore_ament_install']
[0.176s] Level 1:colcon.colcon_core.package_identification:_identify(/home/rml/ros2_ws/src/quad-sdk/quad_simulator/a1_description) by extension 'ignore'
[0.176s] Level 1:colcon.colcon_core.package_identification:_identify(/home/rml/ros2_ws/src/quad-sdk/quad_simulator/a1_description) by extension 'ignore_ament_install'
[0.176s] Level 1:colcon.colcon_core.package_identification:_identify(/home/rml/ros2_ws/src/quad-sdk/quad_simulator/a1_description) by extensions ['colcon_pkg']
[0.176s] Level 1:colcon.colcon_core.package_identification:_identify(/home/rml/ros2_ws/src/quad-sdk/quad_simulator/a1_description) by extension 'colcon_pkg'
[0.176s] Level 1:colcon.colcon_core.package_identification:_identify(/home/rml/ros2_ws/src/quad-sdk/quad_simulator/a1_description) by extensions ['colcon_meta']
[0.176s] Level 1:colcon.colcon_core.package_identification:_identify(/home/rml/ros2_ws/src/quad-sdk/quad_simulator/a1_description) by extension 'colcon_meta'
[0.176s] Level 1:colcon.colcon_core.package_identification:_identify(/home/rml/ros2_ws/src/quad-sdk/quad_simulator/a1_description) by extensions ['ros']
[0.176s] Level 1:colcon.colcon_core.package_identification:_identify(/home/rml/ros2_ws/src/quad-sdk/quad_simulator/a1_description) by extension 'ros'
[0.176s] DEBUG:colcon.colcon_core.package_identification:Package '/home/rml/ros2_ws/src/quad-sdk/quad_simulator/a1_description' with type 'ros.ament_cmake' and name 'a1_description'
[0.176s] Level 1:colcon.colcon_core.package_identification:_identify(/home/rml/ros2_ws/src/quad-sdk/quad_simulator/b2_description) by extensions ['ignore', 'ignore_ament_install']
[0.176s] Level 1:colcon.colcon_core.package_identification:_identify(/home/rml/ros2_ws/src/quad-sdk/quad_simulator/b2_description) by extension 'ignore'
[0.176s] Level 1:colcon.colcon_core.package_identification:_identify(/home/rml/ros2_ws/src/quad-sdk/quad_simulator/b2_description) by extension 'ignore_ament_install'
[0.176s] Level 1:colcon.colcon_core.package_identification:_identify(/home/rml/ros2_ws/src/quad-sdk/quad_simulator/b2_description) by extensions ['colcon_pkg']
[0.176s] Level 1:colcon.colcon_core.package_identification:_identify(/home/rml/ros2_ws/src/quad-sdk/quad_simulator/b2_description) by extension 'colcon_pkg'
[0.176s] Level 1:colcon.colcon_core.package_identification:_identify(/home/rml/ros2_ws/src/quad-sdk/quad_simulator/b2_description) by extensions ['colcon_meta']
[0.176s] Level 1:colcon.colcon_core.package_identification:_identify(/home/rml/ros2_ws/src/quad-sdk/quad_simulator/b2_description) by extension 'colcon_meta'
[0.176s] Level 1:colcon.colcon_core.package_identification:_identify(/home/rml/ros2_ws/src/quad-sdk/quad_simulator/b2_description) by extensions ['ros']
[0.176s] Level 1:colcon.colcon_core.package_identification:_identify(/home/rml/ros2_ws/src/quad-sdk/quad_simulator/b2_description) by extension 'ros'
[0.176s] DEBUG:colcon.colcon_core.package_identification:Package '/home/rml/ros2_ws/src/quad-sdk/quad_simulator/b2_description' with type 'ros.ament_cmake' and name 'b2_description'
[0.176s] Level 1:colcon.colcon_core.package_identification:_identify(/home/rml/ros2_ws/src/quad-sdk/quad_simulator/gazebo_plugins) by extensions ['ignore', 'ignore_ament_install']
[0.176s] Level 1:colcon.colcon_core.package_identification:_identify(/home/rml/ros2_ws/src/quad-sdk/quad_simulator/gazebo_plugins) by extension 'ignore'
[0.176s] Level 1:colcon.colcon_core.package_identification:_identify(/home/rml/ros2_ws/src/quad-sdk/quad_simulator/gazebo_plugins) by extension 'ignore_ament_install'
[0.176s] Level 1:colcon.colcon_core.package_identification:_identify(/home/rml/ros2_ws/src/quad-sdk/quad_simulator/gazebo_plugins) by extensions ['colcon_pkg']
[0.176s] Level 1:colcon.colcon_core.package_identification:_identify(/home/rml/ros2_ws/src/quad-sdk/quad_simulator/gazebo_plugins) by extension 'colcon_pkg'
[0.176s] Level 1:colcon.colcon_core.package_identification:_identify(/home/rml/ros2_ws/src/quad-sdk/quad_simulator/gazebo_plugins) by extensions ['colcon_meta']
[0.176s] Level 1:colcon.colcon_core.package_identification:_identify(/home/rml/ros2_ws/src/quad-sdk/quad_simulator/gazebo_plugins) by extension 'colcon_meta'
[0.176s] Level 1:colcon.colcon_core.package_identification:_identify(/home/rml/ros2_ws/src/quad-sdk/quad_simulator/gazebo_plugins) by extensions ['ros']
[0.176s] Level 1:colcon.colcon_core.package_identification:_identify(/home/rml/ros2_ws/src/quad-sdk/quad_simulator/gazebo_plugins) by extension 'ros'
[0.177s] DEBUG:colcon.colcon_core.package_identification:Package '/home/rml/ros2_ws/src/quad-sdk/quad_simulator/gazebo_plugins' with type 'ros.ament_cmake' and name 'gazebo_plugins'
[0.177s] Level 1:colcon.colcon_core.package_identification:_identify(/home/rml/ros2_ws/src/quad-sdk/quad_simulator/gazebo_scripts) by extensions ['ignore', 'ignore_ament_install']
[0.177s] Level 1:colcon.colcon_core.package_identification:_identify(/home/rml/ros2_ws/src/quad-sdk/quad_simulator/gazebo_scripts) by extension 'ignore'
[0.177s] Level 1:colcon.colcon_core.package_identification:_identify(/home/rml/ros2_ws/src/quad-sdk/quad_simulator/gazebo_scripts) by extension 'ignore_ament_install'
[0.177s] Level 1:colcon.colcon_core.package_identification:_identify(/home/rml/ros2_ws/src/quad-sdk/quad_simulator/gazebo_scripts) by extensions ['colcon_pkg']
[0.177s] Level 1:colcon.colcon_core.package_identification:_identify(/home/rml/ros2_ws/src/quad-sdk/quad_simulator/gazebo_scripts) by extension 'colcon_pkg'
[0.177s] Level 1:colcon.colcon_core.package_identification:_identify(/home/rml/ros2_ws/src/quad-sdk/quad_simulator/gazebo_scripts) by extensions ['colcon_meta']
[0.177s] Level 1:colcon.colcon_core.package_identification:_identify(/home/rml/ros2_ws/src/quad-sdk/quad_simulator/gazebo_scripts) by extension 'colcon_meta'
[0.177s] Level 1:colcon.colcon_core.package_identification:_identify(/home/rml/ros2_ws/src/quad-sdk/quad_simulator/gazebo_scripts) by extensions ['ros']
[0.177s] Level 1:colcon.colcon_core.package_identification:_identify(/home/rml/ros2_ws/src/quad-sdk/quad_simulator/gazebo_scripts) by extension 'ros'
[0.177s] DEBUG:colcon.colcon_core.package_identification:Package '/home/rml/ros2_ws/src/quad-sdk/quad_simulator/gazebo_scripts' with type 'ros.ament_cmake' and name 'gazebo_scripts'
[0.177s] Level 1:colcon.colcon_core.package_identification:_identify(/home/rml/ros2_ws/src/quad-sdk/quad_simulator/go2_description) by extensions ['ignore', 'ignore_ament_install']
[0.177s] Level 1:colcon.colcon_core.package_identification:_identify(/home/rml/ros2_ws/src/quad-sdk/quad_simulator/go2_description) by extension 'ignore'
[0.177s] Level 1:colcon.colcon_core.package_identification:_identify(/home/rml/ros2_ws/src/quad-sdk/quad_simulator/go2_description) by extension 'ignore_ament_install'
[0.177s] Level 1:colcon.colcon_core.package_identification:_identify(/home/rml/ros2_ws/src/quad-sdk/quad_simulator/go2_description) by extensions ['colcon_pkg']
[0.177s] Level 1:colcon.colcon_core.package_identification:_identify(/home/rml/ros2_ws/src/quad-sdk/quad_simulator/go2_description) by extension 'colcon_pkg'
[0.177s] Level 1:colcon.colcon_core.package_identification:_identify(/home/rml/ros2_ws/src/quad-sdk/quad_simulator/go2_description) by extensions ['colcon_meta']
[0.177s] Level 1:colcon.colcon_core.package_identification:_identify(/home/rml/ros2_ws/src/quad-sdk/quad_simulator/go2_description) by extension 'colcon_meta'
[0.177s] Level 1:colcon.colcon_core.package_identification:_identify(/home/rml/ros2_ws/src/quad-sdk/quad_simulator/go2_description) by extensions ['ros']
[0.177s] Level 1:colcon.colcon_core.package_identification:_identify(/home/rml/ros2_ws/src/quad-sdk/quad_simulator/go2_description) by extension 'ros'
[0.178s] DEBUG:colcon.colcon_core.package_identification:Package '/home/rml/ros2_ws/src/quad-sdk/quad_simulator/go2_description' with type 'ros.ament_cmake' and name 'go2_description'
[0.178s] Level 1:colcon.colcon_core.package_identification:_identify(/home/rml/ros2_ws/src/quad-sdk/quad_simulator/go2w_description) by extensions ['ignore', 'ignore_ament_install']
[0.178s] Level 1:colcon.colcon_core.package_identification:_identify(/home/rml/ros2_ws/src/quad-sdk/quad_simulator/go2w_description) by extension 'ignore'
[0.178s] Level 1:colcon.colcon_core.package_identification:_identify(/home/rml/ros2_ws/src/quad-sdk/quad_simulator/go2w_description) by extension 'ignore_ament_install'
[0.178s] Level 1:colcon.colcon_core.package_identification:_identify(/home/rml/ros2_ws/src/quad-sdk/quad_simulator/go2w_description) by extensions ['colcon_pkg']
[0.178s] Level 1:colcon.colcon_core.package_identification:_identify(/home/rml/ros2_ws/src/quad-sdk/quad_simulator/go2w_description) by extension 'colcon_pkg'
[0.178s] Level 1:colcon.colcon_core.package_identification:_identify(/home/rml/ros2_ws/src/quad-sdk/quad_simulator/go2w_description) by extensions ['colcon_meta']
[0.178s] Level 1:colcon.colcon_core.package_identification:_identify(/home/rml/ros2_ws/src/quad-sdk/quad_simulator/go2w_description) by extension 'colcon_meta'
[0.178s] Level 1:colcon.colcon_core.package_identification:_identify(/home/rml/ros2_ws/src/quad-sdk/quad_simulator/go2w_description) by extensions ['ros']
[0.178s] Level 1:colcon.colcon_core.package_identification:_identify(/home/rml/ros2_ws/src/quad-sdk/quad_simulator/go2w_description) by extension 'ros'
[0.179s] DEBUG:colcon.colcon_core.package_identification:Package '/home/rml/ros2_ws/src/quad-sdk/quad_simulator/go2w_description' with type 'ros.ament_cmake' and name 'go2w_description'
[0.179s] Level 1:colcon.colcon_core.package_identification:_identify(/home/rml/ros2_ws/src/quad-sdk/quad_simulator/other) by extensions ['ignore', 'ignore_ament_install']
[0.179s] Level 1:colcon.colcon_core.package_identification:_identify(/home/rml/ros2_ws/src/quad-sdk/quad_simulator/other) by extension 'ignore'
[0.179s] Level 1:colcon.colcon_core.package_identification:_identify(/home/rml/ros2_ws/src/quad-sdk/quad_simulator/other) by extension 'ignore_ament_install'
[0.179s] Level 1:colcon.colcon_core.package_identification:_identify(/home/rml/ros2_ws/src/quad-sdk/quad_simulator/other) by extensions ['colcon_pkg']
[0.179s] Level 1:colcon.colcon_core.package_identification:_identify(/home/rml/ros2_ws/src/quad-sdk/quad_simulator/other) by extension 'colcon_pkg'
[0.179s] Level 1:colcon.colcon_core.package_identification:_identify(/home/rml/ros2_ws/src/quad-sdk/quad_simulator/other) by extensions ['colcon_meta']
[0.179s] Level 1:colcon.colcon_core.package_identification:_identify(/home/rml/ros2_ws/src/quad-sdk/quad_simulator/other) by extension 'colcon_meta'
[0.179s] Level 1:colcon.colcon_core.package_identification:_identify(/home/rml/ros2_ws/src/quad-sdk/quad_simulator/other) by extensions ['ros']
[0.179s] Level 1:colcon.colcon_core.package_identification:_identify(/home/rml/ros2_ws/src/quad-sdk/quad_simulator/other) by extension 'ros'
[0.179s] Level 1:colcon.colcon_core.package_identification:_identify(/home/rml/ros2_ws/src/quad-sdk/quad_simulator/other) by extensions ['cmake', 'python']
[0.179s] Level 1:colcon.colcon_core.package_identification:_identify(/home/rml/ros2_ws/src/quad-sdk/quad_simulator/other) by extension 'cmake'
[0.179s] Level 1:colcon.colcon_core.package_identification:_identify(/home/rml/ros2_ws/src/quad-sdk/quad_simulator/other) by extension 'python'
[0.179s] Level 1:colcon.colcon_core.package_identification:_identify(/home/rml/ros2_ws/src/quad-sdk/quad_simulator/other) by extensions ['python_setup_py']
[0.179s] Level 1:colcon.colcon_core.package_identification:_identify(/home/rml/ros2_ws/src/quad-sdk/quad_simulator/other) by extension 'python_setup_py'
[0.179s] Level 1:colcon.colcon_core.package_identification:_identify(/home/rml/ros2_ws/src/quad-sdk/quad_simulator/other/objects_description) by extensions ['ignore', 'ignore_ament_install']
[0.179s] Level 1:colcon.colcon_core.package_identification:_identify(/home/rml/ros2_ws/src/quad-sdk/quad_simulator/other/objects_description) by extension 'ignore'
[0.179s] Level 1:colcon.colcon_core.package_identification:_identify(/home/rml/ros2_ws/src/quad-sdk/quad_simulator/other/objects_description) by extension 'ignore_ament_install'
[0.179s] Level 1:colcon.colcon_core.package_identification:_identify(/home/rml/ros2_ws/src/quad-sdk/quad_simulator/other/objects_description) by extensions ['colcon_pkg']
[0.179s] Level 1:colcon.colcon_core.package_identification:_identify(/home/rml/ros2_ws/src/quad-sdk/quad_simulator/other/objects_description) by extension 'colcon_pkg'
[0.179s] Level 1:colcon.colcon_core.package_identification:_identify(/home/rml/ros2_ws/src/quad-sdk/quad_simulator/other/objects_description) by extensions ['colcon_meta']
[0.179s] Level 1:colcon.colcon_core.package_identification:_identify(/home/rml/ros2_ws/src/quad-sdk/quad_simulator/other/objects_description) by extension 'colcon_meta'
[0.179s] Level 1:colcon.colcon_core.package_identification:_identify(/home/rml/ros2_ws/src/quad-sdk/quad_simulator/other/objects_description) by extensions ['ros']
[0.179s] Level 1:colcon.colcon_core.package_identification:_identify(/home/rml/ros2_ws/src/quad-sdk/quad_simulator/other/objects_description) by extension 'ros'
[0.179s] DEBUG:colcon.colcon_core.package_identification:Package '/home/rml/ros2_ws/src/quad-sdk/quad_simulator/other/objects_description' with type 'ros.ament_cmake' and name 'objects_description'
[0.179s] Level 1:colcon.colcon_core.package_identification:_identify(/home/rml/ros2_ws/src/quad-sdk/quad_simulator/other/sensor_description) by extensions ['ignore', 'ignore_ament_install']
[0.179s] Level 1:colcon.colcon_core.package_identification:_identify(/home/rml/ros2_ws/src/quad-sdk/quad_simulator/other/sensor_description) by extension 'ignore'
[0.179s] Level 1:colcon.colcon_core.package_identification:_identify(/home/rml/ros2_ws/src/quad-sdk/quad_simulator/other/sensor_description) by extension 'ignore_ament_install'
[0.179s] Level 1:colcon.colcon_core.package_identification:_identify(/home/rml/ros2_ws/src/quad-sdk/quad_simulator/other/sensor_description) by extensions ['colcon_pkg']
[0.179s] Level 1:colcon.colcon_core.package_identification:_identify(/home/rml/ros2_ws/src/quad-sdk/quad_simulator/other/sensor_description) by extension 'colcon_pkg'
[0.179s] Level 1:colcon.colcon_core.package_identification:_identify(/home/rml/ros2_ws/src/quad-sdk/quad_simulator/other/sensor_description) by extensions ['colcon_meta']
[0.179s] Level 1:colcon.colcon_core.package_identification:_identify(/home/rml/ros2_ws/src/quad-sdk/quad_simulator/other/sensor_description) by extension 'colcon_meta'
[0.179s] Level 1:colcon.colcon_core.package_identification:_identify(/home/rml/ros2_ws/src/quad-sdk/quad_simulator/other/sensor_description) by extensions ['ros']
[0.179s] Level 1:colcon.colcon_core.package_identification:_identify(/home/rml/ros2_ws/src/quad-sdk/quad_simulator/other/sensor_description) by extension 'ros'
[0.180s] DEBUG:colcon.colcon_core.package_identification:Package '/home/rml/ros2_ws/src/quad-sdk/quad_simulator/other/sensor_description' with type 'ros.ament_cmake' and name 'sensor_description'
[0.180s] Level 1:colcon.colcon_core.package_identification:_identify(/home/rml/ros2_ws/src/quad-sdk/quad_simulator/spirit_description) by extensions ['ignore', 'ignore_ament_install']
[0.180s] Level 1:colcon.colcon_core.package_identification:_identify(/home/rml/ros2_ws/src/quad-sdk/quad_simulator/spirit_description) by extension 'ignore'
[0.180s] Level 1:colcon.colcon_core.package_identification:_identify(/home/rml/ros2_ws/src/quad-sdk/quad_simulator/spirit_description) by extension 'ignore_ament_install'
[0.180s] Level 1:colcon.colcon_core.package_identification:_identify(/home/rml/ros2_ws/src/quad-sdk/quad_simulator/spirit_description) by extensions ['colcon_pkg']
[0.180s] Level 1:colcon.colcon_core.package_identification:_identify(/home/rml/ros2_ws/src/quad-sdk/quad_simulator/spirit_description) by extension 'colcon_pkg'
[0.180s] Level 1:colcon.colcon_core.package_identification:_identify(/home/rml/ros2_ws/src/quad-sdk/quad_simulator/spirit_description) by extensions ['colcon_meta']
[0.180s] Level 1:colcon.colcon_core.package_identification:_identify(/home/rml/ros2_ws/src/quad-sdk/quad_simulator/spirit_description) by extension 'colcon_meta'
[0.180s] Level 1:colcon.colcon_core.package_identification:_identify(/home/rml/ros2_ws/src/quad-sdk/quad_simulator/spirit_description) by extensions ['ros']
[0.180s] Level 1:colcon.colcon_core.package_identification:_identify(/home/rml/ros2_ws/src/quad-sdk/quad_simulator/spirit_description) by extension 'ros'
[0.180s] DEBUG:colcon.colcon_core.package_identification:Package '/home/rml/ros2_ws/src/quad-sdk/quad_simulator/spirit_description' with type 'ros.ament_cmake' and name 'spirit_description'
[0.180s] Level 1:colcon.colcon_core.package_identification:_identify(/home/rml/ros2_ws/src/quad-sdk/quad_simulator/underbrush_description) by extensions ['ignore', 'ignore_ament_install']
[0.180s] Level 1:colcon.colcon_core.package_identification:_identify(/home/rml/ros2_ws/src/quad-sdk/quad_simulator/underbrush_description) by extension 'ignore'
[0.180s] Level 1:colcon.colcon_core.package_identification:_identify(/home/rml/ros2_ws/src/quad-sdk/quad_simulator/underbrush_description) by extension 'ignore_ament_install'
[0.180s] Level 1:colcon.colcon_core.package_identification:_identify(/home/rml/ros2_ws/src/quad-sdk/quad_simulator/underbrush_description) by extensions ['colcon_pkg']
[0.180s] Level 1:colcon.colcon_core.package_identification:_identify(/home/rml/ros2_ws/src/quad-sdk/quad_simulator/underbrush_description) by extension 'colcon_pkg'
[0.180s] Level 1:colcon.colcon_core.package_identification:_identify(/home/rml/ros2_ws/src/quad-sdk/quad_simulator/underbrush_description) by extensions ['colcon_meta']
[0.180s] Level 1:colcon.colcon_core.package_identification:_identify(/home/rml/ros2_ws/src/quad-sdk/quad_simulator/underbrush_description) by extension 'colcon_meta'
[0.180s] Level 1:colcon.colcon_core.package_identification:_identify(/home/rml/ros2_ws/src/quad-sdk/quad_simulator/underbrush_description) by extensions ['ros']
[0.180s] Level 1:colcon.colcon_core.package_identification:_identify(/home/rml/ros2_ws/src/quad-sdk/quad_simulator/underbrush_description) by extension 'ros'
[0.180s] DEBUG:colcon.colcon_core.package_identification:Package '/home/rml/ros2_ws/src/quad-sdk/quad_simulator/underbrush_description' with type 'ros.ament_cmake' and name 'underbrush_description'
[0.180s] Level 1:colcon.colcon_core.package_identification:_identify(/home/rml/ros2_ws/src/quad-sdk/quad_utils) by extensions ['ignore', 'ignore_ament_install']
[0.180s] Level 1:colcon.colcon_core.package_identification:_identify(/home/rml/ros2_ws/src/quad-sdk/quad_utils) by extension 'ignore'
[0.180s] Level 1:colcon.colcon_core.package_identification:_identify(/home/rml/ros2_ws/src/quad-sdk/quad_utils) by extension 'ignore_ament_install'
[0.181s] Level 1:colcon.colcon_core.package_identification:_identify(/home/rml/ros2_ws/src/quad-sdk/quad_utils) by extensions ['colcon_pkg']
[0.181s] Level 1:colcon.colcon_core.package_identification:_identify(/home/rml/ros2_ws/src/quad-sdk/quad_utils) by extension 'colcon_pkg'
[0.181s] Level 1:colcon.colcon_core.package_identification:_identify(/home/rml/ros2_ws/src/quad-sdk/quad_utils) by extensions ['colcon_meta']
[0.181s] Level 1:colcon.colcon_core.package_identification:_identify(/home/rml/ros2_ws/src/quad-sdk/quad_utils) by extension 'colcon_meta'
[0.181s] Level 1:colcon.colcon_core.package_identification:_identify(/home/rml/ros2_ws/src/quad-sdk/quad_utils) by extensions ['ros']
[0.181s] Level 1:colcon.colcon_core.package_identification:_identify(/home/rml/ros2_ws/src/quad-sdk/quad_utils) by extension 'ros'
[0.181s] DEBUG:colcon.colcon_core.package_identification:Package '/home/rml/ros2_ws/src/quad-sdk/quad_utils' with type 'ros.ament_cmake' and name 'quad_utils'
[0.181s] Level 1:colcon.colcon_core.package_identification:_identify(/home/rml/ros2_ws/src/quad-sdk/robot_driver) by extensions ['ignore', 'ignore_ament_install']
[0.181s] Level 1:colcon.colcon_core.package_identification:_identify(/home/rml/ros2_ws/src/quad-sdk/robot_driver) by extension 'ignore'
[0.181s] Level 1:colcon.colcon_core.package_identification:_identify(/home/rml/ros2_ws/src/quad-sdk/robot_driver) by extension 'ignore_ament_install'
[0.181s] Level 1:colcon.colcon_core.package_identification:_identify(/home/rml/ros2_ws/src/quad-sdk/robot_driver) by extensions ['colcon_pkg']
[0.181s] Level 1:colcon.colcon_core.package_identification:_identify(/home/rml/ros2_ws/src/quad-sdk/robot_driver) by extension 'colcon_pkg'
[0.181s] Level 1:colcon.colcon_core.package_identification:_identify(/home/rml/ros2_ws/src/quad-sdk/robot_driver) by extensions ['colcon_meta']
[0.181s] Level 1:colcon.colcon_core.package_identification:_identify(/home/rml/ros2_ws/src/quad-sdk/robot_driver) by extension 'colcon_meta'
[0.181s] Level 1:colcon.colcon_core.package_identification:_identify(/home/rml/ros2_ws/src/quad-sdk/robot_driver) by extensions ['ros']
[0.181s] Level 1:colcon.colcon_core.package_identification:_identify(/home/rml/ros2_ws/src/quad-sdk/robot_driver) by extension 'ros'
[0.182s] DEBUG:colcon.colcon_core.package_identification:Package '/home/rml/ros2_ws/src/quad-sdk/robot_driver' with type 'ros.ament_cmake' and name 'robot_driver'
[0.182s] Level 1:colcon.colcon_core.package_identification:_identify(/home/rml/ros2_ws/src/quad-sdk/scripts) by extensions ['ignore', 'ignore_ament_install']
[0.182s] Level 1:colcon.colcon_core.package_identification:_identify(/home/rml/ros2_ws/src/quad-sdk/scripts) by extension 'ignore'
[0.182s] Level 1:colcon.colcon_core.package_identification:_identify(/home/rml/ros2_ws/src/quad-sdk/scripts) by extension 'ignore_ament_install'
[0.182s] Level 1:colcon.colcon_core.package_identification:_identify(/home/rml/ros2_ws/src/quad-sdk/scripts) by extensions ['colcon_pkg']
[0.182s] Level 1:colcon.colcon_core.package_identification:_identify(/home/rml/ros2_ws/src/quad-sdk/scripts) by extension 'colcon_pkg'
[0.182s] Level 1:colcon.colcon_core.package_identification:_identify(/home/rml/ros2_ws/src/quad-sdk/scripts) by extensions ['colcon_meta']
[0.182s] Level 1:colcon.colcon_core.package_identification:_identify(/home/rml/ros2_ws/src/quad-sdk/scripts) by extension 'colcon_meta'
[0.182s] Level 1:colcon.colcon_core.package_identification:_identify(/home/rml/ros2_ws/src/quad-sdk/scripts) by extensions ['ros']
[0.182s] Level 1:colcon.colcon_core.package_identification:_identify(/home/rml/ros2_ws/src/quad-sdk/scripts) by extension 'ros'
[0.182s] Level 1:colcon.colcon_core.package_identification:_identify(/home/rml/ros2_ws/src/quad-sdk/scripts) by extensions ['cmake', 'python']
[0.182s] Level 1:colcon.colcon_core.package_identification:_identify(/home/rml/ros2_ws/src/quad-sdk/scripts) by extension 'cmake'
[0.182s] Level 1:colcon.colcon_core.package_identification:_identify(/home/rml/ros2_ws/src/quad-sdk/scripts) by extension 'python'
[0.182s] Level 1:colcon.colcon_core.package_identification:_identify(/home/rml/ros2_ws/src/quad-sdk/scripts) by extensions ['python_setup_py']
[0.182s] Level 1:colcon.colcon_core.package_identification:_identify(/home/rml/ros2_ws/src/quad-sdk/scripts) by extension 'python_setup_py'
[0.182s] Level 1:colcon.colcon_core.package_discovery:discover_packages(recursive) using defaults
